book_id,title,author,publisher,year,call_number,isbn,image_url,description,category
9931,프랭클린 자서전,벤저민 프랭클린,범우사,2002,340.99 프44ㅍ,8908032088,https://search1.kakaocdn.net/thumb/R120x174.q85/?fname=http%3A%2F%2Ft1.daumcdn.net%2Flbook%2Fimage%2F361525%3Ftimestamp%3D20240803112621,"미국의 정치가, 과학자, 저술가인 벤자민 프랭클린의 자서. 아버지의양초공장에서 일을 하다 신문발행에 참여하고 대학 창설, 피뢰침 발명, 독립선언서 기초위원으로서의 활약 등 자유를 사랑하고 과학을 존중한 삶이 초기 미국의 역사와 함께 전개된다.","['에세이', '외국에세이']"
9932,엔트로피,"리프킨, 제레미",세종연구원,2003,331.54 리74ㅇ,8986698293,https://search1.kakaocdn.net/thumb/R120x174.q85/?fname=http%3A%2F%2Ft1.daumcdn.net%2Flbook%2Fimage%2F1248898%3Ftimestamp%3D20241205113845,"‘물질이 열역학적 변화를 일으킬 때 변화된 온도를 열량으로 나눈 값으로서, 쓸 수 없게 된 에너지’를 뜻하는 엔트로피는 가용 에너지를 초과하는 상황에 대한 경고를 담고 있는 책이다. 이를 통해서 역사를 진보로 보는 시각을 무너뜨리고, 과학과 기술이 보다 질서 있는 사회를 만들 것이라는 환상을 다시 한 번 생각해보게 해준다. 엔트로피 법칙에 따르면 지구상이건 우주건 어디서든 질서를 창조하기 위해선 더 큰 무질서를 만들어내야 한다. 그러나 질서를 창조하기 위해 사용된 수많은 에너지는 일부는 쓸 수 없는 에너지로 환경오염이란 이름으로, 실업이란 이름으로 인류에게 혼돈만 가져다 주었다. 무엇보다 우리는 지구 자원의 한계를 인식하고 저低엔트로피 세계관을 받아들여야 한다. 그렇게라도 하지 않으면 인류의 역사가 우리 세대에서 끝나게 될지도 모른다.","['과학', '과학의 이해', '과학사상']"
9933,그많던 싱아는 누가 다 먹었을까,박완서,웅진닷컴,1993,813.6 박65ㄱ,890100674X,https://search1.kakaocdn.net/thumb/R120x174.q85/?fname=http%3A%2F%2Ft1.daumcdn.net%2Flbook%2Fimage%2F5564301%3Ftimestamp%3D20250226144323,"2021년은 한국 문학의 거목, 박완서가 우리 곁을 떠난 지 꼬박 10년이 되는 해다. 그의 타계 10주기를 기리며 박완서 문학의 정수로 꼽히는 연작 자전소설 두 권이 16년 만에 새로운 옷을 입고 독자들을 찾아왔다. 생전에 그가 가장 사랑했던 『그 많던 싱아는 누가 다 먹었을까』(1992)와 『그 산이 정말 거기 있었을까』(1995)는 모두 출간된 지 20여 년이 훌쩍 넘었지만 여전히 한국 소설의 대표적인 스테디셀러이자 중·고등학생 필독서로 남녀노소에게 사랑받는 작품이다. 독자들의 끊임없는 애정으로 ‘160만 부 돌파’라는 경이적인 기록을 세운 이 두 권은 결코 마모되지 않고 자유롭게 자신만의 문학 세계를 완성한 고(故) 박완서 작가를 형상화한 듯 생명력 넘치는 자연을 모티프로 재탄생했다. 『그 많던 싱아는 누가 다 먹었을까』는 연작 자전소설의 첫 번째 이야기로, 1930년대 개풍 박적골에서 보낸 꿈같은 어린 시절과 1950년 한국전쟁으로 황폐해진 서울에서의 스무 살까지를 그리고 있다. 강한 생활력과 유별난 자존심을 지닌 어머니와 이에 버금가는 기질의 소유자인 작가 자신, 이와 대조적으로 여리고 섬세한 기질의 오빠가 어우러져 살아가는 가족 관계를 중심으로 1930년대 개풍 지방의 풍속과 훼손되지 않은 산천의 모습, 생활상, 인심 등이 유려한 필치로 그려지고 있다. 더불어 작가가 1940년대 일제 치하에서 보낸 학창 시절과 6·25전쟁과 함께 스무 살을 맞이한 1950년 격동의 한국 현대사 풍경이 생생하게 펼쳐진다. 고향 산천에 지천으로 자라나던 흔하디흔한 풀 ‘싱아’로 대변되는 작가의 순수한 유년 시절이 이야기가 전개되어갈수록 더욱 아련하게 그리워지는 아름다운 성장소설로, 박완서 문학의 최고작이라 일컬어진다.","['소설/시/희곡', '한국소설', '2000년대 이전 한국소설']"
9934,아홉살 인생,위기철,청년사,2002,813.6 위18ㅇ c.2,8972782289,https://search1.kakaocdn.net/thumb/R120x174.q85/?fname=http%3A%2F%2Ft1.daumcdn.net%2Flbook%2Fimage%2F1007683%3Ftimestamp%3D20221107222636,"MBC 느낌표 선정도서! 진실한 거짓말쟁이 신기종, 골방에 갇혀 천하를 꿈꾸던 골방철학자, 사랑스런 허영쟁이 장우림, 아버지를 죽이고 싶어했던 검은제비, 내가 얻은 별명, 노란네모... 그곳에서 아홉살짜리가 배운 삶의 이야기. 십년 전에 출간 했던 책으로 장정을 새롭게 꾸며 다시 펴냈다. 작가는 그동안 장편소설 <고슴도치>와 <벼룩의 간>, <노동자 이야기주머니> 등을 펴낸 바 있다.","['소설/시/희곡', '한국소설', '2000년대 이전 한국소설']"
9935,무량수전 배흘림기둥에 기대서서,최순우,학고재,2002,609 최56ㅁ,8985846213,https://search1.kakaocdn.net/thumb/R120x174.q85/?fname=http%3A%2F%2Ft1.daumcdn.net%2Flbook%2Fimage%2F1225779%3Ftimestamp%3D20230621174951,"국립중앙박물관장을 지낸 고 최순우씨가 쓴 우리의 문화 유산 해설서. 부석사 무량수전 등 건축물을 비롯해 불상, 금속공예, 백자, 회화에 이르기까지 장르별 우리 문화유산 대표작들을 도판과 함께 해설했다. 문화재들을 설명하는 저자의 맛깔스런 입담이 한국적인 것의 아름다움을 더욱 느끼게 한다.","['역사', '문화/역사기행', '한국 문화/역사기행']"
9936,노인과 바다,어니스트 헤밍웨이 지음,문예출판사,1999,843 헤64ㄴ,,https://search1.kakaocdn.net/thumb/R120x174.q85/?fname=http%3A%2F%2Ft1.daumcdn.net%2Flbook%2Fimage%2F541126%3Ftimestamp%3D20241113114442,"미국 현대 문학의 개척자라 불리는 어니스트 헤밍웨이의 대표작 『노인과 바다』. 퓰리처상 수상작이자 헤밍웨이의 마지막 소설로, 작가 고유의 소설 수법과 실존 철학이 집약된 헤밍웨이 문학의 결정판이다. 한 노인의 실존적 투쟁과 불굴의 의지를 절제된 문장으로 강렬하게 그려냈다. 십여 년 동안 이렇다 할 작품을 내놓지 못했던 헤밍웨이는 이 작품을 통해 작가적 생명력을 재확인하고 삶을 긍정하는 성숙한 태도를 보여주었다. 개인주의와 허무주의를 넘어 인간과 자연을 긍정하고 진정한 연대의 가치를 역설한다. 감정을 절제한 문체와 사실주의 기법, 다양한 상징과 전지적 화법을 활용하여 작품의 깊이를 더했다.","['소설/시/희곡', '영미소설']"
9937,거꾸로 읽는 세계사,유시민,푸른나무,2001,909 유58ㄱ c.4,8985893203,https://search1.kakaocdn.net/thumb/R120x174.q85/?fname=http%3A%2F%2Ft1.daumcdn.net%2Flbook%2Fimage%2F5875769%3Ftimestamp%3D20230505144926,"1988년 초판 출간 이후 스테디셀러로 굳건히 자리를 지켰던 유시민의 『거꾸로 읽는 세계사』가 절판 이후 새 얼굴로 출간됐다. ‘전면개정’이라는 수식이 무색할 정도로 30년 넘게 축적된 정보를 꼼꼼하게 보완하고, 사건에 대한 해석을 바꿨으며, 같은 문장 하나 두지 않고 고쳐 쓴 ‘새로운’ 책이다. 그럼에도 제목을 그대로 쓴 이유는 초판에서 보였던 ‘거꾸로 읽는 자세’를 전부 거둬내지는 않았기 때문이다. 세계를 보는 편향된 시각에 균형을 맞추려 했고, 여전히 소홀하게 취급받는 몇몇 사건도 비중 있게 다뤘다. 『거꾸로 읽는 세계사』는 유시민에게 여러 모로 ‘첫 번째’로서 갖는 의미가 많다. 처음으로 ‘작가’라는 이름을 달아준 책이자, 저서 중 가장 먼저 단시간에 베스트셀러에 오른 책인 동시에 가장 오랫동안 독자 곁에 머문 책이다. 지식소매상 유시민을 본격적으로 알린, 『나의 한국현대사 1959-2020』(돌베개 2021), 『역사의 역사』(돌베개, 2018)를 있게 한 ‘유시민의 역사 3부작’의 시작점이기도 하다. 책의 수명이 점점 더 짧아지는 요즘, 33년 전에 출간된 책이 생명력을 잃지 않고 이렇게 살아남을 수 있다는 것에 의미를 부여해보고 싶다. 20대 청년의 지적 반항으로, 중고등학생의 보조 교재로, 대학가의 교양 필독서로 한 시대를 풍미했던 책은 이제 어디로 가닿게 될까? 부디 지나온 시간만큼 다시 한번 잘 건너가기를 희망한다.","['역사', '세계사 일반']"
9938,탈무드,이동민 옮김,인디·북,2003,239.3 이25ㅌ,,https://search1.kakaocdn.net/thumb/R120x174.q85/?fname=http%3A%2F%2Ft1.daumcdn.net%2Flbook%2Fimage%2F526950%3Ftimestamp%3D20240616111825,"중학생들을 위해 명작을 바르게 감상하고 독후감작성에 도움을 주고자 기획된 시리즈이다. 작품 알고 들어가기, 내용 훑어보기, 작품 분석하기, 등장인물 알기와 독후감 모범답안 실례 등이 수록되었다.","['청소년', '청소년 고전']"
9939,시읽는 기쁨,정효구,작가정신,2003,811.609 정95ㅅ c.5,8972881554,https://search1.kakaocdn.net/thumb/R120x174.q85/?fname=http%3A%2F%2Ft1.daumcdn.net%2Flbook%2Fimage%2F1008824%3Ftimestamp%3D20241001114318,"한국 현대 시인 25인과의 아름다운 만남. 1985년 <한국문학 신인상>을 수상하며 활발한 문학평론을 해온 문학평론가가 쓴 현대시 평론서. 시를 더 구체적이고 진실되게 이해할 수 있도록, 시 뿐만이 아니라 오히려 시인에 대한 더 자세한 이해와 정보를 제공한다. 무한이 부르는 소리, 무한에 다가가는 소리, 천상병의 <귀천>부터 말의 힘을 느껴보세요, 황인숙의 <말의 힘>까지 현대의 대표적인 시인들을 소개한다.","['소설/시/희곡', '시', '한국시']"
9940,시읽는 기쁨,정효구,작가정신,2003,811.609 정95ㅅ c.4,8972881554,https://search1.kakaocdn.net/thumb/R120x174.q85/?fname=http%3A%2F%2Ft1.daumcdn.net%2Flbook%2Fimage%2F1008824%3Ftimestamp%3D20241001114318,"한국 현대 시인 25인과의 아름다운 만남. 1985년 <한국문학 신인상>을 수상하며 활발한 문학평론을 해온 문학평론가가 쓴 현대시 평론서. 시를 더 구체적이고 진실되게 이해할 수 있도록, 시 뿐만이 아니라 오히려 시인에 대한 더 자세한 이해와 정보를 제공한다. 무한이 부르는 소리, 무한에 다가가는 소리, 천상병의 <귀천>부터 말의 힘을 느껴보세요, 황인숙의 <말의 힘>까지 현대의 대표적인 시인들을 소개한다.","['소설/시/희곡', '시', '한국시']"
9941,시읽는 기쁨,정효구,작가정신,2003,811.609 정95ㅅ c.3,8972881554,https://search1.kakaocdn.net/thumb/R120x174.q85/?fname=http%3A%2F%2Ft1.daumcdn.net%2Flbook%2Fimage%2F1008824%3Ftimestamp%3D20241001114318,"한국 현대 시인 25인과의 아름다운 만남. 1985년 <한국문학 신인상>을 수상하며 활발한 문학평론을 해온 문학평론가가 쓴 현대시 평론서. 시를 더 구체적이고 진실되게 이해할 수 있도록, 시 뿐만이 아니라 오히려 시인에 대한 더 자세한 이해와 정보를 제공한다. 무한이 부르는 소리, 무한에 다가가는 소리, 천상병의 <귀천>부터 말의 힘을 느껴보세요, 황인숙의 <말의 힘>까지 현대의 대표적인 시인들을 소개한다.","['소설/시/희곡', '시', '한국시']"
9942,시읽는 기쁨,정효구,작가정신,2003,811.609 정95ㅅ c.2,8972881554,https://search1.kakaocdn.net/thumb/R120x174.q85/?fname=http%3A%2F%2Ft1.daumcdn.net%2Flbook%2Fimage%2F1008824%3Ftimestamp%3D20241001114318,"한국 현대 시인 25인과의 아름다운 만남. 1985년 <한국문학 신인상>을 수상하며 활발한 문학평론을 해온 문학평론가가 쓴 현대시 평론서. 시를 더 구체적이고 진실되게 이해할 수 있도록, 시 뿐만이 아니라 오히려 시인에 대한 더 자세한 이해와 정보를 제공한다. 무한이 부르는 소리, 무한에 다가가는 소리, 천상병의 <귀천>부터 말의 힘을 느껴보세요, 황인숙의 <말의 힘>까지 현대의 대표적인 시인들을 소개한다.","['소설/시/희곡', '시', '한국시']"
9943,일반화학,James E. Brady,탐구당,1995,430 B812ㅇ,,https://search1.kakaocdn.net/thumb/R120x174.q85/?fname=http%3A%2F%2Ft1.daumcdn.net%2Flbook%2Fimage%2F1583101%3Ftimestamp%3D20230117194547, 이 책은 일반화학을 다룬 이론서입니다. 일반화학의 기초적이고 전반적인 내용을 학습할 수 있도록 구성했습니다.,"['대학교재/전문서적', '자연과학계열', '화학']"
9944,일반화학,Wl.L.Masterton,(도서출판)자유아카데미,1999,430 M423ㅇ,,https://search1.kakaocdn.net/thumb/R120x174.q85/?fname=http%3A%2F%2Ft1.daumcdn.net%2Flbook%2Fimage%2F1583101%3Ftimestamp%3D20230117194547, 이 책은 일반화학을 다룬 이론서입니다. 일반화학의 기초적이고 전반적인 내용을 학습할 수 있도록 구성했습니다.,"['대학교재/전문서적', '자연과학계열', '화학']"
9945,(미적분학을 위한)벡터와 행렬,정재명,서울대학교출판부,1996,414.1 정73ㅁ,897096763X,https://search1.kakaocdn.net/thumb/R120x174.q85/?fname=http%3A%2F%2Ft1.daumcdn.net%2Flbook%2Fimage%2F976285%3Ftimestamp%3D20221011091645,"이 책은 일반 독자층을 대상으로 한 책으로, 전문적인 내용을 비전공인 일반 독자들도 쉽게 이해할 수 있도록 풀어쓴 교양 도서이다.","['과학', '수학', '수학 일반']"
9946,아버지,김정현,문이당,1996,813.6 김74ㅇㅂ c.6,8974560674,https://search1.kakaocdn.net/thumb/R120x174.q85/?fname=http%3A%2F%2Ft1.daumcdn.net%2Flbook%2Fimage%2F1040805%3Ftimestamp%3D20221107221351,"항상 의연한듯 우뚝 선 아버지, 암 선고를 받고 죽음을 눈앞에 둔 중년 남자가 그의 가족들에게 보여주는 눈물겨운 사랑을 그린 장편소설. 사회 전반에 '아버지' 신드롬을 일으켰던 작품으로 진정한 아버지의 의미를 되새겨보는 작품. 췌장암 선고를 받고 죽음을 눈앞에 둔 중년 남자가 가족들에게 보여주는 눈물겨운 사랑을 통해 우리 시대 아버지의 자화상을 그리고 있다. 이 시대 중년 남성의 현주소를 적나라하게 드러내 아버지 자리찾기에 앞장선 베스트셀러. 이 소설은 시한부 삶을 선고받은 중년 남성의 심정을 냉철하고 차분하게 묘사하였다. 서서히 무르익어가는 갈등보다는 급작스런 죽음의 선고를 서두에 배치한 후 주인공이 죽음을 받아들이게 되는 과정을 그려내는 독특한 서술 방식을 취하고 있다. 또한 가정이라는 한정된 공간 속에서 그 구성원간의 엇갈리는 감정의 불균형, 죽음을 숨긴 채 허물어져가는 아버지를 지켜보며 실망과 기대가 뒤섞이는 가족의 기류를 민감하게 포착해 내고 있으며, 죽음이 엄습하는 순간마다 나약하고 비굴해지려는 자신과의 싸움, 눈앞에 밟히는 죽음 앞에서 철저히 혼자여야 한다는 외로움이 너무나 담담히 서술되어 차라리 슬프게 느껴진다. 기존의 장편 작업으로 다져진 작가의 역량이 유감 없이 발휘된 이 소설은 독자들로 하여금 상징적 죽음이 아닌 현실로 닥친 아버지의 죽음을 통해 아버지와 가족의 진정한 의미를 되새겨보게 하고, 사람의 냄새가 그리운 메마른 가슴에 격정적인 감정의 소용돌이를 일으켜 세상을 새롭게 돌아볼 수 있는 계기를 마련해 주고 있다.","['소설/시/희곡', '한국소설', '2000년대 이후 한국소설']"
9947,달라이 라마의 행복론,달라이 라마;하워드 커틀러 ; 류시화 옮김,김영사,2001,229 라32ㄷ c.2,8934908114,https://search1.kakaocdn.net/thumb/R120x174.q85/?fname=http%3A%2F%2Ft1.daumcdn.net%2Flbook%2Fimage%2F517762%3Ftimestamp%3D20250401113650,"달라이 라마가 하워드 커틀러라는 미국의 저명한 정신과 의사와 행복이라는 주제로 대화한 것을 묶은 책. 명상과 예화, 불교와 심리학의 만남을 통하여, 우리로 하여금 인간관계, 건강, 가정, 직업, 우울함, 걱정, 분노, 질투 등을 이야기하면서 어떻게 인생의 난관을 헤쳐나가면서도 내적인 깊은 평안함을 간직할 수 있는가를 보였다. 아울러 달라이라마의 깊은 진리의 말들을 커틀러 박사는 자신이 다루었던 과학적인 연구자세를 첨가하여 가히 혁명적인 심리학이라고 할 수 있을 만큼 달라이라마 가까이서 행복의 진정한 의미와 일상 생활 속에서 그것을 막고 있는 원인이 무엇인지를 자세히 분석했다.","['종교/역학', '불교', '티베트 불교', '달라이 라마']"
9948,"영화, 역사",김지혜,소나무,2002,688.09 로295ㅇ,8971395389,https://search1.kakaocdn.net/thumb/R120x174.q85/?fname=http%3A%2F%2Ft1.daumcdn.net%2Flbook%2Fimage%2F982744%3Ftimestamp%3D20250320113603,"영화와 새로운 과거의 만남! 이 책은 영화가 하나의 역사로서 어떻게 작동하는지, 곧 영화는 우리들에게 과거에 관해 무엇을 어떻게 말해 주고 있는지에 관해 설명한 글들로 구성되어 있다. 또한 과거에 대한 우리의 이해 가능성과 기여에 대해 일련의 폭넓고 중요한 제안들을 제공하고 있다.","['역사', '역사학', '역사비평']"
9949,근원 수필,김용준,범우사,2000,814.6 김65ㄱ,8908041516,https://search1.kakaocdn.net/thumb/R120x174.q85/?fname=http%3A%2F%2Ft1.daumcdn.net%2Flbook%2Fimage%2F363390%3Ftimestamp%3D20240803112651,김용준의 글들은 수채화의 붓터치처럼 맑고 간결하며 다채롭다. 그가 다루는 삶의 아름다움은 매화의 향기처럼 은은하며 위대한 화가의 그림 앞에서처럼 경건해지면 경외스럽기까지 하다. 그가 바라보는 시선은 늘 봄볕 속에 빛나는 것 같아 그의 수필을 읽고 있노라면 하늘 아래 모든 것들은 달콤한 꿀샘을 저마다 하나씩 품고 있는 듯 하다.,"['에세이', '한국에세이']"
9950,전통 속의 첨단 공학기술,남문현 ; 손욱 [공저],김영사,2002,530.04 남36ㅈ,8934909544,https://search1.kakaocdn.net/thumb/R120x174.q85/?fname=http%3A%2F%2Ft1.daumcdn.net%2Flbook%2Fimage%2F517544%3Ftimestamp%3D20240926114553,"세계 최고 수준의 기술적 경이로움, 우리 전통 문화의 비밀을 벗긴다! 우리 문화 유산 속에 숨어 있는 과학기술의 우수성을 치밀한 고증과 과학적 근거를 통하여 재조명한 책이다. 한민족 고유의 과학기술 유산 가운데 대표적인 유물 속에 숨어 있는 공학적 요소를 발굴하여 그 현대적 의미를 조명하고, 조선 왕조의 건국 이후 우리 과학기술 발전의 토대를 이루는데 기여한 인물들을 통하여 전통적인 동아시아 과학기술의 토착화를 살펴보았다.","['과학', '과학의 이해', '과학사/기술사']"
9951,한국어 화용표지 연구,문병우,국학자료원,2002,715 문44ㅎ,8982066756,https://search1.kakaocdn.net/thumb/R120x174.q85/?fname=http%3A%2F%2Ft1.daumcdn.net%2Flbook%2Fimage%2F1143152%3Ftimestamp%3D20240313113504,"연구서. 현대 국어의 특성을 보여주는 '-요'와 그 방언 형태의 사용 실태를 알아보고, '-요'와 '-요'방언 형태의 기원과 형태구조에 대해 구체적으로 서술했다. 아울러 '-요'와 '-요' 방언 형태의 형태론적 특성과 실현 양상, 기능, 문법 범주에 대해서도 일목요연하게 다뤘다.","['대학교재/전문서적', '어문학계열', '국어국문학', '의미론/화용론']"
9952,"조선 왕실의 의례와 생활, 궁중문화",신명호,돌베개,2002,911.05 신34ㅈ,8971991399,https://search1.kakaocdn.net/thumb/R120x174.q85/?fname=http%3A%2F%2Ft1.daumcdn.net%2Flbook%2Fimage%2F994608%3Ftimestamp%3D20241029115858,"일반인을 위한 한국문화사 교양서. 조선의 궁중 문화는 500년 왕조사의 핵심이면서, 유교 통치, 예술 문화의 정수다. 조선시대 역사와 문화의 중심축을 이루었던 궁중 문화를 왕과 왕비의 삶, 그리고 이들을 둘러싼 궁중 의례와 제도 등을 중심으로 흥미롭게 살피고 있다.","['인문학', '문화/문화이론', '한국학/한국문화', '한국문화유산']"
9953,아비뇽의 여자들,이청해,이룸,2001,813.6 이83ㅇ,8987905365,https://search1.kakaocdn.net/thumb/R120x174.q85/?fname=http%3A%2F%2Ft1.daumcdn.net%2Flbook%2Fimage%2F1265207%3Ftimestamp%3D20230905191413,"1991년 단편 <하오>로 <문학사상> 신인상에 당선, 같은 해 단편 <빗소리>를 <세계의 문학>에 발표하면서 작품활동을 시작한 여류 소설가의 장편소설. 오늘을 살아가는 다섯 여성들의 삶을 사실적으로 묘사한 작품이다. 다섯명의 여인이 수영장에서 우연히 만나 가까워지게 된다. 그러던 어느날 한 여인이 다른 여인을 자신의 집으로 초대하고, 그 집의 정원에서 함께 사진을 찍는다.이 사진의 구도가 마치 피카소가 그린 아비뇽의 여자들과 흡사해 이들은 자신들의 그림속 여인들과 비교하는데.","['소설/시/희곡', '한국소설', '2000년대 이후 한국소설']"
9954,이슬람 문명,정수일,창작과비평사,2002,918 정56ㅇ,8936470779,https://search1.kakaocdn.net/thumb/R120x174.q85/?fname=http%3A%2F%2Ft1.daumcdn.net%2Flbook%2Fimage%2F533281%3Ftimestamp%3D20240904113800,"문명교류사의 권위자인 정수일씨가 '신동아'에 연재한 글을 수정, 보완한 책. 이슬람 문명은 전세계 60여개국, 13억의 무슬림을 보유한 거대한 문명으로 지금 이 시점에도 놀라운 속도로 확산되고 있다. 총 13장으로 구성되어있는 이 책은 이슬람문명의 근간인 이슬람교와 이슬람문명의 여러 영역에 대한 소개를 담고 있다. 각 장의 내용에 맞춰 실린 110여컷의 생생한 화보와 이슬람사 연표, 이슬람력과 서력 대조표 등을 통해 이슬람 문명에 대한 더욱 쉬운 이해가 가능하다.","['인문학', '문화/문화이론', '문명/문명사']"
9955,문학교육원론,김대행,서울대학교출판부,2002,807 김23ㅁ,8952101529,https://search1.kakaocdn.net/thumb/R120x174.q85/?fname=http%3A%2F%2Ft1.daumcdn.net%2Flbook%2Fimage%2F631673%3Ftimestamp%3D20230227051318,"문학교육의 본질과 지표를 시작으로 문학교육을 위한 전반적 내용을 기술한 저서. 문학교육이란 무엇이며 문학교육의 목표는 무엇인지를 소개하고 문학의 속성과 문학의 표현양식, 문학의 맥락과 문학교육,문학교수 학습의 실천방법을 제시했다.","['대학교재/전문서적', '사범계열', '교과교육론', '국어교육 전공']"
9956,달라이 라마의 행복론,달라이 라마;하워드 커틀러 ; 류시화 옮김,김영사,2001,229 라32ㄷ,8934908114,https://search1.kakaocdn.net/thumb/R120x174.q85/?fname=http%3A%2F%2Ft1.daumcdn.net%2Flbook%2Fimage%2F517762%3Ftimestamp%3D20250401113650,"달라이 라마가 하워드 커틀러라는 미국의 저명한 정신과 의사와 행복이라는 주제로 대화한 것을 묶은 책. 명상과 예화, 불교와 심리학의 만남을 통하여, 우리로 하여금 인간관계, 건강, 가정, 직업, 우울함, 걱정, 분노, 질투 등을 이야기하면서 어떻게 인생의 난관을 헤쳐나가면서도 내적인 깊은 평안함을 간직할 수 있는가를 보였다. 아울러 달라이라마의 깊은 진리의 말들을 커틀러 박사는 자신이 다루었던 과학적인 연구자세를 첨가하여 가히 혁명적인 심리학이라고 할 수 있을 만큼 달라이라마 가까이서 행복의 진정한 의미와 일상 생활 속에서 그것을 막고 있는 원인이 무엇인지를 자세히 분석했다.","['종교/역학', '불교', '티베트 불교', '달라이 라마']"
9957,해리포터와 아즈카반의 죄수. 3-Ⅱ,조앤.K. 롤링 [지음] ; 김혜원 [옮김],문학수첩,2000,843 롤298ㅎ v.3-2,8983920734,https://search1.kakaocdn.net/thumb/R120x174.q85/?fname=http%3A%2F%2Ft1.daumcdn.net%2Flbook%2Fimage%2F1168789%3Ftimestamp%3D20230728203358,"1999년 영국의 우수도서상 등을 수상한 작품. 고아소년 해리 포터가 친척집에 맡겨져 천대받다가 마법 학교에 입학하면서 마법사 세계의 영웅이 된다는 줄거리를 담았다. 꼬마 마법사 해리포터와 아즈카반 죄수들과의 흥미있는 이야기를 담았다. 상,하","['소설/시/희곡', '판타지/환상문학', '외국판타지/환상소설']"
9958,해리포터와 아즈카반의 죄수. 3-Ⅰ,조앤.K.롤링 지음,문학수첩,2001,843 롤298ㅎ v.3-1,9788980000000,https://search1.kakaocdn.net/thumb/R120x174.q85/?fname=http%3A%2F%2Ft1.daumcdn.net%2Flbook%2Fimage%2F1169692%3Ftimestamp%3D20230728194012,"1999년 영국의 우수도서상 등을 수상한 작품. 고아소년 해리 포터가 친척집에 맡겨져 천대받다가 마법 학교에 입학하면서 마법사 세계의 영웅이 된다는 줄거리를 담았다. 꼬마 마법사 해리포터와 아즈카반 죄수들과의 흥미있는 이야기를 담았다. 상,하","['소설/시/희곡', '판타지/환상문학', '외국판타지/환상소설']"
9959,해리포터와 불의 잔. 제4권: Ⅳ,조앤.K.롤링 지음,문학수첩,2001,843 롤298ㅎ v.4-4,9788980000000,https://search1.kakaocdn.net/thumb/R120x174.q85/?fname=http%3A%2F%2Ft1.daumcdn.net%2Flbook%2Fimage%2F1170460%3Ftimestamp%3D20230728190249,"해리포터의 어린 시절을 다룬 전편과 달리 사춘기에 접어든 주인공들의 우정과 사랑이 어우러진 이야기. 해리포터와 불의 잔 제4권은 바야흐로 '해리포터 시리즈'의 성장기에 해당된다. 해리포터는 케트릭 디고리, 플뢰르 델라쿠르, 빅터 크룹과 더불어 마법학교 대항전인 트리위저드 시합에서 챔피언으로 선발된다. 네명의 챔피언들은 용과 인어 그리고 미로를 통과하는 트리위저드 시합을 통해 용기와 미덕, 지혜를 겨루게 되고 독자들은 마법의 세계로 이끌리는데...","['소설/시/희곡', '판타지/환상문학', '외국판타지/환상소설']"
9960,해리포터와 불의 잔. 제4권: Ⅲ,조앤.K.롤링 지음,문학수첩,2001,843 롤298ㅎ v.4-3,9788980000000,https://search1.kakaocdn.net/thumb/R120x174.q85/?fname=http%3A%2F%2Ft1.daumcdn.net%2Flbook%2Fimage%2F1168708%3Ftimestamp%3D20230728175801,"해리포터의 어린 시절을 다룬 전편과 달리 사춘기에 접어든 주인공들의 우정과 사랑이 어우러진 이야기. 해리포터와 불의 잔 제4권은 바야흐로 '해리포터 시리즈'의 성장기에 해당된다. 해리포터는 케트릭 디고리, 플뢰르 델라쿠르, 빅터 크룹과 더불어 마법학교 대항전인 트리위저드 시합에서 챔피언으로 선발된다. 네명의 챔피언들은 용과 인어 그리고 미로를 통과하는 트리위저드 시합을 통해 용기와 미덕, 지혜를 겨루게 되고 독자들은 마법의 세계로 이끌리는데...","['소설/시/희곡', '판타지/환상문학', '외국판타지/환상소설']"
9961,해리포터와 불의 잔. 제4권: Ⅱ,조앤.K.롤링 지음,문학수첩,2001,843 롤298ㅎ v.4-2,9788980000000,https://search1.kakaocdn.net/thumb/R120x174.q85/?fname=http%3A%2F%2Ft1.daumcdn.net%2Flbook%2Fimage%2F1172464%3Ftimestamp%3D20230728185010,"해리포터의 어린 시절을 다룬 전편과 달리 사춘기에 접어든 주인공들의 우정과 사랑이 어우러진 이야기. 해리포터와 불의 잔 제4권은 바야흐로 '해리포터 시리즈'의 성장기에 해당된다. 해리포터는 케트릭 디고리, 플뢰르 델라쿠르, 빅터 크룹과 더불어 마법학교 대항전인 트리위저드 시합에서 챔피언으로 선발된다. 네명의 챔피언들은 용과 인어 그리고 미로를 통과하는 트리위저드 시합을 통해 용기와 미덕, 지혜를 겨루게 되고 독자들은 마법의 세계로 이끌리는데...","['소설/시/희곡', '판타지/환상문학', '외국판타지/환상소설']"
9962,시가 내게로 왔다,김용택,마음산책,2001,811.6 김65ㅅ,898935109X,https://search1.kakaocdn.net/thumb/R120x174.q85/?fname=http%3A%2F%2Ft1.daumcdn.net%2Flbook%2Fimage%2F1299710%3Ftimestamp%3D20240804113438,"시인 김용택이 사랑하고 감동하고 희구하고 전율하는 시들에다 김용택 시인만의 독특한 글을 덧붙여 만든 책 『 시가 내게로 왔다』. 파블로 네루다의 시 한편을 비롯해 우리나라 근대 서정시의 본령이라 할 수 있는 김소월, 이용악에서부터 박용래와 김수영, 서정주와 고은을 거쳐 장석남, 유하에 이르기까지 근 1세기 동안의 한국 시사를 가로지르는 우리 시인들의 절창 마흔여덟 편을 아우르고 있다. 시에 대한 경외심과 시인에 대한 남다른 사랑을 보이는 김용택 시인은 시의 본질이 무엇보다도 감동과 울림에 있다는 사실을 이 책을 통해 다시 한번 일깨워주고 있다. 오랜 시간 시를 읽고 시를 써온 시인임에도 아직까지 시에 대한 떨림과 순수함을 간직하고 있는 그는 시단을 거침없이 질타하는가 하면, 시와 시인에 대한 사랑을 문학적인 수사나 기교 없이 느낀 그대로 질박하게 표현하기도 한다. 이 책을 읽어가노라면 한 편의 좋은 시가 어떻게 한 사람의 정신과 삶 속에 투영되는지, 그저 시를 사랑하던 어떻게 사람이 시를 창조하는 시인으로 거듭날 수 있었는지 확인할 수 있다. 시인이 지금까지 시를 쓸 수 있도록 꺼지지 않는 밑불이 되어준 이 시들을 통해 오래도록 가슴에 남을 시의 감동을 맛볼 수 있을 것이다.","['소설/시/희곡', '시', '한국시']"
9963,(趙廷來 大河小說) 한강. 3: 제1부 격랑시대,조정래 ,해냄,2001,813.6 조74ㅎ v.3 c.2,8973373994,https://search1.kakaocdn.net/thumb/R120x174.q85/?fname=http%3A%2F%2Ft1.daumcdn.net%2Flbook%2Fimage%2F1021142%3Ftimestamp%3D20221107222514,"유신과 부마항쟁, 광주민주화운동 등 파란만장한 격동의 현대사를 본격적으로 다룬 장편 소설. 월북한 아버지를 둔 일민과 같은 고향 출신의 전형적인 출세주의자 강기수 의원은 4.19 학생혁명과 군사 쿠데타가 일어나자 특유의 처세술과 기회주의적 능력으로 군부의 끈을 잡는 데 성공한다. 일민과 교우하던 선배 이규백과 김선오는 강 의원이 운영하는 남천장학사에 기거하면서 고시에 합격하고, 강의원은 그 둘 중 한 사람을 사위로 삼고 싶어하지만, 딸 숙자의 저항으로 뜻을 이루지 못한다. 일표는 독립투사의 손자인 친구를 보면서 사회의 부조리함을 느끼게 되고, 일민은 가정교사로 있던 집안의 딸 임채옥으로부터 일방적인 애정공세를 받는다. 그러는 가운데, 민정이양을 약속했던 박정희는 끝내 대통령선거에 나서 윤보선과 한판 대결을 벌이게 되는데...","['소설/시/희곡', '한국소설', '2000년대 이후 한국소설']"
9964,(趙廷來 大河小說) 한강. 2: 제1부 격랑시대,조정래 ,해냄,2001,813.6 조74ㅎ,8973373986,https://search1.kakaocdn.net/thumb/R120x174.q85/?fname=http%3A%2F%2Ft1.daumcdn.net%2Flbook%2Fimage%2F1020077%3Ftimestamp%3D20221108001410,"유신과 부마항쟁, 광주민주화운동 등 파란만장한 격동의 현대사를 본격적으로 다룬 장편 소설. 월북한 아버지를 둔 일민과 같은 고향 출신의 전형적인 출세주의자 강기수 의원은 4.19 학생혁명과 군사 쿠데타가 일어나자 특유의 처세술과 기회주의적 능력으로 군부의 끈을 잡는 데 성공한다. 일민과 교우하던 선배 이규백과 김선오는 강 의원이 운영하는 남천장학사에 기거하면서 고시에 합격하고, 강의원은 그 둘 중 한 사람을 사위로 삼고 싶어하지만, 딸 숙자의 저항으로 뜻을 이루지 못한다. 일표는 독립투사의 손자인 친구를 보면서 사회의 부조리함을 느끼게 되고, 일민은 가정교사로 있던 집안의 딸 임채옥으로부터 일방적인 애정공세를 받는다. 그러는 가운데, 민정이양을 약속했던 박정희는 끝내 대통령선거에 나서 윤보선과 한판 대결을 벌이게 되는데...","['소설/시/희곡', '한국소설', '2000년대 이후 한국소설']"
9965,(조정래 대하소설) 아리랑. 11,조정래,해냄,2001,813.6 조74ㅇ v.11 c.4,897337429X,https://search1.kakaocdn.net/thumb/R120x174.q85/?fname=http%3A%2F%2Ft1.daumcdn.net%2Flbook%2Fimage%2F1021163%3Ftimestamp%3D20230503184931,"우리 현대사의 원점인 20세기 초부터를 문제삼으며 공간적으로 만주와 미대륙까지 시야를 확장시킨 조정래 대하소설. 전남 승주군 선암사에서 출생. 1970년 <현대문학>으로 문단에 등단한 이후, <불놀이>, <황토>, <태백산백> 등의 걸출한 작품 등을 우리 앞에 선 보여 왔던 작가 조정래. <아리랑>은 그가 도도히 흐르는 질퍼한 이야기 구도 속에 시큰한 아리랑의 집요한 생명력을 불어넣으며, 전통사회의 붕괴과정에서부터 식민지시대로 이어지는 민족사의 모순을 총체적으로 파헤친 역작이다.","['소설/시/희곡', '한국소설', '2000년대 이전 한국소설']"
9966,(이윤기의)그리스 로마 신화. 1: 신화를 이해하는 12가지 열쇠,이윤기,웅진닷컴,2001,219.2 이66ㄱ c.3,8901029359,https://search1.kakaocdn.net/thumb/R120x174.q85/?fname=http%3A%2F%2Ft1.daumcdn.net%2Flbook%2Fimage%2F344631%3Ftimestamp%3D20221108001439,"신화 이해에 대한 새로운 지평을 연 신화교양서 〈이윤기의 그리스 로마 신화〉 시리즈. 기존의 서구 중심의 시각에서 탈피하여, 우리 정서와 상상력으로 그리스 로마 신화를 풀어낸 책이다. 탁월한 이야기꾼이자 신화학자인 이윤기가 신화에 대한 해박함과 막힘 없는 상상력, 감칠맛 나는 입담으로 신화의 세계를 우리 시대에 되살려냈다. 이 책은 신화 이해와 해석에 필요한 12개의 열쇠를 제시하며, 독자들을 신화 읽기의 주인공으로 내세운 창조적 신화 읽기를 시도하고 있다. 특히 신화를 주제로 한 작품들과, 저자가 신화 유적지와 박물관 등을 직접 다니면서 촬영한 현장 사진들을 곳곳에 수록하여, 현대에서도 여전히 살아 숨쉬는 신화의 이미지를 생생하게 전해준다. 제1권에서는『신화를 이해하는 12가지 열쇠』라는 주제로 한국적 신화 해석과 이해의 가능성을 제시하고 있다. 저자는 지리한 옛 이야기가 아닌, 인간 이해의 열쇠로서 그리스 로마 신화를 이야기한다. 신발, 사랑, 나무, 뱀, 대홍수, 술 등의 12가지 주제를 통해 신화를 새롭게 살펴보고 있다.","['인문학', '신화/종교학', '그리스로마 신화']"
9967,(이윤기의)그리스 로마 신화. 1: 신화를 이해하는 12가지 열쇠,이윤기,웅진닷컴,2001,219.2 이66ㄱ c.2,8901029359,https://search1.kakaocdn.net/thumb/R120x174.q85/?fname=http%3A%2F%2Ft1.daumcdn.net%2Flbook%2Fimage%2F344631%3Ftimestamp%3D20221108001439,"신화 이해에 대한 새로운 지평을 연 신화교양서 〈이윤기의 그리스 로마 신화〉 시리즈. 기존의 서구 중심의 시각에서 탈피하여, 우리 정서와 상상력으로 그리스 로마 신화를 풀어낸 책이다. 탁월한 이야기꾼이자 신화학자인 이윤기가 신화에 대한 해박함과 막힘 없는 상상력, 감칠맛 나는 입담으로 신화의 세계를 우리 시대에 되살려냈다. 이 책은 신화 이해와 해석에 필요한 12개의 열쇠를 제시하며, 독자들을 신화 읽기의 주인공으로 내세운 창조적 신화 읽기를 시도하고 있다. 특히 신화를 주제로 한 작품들과, 저자가 신화 유적지와 박물관 등을 직접 다니면서 촬영한 현장 사진들을 곳곳에 수록하여, 현대에서도 여전히 살아 숨쉬는 신화의 이미지를 생생하게 전해준다. 제1권에서는『신화를 이해하는 12가지 열쇠』라는 주제로 한국적 신화 해석과 이해의 가능성을 제시하고 있다. 저자는 지리한 옛 이야기가 아닌, 인간 이해의 열쇠로서 그리스 로마 신화를 이야기한다. 신발, 사랑, 나무, 뱀, 대홍수, 술 등의 12가지 주제를 통해 신화를 새롭게 살펴보고 있다.","['인문학', '신화/종교학', '그리스로마 신화']"
9968,(이윤기의)그리스 로마 신화. 1: 신화를 이해하는 12가지 열쇠,이윤기,웅진닷컴,2001,219.2 이66ㄱ,8901029359,https://search1.kakaocdn.net/thumb/R120x174.q85/?fname=http%3A%2F%2Ft1.daumcdn.net%2Flbook%2Fimage%2F344631%3Ftimestamp%3D20221108001439,"신화 이해에 대한 새로운 지평을 연 신화교양서 〈이윤기의 그리스 로마 신화〉 시리즈. 기존의 서구 중심의 시각에서 탈피하여, 우리 정서와 상상력으로 그리스 로마 신화를 풀어낸 책이다. 탁월한 이야기꾼이자 신화학자인 이윤기가 신화에 대한 해박함과 막힘 없는 상상력, 감칠맛 나는 입담으로 신화의 세계를 우리 시대에 되살려냈다. 이 책은 신화 이해와 해석에 필요한 12개의 열쇠를 제시하며, 독자들을 신화 읽기의 주인공으로 내세운 창조적 신화 읽기를 시도하고 있다. 특히 신화를 주제로 한 작품들과, 저자가 신화 유적지와 박물관 등을 직접 다니면서 촬영한 현장 사진들을 곳곳에 수록하여, 현대에서도 여전히 살아 숨쉬는 신화의 이미지를 생생하게 전해준다. 제1권에서는『신화를 이해하는 12가지 열쇠』라는 주제로 한국적 신화 해석과 이해의 가능성을 제시하고 있다. 저자는 지리한 옛 이야기가 아닌, 인간 이해의 열쇠로서 그리스 로마 신화를 이야기한다. 신발, 사랑, 나무, 뱀, 대홍수, 술 등의 12가지 주제를 통해 신화를 새롭게 살펴보고 있다.","['인문학', '신화/종교학', '그리스로마 신화']"
9969,삐딱한 소크라테스에게 말걸기,한국철학사상연구회 지음,(도서출판 주)신원문화사,2001,104 한16ㅃ,8935909491,https://search1.kakaocdn.net/thumb/R120x174.q85/?fname=http%3A%2F%2Ft1.daumcdn.net%2Flbook%2Fimage%2F527973%3Ftimestamp%3D20240223144102,"고교생을 위한 철학 에세이집. <왜 이렇게 마음 둘 데가 없을까?>, <무엇을 위하여 어떻게 살 것인가?>, <그래도 행복한 시시포스>, <평범한 사람들의 평범한 아름다움> 등의 주제를 통해 인간, 즉 우리가 우리 자신을 어떻게 생각하고 이해할 것인가에 대해 깊이 성찰했다.","['청소년', '청소년 철학']"
9970,문명의 공존,하랄트 뮐러 [지음] ; 이영희 [옮김],푸른숲,2000,340.1 뮐92ㅁ,8971842660,https://search1.kakaocdn.net/thumb/R120x174.q85/?fname=http%3A%2F%2Ft1.daumcdn.net%2Flbook%2Fimage%2F987760%3Ftimestamp%3D20250307113606,'문명의 충돌'이란 개념을 제시했던 새뮤엘 헌팅턴의 이론체계를 심도있게 비판한 책. 헌팅턴에 대한 자신의 근본적인 비판을 토대로 문명과 문화가 어떤 상황에서 정치화되는지 분석하고 이를 바탕으로 세계 정치동향 및 이 지역들의 발전가능성을 전망했다.,"['인문학', '문화/문화이론', '문명/문명사']"
9971,이슬람,이희수.이원삼외,청아출판사,2001,286 이97ㅇ,,https://search1.kakaocdn.net/thumb/R120x174.q85/?fname=http%3A%2F%2Ft1.daumcdn.net%2Flbook%2Fimage%2F538550%3Ftimestamp%3D20221110142119,"이희수 교수의『이슬람』. 한양대학교 문화인류학 교수이자 자타가 공인하는 국내 이슬람 최고 전문가인 이희수가 33년간 이슬람 지역을 직접 발로 뛰고 연구하여 축적한 현장경험과 지식을 이 책에 담아냈다. 이슬람 종교 자체에 대한 본질적 이해부터 9·11 테러 이후 계속되고 있는 테러와 분쟁의 문제, 아랍 민주화 시위 등 민주화 투쟁과 변화의 물결이 소용돌이치는 이슬람 세계를 엿보고 9·11테러 이후 10년이 지난 지금, 이슬람 세계에 대해 사람들이 가지고 있는 편견과 오해를 살펴본다. 더불어 다양한 이슬람 문화의 무슬림들의 삶과 현실을 생생하게 그려내고, 비즈니스 수칙, 종교와 문명 사이의 공존을 위해 독자들이 꼭 알아야 할 정보만 담아 실체에 근거하여 이슬람 세계를 새롭게 들여다본다.","['역사', '세계사 일반']"
9972,역사왜곡과 우리의 역사교육,김한종,(도서출판)여수룬,2001,370.13 김92ㅇ,,https://search1.kakaocdn.net/thumb/R120x174.q85/?fname=http%3A%2F%2Ft1.daumcdn.net%2Flbook%2Fimage%2F953739%3Ftimestamp%3D20230106182926,"역사 교육의 이론을 학문적으로 체계화하고, 수업 현장과 거리를 줄이는 것을 당면 과제로 여기는 역사교육학자인 저자의 역사교육 제안서. 역사교육이 무엇인지, 왜 그것을 배워야 하는지, 우리 사회에서 역사교육이 가지는 의미는 무엇인지, 어떠한 방향으로 나아가야 하는지에 대해 체계적으로 서술했다.","['사회과학', '비평/칼럼', '교육비평']"
9973,상실의 시대,무라카미 하루키,문학사상사,2000,833.6 무292ㅅ,8970123695,https://search1.kakaocdn.net/thumb/R120x174.q85/?fname=http%3A%2F%2Ft1.daumcdn.net%2Flbook%2Fimage%2F953609%3Ftimestamp%3D20250401113712,"일본을 뛰어넘어 세계적 베스트셀러 작가로 거듭난 무라카미 하루키를 대표하는 『상실의 시대』. 혼자라는 고독 속에서 꿈과 사랑, 그리고 정든 사람들을 잃어가는 상실의 아픔을 겪는 세상 모든 청춘을 위한 장편소설이다. 저자의 자전적 소설이기도 하다. '와타나베'라는 한 남자가 10대부터 30대까지 젊은 날에 겪은 감미롭고 황홀하고 애절한 사랑 이야기를 그려내고 있다. 특히 와타나베가 '기즈키'와 '나오코' 혹은 '나오코'와 '미도리' 등과의 파격적 삼각관계를 중심으로 겪는 사랑뿐 아니라, 질투, 미움, 고독의 심리를 저자 특유의 탁월한 문학성과 문장력에 의해 현란하게 펼쳐낸다. 허무와 무상의 시간을 뛰어넘어 재생의 의욕을 심어줄 것이다.","['소설/시/희곡', '일본소설', '1950년대 이후 일본소설']"
9974,스콧 니어링 자서전,스콧 니어링,(주 도서출판)실천문학,2000,994 니64ㅅ,8939203860,https://search1.kakaocdn.net/thumb/R120x174.q85/?fname=http%3A%2F%2Ft1.daumcdn.net%2Flbook%2Fimage%2F554124%3Ftimestamp%3D20250322114138,"철저한 자립농생활로 자본주의화된 문명에 저항했던 한 근본주의자의 위대한 생애가 담겨 있는 자서전. 스콧 니어링의 청년시절부터 노년에 이르기까지의 과정과 그의 뛰어난 재능, 부지런함, 꺾이지 않는 이상, 청렴함, 여유로운 마음들이 고스란히 담겨 있다.","['인문학', '인문 에세이']"
9975,오두막 편지,법정,이레,2001,814.6 법74ㅇ,9788960000000,https://search1.kakaocdn.net/thumb/R120x174.q85/?fname=http%3A%2F%2Ft1.daumcdn.net%2Flbook%2Fimage%2F751183%3Ftimestamp%3D20220903173823,"우리가 어디를 향해 가야 하는지 일깨워주는, 법정 스님의 산문집. 개정판. 강원도 산골의 오두막에서 자연과 함께 살아가고 있는 저자가 순수한 정신과 영혼의 언어로 쓴 편지를 담고 있다. 저자의 단순하고 충만한 삶이 묻어나는 편지는 삶이 들려주는 시처럼 아름답다. 이 책에는 저자의 풍부한 감수성은 물론, 넘치는 패기와 당당한 기개, 그리고 세상 사람들을 향한 뜨거운 열정이 들어 있다. 오두막에서의 일상을 그릴 때는 아름답고 서정적이며, 우리 사회의 참된 어른으로서 세상 사람들에게 조언을 던질 때는 지혜로우며, 그리고 개인적인 이야기를 꺼낼 때는 낮고도 차분하다. 때로는 부드롭게, 때로는 엄하게 건네지는 저자의 편지는 강원도 산골 오두막에서 보내진 것이지만, 마치 우리 옆에서 속삭이는 것처럼 가깝고 정겹다. 저자는 자연에서 얻은 힘으로 우리를 정화시킨다. 그것이 바로 저자의 편지가 지닌 치유와 위안의 힘이다. 인위적인 것이 섞이지 않은 소박하고 간소한 저자의 삶이 묻어난다. 개정판. 양장제본.","['종교/역학', '불교', '불교 문학']"
9976,일반화학,James E. Brady,탐구당,1995,430 B812ㅇ c.2,,https://search1.kakaocdn.net/thumb/R120x174.q85/?fname=http%3A%2F%2Ft1.daumcdn.net%2Flbook%2Fimage%2F1583101%3Ftimestamp%3D20230117194547, 이 책은 일반화학을 다룬 이론서입니다. 일반화학의 기초적이고 전반적인 내용을 학습할 수 있도록 구성했습니다.,"['대학교재/전문서적', '자연과학계열', '화학']"
9977,고전 역학,박상업,전주대학교출판부,1998,420.1 박52ㄱ,8985644718,https://search1.kakaocdn.net/thumb/R120x174.q85/?fname=http%3A%2F%2Ft1.daumcdn.net%2Flbook%2Fimage%2F1165499%3Ftimestamp%3D20240321113544,"아무런 사전 지식이 없는 독자들이 자연스레 고전 역학의 개념과 최소한의 수학 지식, 그리고 운동 방정식 유도와 응용 실력을 키울 수 있도록 돕는 『물리의 정석: 고전 역학 편』. 물리 전 분야를 포괄하는 유튜브 강의 '최소한의 이론'에 포함된 136개의 세부 강의들 중 고전 역학 강의 10개를 모아 역은 책이다. 레너드 서스킨드는 기존의 물리학 교과서의 체재를 따르지 않고, 물리학 연구에서 현장 연구자들이 사용하는 필수적인 최소한의 개념과 원리, 그리고 수학을 간결하고 추려 엮고, 복잡해 보이는 수식의 핵심을 정확하게 짚어 소개한다. 구식 이론이 아닌, 현대 물리학과 부합해 오늘날까지 물리학자들 사이에서 빈번히 쓰이는 고전 역학 이론만을 담아 물리학의 정석을 익힘으로써 헛된 수에 빠지지 않고 다양한 변화를 따라갈 수 있도록 이끌어준다. [솔루션 다운로드] http://sciencebooks.minumsa.com/?bcpattach=59e2841f77d37b7257844184f58bb176b57c5377","['과학', '물리학', '쉽게 배우는 물리학']"
9978,고전 역학,박상업,전주대학교출판부,1998,420.1 박52ㄱ c.2,8985644718,https://search1.kakaocdn.net/thumb/R120x174.q85/?fname=http%3A%2F%2Ft1.daumcdn.net%2Flbook%2Fimage%2F1165499%3Ftimestamp%3D20240321113544,"아무런 사전 지식이 없는 독자들이 자연스레 고전 역학의 개념과 최소한의 수학 지식, 그리고 운동 방정식 유도와 응용 실력을 키울 수 있도록 돕는 『물리의 정석: 고전 역학 편』. 물리 전 분야를 포괄하는 유튜브 강의 '최소한의 이론'에 포함된 136개의 세부 강의들 중 고전 역학 강의 10개를 모아 역은 책이다. 레너드 서스킨드는 기존의 물리학 교과서의 체재를 따르지 않고, 물리학 연구에서 현장 연구자들이 사용하는 필수적인 최소한의 개념과 원리, 그리고 수학을 간결하고 추려 엮고, 복잡해 보이는 수식의 핵심을 정확하게 짚어 소개한다. 구식 이론이 아닌, 현대 물리학과 부합해 오늘날까지 물리학자들 사이에서 빈번히 쓰이는 고전 역학 이론만을 담아 물리학의 정석을 익힘으로써 헛된 수에 빠지지 않고 다양한 변화를 따라갈 수 있도록 이끌어준다. [솔루션 다운로드] http://sciencebooks.minumsa.com/?bcpattach=59e2841f77d37b7257844184f58bb176b57c5377","['과학', '물리학', '쉽게 배우는 물리학']"
9979,역사 앞에서,홍송식,국제출판사,1987,991.004 홍55ㅇ c.2,,https://search1.kakaocdn.net/thumb/R120x174.q85/?fname=http%3A%2F%2Ft1.daumcdn.net%2Flbook%2Fimage%2F533579%3Ftimestamp%3D20240404113402,"6·25에 대한 생생한 일기『역사 앞에서』는 1993년 초판이 발행된 후 스테디셀러로 꾸준히 읽혀 온 책이다. 이번 책은 한국전쟁 연구의 권위자인 이화여대 정병준 교수의 자세한 해제와 본문 교주(校註)가 새롭게 추가된 개정판으로, 저자 김성칠의 삶과 그의 일기에 대한 문헌비판적인 검토와 정리를 하였다. 이 일기는 서울대 사학과 교수였던 김성칠이 당시의 상황을 직접 보고 겪은 것을 일기로 기록한 것이다. 저자는 해방 후 서울의 모습과 한국 전쟁의 발발, 북한점령 시기의 서울 생활, 남한의 서울수복 등의 당시 상황을 자세하게 설명한다. 개인의 일기이기 때문에, 공적인 문서나 논문에서는 볼 수 없었던 사실들을 알 수 있다.","['역사', '한국근현대사', '해방전후사/한국전쟁']"
9980,양식과 심상,이창민,月印,2000,811.609 이82ㅇ,8988297903,https://search1.kakaocdn.net/thumb/R120x174.q85/?fname=http%3A%2F%2Ft1.daumcdn.net%2Flbook%2Fimage%2F1266195%3Ftimestamp%3D20230905172802,"김춘수와 정지용 시에 대한 비평서. 김춘수 시의 양식과 작법, 정지용 시의 심상과 주제에 대해 탐구하고 있다.","['대학교재/전문서적', '어문학계열', '문학일반']"
9981,흙,이광수,우신사,1985,813.6 이15ㅎ,,https://search1.kakaocdn.net/thumb/R120x174.q85/?fname=http%3A%2F%2Ft1.daumcdn.net%2Flbook%2Fimage%2F1308856%3Ftimestamp%3D20240418114500,"흙에서 살아가는 생명과 눈에 보이지 않는 생태계를 보여주는 자연 다큐멘터리『흙』. 이 책은 2005년 EBS에서 방영했던 자연 다큐멘터리를 엮은 것이다. 국내 자연 다큐멘터리에서 보기 힘들었던 흙과 박테리아, 곰팡이, 뿌리, 지렁이, 꽃의 변화를 1년 2개월이라는 긴 제작기간에 담아낸 결과물을 보여준다. 흙의 성질과 흙을 기반으로 살아가는 인간과 흙과 박테리아, 곰팡이와 뿌리 등 생태, 지렁이와 흙의 관계, 식물의 한 살이, 박테리아와 곰팡이의 세계, 흙을 파괴하는 인간의 모습까지 감동과 흥미를 과학적 원리와 함께 풍부하게 담았다. 올컬러. EBS 다큐멘터리《흙》 과학의 눈, 생명 존중의 마음으로 흙과 생명의 희노애락을 다룬 자연 다큐멘터리로 2005년 6월 22일 방영되어 많은 감동과 호응을 이끌어 냈다. 생태순환이라는 관점에서 한 숟가락의 흙 속에 담긴 우주를 그 어떤 드라마보다 흥미진진하게 풀어낸 다큐멘터리이다. 2005년 한국방송촬영감독연합회가 주최하는 그리메상 촬영부문 최우수상을 받았다.","['과학', '기초과학/교양과학']"
9982,누가 내 치즈를 옮겼을까?,"존슨, 스펜서",진명출판사,2000,843 존57ㄴ,8980103034,https://search1.kakaocdn.net/thumb/R120x174.q85/?fname=http%3A%2F%2Ft1.daumcdn.net%2Flbook%2Fimage%2F1116997%3Ftimestamp%3D20221108011943,"당신의 인생에서 일어나게 될 변화에 대응하는 확실한 방법은?. 시카고에 모인 고등학교 동창생들. 그들 중에 한명이 스니프와 스커리라는 작은 생쥐를 주인공으로 한 우화를 들려준다. 새로운 치즈를 찾아 떠나는 생쥐들을 통해 인생에서 일어나게 될 변화에 대응하는 방법을 설명했다. 생쥐들이 찾는 치즈는 좋은 직업,인간관계,재물,건강,평화와 같은 것을 상징한다.","['자기계발', '성공', '성공학']"
9983,이삭줍기,장순하,태학사,2001,811.36 장56ㅇ c.7,8976265076,https://search1.kakaocdn.net/thumb/R120x174.q85/?fname=http%3A%2F%2Ft1.daumcdn.net%2Flbook%2Fimage%2F991607%3Ftimestamp%3D20190126090454,"임강빈 시집『이삭줍기』. 언어의 절제와 행간의 깊이가 이룩한 감동과 여운, 아득히 홀로 걸어 온 임강빈 시학 56년-그가 또 한 번 펼쳐 보인 우리시의 푸른 말본!","['소설/시/희곡', '시', '시조집']"
9984,이삭줍기,장순하,태학사,2001,811.36 장56ㅇ c.6,8976265076,https://search1.kakaocdn.net/thumb/R120x174.q85/?fname=http%3A%2F%2Ft1.daumcdn.net%2Flbook%2Fimage%2F991607%3Ftimestamp%3D20190126090454,"임강빈 시집『이삭줍기』. 언어의 절제와 행간의 깊이가 이룩한 감동과 여운, 아득히 홀로 걸어 온 임강빈 시학 56년-그가 또 한 번 펼쳐 보인 우리시의 푸른 말본!","['소설/시/희곡', '시', '시조집']"
9985,이삭줍기,장순하,태학사,2001,811.36 장56ㅇ c.4,8976265076,https://search1.kakaocdn.net/thumb/R120x174.q85/?fname=http%3A%2F%2Ft1.daumcdn.net%2Flbook%2Fimage%2F991607%3Ftimestamp%3D20190126090454,"임강빈 시집『이삭줍기』. 언어의 절제와 행간의 깊이가 이룩한 감동과 여운, 아득히 홀로 걸어 온 임강빈 시학 56년-그가 또 한 번 펼쳐 보인 우리시의 푸른 말본!","['소설/시/희곡', '시', '시조집']"
9986,이삭줍기,장순하,태학사,2001,811.36 장56ㅇ c.3,8976265076,https://search1.kakaocdn.net/thumb/R120x174.q85/?fname=http%3A%2F%2Ft1.daumcdn.net%2Flbook%2Fimage%2F991607%3Ftimestamp%3D20190126090454,"임강빈 시집『이삭줍기』. 언어의 절제와 행간의 깊이가 이룩한 감동과 여운, 아득히 홀로 걸어 온 임강빈 시학 56년-그가 또 한 번 펼쳐 보인 우리시의 푸른 말본!","['소설/시/희곡', '시', '시조집']"
9987,이삭줍기,장순하,태학사,2001,811.36 장56ㅇ c.2,8976265076,https://search1.kakaocdn.net/thumb/R120x174.q85/?fname=http%3A%2F%2Ft1.daumcdn.net%2Flbook%2Fimage%2F991607%3Ftimestamp%3D20190126090454,"임강빈 시집『이삭줍기』. 언어의 절제와 행간의 깊이가 이룩한 감동과 여운, 아득히 홀로 걸어 온 임강빈 시학 56년-그가 또 한 번 펼쳐 보인 우리시의 푸른 말본!","['소설/시/희곡', '시', '시조집']"
9988,이삭줍기,장순하,태학사,2001,811.36 장56ㅇ,8976265076,https://search1.kakaocdn.net/thumb/R120x174.q85/?fname=http%3A%2F%2Ft1.daumcdn.net%2Flbook%2Fimage%2F991607%3Ftimestamp%3D20190126090454,"임강빈 시집『이삭줍기』. 언어의 절제와 행간의 깊이가 이룩한 감동과 여운, 아득히 홀로 걸어 온 임강빈 시학 56년-그가 또 한 번 펼쳐 보인 우리시의 푸른 말본!","['소설/시/희곡', '시', '시조집']"
9989,(이윤기의)그리스 로마 신화. 1: 신화를 이해하는 12가지 열쇠,이윤기,웅진닷컴,2001,219.2 이66ㄱ c.4,8901029359,https://search1.kakaocdn.net/thumb/R120x174.q85/?fname=http%3A%2F%2Ft1.daumcdn.net%2Flbook%2Fimage%2F344631%3Ftimestamp%3D20221108001439,"신화 이해에 대한 새로운 지평을 연 신화교양서 〈이윤기의 그리스 로마 신화〉 시리즈. 기존의 서구 중심의 시각에서 탈피하여, 우리 정서와 상상력으로 그리스 로마 신화를 풀어낸 책이다. 탁월한 이야기꾼이자 신화학자인 이윤기가 신화에 대한 해박함과 막힘 없는 상상력, 감칠맛 나는 입담으로 신화의 세계를 우리 시대에 되살려냈다. 이 책은 신화 이해와 해석에 필요한 12개의 열쇠를 제시하며, 독자들을 신화 읽기의 주인공으로 내세운 창조적 신화 읽기를 시도하고 있다. 특히 신화를 주제로 한 작품들과, 저자가 신화 유적지와 박물관 등을 직접 다니면서 촬영한 현장 사진들을 곳곳에 수록하여, 현대에서도 여전히 살아 숨쉬는 신화의 이미지를 생생하게 전해준다. 제1권에서는『신화를 이해하는 12가지 열쇠』라는 주제로 한국적 신화 해석과 이해의 가능성을 제시하고 있다. 저자는 지리한 옛 이야기가 아닌, 인간 이해의 열쇠로서 그리스 로마 신화를 이야기한다. 신발, 사랑, 나무, 뱀, 대홍수, 술 등의 12가지 주제를 통해 신화를 새롭게 살펴보고 있다.","['인문학', '신화/종교학', '그리스로마 신화']"
9990,로마인 이야기 8:위기와 극복,시오노 나나미,한길사,2000,922 시65ㄹ v.8,8935652091,https://search1.kakaocdn.net/thumb/R120x174.q85/?fname=http%3A%2F%2Ft1.daumcdn.net%2Flbook%2Fimage%2F524798%3Ftimestamp%3D20241129113552,장쾌한 로마의 흥망성쇠를 들려주는 책. 〈위기와 극복〉 편. 네로 황제가 죽은 뒤에 터지는 피로 피를 씻즌 내란. 1년 사이에 세 황제가 피살되는 극심한 혼란과 변경에서는 이민족들과의 대결이 계속되는데.... 위기 속에서 로마가 어떻게 탈출하고 다시 번영의 길로 들어서는 가를 기술한 일본 작가의 저술.,"['역사', '서양사', '로마사']"
9991,동남아시아,삼성출판사 [편],삼성,2000,981.4 삼54ㄷ v.5,8915011651,https://search1.kakaocdn.net/thumb/R120x174.q85/?fname=http%3A%2F%2Ft1.daumcdn.net%2Flbook%2Fimage%2F384626%3Ftimestamp%3D20221108004333,"동남아시아 여행 안내서. 타이, 말레이시아, 싱가포르, 인도네시아, 필리핀, 타이완, 홍콩, 마카오 등 동남아 8개국의 주요 관광지와 관광정보, 교통정보, 숙박 및 식당 정보, 알찬 관광을 즐기는 방법을 소개하고 해외여행 준비 사항을 덧붙였다.","['여행', '동남아시아여행', '동남아시아여행 가이드북']"
9992,(한국의 발견)부산,뿌리깊은나무 [편],뿌리깊은나무,1992,911.89 뿌298ㅂ c.2,8974650053,https://search1.kakaocdn.net/thumb/R120x174.q85/?fname=http%3A%2F%2Ft1.daumcdn.net%2Flbook%2Fimage%2F459103%3Ftimestamp%3D20221025124122,"일제 암흑기 실절에 잡지를 총망라하여 당시 우리의 사회상과 역사, 민속과 풍경 등을 확인할 수 있는 『한국 근대의 풍경과 지역의 발견 세트』 전11권. 부산대 한국민족문화연구소의 석박사 과정 연구원과 HK 연구교수 등 총 40여 명이 3년 6개월 동안 매달려 완성시켰다. 을사늑약 직후, 한일강제병합 직전인 1907년께부터 1945년 8월 해방될 때까지 발간된 종합 잡지 50여 종의 모든 발간본을 검토했다.","['인문학', '서지/출판', '서지/문헌/도서관']"
9993,(한국의 발견)전라남도,뿌리깊은나무 [편],뿌리깊은나무,1992,911.95 뿌298ㅈ c.2,897465007X,https://search1.kakaocdn.net/thumb/R120x174.q85/?fname=http%3A%2F%2Ft1.daumcdn.net%2Flbook%2Fimage%2F911547%3Ftimestamp%3D20220630125251,"섬 탐험 전문가 이재언이 약 20년 동안 우리나라 556개 섬을 순회하며 기록한『한국의 섬』. 이 책은 총 10권으로 구성된 시리즈 중 첫 번째 권으로, 우리나라의 대표적인 미항이자 손꼽히는 휴양지인 전남여수 54개의 유인도 섬으로 떠난다. 다리로 연결된 돌산도, 방파제로 연결된 오동도, 남해 먼 바다에 홀로 떨어져 있는 거문도와 백도 등 수많은 아름다운 섬들을 찾아가는 여정을 풍부한 사진과 함께 수록해 여행자들의 길라잡이가 되어준다. 섬에 어떻게 갈 수 있는지에 대한 교통편과 관광명소 소개는 물론 그 속에서 만난 섬사람들과의 따뜻한 이야기가 정겹다.","['여행', '국내 여행에세이']"
9994,(한국의 발견)전라남도,뿌리깊은나무 [편],뿌리깊은나무,1992,911.95 뿌298ㅈ,897465007X,https://search1.kakaocdn.net/thumb/R120x174.q85/?fname=http%3A%2F%2Ft1.daumcdn.net%2Flbook%2Fimage%2F911547%3Ftimestamp%3D20220630125251,"섬 탐험 전문가 이재언이 약 20년 동안 우리나라 556개 섬을 순회하며 기록한『한국의 섬』. 이 책은 총 10권으로 구성된 시리즈 중 첫 번째 권으로, 우리나라의 대표적인 미항이자 손꼽히는 휴양지인 전남여수 54개의 유인도 섬으로 떠난다. 다리로 연결된 돌산도, 방파제로 연결된 오동도, 남해 먼 바다에 홀로 떨어져 있는 거문도와 백도 등 수많은 아름다운 섬들을 찾아가는 여정을 풍부한 사진과 함께 수록해 여행자들의 길라잡이가 되어준다. 섬에 어떻게 갈 수 있는지에 대한 교통편과 관광명소 소개는 물론 그 속에서 만난 섬사람들과의 따뜻한 이야기가 정겹다.","['여행', '국내 여행에세이']"
9995,(한국의 발견)부산,뿌리깊은나무 [편],뿌리깊은나무,1992,911.89 뿌298ㅂ,8974650053,https://search1.kakaocdn.net/thumb/R120x174.q85/?fname=http%3A%2F%2Ft1.daumcdn.net%2Flbook%2Fimage%2F459103%3Ftimestamp%3D20221025124122,"일제 암흑기 실절에 잡지를 총망라하여 당시 우리의 사회상과 역사, 민속과 풍경 등을 확인할 수 있는 『한국 근대의 풍경과 지역의 발견 세트』 전11권. 부산대 한국민족문화연구소의 석박사 과정 연구원과 HK 연구교수 등 총 40여 명이 3년 6개월 동안 매달려 완성시켰다. 을사늑약 직후, 한일강제병합 직전인 1907년께부터 1945년 8월 해방될 때까지 발간된 종합 잡지 50여 종의 모든 발간본을 검토했다.","['인문학', '서지/출판', '서지/문헌/도서관']"
9996,금강산은 부른다,조선일보. ; 월간조선부,조선일보사,1998,981.142 조54ㄱ,8973651897,https://search1.kakaocdn.net/thumb/R120x174.q85/?fname=http%3A%2F%2Ft1.daumcdn.net%2Flbook%2Fimage%2F1023661%3Ftimestamp%3D20231103164549,"금강산의 모든 것을 설명한 원색안내서. 금강산의 개 관, 이름의 유래, 지형과 지질, 동식물, 외금강-온정 구역/만물상구역/수정봉/구룡연, 내금강-만천/망군대,해금강-총석정, 금강산과 문화, 금강산 탐승기 등을 원색사진으로 엮고 대형 안내도를 덧붙였다.","['여행', '국내 여행가이드', '금강산/백두산여행 가이드북']"
9997,슬픈 카페의 노래,카슨 매컬러스 [지음] ; 정현종 [옮김],문예,1996,843 매872ㅅ,8931003099,,미국 여류작가의 장편소설. 타인에 대한 격렬한 욕망 과 고독이라는 관념의 모순을 발라드 풍으로 그린 작 품이다.,"['소설/시/희곡', '영미소설']"
9998,데미안,헤르만 헤세,청목문화사,1986,853 헤94ㄷ,,https://search1.kakaocdn.net/thumb/R120x174.q85/?fname=http%3A%2F%2Ft1.daumcdn.net%2Flbook%2Fimage%2F540810%3Ftimestamp%3D20240621112529,"현실에 대결하는 영혼의 발전을 담은 헤르만 헤세의 걸작 『데미안』. 독일 문학의 거장이자 노벨문학상 수상작가 헤르만 헤세의 자전적 소설이다. 1차 세계대전 직후인 1919년 에밀 싱클레어라는 가명으로 발표했던 작품으로, 열 살 소년이 스무 살 청년이 되기까지 고독하고 힘든 성장의 과정을 그리고 있다. 불안과 좌절에 사로잡힌 청춘의 내면을 다룬 이 작품은 지금까지 수많은 청년세대의 마음에 깊은 울림을 전하고 있다. 목사인 부친과 선교사의 딸인 모친 사이에서 태어난 헤르만 헤세는 회고적이며 서정성이 강한 신낭만주의적 경향의 작가로 출발했으며, 1차 세계대전을 거치면서 깊이있고 내면적인 사고를 갖게 돼 증오보다 사랑, 전쟁보다 평화가 더 아름다움을 강조했다. 이 작품에는 그가 평생에 걸쳐 추구해온 삶의 궁극적 의미가 담겨 있다. 낮과 밤, 의식과 무의식, 아폴로와 디오니소스, 지성과 관능, 각성과 도취 등 두 가지의 대립적인 세계 속에서 방황하는 싱클레어와 두 세계 중 어디에도 속해 있지 않고 다만 자기 자신에게 속해 있는 데미안의 이야기를 통해 자신의 세계를 잃어버린 인간의 고뇌, 고독하게 모색하고 지치도록 갈망하는 청춘의 고뇌를 그려보인다.","['소설/시/희곡', '독일소설']"
9999,젊은 베르테르의 슬픔,"괴테, 요한 볼프강 폰",학원사,1994,853 괴884ㅈ,8919010129,https://search1.kakaocdn.net/thumb/R120x174.q85/?fname=http%3A%2F%2Ft1.daumcdn.net%2Flbook%2Fimage%2F540791%3Ftimestamp%3D20250116113638,"질풍노도의 시대를 이끈 청년 괴테의 대표작 청춘의 열병, 이룰 수 없는 사랑의 상징이 된 이름 세계적인 베스트셀러가 된 최초의 독일소설 “인간을 행복하게 만드는 것이 동시에 불행의 원천이 될 수 있다는 사실은 과연 필연인 것일까?”","['소설/시/희곡', '독일소설']"
10000,무영탑(상). 1,현진건 [저],범우사,1991,813.6 현78ㅁ v.1,,https://search1.kakaocdn.net/thumb/R120x174.q85/?fname=http%3A%2F%2Ft1.daumcdn.net%2Flbook%2Fimage%2F361552%3Ftimestamp%3D20240803112623,"빙허 현진건이 40세 되던 해 <동아일보>에 연재해 널리 읽힌 장편 역사소설. 불국사 석가탑 건립 뒤언길에 서린 전설이 작품의 소재가 되고 있다. 백제의 석공으로서 예술적 신흥으로 석가탑을 완성하는 아사달, 가련한 심청이 신세 그대로이지만 임 향한 일편단심을 버리지 못하고 끝내 죽음을 택하는 그의 아내 아사녀, 신라 상류사회 출신으로 지체높은 부모와 약혼자도 마다하고 생명을 불사르면서까지 자신의 사랑을 따르는 정열의 여인 구술아기. 이 세 인물의 이야기를 그렸다. 전2권.","['소설/시/희곡', '한국소설', '2000년대 이전 한국소설']"
10001,명상록,"아우렐리우스, 마르쿠스 [저] ; 최현 [옮김]",범우사,1990,160.258 아66ㅁ최 c.2,,https://search1.kakaocdn.net/thumb/R120x174.q85/?fname=http%3A%2F%2Ft1.daumcdn.net%2Flbook%2Fimage%2F362979%3Ftimestamp%3D20240803112604,일반인을 위한 철학 교양서. 대로마 제국의 황제로서 막중한 정무에 종사하면서도 언제나 깊은 철학적 사색을 생명으로 삼고 살았던 마르쿠스 아우렐리우스. 고매한 양심이 자신과 피투성이가 되도록 싸운 구도의 기록을 전12장에 걸쳐 담아냈다.,"['인문학', '서양철학', '고대철학', '고대철학 일반']"
10002,명상록,"아우렐리우스, 마르쿠스 [저] ; 최현 [옮김]",범우사,1990,160.258 아66ㅁ최,,https://search1.kakaocdn.net/thumb/R120x174.q85/?fname=http%3A%2F%2Ft1.daumcdn.net%2Flbook%2Fimage%2F362979%3Ftimestamp%3D20240803112604,일반인을 위한 철학 교양서. 대로마 제국의 황제로서 막중한 정무에 종사하면서도 언제나 깊은 철학적 사색을 생명으로 삼고 살았던 마르쿠스 아우렐리우스. 고매한 양심이 자신과 피투성이가 되도록 싸운 구도의 기록을 전12장에 걸쳐 담아냈다.,"['인문학', '서양철학', '고대철학', '고대철학 일반']"
10003,로미오와 줄리엣,"셰익스피어, 윌리엄 [지음] ; 양은숙 [옮김]",범우사,1990,842 셰68ㄹ양,,https://search1.kakaocdn.net/thumb/R120x174.q85/?fname=http%3A%2F%2Ft1.daumcdn.net%2Flbook%2Fimage%2F1017455%3Ftimestamp%3D20221025115646,어린이들을 위해 쉽게 엮은 세계명작이다.,"['소설/시/희곡', '영미소설']"
10004,페이터의 산문,"페이터, W. [저] ; 이성호 [옮김]",범우사,1991,844 페68ㅍ c.3,,https://search1.kakaocdn.net/thumb/R120x174.q85/?fname=http%3A%2F%2Ft1.daumcdn.net%2Flbook%2Fimage%2F363622%3Ftimestamp%3D20240803112624,"'예술을 위한 예술'을 옹호함으로써 독일 유미주의의 철학적 기반을 이론화시킨 월터 페이터의 대표 산문 모음집. 이 책은 심미주의적 세계관을 드러내는 우아한 문체와 독창적 묘사가 돋보이는 <지식의 나무>, <위대한 이상> 등 열 편의 산문을 수록하고 있다.","['에세이', '외국에세이']"
10005,킬리만자로의 눈(외),"헤밍웨이, 어네스트 밀러 [저] ; 오미애 [옮김]",범우사,1991,843 헤38ㅋ오 c.3,,https://search1.kakaocdn.net/thumb/R120x174.q85/?fname=http%3A%2F%2Ft1.daumcdn.net%2Flbook%2Fimage%2F363563%3Ftimestamp%3D20240803112622,"미국의 문학사상 20세기의 소설을 대표할 만한 작가 어니스트 헤밍웨이의 단편 모음집. 일찍이 강렬한 펀치력의 권투선수였고 낚시의 명수였으며, 대단한 사냥꾼인 데다 두 차례나 세계대전에 참전하기도 했던 헤밍웨이, '누구를 위하여 종은 울리나','노인과 바다' 등으로 우리와 친숙한 작가이기도 하다. 그의 모험으로 가득 찬 인생의 체험의 모든 것들이 생생하게 투영된 여덟 편의 단편에서 헤밍웨이 문학의 압축된 주제와 절제된 표현, 간결한 문체의 진면목을 볼 수 있다.","['고전', '위대한 작가들', '어니스트 헤밍웨이']"
10006,킬리만자로의 눈(외),"헤밍웨이, 어네스트 밀러 [저] ; 오미애 [옮김]",범우사,1991,843 헤38ㅋ오 c.2,,https://search1.kakaocdn.net/thumb/R120x174.q85/?fname=http%3A%2F%2Ft1.daumcdn.net%2Flbook%2Fimage%2F363563%3Ftimestamp%3D20240803112622,"미국의 문학사상 20세기의 소설을 대표할 만한 작가 어니스트 헤밍웨이의 단편 모음집. 일찍이 강렬한 펀치력의 권투선수였고 낚시의 명수였으며, 대단한 사냥꾼인 데다 두 차례나 세계대전에 참전하기도 했던 헤밍웨이, '누구를 위하여 종은 울리나','노인과 바다' 등으로 우리와 친숙한 작가이기도 하다. 그의 모험으로 가득 찬 인생의 체험의 모든 것들이 생생하게 투영된 여덟 편의 단편에서 헤밍웨이 문학의 압축된 주제와 절제된 표현, 간결한 문체의 진면목을 볼 수 있다.","['고전', '위대한 작가들', '어니스트 헤밍웨이']"
10007,목민심서,정약용 [지음] ; 이민수 [옮김],범우사,1991,193.1 정63ㅁ이 c.2,,https://search1.kakaocdn.net/thumb/R120x174.q85/?fname=http%3A%2F%2Ft1.daumcdn.net%2Flbook%2Fimage%2F527975%3Ftimestamp%3D20240417113523,"<목민심서>는 1821년(순조21년) 다산 정약용이 유배지인 전라도 강진의 다산 초당에서 완성한 저서로, 지방의 고을을 맡아 다스리는 수령들이 반드시 지켜야 할 일들을 조목을 들어 자세하고 예리하게 제시한다. 정약용은 이 책의 내용이 공허한 설교에 그치거나 억측이 되지 않도록 많은 경험과 실지의 견문을 쌓은 후 집필했다.","['청소년', '청소년 고전']"
10008,목민심서,정약용 [지음] ; 이민수 [옮김],범우사,1991,193.1 정63ㅁ이,,https://search1.kakaocdn.net/thumb/R120x174.q85/?fname=http%3A%2F%2Ft1.daumcdn.net%2Flbook%2Fimage%2F527975%3Ftimestamp%3D20240417113523,"<목민심서>는 1821년(순조21년) 다산 정약용이 유배지인 전라도 강진의 다산 초당에서 완성한 저서로, 지방의 고을을 맡아 다스리는 수령들이 반드시 지켜야 할 일들을 조목을 들어 자세하고 예리하게 제시한다. 정약용은 이 책의 내용이 공허한 설교에 그치거나 억측이 되지 않도록 많은 경험과 실지의 견문을 쌓은 후 집필했다.","['청소년', '청소년 고전']"
10009,벤지,"토마스, 앨리슨 ; 김성렬[옮김]",범우사,1989,843 토32ㅂ c.4,,https://search1.kakaocdn.net/thumb/R120x174.q85/?fname=http%3A%2F%2Ft1.daumcdn.net%2Flbook%2Fimage%2F389814%3Ftimestamp%3D20240619113404,"영화로 소개되어 많은 사랑을 받은 '벤지'를 영어와 한글, 두 언어로 수록해 영어를 재미있게 익힐 수 있게 했다.","['외국어', '영어독해']"
10010,벤지,"토마스, 앨리슨 ; 김성렬[옮김]",범우사,1989,843 토32ㅂ c.3,,https://search1.kakaocdn.net/thumb/R120x174.q85/?fname=http%3A%2F%2Ft1.daumcdn.net%2Flbook%2Fimage%2F389814%3Ftimestamp%3D20240619113404,"영화로 소개되어 많은 사랑을 받은 '벤지'를 영어와 한글, 두 언어로 수록해 영어를 재미있게 익힐 수 있게 했다.","['외국어', '영어독해']"
10011,잠 못 이루는 밤을 위하여,"힐티, 칼 [저] ; 홍경호, 송영택 [옮김]",범우사,1992,234.3 힐888ㅈ홍 c.2,,https://search1.kakaocdn.net/thumb/R120x174.q85/?fname=http%3A%2F%2Ft1.daumcdn.net%2Flbook%2Fimage%2F962114%3Ftimestamp%3D20230905194758,이 책은 일반 독자들이 편안히 읽을 수 있는 에세이집이다.,"['인문학', '교양 인문학']"
10012,잠 못 이루는 밤을 위하여,"힐티, 칼 [저] ; 홍경호, 송영택 [옮김]",범우사,1992,234.3 힐888ㅈ홍,,https://search1.kakaocdn.net/thumb/R120x174.q85/?fname=http%3A%2F%2Ft1.daumcdn.net%2Flbook%2Fimage%2F962114%3Ftimestamp%3D20230905194758,이 책은 일반 독자들이 편안히 읽을 수 있는 에세이집이다.,"['인문학', '교양 인문학']"
10013,독서의 지식,안춘근 [지음],범우사,1993,029 안85ㄷ c.4,,https://search1.kakaocdn.net/thumb/R120x174.q85/?fname=http%3A%2F%2Ft1.daumcdn.net%2Flbook%2Fimage%2F363281%3Ftimestamp%3D20240803112624,독서는 인격을 높이고 인간이 보다 숭고한 생활을 하게 하는 원천이 된다. 아울러 읽는 사람이 나름대로 자신에게 꼭 필요한 내용의 책을 선택해서 읽어야 효과있는 독서가 될 수 있다. 이 책은 어떤 책을 어떻게 읽는가 하는 독서에 관한 모든 지식을 제시하여 독서 능률을 한층 높일 수 있게 했다.,"['인문학', '책읽기/글쓰기', '책읽기']"
10014,독서의 지식,안춘근 [지음],범우사,1993,029 안85ㄷ c.3,,https://search1.kakaocdn.net/thumb/R120x174.q85/?fname=http%3A%2F%2Ft1.daumcdn.net%2Flbook%2Fimage%2F363281%3Ftimestamp%3D20240803112624,독서는 인격을 높이고 인간이 보다 숭고한 생활을 하게 하는 원천이 된다. 아울러 읽는 사람이 나름대로 자신에게 꼭 필요한 내용의 책을 선택해서 읽어야 효과있는 독서가 될 수 있다. 이 책은 어떤 책을 어떻게 읽는가 하는 독서에 관한 모든 지식을 제시하여 독서 능률을 한층 높일 수 있게 했다.,"['인문학', '책읽기/글쓰기', '책읽기']"
10015,포우 단편선,"포우, 에드가 알랜 [저] ; 김병철 [옮김]",범우사,1993,843 포66ㅍ김 c.5,,https://search1.kakaocdn.net/thumb/R120x174.q85/?fname=http%3A%2F%2Ft1.daumcdn.net%2Flbook%2Fimage%2F389513%3Ftimestamp%3D20221025144333,미국의 문인 에드거 앨런 포우의 단편을 엮은 책이다.,"['외국어', '영어독해']"
10016,포우 단편선,"포우, 에드가 알랜 [저] ; 김병철 [옮김]",범우사,1993,843 포66ㅍ김 c.4,,https://search1.kakaocdn.net/thumb/R120x174.q85/?fname=http%3A%2F%2Ft1.daumcdn.net%2Flbook%2Fimage%2F389513%3Ftimestamp%3D20221025144333,미국의 문인 에드거 앨런 포우의 단편을 엮은 책이다.,"['외국어', '영어독해']"
10017,젊은 시인에게 보내는 편지,"릴케, 라이너 마리아[지음] ; 홍경호 [옮김] ",범우사,1991,856 릴874ㅈ c.2,,https://search1.kakaocdn.net/thumb/R120x174.q85/?fname=http%3A%2F%2Ft1.daumcdn.net%2Flbook%2Fimage%2F362986%3Ftimestamp%3D20240803112622,"릴케의 내적 고백이 담긴 진솔한 편지를 통해 그의 사상의 본질을 엿볼 수 있는 서간집. 젊은 시인, 한 젊은 아가씨, 루 안드레스 살로메, 사랑하는 아내 클라라 등 릴케의 정신세계에 영향을 미쳤던 몇 사람에게 보낸, 사랑과 죽음을 주제로 한 편지들에는 그의 독특한 상상과 애정관이 나타나 있다.","['에세이', '외국에세이']"
10018,퍼스컴으로 즐기는 수학,기무라 요시오 지음; 김현숙 옮김,전파과학사,1990,408 요58ㅍ,0,https://search1.kakaocdn.net/thumb/R120x174.q85/?fname=http%3A%2F%2Ft1.daumcdn.net%2Flbook%2Fimage%2F190321%3Ftimestamp%3D20240824113652,이 책은 수학을 직접 컴퓨터 프로그램으로 짜서 설명하는 입문서이다.,"['과학', '수학', '수학 일반']"
10019,PC LAN은 무엇인가?,와키 히데요,電波科學社,1997,408 와878pc,8970441158,https://search1.kakaocdn.net/thumb/R120x174.q85/?fname=http%3A%2F%2Ft1.daumcdn.net%2Flbook%2Fimage%2F958486%3Ftimestamp%3D20240824113737,『PC LAN은 무엇인가』는 개방형 시스템 간 상호 접속 OSI 의 사고를 기본으로 퍼스널 컴퓨터 LAN구축의 기초를 간략히 설명한 책이다. LAN 구축의 기초지식을 담았다.,"['컴퓨터/모바일', '컴퓨터 공학', '컴퓨터공학/전산학 개론']"
10020,우리주변의 화학물질,우에노 게이헤이,전파과학사,1997,408 우64ㅇ,8970441360,https://search1.kakaocdn.net/thumb/R120x174.q85/?fname=http%3A%2F%2Ft1.daumcdn.net%2Flbook%2Fimage%2F960131%3Ftimestamp%3D20240824113735,"『우리 주변의 화학물질』은 먼저 화학물질이란 무엇미며 화학 물질을 구성하는 재료가 무엇인지 살펴보고, 우리 생활 주변의 수많은 화학물질의 정체와 올바른 사용법을 설명하고 있다.","['과학', '화학', '쉽게 배우는 화학']"
10021,부분과 전체,하이젠베르크 지음; 김용준 옮김,지식산업사,1998,420 하68ㅂ c.2,9788940000000,https://search1.kakaocdn.net/thumb/R120x174.q85/?fname=http%3A%2F%2Ft1.daumcdn.net%2Flbook%2Fimage%2F6362925%3Ftimestamp%3D20230907133638,"우리 시대 대표적인 과학의 고전 〈부분과 전체〉의 증보개정판이다. 이번 판에는 기존 판의 크고 작은 몇 개의 오류를 바로잡았고, 특히 스웨덴 노벨 재단The Nobel Foundation의 호의적인 허락으로 1932년 노벨 물리학상을 수상한 하이젠베르크의 노벨 강연을 실었다. 하이젠베르크는 ‘양자역학의 발전’이라고 제목을 붙인 이 강연에서, 자신의 양자역학 연구가 고전 물리학으로는 도저히 설명할 수 없는 불연속적인 현상들을 보어의 대응 원리를 다듬어서 완벽한 수학 공식으로 확장하는 과정에서 탄생했음을 밝히고 양자역학이 향후 원자물리학과 우주 복사 양쪽 영역에서 놀라운 결과를 낼 것이라고 전망했다. 그리고 양자역학의 특성을 이해하기 위해서는 시각화와 객관화의 가능성을 더 많이 포기해야만 할 것이라고 생각했다. 양자역학이 물리학의 공리로 받아들여진 오늘날의 시각에서 자신의 양자역학에 대한 상세한 설명과 함께 과학이라는 거대한 지식 체계 안에서 양자역학이 조화롭게 융화될 것이라는 낙관적인 전망으로 마무리되는 하이젠베르크의 노벨 강연 ‘양자역학의 발전’은 전공자들에게는 매우 흥미로운 자료가 될 것이다. 〈부분과 전체〉는 ‘양자역학을 창시한 공로’로 노벨 물리학상을 수상한 베르너 하이젠베르크의 학문적 자서전이다. 한 과학자의 학문적 이력을 넘어 원자물리학의 황금시대에 대한 일급 기록이기도 한 이 책에는 원자라는 미시 세계를 이해하는 데 혁명을 일으킨 양자역학의 발전에 참여한 수많은 천재들의 캐릭터와 일화가 밀도 높게 기록되어 있다. 선지자적인 분위기를 풍기면서도 유머러스한 멘토 닐스 보어, 십대 때 상대성이론에 대한 논문을 발표한 수학 천재 볼프강 파울리, 상대성이론으로 과학자들의 상상력을 자극한 아인슈타인, 플랑크 상수로 유명한 독일 과학계의 정신적 지주 막스 플랑크, 양자역학의 난제를 우아한 수학으로 정식화한 슈뢰딩거, ‘헬골란트의 빛’을 통해 ‘자연이 그 깊은 곳에서 펼쳐 놓은 충만한 수학적 구조들’을 바라보며 아득함을 느끼는 저자 하이젠베르크 등 20세기 과학의 최고의 천재들이 펼치는 토론과 대화, 새로운 이론에 대한 다양한 사고실험 등은 학문이라는 것이 어떠한 과정을 통해 탄생하는지를 여실히 보여준다. 양자역학의 발전 과정뿐 아니라 이 책에는 과학에 관해서 못지않게 인간적, 철학적, 정치적인 다양한 문제들도 다뤄진다. 자연과학은 객관적 사실을 다루는 것으로 쉽게 생각되지만 하이젠베르크의 불확정성 원리나 닐스 보어의 상보성 원리 자체가 관찰하는 주체와 무관한 물질적 객체라는 개념이 관념적 추론에 불과하다는 것을 입증하고 있다. 그러므로 과학은 종교, 역사, 철학, 문학 등 인간 정신의 총체적인 활동과 따로 떨어져 있는 것이 아니라 그것들과 밀접한 연관을 맺고 있다는 것을 하이젠베르크는 강조한다. 엄밀한 과학적 진술만을 신봉하고 과학적으로 무의미한 형이상학적 진술을 부정하는 논리실증주의의 태도를 비판하는 하이젠베르크의 자세에서 독자들은 그가 과학지상주의라고 불리는 것과는 정반대에 위치하고 있다는 것을 알게 된다. ...이 책의 집필 의도 가운데 하나가 자연과학이 정신과학의 일반적인 문제들과 불가분의 관계에 있다는 것을 드러내는 것이라고 하이젠베르크는 서문에서 밝히고 있기도 하다. 양자역학의 발전은 정신과학의 기존의 개념들을 재검토하게 만들었다. 불확정성 원리는 칸트의 인과율에 대한 절대성을 흔들었으며 아인슈타인으로 하여금 ‘신은 주사위 놀이를 하지 않는다’는 항변을 하게끔 만들고, 양자역학이 뉴턴 역학과 특수상대성이론처럼 물리학의 공리로 받아들여진 뒤에도 불구하고 끝끝내 그로 하여금 양자역학을 잠정적으로밖에 받아들일 수 없게 만들었다. 인간의 경험의 영역을 넘어서 있는 미시적 원자 세계에 대한 새로운 지식은 이제 ‘이해한다’는 말이 가지는 의미에 대한 근원적인 질문을 모든 학문에 던지고 있다. 하이젠베르크는 학문은 사람이 하는 것이고 사람들과의 대화를 통해 학문이 탄생한다고 했다. 이 당연하고도 자명한 전제를 책의 서두에서 강조하면서 이 책 전체를 그러한 사람들 간의 대화로 구성해 어떻게 학문 활동이 이루어지는지를 보여준다. 학문 활동뿐 아니라 그가 살았던 시대의 정치적 현안이었던 히틀러 집권과 두 번에 걸친 세계 대전과 원자폭탄 개발에 대한 생각을 비롯해 종교와 철학과 역사와 정치에 대한 흥미진진하고 사려 깊은 이야기들은 과학적 사고와 복잡한 현실의 감동적인 만남을 선사한다. 이번 〈부분과 전체〉의 정식 한국어판은 최신판 독일 원전을 꼼꼼히 옮기고 전공 학자가 감수를 맡고 내용에 대한 이해를 돕는 각주를 추가했다. 낯선 물리학 용어들과 철학 용어들을 최대한 일반인들의 언어로 풀어 설명해 이해를 돕고자 했고 생생한 대화의 내용을 살리는 문체로 가독성을 높였다. 해제를 통해서는 책 속에서 생략된 저자 하이젠베르크의 삶의 다른 일면과 함께 전체적인 주제에 대한 보완 설명을 시도했고 연표로 양자역학의 개괄적인 발전 과정을 실었다. 우리가 살고 있는 이 세상과, 우리를 둘러싸고 있고 그 속에서 살며 또 그 세상에 영향을 주고 있는 우리의 삶을 생각해보려는 사람들에게 이 책은 학문과 사고, 그리고 삶에 대한 듬직한 길잡이의 역할을 할 것이다.","['과학', '과학의 이해', '과학고전']"
10022,허클베리 핀의 모험,마크 트웨인 저,(도서출판 주)신원문화사,1999,843 트32ㅎ,,https://search1.kakaocdn.net/thumb/R120x174.q85/?fname=http%3A%2F%2Ft1.daumcdn.net%2Flbook%2Fimage%2F540772%3Ftimestamp%3D20250111113845,‘미국 문학의 아버지’ 마크 트웨인의 대표작 폭력과 편견을 넘어 자연과 호흡하는 모험을 그린 성장 소설 동심 어린 반어와 해학으로 인종 문제를 비판하고 인습을 깨뜨린 고전 “사람이란 무엇인가를 눈으로 보고 있으면서도 알아보지 못하는 수가 있다니까.”,"['소설/시/희곡', '영미소설']"
10023,누구를 위하여 종은 울리나,어니스트 헤밍웨이,여명,1994,843 헤38ㄴㄱ김 c.2,8980190492,https://search1.kakaocdn.net/thumb/R120x174.q85/?fname=http%3A%2F%2Ft1.daumcdn.net%2Flbook%2Fimage%2F389808%3Ftimestamp%3D20221025144248,"근래에 들어와 듣고 말하기의 필요성이 부쩍 강조되고 있지만 실상 영어의 기본은 읽기에 있다. 영문 해독이 서투르다면 듣고 말하기를 제대로 할 수 없을 것이다. 단어와 관용구, 그리고 문법을 실제 영문을 통해서 익히는 가운데 독해력을 길러야 듣고 말하기도 수월해지는 것이다. 본 시리즈는 문학, 철학, 역사, 예술, 전기 등 광범한 분야의 세계명작을 통해 영어학도들이 독해력을 기르고, 아울러 현대 지성인으로서 소양을 쌓을 수 있도록 기획한 것이다. 영한대역문고 시리즈 24 『누구를 위하여 종은 울리나』","['외국어', '영어독해']"
10024,누구를 위하여 종은 울리나,어니스트 헤밍웨이,여명,1994,843 헤38ㄴㄱ김,8980190492,https://search1.kakaocdn.net/thumb/R120x174.q85/?fname=http%3A%2F%2Ft1.daumcdn.net%2Flbook%2Fimage%2F389808%3Ftimestamp%3D20221025144248,"근래에 들어와 듣고 말하기의 필요성이 부쩍 강조되고 있지만 실상 영어의 기본은 읽기에 있다. 영문 해독이 서투르다면 듣고 말하기를 제대로 할 수 없을 것이다. 단어와 관용구, 그리고 문법을 실제 영문을 통해서 익히는 가운데 독해력을 길러야 듣고 말하기도 수월해지는 것이다. 본 시리즈는 문학, 철학, 역사, 예술, 전기 등 광범한 분야의 세계명작을 통해 영어학도들이 독해력을 기르고, 아울러 현대 지성인으로서 소양을 쌓을 수 있도록 기획한 것이다. 영한대역문고 시리즈 24 『누구를 위하여 종은 울리나』","['외국어', '영어독해']"
10025,무기여 잘 있거라,어니스트 헤밍웨이 [지음] ; 홍준희 [옮김],여명,1994,843 헤38ㅁ홍,8980191278,https://search1.kakaocdn.net/thumb/R120x174.q85/?fname=http%3A%2F%2Ft1.daumcdn.net%2Flbook%2Fimage%2F507285%3Ftimestamp%3D20231012184450,"미국 문학을 대표하는 작가 헤밍웨이의 참전 경험이 녹아 있는 작품 『무기여 잘 있거라』. 세계적인 거장들의 대표 작품부터 한국의 고전 문학까지 젊고 새로운 감각으로 고전을 새롭게 선보이는 「열린책들 세계문학」 시리즈의 199번째 책이다. 전쟁의 참상과 그 속에서 피어나는 비극적인 사랑을 통해 ‘잃어버린 세대’의 반전 정신과 세계대전 이후의 허무주의를 그리고 있다. 제1차 세계대전의 포화 속에서 삶의 부조리와 인간의 비극을 목격하는 젊은 미국인 장교 프레더릭 헨리. 환멸과 냉소로 가득했던 그의 마음에 영국인 간호사 캐서린 바클리가 들어온다. 그녀는 헨리에게 단 하나의 의미 있는 존재가 되고, 그는 전쟁의 난폭함과 사랑의 기쁨 사이를 넘나들게 되는데….","['소설/시/희곡', '영미소설']"
10026,폭풍의 언덕,에밀리 브론테,여명,1994,843 브295ㅍ이 c.2,8980190174,https://search1.kakaocdn.net/thumb/R120x174.q85/?fname=http%3A%2F%2Ft1.daumcdn.net%2Flbook%2Fimage%2F540884%3Ftimestamp%3D20240619113412,"서른 살의 나이에 요절한 에밀리 브론테가 죽기 일년 전에 발표한 유일한 소설 작품으로, 황량한 들판 위의 외딴 저택 워더링 하이츠를 무대로 벌어지는 캐서린과 히스클리프의 비극적인 사랑, 에드거와 이사벨을 향한 히스클리프의 잔인한 복수를 그리고 있다. 발표 당시 반도덕적이라는 비난을 면치 못했던 이 작품은 백 년이 지난 오늘날 세익스피어의 '리어왕'. 멜빌의 '백경'과 비교되리 만치 그 비극성과 시성(詩性)으로 높이 평가받고 있다. 본능적이며 야만적이기까지 한 히스클리프와 오만하면서도 열정적으로 그에게 끌리는 캐서린이라는 이상화되지 않은 현실적 인간을 통해, 작가는 인간 실존의 세계를 강렬한 필치로 그려내고 있다. 세대마다 역가를 새로 써야 하듯 세대간의 대화의 통로 구실을 하는 문학 역시 새로운 세대의 감수성을 전율시킬 수 있어야 한다는 의미에서 '민음사'에서 새로운 판형과 현대적인 번역으로 선보이고 있는 '세계문학전집'의 일환으로 출간되었다. 번역은 「성탄제」의 시인이며, 고려대학교 명예교수이기도 한 김종길의 손을 거쳤다.","['소설/시/희곡', '영미소설']"
10027,페이터의 산문,"페이터, W. [저] ; 이성호 [옮김]",범우사,1991,844 페68ㅍ,,https://search1.kakaocdn.net/thumb/R120x174.q85/?fname=http%3A%2F%2Ft1.daumcdn.net%2Flbook%2Fimage%2F363622%3Ftimestamp%3D20240803112624,"'예술을 위한 예술'을 옹호함으로써 독일 유미주의의 철학적 기반을 이론화시킨 월터 페이터의 대표 산문 모음집. 이 책은 심미주의적 세계관을 드러내는 우아한 문체와 독창적 묘사가 돋보이는 <지식의 나무>, <위대한 이상> 등 열 편의 산문을 수록하고 있다.","['에세이', '외국에세이']"
10028,"단원 김홍도 : 조선적인, 너무나 조선적인 화가",오주석,悅話堂,1998,650.99 오76ㄷ,8930101704,https://search1.kakaocdn.net/thumb/R120x174.q85/?fname=http%3A%2F%2Ft1.daumcdn.net%2Flbook%2Fimage%2F471194%3Ftimestamp%3D20240614113115,"조선 후기를 대표하는 화원화가인 단원 김홍도의 생애와 미술세계를 탐구한 연구서. 풍속화 이외에도 온갖 장르의 그림과 글씨, 시조, 음악에 능했던 단원을 그 가 살았던 세상, 가계, 인물, 생활상, 생애, 작품으로나누어 원색의 그림과 함께 살폈다.","['예술/대중문화', '미술', '미술가']"
10029,불교 이야기 유머,유보산,미래문화사,1998,224.4 유45ㅂ,8972991503,,"생활의 지혜와 웃음이 담긴 불교 우화와 이야기를 엮 은 조계종 스님의 책. 청년을 살려준 두 마리 소, 실천으로 대성한 스님,가난한 아이의 욕심,무아사상과윤회, 여왕을 사모하는 농부 등 삶의 지혜가 가득히 담긴 짧은 이야기 639편을 모았다.","['에세이', '유머/풍자/우화']"
10030,부분과 전체,하이젠베르크 지음; 김용준 옮김,지식산업사,1998,420 하68ㅂ,9788940000000,https://search1.kakaocdn.net/thumb/R120x174.q85/?fname=http%3A%2F%2Ft1.daumcdn.net%2Flbook%2Fimage%2F6362925%3Ftimestamp%3D20230907133638,"우리 시대 대표적인 과학의 고전 〈부분과 전체〉의 증보개정판이다. 이번 판에는 기존 판의 크고 작은 몇 개의 오류를 바로잡았고, 특히 스웨덴 노벨 재단The Nobel Foundation의 호의적인 허락으로 1932년 노벨 물리학상을 수상한 하이젠베르크의 노벨 강연을 실었다. 하이젠베르크는 ‘양자역학의 발전’이라고 제목을 붙인 이 강연에서, 자신의 양자역학 연구가 고전 물리학으로는 도저히 설명할 수 없는 불연속적인 현상들을 보어의 대응 원리를 다듬어서 완벽한 수학 공식으로 확장하는 과정에서 탄생했음을 밝히고 양자역학이 향후 원자물리학과 우주 복사 양쪽 영역에서 놀라운 결과를 낼 것이라고 전망했다. 그리고 양자역학의 특성을 이해하기 위해서는 시각화와 객관화의 가능성을 더 많이 포기해야만 할 것이라고 생각했다. 양자역학이 물리학의 공리로 받아들여진 오늘날의 시각에서 자신의 양자역학에 대한 상세한 설명과 함께 과학이라는 거대한 지식 체계 안에서 양자역학이 조화롭게 융화될 것이라는 낙관적인 전망으로 마무리되는 하이젠베르크의 노벨 강연 ‘양자역학의 발전’은 전공자들에게는 매우 흥미로운 자료가 될 것이다. 〈부분과 전체〉는 ‘양자역학을 창시한 공로’로 노벨 물리학상을 수상한 베르너 하이젠베르크의 학문적 자서전이다. 한 과학자의 학문적 이력을 넘어 원자물리학의 황금시대에 대한 일급 기록이기도 한 이 책에는 원자라는 미시 세계를 이해하는 데 혁명을 일으킨 양자역학의 발전에 참여한 수많은 천재들의 캐릭터와 일화가 밀도 높게 기록되어 있다. 선지자적인 분위기를 풍기면서도 유머러스한 멘토 닐스 보어, 십대 때 상대성이론에 대한 논문을 발표한 수학 천재 볼프강 파울리, 상대성이론으로 과학자들의 상상력을 자극한 아인슈타인, 플랑크 상수로 유명한 독일 과학계의 정신적 지주 막스 플랑크, 양자역학의 난제를 우아한 수학으로 정식화한 슈뢰딩거, ‘헬골란트의 빛’을 통해 ‘자연이 그 깊은 곳에서 펼쳐 놓은 충만한 수학적 구조들’을 바라보며 아득함을 느끼는 저자 하이젠베르크 등 20세기 과학의 최고의 천재들이 펼치는 토론과 대화, 새로운 이론에 대한 다양한 사고실험 등은 학문이라는 것이 어떠한 과정을 통해 탄생하는지를 여실히 보여준다. 양자역학의 발전 과정뿐 아니라 이 책에는 과학에 관해서 못지않게 인간적, 철학적, 정치적인 다양한 문제들도 다뤄진다. 자연과학은 객관적 사실을 다루는 것으로 쉽게 생각되지만 하이젠베르크의 불확정성 원리나 닐스 보어의 상보성 원리 자체가 관찰하는 주체와 무관한 물질적 객체라는 개념이 관념적 추론에 불과하다는 것을 입증하고 있다. 그러므로 과학은 종교, 역사, 철학, 문학 등 인간 정신의 총체적인 활동과 따로 떨어져 있는 것이 아니라 그것들과 밀접한 연관을 맺고 있다는 것을 하이젠베르크는 강조한다. 엄밀한 과학적 진술만을 신봉하고 과학적으로 무의미한 형이상학적 진술을 부정하는 논리실증주의의 태도를 비판하는 하이젠베르크의 자세에서 독자들은 그가 과학지상주의라고 불리는 것과는 정반대에 위치하고 있다는 것을 알게 된다. ...이 책의 집필 의도 가운데 하나가 자연과학이 정신과학의 일반적인 문제들과 불가분의 관계에 있다는 것을 드러내는 것이라고 하이젠베르크는 서문에서 밝히고 있기도 하다. 양자역학의 발전은 정신과학의 기존의 개념들을 재검토하게 만들었다. 불확정성 원리는 칸트의 인과율에 대한 절대성을 흔들었으며 아인슈타인으로 하여금 ‘신은 주사위 놀이를 하지 않는다’는 항변을 하게끔 만들고, 양자역학이 뉴턴 역학과 특수상대성이론처럼 물리학의 공리로 받아들여진 뒤에도 불구하고 끝끝내 그로 하여금 양자역학을 잠정적으로밖에 받아들일 수 없게 만들었다. 인간의 경험의 영역을 넘어서 있는 미시적 원자 세계에 대한 새로운 지식은 이제 ‘이해한다’는 말이 가지는 의미에 대한 근원적인 질문을 모든 학문에 던지고 있다. 하이젠베르크는 학문은 사람이 하는 것이고 사람들과의 대화를 통해 학문이 탄생한다고 했다. 이 당연하고도 자명한 전제를 책의 서두에서 강조하면서 이 책 전체를 그러한 사람들 간의 대화로 구성해 어떻게 학문 활동이 이루어지는지를 보여준다. 학문 활동뿐 아니라 그가 살았던 시대의 정치적 현안이었던 히틀러 집권과 두 번에 걸친 세계 대전과 원자폭탄 개발에 대한 생각을 비롯해 종교와 철학과 역사와 정치에 대한 흥미진진하고 사려 깊은 이야기들은 과학적 사고와 복잡한 현실의 감동적인 만남을 선사한다. 이번 〈부분과 전체〉의 정식 한국어판은 최신판 독일 원전을 꼼꼼히 옮기고 전공 학자가 감수를 맡고 내용에 대한 이해를 돕는 각주를 추가했다. 낯선 물리학 용어들과 철학 용어들을 최대한 일반인들의 언어로 풀어 설명해 이해를 돕고자 했고 생생한 대화의 내용을 살리는 문체로 가독성을 높였다. 해제를 통해서는 책 속에서 생략된 저자 하이젠베르크의 삶의 다른 일면과 함께 전체적인 주제에 대한 보완 설명을 시도했고 연표로 양자역학의 개괄적인 발전 과정을 실었다. 우리가 살고 있는 이 세상과, 우리를 둘러싸고 있고 그 속에서 살며 또 그 세상에 영향을 주고 있는 우리의 삶을 생각해보려는 사람들에게 이 책은 학문과 사고, 그리고 삶에 대한 듬직한 길잡이의 역할을 할 것이다.","['과학', '과학의 이해', '과학고전']"
10031,이솝우화,로버트,(도서출판)그린 북,1998,892.1 로44ㅇ,,https://search1.kakaocdn.net/thumb/R120x174.q85/?fname=http%3A%2F%2Ft1.daumcdn.net%2Flbook%2Fimage%2F1216566%3Ftimestamp%3D20250207113242,"지나친 질투심은 자기 파멸을 초래한다는 교훈이 담겨있는 이야기 `제우스와 프로메테우스와 아테나와 모모스`를 시작으로 인간이 겪는 다양한 삶에 교훈과 지혜를 주는 우화들로 인간이 지닌 지혜와 사랑, 참모습을일깨우고 거짓말과 비겁, 게으름을 지적하고 있다.","['청소년', '청소년 고전']"
10032,잃어버린 章,전상운,電波科學社,1997,408 전52ㅇ,8970443649,https://search1.kakaocdn.net/thumb/R120x174.q85/?fname=http%3A%2F%2Ft1.daumcdn.net%2Flbook%2Fimage%2F960589%3Ftimestamp%3D20241129113552,"『잃어버린 장』은 한국과학의 역사와 그 속의 과학자들의 생애, 그리고 빛나는 과학 문화재에 얽힌 이야기를 엮은 과학 논픽션이다. 한국과학의 유산을 더듬어 슬기로운 조상들의 과학유산을 만난다.","['과학', '기초과학/교양과학']"
10033,물리법칙의 특성,"파인만, 리차드",電波科學社,1997,408 파298ㅁ,8970443614,https://search1.kakaocdn.net/thumb/R120x174.q85/?fname=http%3A%2F%2Ft1.daumcdn.net%2Flbook%2Fimage%2F959367%3Ftimestamp%3D20241019114054,"물리법칙을 알아야 자연과학을 이해할 수 있다 이 책은 7장으로 되어 있으며, 미국 코넬 대학 메신저 강좌의 한 강의 자료를 수록한 것이다. 강의의 청중은 일반적인 용어로 ‘물리 법칙의 특성’에 대해 좀 더 알고자 하는 대학생들이었다. 이 강의는 미리 준비된 원고가 아니라, 간단한 메모만으로 즉석에서 행해진 강의의 내용이다. 메신저 강좌는 코넬(Cornell) 대학의 졸업생이자 수학과 교수였던 메신저 씨가 세계의 저명한 명사들을 초청하여 이 대학의 교양학부 학생들에게 강의를 할 수 있도록 기부금을 내놓았던 1924년 이래로 매년 실시되어 왔다. 이 강좌를 위한 기금을 설립함에 있어서 메신저(Hiram J. Messenger) 씨는 강좌의 성격을 ‘인간의 정치적, 상업적, 사회적 생활에 있어서 도덕적 기준의 고양이라는 특별한 목표를 위한 문명의 발전에 관한 강의의 제공’이라고 명시했다. 파인만이 이야기로 들려주는 물리 법칙의 핵심 뛰어난 물리학자이자 교육자인 파인만 교수에 의해 그 해의 강좌가 이루어졌다. 그는 한때 코넬 대학의 교수로도 있었으며, 지금은 캘리포니아 공대(California Institute of Technology)의 교수로 있다. 최근에 그는 영국 학사원(Royal Society)의 외국인 회원이 되었다. 그는 물리 법칙의 현대적 이해에 대한 공로 때문에도 유명하지만, 물리학도가 아닌 이들에게도 그의 문제들을 생생하게 전해 줄 수 있는 돋보이는 능력 때문에도 유명하다. 비록 이 책이 교과서로 취급되지는 않겠지만 물리 법칙들에 대한 더 명쾌한 이해를 원하는 학생들에게는 매우 큰 도움이 될 것이다. 이 책은 강의의 내용을 옮긴 것이며, 과학적 정확성을 위해 파인먼 교수에 의해 점검되었다. 과학자들이 발견한 물리법칙의 뒷이야기를 들어보자.","['과학', '물리학', '물리학 일반']"
10034,아이작 뉴턴,"앤드레이드,E.N.다 C",電波科學社,1997,408 앤27ㅇ,8970443460,https://search1.kakaocdn.net/thumb/R120x174.q85/?fname=http%3A%2F%2Ft1.daumcdn.net%2Flbook%2Fimage%2F958743%3Ftimestamp%3D20240824113738,"근대과학을 완성한 뉴턴경의 화려한 일생을 엮은 전기. 기계적 우주관과 신비주의, 수학적 천재와 무서운 집중력, 세기의 대논쟁, 성경의 비극, 만년의 관리생활 등이 담긴 감동적인 이야기.","['과학', '기초과학/교양과학']"
10035,레이저 이야기,"캐럴,존 M",電波科學社,1997,408 캐294ㄹ,897044341x,https://search1.kakaocdn.net/thumb/R120x174.q85/?fname=http%3A%2F%2Ft1.daumcdn.net%2Flbook%2Fimage%2F958735%3Ftimestamp%3D20240824113737,"레이저. 만화영화에서는 적을 무찌르는 최후의 무기로서 동력원을 온통 쏟아부어야 만들어지던 무기의 하나로 취급받았다. 그러나 실상 레이저는 우리의 산업에 없어서는 도구로서 받아들여지고 있으며 지금도 레이저에 대한 심도있는 연구가 진행 중인 상태이다. 이 책에서는 레이저의 정의, 발견, 용도 등 레이저라는 것 하나만의 백과사전이라 할 수 있을 것이다. 나날이 쓰임새를 확장해가고 있는 레이저에 대해 이제 만화영화적인 상상력은 아이들에게 물려주어야 할 때가 아닐까.","['과학', '물리학', '물리학 일반']"
10036,신소재 혁명,일본경제신문사,電波科學社,1997,408 일45ㅅ,8970443312,https://search1.kakaocdn.net/thumb/R120x174.q85/?fname=http%3A%2F%2Ft1.daumcdn.net%2Flbook%2Fimage%2F960368%3Ftimestamp%3D20240824113742,작게는 파이프에서부터 크게는 컴퓨터와 우주선에 이르기까지 새롭고 강한 소재가 절실히 요구되고 있다. 이른바 신소재 혁명이 일어나고 있는 것이다. 이 책은 구미의 선진국들과 일본간의 치열한 신소재 개발 경쟁을 통해서 새로운 소재의 현재와 미래를 낱낱이 파헤치고 있다.,"['과학', '공학', '화학공학']"
10037,과학사의 뒷얘기Ⅳ(과학적 발견),A. 섯클리프,전파과학사,1997,408 섯877ㄱ v.4,8970443274,https://search1.kakaocdn.net/thumb/R120x174.q85/?fname=http%3A%2F%2Ft1.daumcdn.net%2Flbook%2Fimage%2F960364%3Ftimestamp%3D20240824113736,"『과학사의 뒷얘기』제4권《과학적 발견》. 두 수도승의 누에 밀수, 스테인레스 스틸에 얽힌 산업 스파이, 실수가 빚어낸 고무가황법 등 과학기술사 뒤에 숨은 에피소드들을 고증에 의해 재미있게 파헤치며 지식과 과학사의 흥미를 제공한다.","['과학', '과학의 이해', '과학사/기술사']"
10038,대륙은 움직인다,다케우치 히토시,電波科學社,1997,408 다874ㄷ v.1,8970443142,https://search1.kakaocdn.net/thumb/R120x174.q85/?fname=http%3A%2F%2Ft1.daumcdn.net%2Flbook%2Fimage%2F959313%3Ftimestamp%3D20240824113740,숱한 논쟁을 불러 일으켰던 '대륙이동설'의 극적인 부활에 초점을 맞추면서 50억 년이란 우주적 시간을 거친 지구역사를 선명하게 부각시킨 영역판도 나온 새 지구과학 해설서.,"['과학', '천문학', '천문학/별자리/역법']"
10039,자석이야기,"비터,에프",전파과학사,1997,408 비884ㅈ,8970443061,https://search1.kakaocdn.net/thumb/R120x174.q85/?fname=http%3A%2F%2Ft1.daumcdn.net%2Flbook%2Fimage%2F959301%3Ftimestamp%3D20190126055454,"이 책은 일반 독자층을 대상으로 한 책으로, 전문적인 내용을 비전공인 일반 독자들도 쉽게 이해할 수 있도록 풀어쓴 교양 도서이다.","['과학', '물리학', '전자기학']"
10040,中國 歷史 事典,李炳甲 [엮음],학민사,1995,R 912.003 이44ㅈ,897193073X,https://search1.kakaocdn.net/thumb/R120x174.q85/?fname=http%3A%2F%2Ft1.daumcdn.net%2Flbook%2Fimage%2F992555%3Ftimestamp%3D20230707140045,"방대한 중국의 역사와 문화를 개괄한 사전. 중국의 정치, 인물, 사건, 제도 , 문학작품, 종교, 예술을 총괄했다. 청의 황제 `가경제`부터 전설의 인물 `회화`까 지 수록, 설명하고 부록으로 중국사 연표, 역대 왕조 일람표 등을 덧붙였다.","['역사', '중국사', '중국사 일반']"
10041,두뇌 장수학,서유헌,민음사,1996,511.1813 서66ㄷ,8937423170,https://search1.kakaocdn.net/thumb/R120x174.q85/?fname=http%3A%2F%2Ft1.daumcdn.net%2Flbook%2Fimage%2F539683%3Ftimestamp%3D20241122114039,"인간 뇌의 신비와 두뇌 장수비결을 소개한 현직 교 수의 의학칼럼 모음. 적극적 사고는 면역을 높인다, 충분한 수면은 기억력을 강화시킨다 등 실생활의 건강 두뇌 상식을 풀어썼다.","['건강/취미', '건강정보', '두뇌건강']"
10042,옛 살림 옛 문화 이야기,김용태,대경출판,1997,381.9 김65ㅇ,8986758229,https://search1.kakaocdn.net/thumb/R120x174.q85/?fname=http%3A%2F%2Ft1.daumcdn.net%2Flbook%2Fimage%2F1240393%3Ftimestamp%3D20250214113655,"보자기, 옹기, 소쿠리 등 세간살이에 담긴 조상들의 혼과 멋스러움, 색지함, 부채, 이불호청, 한복 등이 보여주는 선조들의 미의식 등 우리 고유의 살림살이에배인 문화를 사진과 함께 엮었다.","['인문학', '문화/문화이론', '한국학/한국문화', '한국인과 한국문화']"
10043,단군 : 그 이해와 자료,윤이흠 [외지음],서울대학교출판부,1995,911.021 윤68ㄷ,8970961666,https://search1.kakaocdn.net/thumb/R120x174.q85/?fname=http%3A%2F%2Ft1.daumcdn.net%2Flbook%2Fimage%2F980093%3Ftimestamp%3D20240606112558,"역사, 신앙, 문학 등 다각적으로 고찰한 단군신화 연 구논문 10편과 관련 문헌자료를 묶었다.","['대학교재/전문서적', '인문계열', '역사학']"
10044,한국의 자생풍수 2,최창조,민음사,1997,188.4 최82ㅎ v.2,8937423650,https://search1.kakaocdn.net/thumb/R120x174.q85/?fname=http%3A%2F%2Ft1.daumcdn.net%2Flbook%2Fimage%2F539804%3Ftimestamp%3D20241229113731,"우리나라의 풍수를 사전식으로 정리한 책이다. 각 도별로 편을 구성하였으며 도시 건설로 인한 풍수상의 파괴가 심각한 서울과 부산, 풍수 자료가 너무 방대한 제주도는 이번 정리에서 제외하였다.","['종교/역학', '역학', '풍수지리']"
10045,또 하나의 삼국지,김용장,범우사,1997,823.5 김65ㄸ,8908040684,https://search1.kakaocdn.net/thumb/R120x174.q85/?fname=http%3A%2F%2Ft1.daumcdn.net%2Flbook%2Fimage%2F361720%3Ftimestamp%3D20240803112615,이 책은 일반 독자들이 편안히 읽을 수 있는 에세이집이다.,"['에세이', '외국에세이']"
10046,풀하우스,유미리,고려원,1997,800 유38ㅍ c.2,8912115014,https://search1.kakaocdn.net/thumb/R120x174.q85/?fname=http%3A%2F%2Ft1.daumcdn.net%2Flbook%2Fimage%2F1171084%3Ftimestamp%3D20250403113701,"다양성으로 가득 찬 생물계를 의미함과 동시에 기존의 빈약한 진보주의적 진화론을 누를 수 있는 강력하고 새로운 세계관을 제시한 교양서. 다윈의 『종의 기원』 이후 약 150년간 왜곡되어온 진화론의 진실을 이 책을 통해 소개했다. 플라톤에서 다윈까지 우수성의 확산, 죽음과 말-변이의 중요성에 대하여, 4할 타자의 딜레마, 생명의 역사는 진보가 아니다 등으로 구성되어있다.","['과학', '생명과학', '생물학']"
10047,거꾸로 읽는 세계사,유시민,푸른나무,2001,909 유58ㄱ c.3,8985893203,https://search1.kakaocdn.net/thumb/R120x174.q85/?fname=http%3A%2F%2Ft1.daumcdn.net%2Flbook%2Fimage%2F5875769%3Ftimestamp%3D20230505144926,"1988년 초판 출간 이후 스테디셀러로 굳건히 자리를 지켰던 유시민의 『거꾸로 읽는 세계사』가 절판 이후 새 얼굴로 출간됐다. ‘전면개정’이라는 수식이 무색할 정도로 30년 넘게 축적된 정보를 꼼꼼하게 보완하고, 사건에 대한 해석을 바꿨으며, 같은 문장 하나 두지 않고 고쳐 쓴 ‘새로운’ 책이다. 그럼에도 제목을 그대로 쓴 이유는 초판에서 보였던 ‘거꾸로 읽는 자세’를 전부 거둬내지는 않았기 때문이다. 세계를 보는 편향된 시각에 균형을 맞추려 했고, 여전히 소홀하게 취급받는 몇몇 사건도 비중 있게 다뤘다. 『거꾸로 읽는 세계사』는 유시민에게 여러 모로 ‘첫 번째’로서 갖는 의미가 많다. 처음으로 ‘작가’라는 이름을 달아준 책이자, 저서 중 가장 먼저 단시간에 베스트셀러에 오른 책인 동시에 가장 오랫동안 독자 곁에 머문 책이다. 지식소매상 유시민을 본격적으로 알린, 『나의 한국현대사 1959-2020』(돌베개 2021), 『역사의 역사』(돌베개, 2018)를 있게 한 ‘유시민의 역사 3부작’의 시작점이기도 하다. 책의 수명이 점점 더 짧아지는 요즘, 33년 전에 출간된 책이 생명력을 잃지 않고 이렇게 살아남을 수 있다는 것에 의미를 부여해보고 싶다. 20대 청년의 지적 반항으로, 중고등학생의 보조 교재로, 대학가의 교양 필독서로 한 시대를 풍미했던 책은 이제 어디로 가닿게 될까? 부디 지나온 시간만큼 다시 한번 잘 건너가기를 희망한다.","['역사', '세계사 일반']"
10048,(정통)한국단편 99선. 4,김기웅 ; 김병학 [엮음],타임기획,1994,810.906 김18ㅎ v.4,8985431145,https://search1.kakaocdn.net/thumb/R120x174.q85/?fname=http%3A%2F%2Ft1.daumcdn.net%2Flbook%2Fimage%2F1212583%3Ftimestamp%3D20221025125141,"대학수학능력시험 대비를 위한 필독 읽기 자료. 한국단편소설의 전체적인 흐름을 파악하기 위해 기존의 소설사에서 중요하게 거론되거나, 현재 활발히 연구가 진행중인 작품위주로 선정했으며, 기존 중ㆍ고등학교 국어 교과서에 실렸던 작품이나 현행 12종 문학교과서에서 접하게 되는 작품을 망라하여 원전 위주로 전문을 수록했다. 또한 '작품요약'을 통하여 작품내용을 최종적으로 함축성있게 정리했으며, '작품해설'은 특정이론에 치우치지 않고 작품의 일반적인 평가와 함께 출전, 주제, 배경, 시점, 구성, 제목의 상징적 의미, 줄거리, 작품 경향, 문학사적 의의 등을 알기 쉽게 풀이하여 작품을 심층적으로 이해하고 감상하도록 했다.","['청소년', '청소년 문학', '청소년 소설']"
10049,외눈박이 물고기의 사랑,류시화,열림원,1997,811.6 류58ㅇ,8970631011,https://search1.kakaocdn.net/thumb/R120x174.q85/?fname=http%3A%2F%2Ft1.daumcdn.net%2Flbook%2Fimage%2F964874%3Ftimestamp%3D20241107114133,1980년 <신춘문예>로 등단한 저자의 시모음. 표제 외 `소금` `들불` `나비` 등 61편의 시를 모았다.,"['소설/시/희곡', '시', '한국시']"
10050,황금비늘 2,이외수,동문선,1997,813.6 이65ㅎ v.2,8980389097,https://search1.kakaocdn.net/thumb/R120x174.q85/?fname=http%3A%2F%2Ft1.daumcdn.net%2Flbook%2Fimage%2F1020237%3Ftimestamp%3D20241229113758,"이외수 장편소설『황금비늘』제2권. 다섯 개의 코드로 나누어지는 〈이외수 오감소설〉 중 '환상'에 해당되는 작품이다. 이외수는 독특한 상상력과 기발한 언어유희로 자신만의 문학 세계를 구축해 온 작가이다. 이 소설에서는 갓난아이 때 버림을 받으며 희망보다 절망을, 사랑보다 증오를 먼저 알아버린 소년의 이야기를 그리고 있다. 땅콩처럼 작고 연약한 아이 김동명. 선천적인 명석함과 소매치기의 재빠른 몸놀림 저편에는 세상과의 동화를 어그러뜨리는 분노가 숨 쉬고 있다. 하지만 백발노인 무간선을 만나면서 삶의 의미를 찾아가는데…. (개정판)","['소설/시/희곡', '한국소설', '2000년대 이후 한국소설']"
10051,(조정래 대하소설) 아리랑. 12,조정래,해냄,2001,813.6 조74ㅇ v.12 c.3,8973374303,https://search1.kakaocdn.net/thumb/R120x174.q85/?fname=http%3A%2F%2Ft1.daumcdn.net%2Flbook%2Fimage%2F1020089%3Ftimestamp%3D20230503145430,"우리 현대사의 원점인 20세기 초부터를 문제삼으며 공간적으로 만주와 미대륙까지 시야를 확장시킨 조정래 대하소설. 전남 승주군 선암사에서 출생. 1970년 <현대문학>으로 문단에 등단한 이후, <불놀이>, <황토>, <태백산백> 등의 걸출한 작품 등을 우리 앞에 선 보여 왔던 작가 조정래. <아리랑>은 그가 도도히 흐르는 질퍼한 이야기 구도 속에 시큰한 아리랑의 집요한 생명력을 불어넣으며, 전통사회의 붕괴과정에서부터 식민지시대로 이어지는 민족사의 모순을 총체적으로 파헤친 역작이다.","['소설/시/희곡', '한국소설', '2000년대 이전 한국소설']"
10052,(조정래 대하소설) 아리랑. 12,조정래,해냄,2001,813.6 조74ㅇ v.12,8973374303,https://search1.kakaocdn.net/thumb/R120x174.q85/?fname=http%3A%2F%2Ft1.daumcdn.net%2Flbook%2Fimage%2F1020089%3Ftimestamp%3D20230503145430,"우리 현대사의 원점인 20세기 초부터를 문제삼으며 공간적으로 만주와 미대륙까지 시야를 확장시킨 조정래 대하소설. 전남 승주군 선암사에서 출생. 1970년 <현대문학>으로 문단에 등단한 이후, <불놀이>, <황토>, <태백산백> 등의 걸출한 작품 등을 우리 앞에 선 보여 왔던 작가 조정래. <아리랑>은 그가 도도히 흐르는 질퍼한 이야기 구도 속에 시큰한 아리랑의 집요한 생명력을 불어넣으며, 전통사회의 붕괴과정에서부터 식민지시대로 이어지는 민족사의 모순을 총체적으로 파헤친 역작이다.","['소설/시/희곡', '한국소설', '2000년대 이전 한국소설']"
10053,(조정래 대하소설) 아리랑. 11,조정래,해냄,2001,813.6 조74ㅇ v.11 c.3,897337429X,https://search1.kakaocdn.net/thumb/R120x174.q85/?fname=http%3A%2F%2Ft1.daumcdn.net%2Flbook%2Fimage%2F1021163%3Ftimestamp%3D20230503184931,"우리 현대사의 원점인 20세기 초부터를 문제삼으며 공간적으로 만주와 미대륙까지 시야를 확장시킨 조정래 대하소설. 전남 승주군 선암사에서 출생. 1970년 <현대문학>으로 문단에 등단한 이후, <불놀이>, <황토>, <태백산백> 등의 걸출한 작품 등을 우리 앞에 선 보여 왔던 작가 조정래. <아리랑>은 그가 도도히 흐르는 질퍼한 이야기 구도 속에 시큰한 아리랑의 집요한 생명력을 불어넣으며, 전통사회의 붕괴과정에서부터 식민지시대로 이어지는 민족사의 모순을 총체적으로 파헤친 역작이다.","['소설/시/희곡', '한국소설', '2000년대 이전 한국소설']"
10054,모순,양귀자,살림,1998,813.6 양16ㅁ,8985577921,https://search1.kakaocdn.net/thumb/R120x174.q85/?fname=http%3A%2F%2Ft1.daumcdn.net%2Flbook%2Fimage%2F1500252%3Ftimestamp%3D20240802114042,"양귀자 소설의 힘을 보여준 베스트셀러 『모순』. 1998년에 초판이 출간된 이후 132쇄를 찍으며 여전히 많은 사랑을 받고 있는 작품을, 오래도록 소장할 수 있는 양장본으로 새롭게 선보인다. 스물다섯 살 미혼여성 안진진을 통해 모순으로 가득한 우리의 인생을 들여다본다. 작가 특유의 섬세한 문장들로 여러 인물들의 삶을 생생하게 그려내고 있다. 시장에서 내복을 팔고 있는 억척스런 어머니와 행방불명 상태로 떠돌다 가끔씩 귀가하는 아버지, 조폭의 보스가 인생의 꿈인 남동생을 가족으로 둔 안진진. 어머니와 일란성 쌍둥이인 이모는 부유하지만 지루한 삶에 지쳐 있고, 가난한 어머니는 처리해야 할 불행들이 많아 지루할 틈이 없다. 안진진은 사뭇 다른 어머니와 이모의 삶을 바라보며 모순투성이인 삶을 어떻게 이해해야 하는지 고민하기 시작하는데….","['소설/시/희곡', '한국소설', '2000년대 이전 한국소설']"
10055,音樂大事典,세광음악출판사편집국 [편],세광음악,1996,R 670.3 세15ㅇ('96),8903131037,https://search1.kakaocdn.net/thumb/R120x174.q85/?fname=http%3A%2F%2Ft1.daumcdn.net%2Flbook%2Fimage%2F351153%3Ftimestamp%3D20240122201524,"이 책은 1974년 이후의 음악 세계의 변이를 정확하게 수록한, 음악에 관련된 자료가 총망라된 음악의 보고(寶庫)이다","['예술/대중문화', '예술/대중문화의 이해', '예술전문사전']"
10056,과학혁명의 구조,토마스 S.쿤,(도서출판 주)두산동아,1997,401 쿤885ㄱ c.2,,https://search1.kakaocdn.net/thumb/R120x174.q85/?fname=http%3A%2F%2Ft1.daumcdn.net%2Flbook%2Fimage%2F1011222%3Ftimestamp%3D20250204113839,『과학혁명의 구조』는 현대 물질문명을 받쳐주고 있는 과학의 본질적 성격을 파헤치고 있어 현대 지식인들이 꼭 읽어야 할 고전이다. 《과학혁명의 구조》(1962)의 출간 50주년을 기념하여 출간된 이 책에서는 저명한 분석 철학자이자 토머스 쿤의 패러다임 이론을 푸코의 사회과학 이론에 접목시켰다는 평가를 받는 과학철학자 이언 해킹이 쓴 서론이 추가되었으며 서울대학교 홍성욱 교수가 공역자로 참여한 새로운 번역판이다. 『과학혁명의 구조』는 서구 지식사회에 미친 방대한 영향을 정리하고 '과학'의 진보가 이룩되는 과정을 체계적으로 요약한다. 쿤에 의해서 제시된 패러다임과 공약불가능성 같은 개념을 명확히 하여 쿤의 아이디어가 오늘날 과학에 어떤 타당성을 가지는지 검토하고 있다.,"['과학', '과학의 이해', '과학사상']"
10057,징비록,유성룡 [지음] ; 이민수 [옮김],을유문화사,1994,911.0553 유54ㅈ c.5,8932403015,https://search1.kakaocdn.net/thumb/R120x174.q85/?fname=http%3A%2F%2Ft1.daumcdn.net%2Flbook%2Fimage%2F1049004%3Ftimestamp%3D20241213113901,"『징비록』은 임진왜란 당시 도체찰사에 임명되어 군무를 총괄했던 유성룡이 전란을 겪으며 적은 수기를 엮은 책이다. 저자가 온 몸으로 느낀 전란의 참화를 통해 임진왜란의 참상을 보다 입체적으로 느낄 수 있게 한다. 임금에 대한 백성들의 원망과, 조정 내의 분란 등 임진왜란을 둘러싸고 벌어진 모든 일을 있는 그대로 서술했으며 전쟁 이전의 국내외적 정세와 전쟁 이후의 상황을 체계적이고 종합적으로 구성하고 있다. 지옥의 전쟁으로 불리는 임진왜란. 왜군은 파죽지세로 조선의 땅을 약탈했으나 이순신 장군과 뛰어난 장수들의 활약으로 후퇴를 선택할 수밖에 없었다. 이후 정유재란으로 재침략을 도모하지만 결과는 마찬가지였다. 저자는 침략당한 조선과 침략에 실패한 일본, 참전국인 명나라 등 전쟁은 관련된 모든 국가에 다방면으로 막대한 영향을 끼칠 수밖에 없음을 시사한다. 또한 사실기반의 사례를 상세하게 서술해 독자들이 전쟁의 폐해를 보다 사실감 있게 느낄 수 있도록 묘사했다.","['역사', '조선사', '조선중기(임진왜란~경종)']"
10058,징비록,유성룡 [지음] ; 이민수 [옮김],을유문화사,1994,911.0553 유54ㅈ c.4,8932403015,https://search1.kakaocdn.net/thumb/R120x174.q85/?fname=http%3A%2F%2Ft1.daumcdn.net%2Flbook%2Fimage%2F1049004%3Ftimestamp%3D20241213113901,"『징비록』은 임진왜란 당시 도체찰사에 임명되어 군무를 총괄했던 유성룡이 전란을 겪으며 적은 수기를 엮은 책이다. 저자가 온 몸으로 느낀 전란의 참화를 통해 임진왜란의 참상을 보다 입체적으로 느낄 수 있게 한다. 임금에 대한 백성들의 원망과, 조정 내의 분란 등 임진왜란을 둘러싸고 벌어진 모든 일을 있는 그대로 서술했으며 전쟁 이전의 국내외적 정세와 전쟁 이후의 상황을 체계적이고 종합적으로 구성하고 있다. 지옥의 전쟁으로 불리는 임진왜란. 왜군은 파죽지세로 조선의 땅을 약탈했으나 이순신 장군과 뛰어난 장수들의 활약으로 후퇴를 선택할 수밖에 없었다. 이후 정유재란으로 재침략을 도모하지만 결과는 마찬가지였다. 저자는 침략당한 조선과 침략에 실패한 일본, 참전국인 명나라 등 전쟁은 관련된 모든 국가에 다방면으로 막대한 영향을 끼칠 수밖에 없음을 시사한다. 또한 사실기반의 사례를 상세하게 서술해 독자들이 전쟁의 폐해를 보다 사실감 있게 느낄 수 있도록 묘사했다.","['역사', '조선사', '조선중기(임진왜란~경종)']"
10059,징비록,유성룡 [지음] ; 이민수 [옮김],을유문화사,1994,911.0553 유54ㅈ c.3,8932403015,https://search1.kakaocdn.net/thumb/R120x174.q85/?fname=http%3A%2F%2Ft1.daumcdn.net%2Flbook%2Fimage%2F1049004%3Ftimestamp%3D20241213113901,"『징비록』은 임진왜란 당시 도체찰사에 임명되어 군무를 총괄했던 유성룡이 전란을 겪으며 적은 수기를 엮은 책이다. 저자가 온 몸으로 느낀 전란의 참화를 통해 임진왜란의 참상을 보다 입체적으로 느낄 수 있게 한다. 임금에 대한 백성들의 원망과, 조정 내의 분란 등 임진왜란을 둘러싸고 벌어진 모든 일을 있는 그대로 서술했으며 전쟁 이전의 국내외적 정세와 전쟁 이후의 상황을 체계적이고 종합적으로 구성하고 있다. 지옥의 전쟁으로 불리는 임진왜란. 왜군은 파죽지세로 조선의 땅을 약탈했으나 이순신 장군과 뛰어난 장수들의 활약으로 후퇴를 선택할 수밖에 없었다. 이후 정유재란으로 재침략을 도모하지만 결과는 마찬가지였다. 저자는 침략당한 조선과 침략에 실패한 일본, 참전국인 명나라 등 전쟁은 관련된 모든 국가에 다방면으로 막대한 영향을 끼칠 수밖에 없음을 시사한다. 또한 사실기반의 사례를 상세하게 서술해 독자들이 전쟁의 폐해를 보다 사실감 있게 느낄 수 있도록 묘사했다.","['역사', '조선사', '조선중기(임진왜란~경종)']"
10060,징비록,유성룡 [지음] ; 이민수 [옮김],을유문화사,1994,911.0553 유54ㅈ c.2,8932403015,https://search1.kakaocdn.net/thumb/R120x174.q85/?fname=http%3A%2F%2Ft1.daumcdn.net%2Flbook%2Fimage%2F1049004%3Ftimestamp%3D20241213113901,"『징비록』은 임진왜란 당시 도체찰사에 임명되어 군무를 총괄했던 유성룡이 전란을 겪으며 적은 수기를 엮은 책이다. 저자가 온 몸으로 느낀 전란의 참화를 통해 임진왜란의 참상을 보다 입체적으로 느낄 수 있게 한다. 임금에 대한 백성들의 원망과, 조정 내의 분란 등 임진왜란을 둘러싸고 벌어진 모든 일을 있는 그대로 서술했으며 전쟁 이전의 국내외적 정세와 전쟁 이후의 상황을 체계적이고 종합적으로 구성하고 있다. 지옥의 전쟁으로 불리는 임진왜란. 왜군은 파죽지세로 조선의 땅을 약탈했으나 이순신 장군과 뛰어난 장수들의 활약으로 후퇴를 선택할 수밖에 없었다. 이후 정유재란으로 재침략을 도모하지만 결과는 마찬가지였다. 저자는 침략당한 조선과 침략에 실패한 일본, 참전국인 명나라 등 전쟁은 관련된 모든 국가에 다방면으로 막대한 영향을 끼칠 수밖에 없음을 시사한다. 또한 사실기반의 사례를 상세하게 서술해 독자들이 전쟁의 폐해를 보다 사실감 있게 느낄 수 있도록 묘사했다.","['역사', '조선사', '조선중기(임진왜란~경종)']"
10061,징비록,유성룡 [지음] ; 이민수 [옮김],을유문화사,1994,911.0553 유54ㅈ,8932403015,https://search1.kakaocdn.net/thumb/R120x174.q85/?fname=http%3A%2F%2Ft1.daumcdn.net%2Flbook%2Fimage%2F1049004%3Ftimestamp%3D20241213113901,"『징비록』은 임진왜란 당시 도체찰사에 임명되어 군무를 총괄했던 유성룡이 전란을 겪으며 적은 수기를 엮은 책이다. 저자가 온 몸으로 느낀 전란의 참화를 통해 임진왜란의 참상을 보다 입체적으로 느낄 수 있게 한다. 임금에 대한 백성들의 원망과, 조정 내의 분란 등 임진왜란을 둘러싸고 벌어진 모든 일을 있는 그대로 서술했으며 전쟁 이전의 국내외적 정세와 전쟁 이후의 상황을 체계적이고 종합적으로 구성하고 있다. 지옥의 전쟁으로 불리는 임진왜란. 왜군은 파죽지세로 조선의 땅을 약탈했으나 이순신 장군과 뛰어난 장수들의 활약으로 후퇴를 선택할 수밖에 없었다. 이후 정유재란으로 재침략을 도모하지만 결과는 마찬가지였다. 저자는 침략당한 조선과 침략에 실패한 일본, 참전국인 명나라 등 전쟁은 관련된 모든 국가에 다방면으로 막대한 영향을 끼칠 수밖에 없음을 시사한다. 또한 사실기반의 사례를 상세하게 서술해 독자들이 전쟁의 폐해를 보다 사실감 있게 느낄 수 있도록 묘사했다.","['역사', '조선사', '조선중기(임진왜란~경종)']"
10062,걸리버 여행기,조나단 스위프트 [지음] ; 신현철 [옮김],문학수첩,1998,843 스66ㄱ c.2,8983920777,https://search1.kakaocdn.net/thumb/R120x174.q85/?fname=http%3A%2F%2Ft1.daumcdn.net%2Flbook%2Fimage%2F1169603%3Ftimestamp%3D20230830143600,"1726년에 발표된 『걸리버 여행기』는 현재까지도 세계 문학의 고전으로 꾸준히 사랑받고 있다. 정직하고 성실한 의사인 걸리버가 이상한 나라를 여행하면서 겪는 각 나라의 정치와 풍습 등을 차분하게 펼쳐 나간다. 낯선 세계를 여행하는 모험기 안에는 신랄한 현실 비판과 풍자가 담겨 있다. 동화적인 상상력을 불어넣어주면서도, 인간 본성에 대한 성찰에 이르게 하는 고전이다. 이 책은 어린이들을 위한 동화로 잘못 알려진 걸리버 여행기 완역본이다. 주인공인 선장 걸리버의 다양한 모험세계를 흥미있게 그린 책으로 거인국인 브롭딩낵 기행과 소인국인 릴리퍼트 기행, 하늘을 나는 섬의 나라 라퓨타, 럭낵, 글럽덥드립,일본기행, 말들의 나라 기행 등을 담았다","['소설/시/희곡', '세계의 소설', '아일랜드소설']"
10063,아라비안 나이트. 2,"버턴, 리처드 F ; 김병철 [옮김]",범우사,1994,897.7 버884ㅇ v.2 c.2,8908031529,https://search1.kakaocdn.net/thumb/R120x174.q85/?fname=http%3A%2F%2Ft1.daumcdn.net%2Flbook%2Fimage%2F363468%3Ftimestamp%3D20241031114200,"해학,모험과 에로티시즘이 녹아있는 설화문학의 대표작. 상인과 마신 이야기, 바그다드의 짐꾼과 세 여자, 꼽추 시체가 들려주는 이야기, 알라바바와 40인의 도적 등 1천 1일 밤의 흥미있고 색다른 이야기를 담았다.","['소설/시/희곡', '세계의 소설', '중동/튀르키예소설']"
10064,아라비안 나이트. 2,"버턴, 리처드 F ; 김병철 [옮김]",범우사,1994,897.7 버884ㅇ v.2,8908031529,https://search1.kakaocdn.net/thumb/R120x174.q85/?fname=http%3A%2F%2Ft1.daumcdn.net%2Flbook%2Fimage%2F363468%3Ftimestamp%3D20241031114200,"해학,모험과 에로티시즘이 녹아있는 설화문학의 대표작. 상인과 마신 이야기, 바그다드의 짐꾼과 세 여자, 꼽추 시체가 들려주는 이야기, 알라바바와 40인의 도적 등 1천 1일 밤의 흥미있고 색다른 이야기를 담았다.","['소설/시/희곡', '세계의 소설', '중동/튀르키예소설']"
10065,로마인 이야기 5,시오노 나나미,한길사,1996,900 시65ㄹ v.5 c.3,8935610275,https://search1.kakaocdn.net/thumb/R120x174.q85/?fname=http%3A%2F%2Ft1.daumcdn.net%2Flbook%2Fimage%2F525303%3Ftimestamp%3D20230901173846,"시오노 나나미의 『로마인 이야기』 제4권 〈율리우스 카이사르〉. 시공을 관통한 고대 1천년의 흥망성쇠를 통해 20세기를 살아가는 현대인들의 근원적 좌표를 낱낱이 주시하는 책이다. 저자가 방대한 자료를 취재하고 정리해가면서 엮은 거대한 로마 통사이면서, 현대를 어떻게 살아가야 하는지에 대한 지혜를 가르쳐주는 훌륭한 지침서이다.","['역사', '서양사', '로마사']"
10066,로마인 이야기 5,시오노 나나미,한길사,1996,900 시65ㄹ v.5 c.2,8935610275,https://search1.kakaocdn.net/thumb/R120x174.q85/?fname=http%3A%2F%2Ft1.daumcdn.net%2Flbook%2Fimage%2F525303%3Ftimestamp%3D20230901173846,"시오노 나나미의 『로마인 이야기』 제4권 〈율리우스 카이사르〉. 시공을 관통한 고대 1천년의 흥망성쇠를 통해 20세기를 살아가는 현대인들의 근원적 좌표를 낱낱이 주시하는 책이다. 저자가 방대한 자료를 취재하고 정리해가면서 엮은 거대한 로마 통사이면서, 현대를 어떻게 살아가야 하는지에 대한 지혜를 가르쳐주는 훌륭한 지침서이다.","['역사', '서양사', '로마사']"
10067,로마인 이야기 5,시오노 나나미,한길사,1996,900 시65ㄹ v.5,8935610275,https://search1.kakaocdn.net/thumb/R120x174.q85/?fname=http%3A%2F%2Ft1.daumcdn.net%2Flbook%2Fimage%2F525303%3Ftimestamp%3D20230901173846,"시오노 나나미의 『로마인 이야기』 제4권 〈율리우스 카이사르〉. 시공을 관통한 고대 1천년의 흥망성쇠를 통해 20세기를 살아가는 현대인들의 근원적 좌표를 낱낱이 주시하는 책이다. 저자가 방대한 자료를 취재하고 정리해가면서 엮은 거대한 로마 통사이면서, 현대를 어떻게 살아가야 하는지에 대한 지혜를 가르쳐주는 훌륭한 지침서이다.","['역사', '서양사', '로마사']"
10068,학과선택의 길잡이,서울대학교. ; 학생생활연구소,서울대학교출판부,1993,372.68 서66ㅎ c.2,8970961623,https://search1.kakaocdn.net/thumb/R120x174.q85/?fname=http%3A%2F%2Ft1.daumcdn.net%2Flbook%2Fimage%2F977287%3Ftimestamp%3D20240203163212,전공선택이라는 인생의 기로에 잇는 예비대학생들에게 미지의 학문세계에 대해 자세히 소개한 학과 선택 안내서.,"['대학교재/전문서적', '사범계열', '교육학 일반']"
10069,학과선택의 길잡이,서울대학교. ; 학생생활연구소,서울대학교출판부,1993,372.68 서66ㅎ c.2,8970961623,https://search1.kakaocdn.net/thumb/R120x174.q85/?fname=http%3A%2F%2Ft1.daumcdn.net%2Flbook%2Fimage%2F977287%3Ftimestamp%3D20240203163212,전공선택이라는 인생의 기로에 잇는 예비대학생들에게 미지의 학문세계에 대해 자세히 소개한 학과 선택 안내서.,"['대학교재/전문서적', '사범계열', '교육학 일반']"
10070,설득의 심리학,로버트 치알디니 지음,21세기북스새날,1996,189 치62ㅅ c.2,,https://search1.kakaocdn.net/thumb/R120x174.q85/?fname=http%3A%2F%2Ft1.daumcdn.net%2Flbook%2Fimage%2F621056%3Ftimestamp%3D20221107220526,"이 책은 누군가를 설득하기 위해서 사람의 심리를 이용하는 방법을 담고 있다. 저자는 자신의 이론을 여러가지 사례와 재미있는 상황들로 증명하고 있다. 상호성의 법칙, 일관성의 법칙, 사회적 증거의 법칙, 호감의 법칙, 권위의 법칙, 희귀성의 법칙 등 사람의 마음을 사로잡는 6가지 불변의 법칙을 강조하고 있다.","['자기계발', '협상/설득/화술', '설득']"
10071,(한권으로 읽는) 조선왕조실록,박영규,들녘,2000,911.05 박64ㅎ,8975270298,https://search1.kakaocdn.net/thumb/R120x174.q85/?fname=http%3A%2F%2Ft1.daumcdn.net%2Flbook%2Fimage%2F344970%3Ftimestamp%3D20230201150805,"『한 권으로 읽는 조선왕조실록』. 증보 개정판. 이상과 현실이 조화를 이룬 인본주의 나라, 조선. 가장 정통한 역사 기록인 <조선왕조실록>을 한권으로 정리한 책이다. <조선왕조실록>과 왕실 족보인 <조선왕조 선원록>, 그리고 <연려실기술> 등을 대조하여 왕들의 가족관계와 가계도를 수정 보완하였다. 이 책에는 조선 사람들의 경제생활과 각종 인구, 시장 정책 등을 시기에 맞게 정리하여 배치하고 있다. 또한 훈민정음 창제 과정과 그 내막에 얽힌 비밀들 그리고 '조사의의 난' 과 같은 꼭 알아야할 사건들을 첨가하는 등 정렬과 무게가 내제되어 있는 깊이 있는 세계인 조선왕조의 역사를 보여준다. 조선왕조의 세계도를 한 장에 담아 한 눈에 볼 수 있도록 하였다.","['역사', '조선사', '조선시대 일반']"
10072,오셀로,세익스피어 원작,성균관대학교출판부,1995,842 세68ㅇ,,https://search1.kakaocdn.net/thumb/R120x174.q85/?fname=http%3A%2F%2Ft1.daumcdn.net%2Flbook%2Fimage%2F540819%3Ftimestamp%3D20241018113943,"베니스의 흑인 장군 오셀로는 공국의 원로 브라반쇼의 딸 데스데모나와 사랑에 빠진다. 그녀의 아버지는 오셀로가 흑인이라는 이유로 두 사람의 관계를 반대하지만, 둘은 끝내 결혼한다. 때마침 투르크 함대가 사이프러스 섬을 침공하고, 오셀로는 섬을 지키러 아내와 함께 떠난다. 한편 오셀로의 신임을 받으면서도 그를 시기하던 부하 이야고는 갈망하던 부관 자리를 캐시오에게 빼앗긴 데 앙심을 품고 오셀로에게 데스데모나가 캐시오와 밀통하는 것처럼 오해하게 만든다. 이야고에게 속아 넘어간 오셀로는 질투에 눈이 멀어 데스데모나를 죽인다. 결국 모든 것이 부하의 계략이었음을 알게 된 오셀로는 죄책감에 목숨을 끊는다. 셰익스피어 4대 비극 가운데 한 편으로, 오늘날까지도 가장 자주 상연되는 희곡 중 하나인 이 작품은 실재와 겉모습 사이의 간극에서 빚어진 오해가 초래한 비극적인 파국을 다루고 있다. 신뢰와 명예, 가부장적인 정치 상황과 인종 문제 등 많은 주제와 다양한 해석을 함축하고 있는 영원히 현대적인 걸작이다. 기존에 수많은 번역본이 있지만, 최종철 교수의 번역은 셰익스피어 전공자인 역자가 원문의 운문 형식을 최대한 살려 번역했다는 점에 의의가 있다.","['소설/시/희곡', '세계의 문학', '영국문학']"
10073,인류의기원,리처드 리키 ; 황현숙 옮김,동아,1996,471.2 리298ㅇ,8900041489,https://search1.kakaocdn.net/thumb/R120x174.q85/?fname=http%3A%2F%2Ft1.daumcdn.net%2Flbook%2Fimage%2F1166996%3Ftimestamp%3D20241228114132,"우리는 우리 자신에 대해 얼마나 잘 알고 있을까? 지구상에서 인간이라는 종이 탄생하고 지금의 모습으로 되기까지 인류는 안팎으로 수많은 사건을 겪으며 진화했다. 지금은 사라지고 없는 많은 친척 인류들과 때로는 맞부딪고 교류하기도 했으며 그중 일부는 우리 몸속에 DNA라는 흔적을 남기기도 했다. 두꺼운 지층 아래에서 발굴한 뼛조각에서, 혹은 현재 인간의 두뇌나 골반 같은 신체 특징에서 고인류학은 우리의 첫 조상이 언제 어디에서 등장했는지 유추하고 그 후손들이 걸어온 길을 재구성한다. 『인류의 기원』은 직접 발굴 현장을 누비며 인류의 화석을 연구하는 고인류학자와 과학 전문 기자가 함께 머리를 맞대고, 최신 고인류학이 이루어낸 성과들 중 매우 중요한 동시에 일반인들이 흥미로워 할 주제 22가지를 뽑아 친절하게 풀어 쓴 교양서이다. 고인류학을 정통으로 전공한 우리 학자가 손꼽히는 데다 현장과 이론 연구를 병행하며 세계를 무대로 활동하고 있는 학자는 더더욱 드문 탓에 인류 기원을 둘러싼 최근의 쟁점을 담은 이 책은 시대에 발맞춘 인류학 안내서이자 가장 새로운 교과서이다.","['과학', '기초과학/교양과학']"
10074,식물의 사생활,데이비드 애튼보로 [지음] ; 과학세대 [옮김],까치,1995,481.5 애887ㅅ,8972910937,https://search1.kakaocdn.net/thumb/R120x174.q85/?fname=http%3A%2F%2Ft1.daumcdn.net%2Flbook%2Fimage%2F1011266%3Ftimestamp%3D20221107234233,식물이 없다면 어떠한 음식도 어떠한 종류의 동물도 생존할 수 없다. 그러나 식물의 삶은 오랫동안 은밀한 것으로 남아있었다. 우리가 보기엔 나타나지 않지만 책에는 식물이 자라고 싸우고 움직이며 투쟁하는 모습이 선명한 컬러사진과 함께 담겨있다.,"['과학', '생명과학', '진화론']"
10075,민속마을 하회여행,임재해,밀알,1994,383.8 임73ㅁ v.7800,8941801141,https://search1.kakaocdn.net/thumb/R120x174.q85/?fname=http%3A%2F%2Ft1.daumcdn.net%2Flbook%2Fimage%2F574480%3Ftimestamp%3D20221108011131,"하회의 역사와 문화현상, 자연과 주민들의 생활사를 사진을 곁들여 자세히 고찰한 저서.","['인문학', '인류학/고고학', '민속학']"
10076,계축일기 ; 인현왕후전,전영진 [편저],홍신문화사,1995,813.5 전64ㄱ,8970551867,,이 책은 일반 독자들을 대상으로 집필한 소설이다.,"['소설/시/희곡', '한국소설', '2000년대 이후 한국소설']"
10077,詩,조지훈,나남,1996,811.609 조78ㅅ,8930034411,https://search1.kakaocdn.net/thumb/R120x174.q85/?fname=http%3A%2F%2Ft1.daumcdn.net%2Flbook%2Fimage%2F466826%3Ftimestamp%3D20231101181551,"지훈의 면모를 알기 위해서는 그의 전체상을 살펴볼 필요가 있다. 한국의 현대사를 연구하려는 사람은 반드시 먼저 한국현대정신사의 지형을 이해해야 한다. 우리는 지훈의 전집이 한국현대정신사의 지도를 완성하는 데 기여하리라고 확신하고, 지훈이 걸은 자취를 따르려는 사람들뿐 아니라 지훈을 비판하고 극복하려는 사람들에게도 지훈의 전모를 객관적으로 인식할 수 있게 해야 한다고 생각하여 오래 전에 절판된 지훈의 전집을 새롭게 편찬하기로 하였다. 이 전집은 세대를 넘어 오래 읽히도록 편집에 공을 들이었고, 연구자의 자료가 되도록 판본들을 일일이 대조하여 결정본을 확정하였고 1973년판 전집에 누락된 논설들과 한시들을 찾아 수록하였다.","['소설/시/희곡', '시', '한국시']"
10078,논어.맹자와 행정학,이문영,나남,1996,350.01 이36ㄴ,8930034403,https://search1.kakaocdn.net/thumb/R120x174.q85/?fname=http%3A%2F%2Ft1.daumcdn.net%2Flbook%2Fimage%2F468729%3Ftimestamp%3D20220403204052,"이 책은 일반 독자층을 대상으로 한 책으로, 전문적인 내용을 비전공인 일반 독자들도 쉽게 이해할 수 있도록 풀어쓴 교양 도서이다.","['사회과학', '사회사상/사회사상사', '민주주의']"
10079,역사 앞에서,홍송식,국제출판사,1987,991.004 홍55ㅇ,,https://search1.kakaocdn.net/thumb/R120x174.q85/?fname=http%3A%2F%2Ft1.daumcdn.net%2Flbook%2Fimage%2F533579%3Ftimestamp%3D20240404113402,"6·25에 대한 생생한 일기『역사 앞에서』는 1993년 초판이 발행된 후 스테디셀러로 꾸준히 읽혀 온 책이다. 이번 책은 한국전쟁 연구의 권위자인 이화여대 정병준 교수의 자세한 해제와 본문 교주(校註)가 새롭게 추가된 개정판으로, 저자 김성칠의 삶과 그의 일기에 대한 문헌비판적인 검토와 정리를 하였다. 이 일기는 서울대 사학과 교수였던 김성칠이 당시의 상황을 직접 보고 겪은 것을 일기로 기록한 것이다. 저자는 해방 후 서울의 모습과 한국 전쟁의 발발, 북한점령 시기의 서울 생활, 남한의 서울수복 등의 당시 상황을 자세하게 설명한다. 개인의 일기이기 때문에, 공적인 문서나 논문에서는 볼 수 없었던 사실들을 알 수 있다.","['역사', '한국근현대사', '해방전후사/한국전쟁']"
10080,명상록,아우렐리우스,국일문학사,1992,160.258 아66ㅁ,,https://search1.kakaocdn.net/thumb/R120x174.q85/?fname=http%3A%2F%2Ft1.daumcdn.net%2Flbook%2Fimage%2F362979%3Ftimestamp%3D20240803112604,일반인을 위한 철학 교양서. 대로마 제국의 황제로서 막중한 정무에 종사하면서도 언제나 깊은 철학적 사색을 생명으로 삼고 살았던 마르쿠스 아우렐리우스. 고매한 양심이 자신과 피투성이가 되도록 싸운 구도의 기록을 전12장에 걸쳐 담아냈다.,"['인문학', '서양철학', '고대철학', '고대철학 일반']"
10081,위대한 유산,"디킨즈, 찰스",덕성문화사,1994,843 디82ㅇ c.2,,https://search1.kakaocdn.net/thumb/R120x174.q85/?fname=http%3A%2F%2Ft1.daumcdn.net%2Flbook%2Fimage%2F991094%3Ftimestamp%3D20241008114121,"'청소년 징검다리 클래식'의 네 번째 책 『위대한 유산』. 발표된 당시의 원문을 그대로 옮겨 오는 대신 청소년의 눈높이에 맞추어 다듬어 펴낸 〈펭귄 리더스 시리즈〉를 원전으로 삼고, 본문 곳곳에 일러스트를 함께 담았다. 본문 뒤에는 현직 국어 교사들이 직접 쓴 해설을 담아 작가나 작품에 대한 풍부한 설명은 물론, 그 작품들이 지니고 있는 오늘날의 의미까지 상세하게 짚어내고 있다. 또한, 해설 곳곳에 관련 정보를 담은 팁과 시각 자료를 배치해 읽는 재미를 더해준다.","['청소년', '청소년 문학', '청소년 소설']"
10082,아버지,김정현,문이당,1996,813.6 김74ㅇㅂ,8974560674,https://search1.kakaocdn.net/thumb/R120x174.q85/?fname=http%3A%2F%2Ft1.daumcdn.net%2Flbook%2Fimage%2F1040805%3Ftimestamp%3D20221107221351,"항상 의연한듯 우뚝 선 아버지, 암 선고를 받고 죽음을 눈앞에 둔 중년 남자가 그의 가족들에게 보여주는 눈물겨운 사랑을 그린 장편소설. 사회 전반에 '아버지' 신드롬을 일으켰던 작품으로 진정한 아버지의 의미를 되새겨보는 작품. 췌장암 선고를 받고 죽음을 눈앞에 둔 중년 남자가 가족들에게 보여주는 눈물겨운 사랑을 통해 우리 시대 아버지의 자화상을 그리고 있다. 이 시대 중년 남성의 현주소를 적나라하게 드러내 아버지 자리찾기에 앞장선 베스트셀러. 이 소설은 시한부 삶을 선고받은 중년 남성의 심정을 냉철하고 차분하게 묘사하였다. 서서히 무르익어가는 갈등보다는 급작스런 죽음의 선고를 서두에 배치한 후 주인공이 죽음을 받아들이게 되는 과정을 그려내는 독특한 서술 방식을 취하고 있다. 또한 가정이라는 한정된 공간 속에서 그 구성원간의 엇갈리는 감정의 불균형, 죽음을 숨긴 채 허물어져가는 아버지를 지켜보며 실망과 기대가 뒤섞이는 가족의 기류를 민감하게 포착해 내고 있으며, 죽음이 엄습하는 순간마다 나약하고 비굴해지려는 자신과의 싸움, 눈앞에 밟히는 죽음 앞에서 철저히 혼자여야 한다는 외로움이 너무나 담담히 서술되어 차라리 슬프게 느껴진다. 기존의 장편 작업으로 다져진 작가의 역량이 유감 없이 발휘된 이 소설은 독자들로 하여금 상징적 죽음이 아닌 현실로 닥친 아버지의 죽음을 통해 아버지와 가족의 진정한 의미를 되새겨보게 하고, 사람의 냄새가 그리운 메마른 가슴에 격정적인 감정의 소용돌이를 일으켜 세상을 새롭게 돌아볼 수 있는 계기를 마련해 주고 있다.","['소설/시/희곡', '한국소설', '2000년대 이후 한국소설']"
10083,젊은 베르테르의 슬픔,괴테,중앙미디어,1994,853 괴884ㅈ c.2,8975117855,https://search1.kakaocdn.net/thumb/R120x174.q85/?fname=http%3A%2F%2Ft1.daumcdn.net%2Flbook%2Fimage%2F540791%3Ftimestamp%3D20250116113638,"질풍노도의 시대를 이끈 청년 괴테의 대표작 청춘의 열병, 이룰 수 없는 사랑의 상징이 된 이름 세계적인 베스트셀러가 된 최초의 독일소설 “인간을 행복하게 만드는 것이 동시에 불행의 원천이 될 수 있다는 사실은 과연 필연인 것일까?”","['소설/시/희곡', '독일소설']"
10084,젊은 베르테르의 슬픔,괴테,중앙미디어,1994,853 괴884ㅈ,8975117855,https://search1.kakaocdn.net/thumb/R120x174.q85/?fname=http%3A%2F%2Ft1.daumcdn.net%2Flbook%2Fimage%2F540791%3Ftimestamp%3D20250116113638,"질풍노도의 시대를 이끈 청년 괴테의 대표작 청춘의 열병, 이룰 수 없는 사랑의 상징이 된 이름 세계적인 베스트셀러가 된 최초의 독일소설 “인간을 행복하게 만드는 것이 동시에 불행의 원천이 될 수 있다는 사실은 과연 필연인 것일까?”","['소설/시/희곡', '독일소설']"
10085,과학혁명의 구조,토마스 S.쿤,(도서출판 주)두산동아,1997,401 쿤885ㄱ c.2,,https://search1.kakaocdn.net/thumb/R120x174.q85/?fname=http%3A%2F%2Ft1.daumcdn.net%2Flbook%2Fimage%2F1011222%3Ftimestamp%3D20250204113839,『과학혁명의 구조』는 현대 물질문명을 받쳐주고 있는 과학의 본질적 성격을 파헤치고 있어 현대 지식인들이 꼭 읽어야 할 고전이다. 《과학혁명의 구조》(1962)의 출간 50주년을 기념하여 출간된 이 책에서는 저명한 분석 철학자이자 토머스 쿤의 패러다임 이론을 푸코의 사회과학 이론에 접목시켰다는 평가를 받는 과학철학자 이언 해킹이 쓴 서론이 추가되었으며 서울대학교 홍성욱 교수가 공역자로 참여한 새로운 번역판이다. 『과학혁명의 구조』는 서구 지식사회에 미친 방대한 영향을 정리하고 '과학'의 진보가 이룩되는 과정을 체계적으로 요약한다. 쿤에 의해서 제시된 패러다임과 공약불가능성 같은 개념을 명확히 하여 쿤의 아이디어가 오늘날 과학에 어떤 타당성을 가지는지 검토하고 있다.,"['과학', '과학의 이해', '과학사상']"
10086,택리지,이중환 저,(주)을유문화사,1993,981.1 이76ㅌ c.2,,https://search1.kakaocdn.net/thumb/R120x174.q85/?fname=http%3A%2F%2Ft1.daumcdn.net%2Flbook%2Fimage%2F1048605%3Ftimestamp%3D20241121114507,"고전을 보는 색다른 즐거움을 선사하는『오래된 책방』시리즈. 장롱 속에 갇힌 고전을 꺼내 오늘날 우리와 함께 호흡할 수 있도록 새롭게 구성하였다. 고풍스러운 말투와 한자 어휘, 빽빽한 본문을 벗어나, 다양한 도판과 풍부한 주석을 바탕으로 고전에 보다 쉽게 접근할 수 있도록 도와준다. 제13권에서는 실학사상에 바탕을 둔 대표적인 인문지리서인 〈택리지〉를 번역하였다. 〈택리지〉는 여느 지리서와 달리 '살 만한 곳은 어디인가'라는 문제의식을 통해 지리와 인문의 상관관계를 밝히고, 역사와 문학과 철학을 아우르면서 우리 땅의 진경을 펼쳐 보인다. 또한 18세기 당시의 정치, 경제, 사회, 산업, 교통, 국방, 풍수지리, 환경 문제 등에 대한 다채로운 내용이 담겨 있다. 이 책은 우리 산천을 따라 각 고을의 인심과 풍속, 역사와 문화, 물자 등을 논한 이중환의 발자취를 생생하게 전해준다. 아울러 이중환의 생애, 〈택리지〉에 나타난 이중환의 실학사상 등과 같은 보충 자료를 실어 역사적인 맥락에서 이해할 수 있게 도와준다.","['인문학', '동양철학', '한국철학', '실학']"
10087,택리지,이중환 저,(주)을유문화사,1993,981.1 이76ㅌ,,https://search1.kakaocdn.net/thumb/R120x174.q85/?fname=http%3A%2F%2Ft1.daumcdn.net%2Flbook%2Fimage%2F1048605%3Ftimestamp%3D20241121114507,"고전을 보는 색다른 즐거움을 선사하는『오래된 책방』시리즈. 장롱 속에 갇힌 고전을 꺼내 오늘날 우리와 함께 호흡할 수 있도록 새롭게 구성하였다. 고풍스러운 말투와 한자 어휘, 빽빽한 본문을 벗어나, 다양한 도판과 풍부한 주석을 바탕으로 고전에 보다 쉽게 접근할 수 있도록 도와준다. 제13권에서는 실학사상에 바탕을 둔 대표적인 인문지리서인 〈택리지〉를 번역하였다. 〈택리지〉는 여느 지리서와 달리 '살 만한 곳은 어디인가'라는 문제의식을 통해 지리와 인문의 상관관계를 밝히고, 역사와 문학과 철학을 아우르면서 우리 땅의 진경을 펼쳐 보인다. 또한 18세기 당시의 정치, 경제, 사회, 산업, 교통, 국방, 풍수지리, 환경 문제 등에 대한 다채로운 내용이 담겨 있다. 이 책은 우리 산천을 따라 각 고을의 인심과 풍속, 역사와 문화, 물자 등을 논한 이중환의 발자취를 생생하게 전해준다. 아울러 이중환의 생애, 〈택리지〉에 나타난 이중환의 실학사상 등과 같은 보충 자료를 실어 역사적인 맥락에서 이해할 수 있게 도와준다.","['인문학', '동양철학', '한국철학', '실학']"
10088,자본주의·사회주의·민주주의,슘페터 [지음]; 이상구 [옮김],삼성출판사,1994,320.1 슘894ㅈ c.3,,https://search1.kakaocdn.net/thumb/R120x174.q85/?fname=http%3A%2F%2Ft1.daumcdn.net%2Flbook%2Fimage%2F526218%3Ftimestamp%3D20240514113217,"미국 경제학자 슘페터의 대표작 경제학의 고전『자본주의 사회주의 민주주의』. 슘페터는 20세기 전반이 세계적인 이론경제학자로, 경제ㆍ사회 전반의 문제를 40여 년에 걸쳐 사색한 결정체를 이 책에 담았다. 그는 이 책에서 마르크스의 이론의 비판 및 자본주의의 운명, 민주주의 여러 모순들을 순수경제학의 범주를 넘어서 정치ㆍ사회적인 입장에서 광범위하고도 깊은 통찰력으로 분석하고 있다. 그의 사회주의와 자본주의에 대한 예언자적 이론은 수많은 현대 경제이론가들에게 큰 영향을 미쳤다.","['사회과학', '사회사상/사회사상사', '사회주의/공산주의']"
10089,자본주의·사회주의·민주주의,슘페터 [지음]; 이상구 [옮김],삼성출판사,1994,320.1 슘894ㅈ c.2,,https://search1.kakaocdn.net/thumb/R120x174.q85/?fname=http%3A%2F%2Ft1.daumcdn.net%2Flbook%2Fimage%2F526218%3Ftimestamp%3D20240514113217,"미국 경제학자 슘페터의 대표작 경제학의 고전『자본주의 사회주의 민주주의』. 슘페터는 20세기 전반이 세계적인 이론경제학자로, 경제ㆍ사회 전반의 문제를 40여 년에 걸쳐 사색한 결정체를 이 책에 담았다. 그는 이 책에서 마르크스의 이론의 비판 및 자본주의의 운명, 민주주의 여러 모순들을 순수경제학의 범주를 넘어서 정치ㆍ사회적인 입장에서 광범위하고도 깊은 통찰력으로 분석하고 있다. 그의 사회주의와 자본주의에 대한 예언자적 이론은 수많은 현대 경제이론가들에게 큰 영향을 미쳤다.","['사회과학', '사회사상/사회사상사', '사회주의/공산주의']"
10090,법의 정신,몽테스키외 [지음] ; 이명성 [옮김] ,홍신문화사,1993,360.1 S445ㅂ c.3,8970551190,https://search1.kakaocdn.net/thumb/R120x174.q85/?fname=http%3A%2F%2Ft1.daumcdn.net%2Flbook%2Fimage%2F955374%3Ftimestamp%3D20231228151259,"스코틀랜드의 철학자 몽테스키외의 <법의 정신>을 번역한 책. 법 일반의 정의와 정체의 구분, 권력 분립론 등 몽테스키외의 정치ㆍ사회사상 체계를 가장 압축적으로 보여주는 제1부와 제2부를 선별해 옮겼다. 해제를 통해 난해한 저작의 핵심 내용을 쉽게 정리하고 <법의 정신>의 한계와 의의를 함께 보여준다. 책의 말미에는 원서의 차례를 실어 전체 저작의 체계를 살펴볼 수 있도록 했다. <법의 정신>은 근대 헌법의 단초인 삼권 분립을 최초로 언급하고, 주권 행사 방식에 따라 정부 형태를 나눔으로써 정치 이론사의 기반을 마련한 선구적인 저작이다. 몽테스키외는 정치적 자유와 함께 시민적 자유를 확립하기 위해 필요한 조건을 검토함으로써 법과 정체의 관계, 법의 본질과 원리를 밝혔다. 이 책에 수록한 부분에서는 먼저 법 일반에 대해 서술하고 공화 정체, 군주 정체, 전제 정체의 세 가지 정치체제와 법의 관계를 논한 다음, 권력 분립론을 구체화한다.","['인문학', '서양철학', '근대철학', '근대철학 일반']"
10091,법의 정신,몽테스키외 [지음] ; 이명성 [옮김] ,홍신문화사,1993,360.1 S445ㅂ,8970551190,https://search1.kakaocdn.net/thumb/R120x174.q85/?fname=http%3A%2F%2Ft1.daumcdn.net%2Flbook%2Fimage%2F955374%3Ftimestamp%3D20231228151259,"스코틀랜드의 철학자 몽테스키외의 <법의 정신>을 번역한 책. 법 일반의 정의와 정체의 구분, 권력 분립론 등 몽테스키외의 정치ㆍ사회사상 체계를 가장 압축적으로 보여주는 제1부와 제2부를 선별해 옮겼다. 해제를 통해 난해한 저작의 핵심 내용을 쉽게 정리하고 <법의 정신>의 한계와 의의를 함께 보여준다. 책의 말미에는 원서의 차례를 실어 전체 저작의 체계를 살펴볼 수 있도록 했다. <법의 정신>은 근대 헌법의 단초인 삼권 분립을 최초로 언급하고, 주권 행사 방식에 따라 정부 형태를 나눔으로써 정치 이론사의 기반을 마련한 선구적인 저작이다. 몽테스키외는 정치적 자유와 함께 시민적 자유를 확립하기 위해 필요한 조건을 검토함으로써 법과 정체의 관계, 법의 본질과 원리를 밝혔다. 이 책에 수록한 부분에서는 먼저 법 일반에 대해 서술하고 공화 정체, 군주 정체, 전제 정체의 세 가지 정치체제와 법의 관계를 논한 다음, 권력 분립론을 구체화한다.","['인문학', '서양철학', '근대철학', '근대철학 일반']"
10092,漢文總論,박병대,一信書籍出版社,1993,711.47 박44ㅎ,8936605666,,"이 책은 일반 독자층을 대상으로 한 책으로, 전문적인 내용을 비전공인 일반 독자들도 쉽게 이해할 수 있도록 풀어쓴 교양 도서이다.","['대학교재/전문서적', '어문학계열', '국어국문학', '한문/한자']"
10093,엘리트 여성은 이런 점이 다르다,김만행,깊이와 넓이,1993,337 김32ㅇ c.3,8974150107,,여성들에게 자신있는 삶의 자세를 조언하였다.,"['자기계발', '여성의 자기계발']"
10094,엘리트 여성은 이런 점이 다르다,김만행,깊이와 넓이,1993,337 김32ㅇ c.2,8974150107,,여성들에게 자신있는 삶의 자세를 조언하였다.,"['자기계발', '여성의 자기계발']"
10095,한국 대표 고전 소설선,안치경 [엮음],번양사,1993,813.508 안86ㅎ,8974510179,,김시습의 `금호신화`를 시작으로 박지원의 `허생전` `양반전` 허균의 `홍길동전` 김만중의 `구운몽` 등 작가가 알려진 고전 소설과 `춘향전` `심청전` `흥부전` 등 작가 미상의 판소리계 소설까지 22편의 작품 세계를 소개한 책.,"['소설/시/희곡', '우리나라 옛글', '산문']"
10096,새벽의 약속,김용식,김영사,0,340.0099 김65ㅅ c.5,,https://search1.kakaocdn.net/thumb/R120x174.q85/?fname=http%3A%2F%2Ft1.daumcdn.net%2Flbook%2Fimage%2F498189%3Ftimestamp%3D20240611112435,"<새들은 페루에 가서 죽다>, <자기 앞의 생>으로 잘 알려진 로맹 가리의 대표작. 야망과 열정으로 한 세상을 살다 간 로맹 가리의 삶의 비밀을 담고 있는 자서전적 소설로, 자신에게 무한한 애정을 쏟은 어머니와의 기억을 유쾌하고도 가슴 아프게 그려내고 있다. 이 책은 18년 전에 타계한 어머니에 대한 추억을 마흔네 살의 나이에 쓴 이 작품은 로맹 가리 삶의 전반 30년을 회고하는 자서전이다. 가난과 모멸을 홀로 감수하면서도 아들의 성공을 위해 애쓴 어머니를 위해 로맹 가리는 그녀의 소원대로 세계문학사에 뚜렷한 족적을 남긴 소설가가 되고, 레지옹 도뇌르 훈장을 받고, 프랑스 외교관이 되었다. 홀어머니와 단 둘이 살아가는 어린 로맹 가리의 귀엽고 아이다운 모습과 오직 아들을 위해서만 살아가는 한 어머니의 매우 특별한 아가페적 사랑이 아름다운 문체로 펼쳐진다. 또한, 로맹 가리Romain Gary, 에밀 아자르Emil Ajar, 포스코 시니발디Fosco Sinibaldi, 샤탄 보가트Shatan Bogat 등의 이름으로 소설 작품을 출간했던 로맹 가리의 자기 복수(複數)화, 혹은 변신, 가면에의 욕구, 그리고 그의 문학론, 예술론을 살펴볼 수 있는 기회를 제공한다. <양장본>","['소설/시/희곡', '프랑스소설']"
10097,새벽의 약속,김용식,김영사,0,340.0099 김65ㅅ c.4,,https://search1.kakaocdn.net/thumb/R120x174.q85/?fname=http%3A%2F%2Ft1.daumcdn.net%2Flbook%2Fimage%2F498189%3Ftimestamp%3D20240611112435,"<새들은 페루에 가서 죽다>, <자기 앞의 생>으로 잘 알려진 로맹 가리의 대표작. 야망과 열정으로 한 세상을 살다 간 로맹 가리의 삶의 비밀을 담고 있는 자서전적 소설로, 자신에게 무한한 애정을 쏟은 어머니와의 기억을 유쾌하고도 가슴 아프게 그려내고 있다. 이 책은 18년 전에 타계한 어머니에 대한 추억을 마흔네 살의 나이에 쓴 이 작품은 로맹 가리 삶의 전반 30년을 회고하는 자서전이다. 가난과 모멸을 홀로 감수하면서도 아들의 성공을 위해 애쓴 어머니를 위해 로맹 가리는 그녀의 소원대로 세계문학사에 뚜렷한 족적을 남긴 소설가가 되고, 레지옹 도뇌르 훈장을 받고, 프랑스 외교관이 되었다. 홀어머니와 단 둘이 살아가는 어린 로맹 가리의 귀엽고 아이다운 모습과 오직 아들을 위해서만 살아가는 한 어머니의 매우 특별한 아가페적 사랑이 아름다운 문체로 펼쳐진다. 또한, 로맹 가리Romain Gary, 에밀 아자르Emil Ajar, 포스코 시니발디Fosco Sinibaldi, 샤탄 보가트Shatan Bogat 등의 이름으로 소설 작품을 출간했던 로맹 가리의 자기 복수(複數)화, 혹은 변신, 가면에의 욕구, 그리고 그의 문학론, 예술론을 살펴볼 수 있는 기회를 제공한다. <양장본>","['소설/시/희곡', '프랑스소설']"
10098,학과선택의 길잡이,서울대학교. ; 학생생활연구소,서울대학교출판부,1993,372.68 서66ㅎ,8970961623,https://search1.kakaocdn.net/thumb/R120x174.q85/?fname=http%3A%2F%2Ft1.daumcdn.net%2Flbook%2Fimage%2F977287%3Ftimestamp%3D20240203163212,전공선택이라는 인생의 기로에 잇는 예비대학생들에게 미지의 학문세계에 대해 자세히 소개한 학과 선택 안내서.,"['대학교재/전문서적', '사범계열', '교육학 일반']"
10099,학과선택의 길잡이,서울대학교. ; 학생생활연구소,서울대학교출판부,1993,372.68 서66ㅎ,8970961623,https://search1.kakaocdn.net/thumb/R120x174.q85/?fname=http%3A%2F%2Ft1.daumcdn.net%2Flbook%2Fimage%2F977287%3Ftimestamp%3D20240203163212,전공선택이라는 인생의 기로에 잇는 예비대학생들에게 미지의 학문세계에 대해 자세히 소개한 학과 선택 안내서.,"['대학교재/전문서적', '사범계열', '교육학 일반']"
10100,(조정래 대하소설) 아리랑. 1,조정래,해냄,2001,813.6 조74ㅇ v.1 c.5,8973370421,https://search1.kakaocdn.net/thumb/R120x174.q85/?fname=http%3A%2F%2Ft1.daumcdn.net%2Flbook%2Fimage%2F918843%3Ftimestamp%3D20220925172719,"400만부 이상 판매되며 독자들의 뜨거운 사랑을 받은 조정래 대하소설 『아리랑』 청소년판. ‘치욕스러운 역사일수록 똑똑하게 기억해야만 한다’는 치열한 작가정신으로 쓰여진 이 작품은 일제강점기부터 1945년 8·15 광복까지 치열한 생을 살아낸 우리 할아버지, 할머니의 이야기를 담은 대작이다. 1995년 완간 이후 20년 만에 청소년을 위한 소설로 개작된 청소년판은 전태일문학상과 라가치상을 수상한 청소년 소설 작가 조호상이 3년에 걸쳐 개작하고, 《가방 들어주는 아이》의 화가 백남원이 그림을 그려 완성시킨 작품이다. 1895년 고종의 단발령 발표부터 토지조사사업으로 대표되는 농민 생존권의 위협, 백성의 안전을 도모해야 할 치안권과 경찰권 등 정부 기능을 일본에 빼앗기는 과정과 이후 일제에 의해 핍박받는 약 40년의 흐름이 10년 단위로 나뉘어 모두 4부로 구성되어 있다. 원고지 2만 매, 전 12권의 단행본으로 구성된 원작의 이야기 구조에 따라 충실히 각색하면서도 장면과 인물 묘사, 대화, 사건 전개 등을 청소년들의 눈높이에 맞게 다듬었다. 지금으로부터 110여 년 전인 1904년 8월, 김 참봉의 빚 독촉에 시달리던 감골댁은 20원을 받기로 하고 아들 방영근을 하와이 이주 일꾼으로 보낸다. 하지만 김 참봉과 대륙식민회사 장칠문의 농간에 그마저도 받지 못하고, 감골댁을 도우려고 따라나선 동네 청년 지삼출은 북받치는 울화를 참지 못하고 장칠문을 들이받는 바람에 철도 공사장 일꾼으로 차출되어 간다. 지삼출은 핍박받는 와중에서도 1895년 동학 농민 운동의 정신이 여전히 살아 있음을 온몸으로 느끼고 공사가 끝난 후 고향으로 돌아온다. 한편, 체신 업무 수행으로 부임했으나 정보요원으로 활동하며 지역의 변화나 민심을 일본 정부에 보고하는 하야가와는 조선인 중에 친일 단체 회장을 맡을 만한 인물을 선별한다. 그 결과 고을의 이방이면서도 사리사욕을 채우는 데 급급한 백종두가 명예욕에 눈이 먼 나머지 적극적으로 가담할 것을 약속한다. 하와이에 도착한 방영근은 짐승보다 못한 취급을 받으며 고된 노동으로 하루하루를 연명하고, 일하는 도중 다친 조선인이 치료를 제대로 받지 못해 죽음에 이르자, 방영근은 동료들과 함께 감독에게 항의하고 고향에서와 같이 상여를 만들어 장사를 지내어 귀향하지 못한 이의 넋을 위로하는데…….","['청소년', '청소년 문학', '청소년 소설']"
10101,(조정래 대하소설) 아리랑. 1,조정래,해냄,2001,813.6 조74ㅇ v.1 c.3,8973370421,https://search1.kakaocdn.net/thumb/R120x174.q85/?fname=http%3A%2F%2Ft1.daumcdn.net%2Flbook%2Fimage%2F918843%3Ftimestamp%3D20220925172719,"400만부 이상 판매되며 독자들의 뜨거운 사랑을 받은 조정래 대하소설 『아리랑』 청소년판. ‘치욕스러운 역사일수록 똑똑하게 기억해야만 한다’는 치열한 작가정신으로 쓰여진 이 작품은 일제강점기부터 1945년 8·15 광복까지 치열한 생을 살아낸 우리 할아버지, 할머니의 이야기를 담은 대작이다. 1995년 완간 이후 20년 만에 청소년을 위한 소설로 개작된 청소년판은 전태일문학상과 라가치상을 수상한 청소년 소설 작가 조호상이 3년에 걸쳐 개작하고, 《가방 들어주는 아이》의 화가 백남원이 그림을 그려 완성시킨 작품이다. 1895년 고종의 단발령 발표부터 토지조사사업으로 대표되는 농민 생존권의 위협, 백성의 안전을 도모해야 할 치안권과 경찰권 등 정부 기능을 일본에 빼앗기는 과정과 이후 일제에 의해 핍박받는 약 40년의 흐름이 10년 단위로 나뉘어 모두 4부로 구성되어 있다. 원고지 2만 매, 전 12권의 단행본으로 구성된 원작의 이야기 구조에 따라 충실히 각색하면서도 장면과 인물 묘사, 대화, 사건 전개 등을 청소년들의 눈높이에 맞게 다듬었다. 지금으로부터 110여 년 전인 1904년 8월, 김 참봉의 빚 독촉에 시달리던 감골댁은 20원을 받기로 하고 아들 방영근을 하와이 이주 일꾼으로 보낸다. 하지만 김 참봉과 대륙식민회사 장칠문의 농간에 그마저도 받지 못하고, 감골댁을 도우려고 따라나선 동네 청년 지삼출은 북받치는 울화를 참지 못하고 장칠문을 들이받는 바람에 철도 공사장 일꾼으로 차출되어 간다. 지삼출은 핍박받는 와중에서도 1895년 동학 농민 운동의 정신이 여전히 살아 있음을 온몸으로 느끼고 공사가 끝난 후 고향으로 돌아온다. 한편, 체신 업무 수행으로 부임했으나 정보요원으로 활동하며 지역의 변화나 민심을 일본 정부에 보고하는 하야가와는 조선인 중에 친일 단체 회장을 맡을 만한 인물을 선별한다. 그 결과 고을의 이방이면서도 사리사욕을 채우는 데 급급한 백종두가 명예욕에 눈이 먼 나머지 적극적으로 가담할 것을 약속한다. 하와이에 도착한 방영근은 짐승보다 못한 취급을 받으며 고된 노동으로 하루하루를 연명하고, 일하는 도중 다친 조선인이 치료를 제대로 받지 못해 죽음에 이르자, 방영근은 동료들과 함께 감독에게 항의하고 고향에서와 같이 상여를 만들어 장사를 지내어 귀향하지 못한 이의 넋을 위로하는데…….","['청소년', '청소년 문학', '청소년 소설']"
10102,"서른, 잔치는 끝났다",최영미,창작과비평사,1994,811.6 최64ㅅ,8936421212,https://search1.kakaocdn.net/thumb/R120x174.q85/?fname=http%3A%2F%2Ft1.daumcdn.net%2Flbook%2Fimage%2F532121%3Ftimestamp%3D20220716191103,"교과서가 없는 시대에 고투하는 젊은 영혼의 편력을 도시적 감수성으로 노래한 여류작가의 시집. 청춘과 운동,사랑과 혁명 같은 이질적 요소를 구체적 삶속에서 융합시켜 주는 시집. <너에게로 가는 길을 나는 모른다>, <위험한 여름> 등 50여편을 묶었다.","['소설/시/희곡', '시', '한국시']"
10103,20世紀,조엘 콜턴 [저] ; 한국일보타임-라이프편집부 [역],한국일보 타임-라이프,1993,909.5 콜884ㅇ,8933004106,https://search1.kakaocdn.net/thumb/R120x174.q85/?fname=http%3A%2F%2Ft1.daumcdn.net%2Flbook%2Fimage%2F4833758%3Ftimestamp%3D20250320130638,"무사히 21세기를 맞이한 인류에게 전하는 본격 과학 모험만화,<20세기 소년>이 완전판으로 돌아온다. 일반판 거의 2권 분량을 한 권으로 엮어 두꺼운 볼륨으로 찾아오는 이번 완전판은 잡지 연재 당시의 컬러까지 완전히 재현하여 팬들의 소장가치를 높일 것이다. 이미 <20세기 소년>을 봤던 독자들에게도, 처음 보는 독자들에게도 같은 감동을 줄 완전판이 될 예정. 또한 1,2권 동시 발행 기념으로 합본세트에만 작품의 큰 키워드인 <친구>모양 다용도 스티커를 증정하니 꼭 놓치지 않기를!","['만화', '본격장르만화', '추리/미스터리']"
10104,아프리카,배질 데이비드슨 [저] ; 한국일보타임-라이프편집부 [역],한국일보 타임-라이프,1993,930 데68ㅇ,893300405X,https://search1.kakaocdn.net/thumb/R120x174.q85/?fname=http%3A%2F%2Ft1.daumcdn.net%2Flbook%2Fimage%2F1252359%3Ftimestamp%3D20221108012538,"구성 : 크기(636*939), 단면 컬러 인쇄 축척 : 1:12,000,000 단면 한 장으로 제작된 아프리카 관광 여행 안내도로서 국명, 주요 도시명, 관광 명소 영문과 한글로 수록 세계 자연·문화 유산, 관광 명소, 각국의 수도는 물론 주요 도시 상세 수록","['여행', '지도', '해외 지도']"
10105,이슬람,디스먼드 스튜어트 [저] ; 한국일보타임-라이프편집부 [역],한국일보 타임-라이프,1993,918 스886ㅇ,8933004033,https://search1.kakaocdn.net/thumb/R120x174.q85/?fname=http%3A%2F%2Ft1.daumcdn.net%2Flbook%2Fimage%2F538550%3Ftimestamp%3D20221110142119,"이희수 교수의『이슬람』. 한양대학교 문화인류학 교수이자 자타가 공인하는 국내 이슬람 최고 전문가인 이희수가 33년간 이슬람 지역을 직접 발로 뛰고 연구하여 축적한 현장경험과 지식을 이 책에 담아냈다. 이슬람 종교 자체에 대한 본질적 이해부터 9·11 테러 이후 계속되고 있는 테러와 분쟁의 문제, 아랍 민주화 시위 등 민주화 투쟁과 변화의 물결이 소용돌이치는 이슬람 세계를 엿보고 9·11테러 이후 10년이 지난 지금, 이슬람 세계에 대해 사람들이 가지고 있는 편견과 오해를 살펴본다. 더불어 다양한 이슬람 문화의 무슬림들의 삶과 현실을 생생하게 그려내고, 비즈니스 수칙, 종교와 문명 사이의 공존을 위해 독자들이 꼭 알아야 할 정보만 담아 실체에 근거하여 이슬람 세계를 새롭게 들여다본다.","['역사', '세계사 일반']"
10106,비잔티움,필립 셰러드 [저] ; 한국일보타임-라이프편집부 [역],한국일보 타임-라이프,1993,920 셰294ㅂ,8933004025,https://search1.kakaocdn.net/thumb/R120x174.q85/?fname=http%3A%2F%2Ft1.daumcdn.net%2Flbook%2Fimage%2F6284393%3Ftimestamp%3D20250214153020,"세계사는 지금의 세상을 이해하는 가장‘쓸모 있는 학문’이자 재미있는 이야기의 보고(寶庫)다. TV 방송, 유튜브, 팟캐스트 등 다양한 매체를 통해 역사 이야기가 유례없는 전성기를 맞고 있다. 이런 시기에 세계사 흐름에 더없이 중요한 역할을 해내고 분기점을 마련했음에도 불구하고 서유럽 중심의 세계사에 가려져 있던 장대한 문명, 동서양이 충돌하는 문명의 용광로에 세운 천년 제국을 다룬 《비잔티움의 역사》가 출간되었다. 비잔티움 제국은 1천 년의 시간 동안 동서양이 만나는 접점에 존재했음에도 불구하고, 동서양이 이후 서로 다른 길을 걸었기 때문에 역사 속에서 쉽게 간과되곤 한다. 또한 근·현대의 정치적·경제적 발달에 기반한 서유럽 중심의 역사적 시각으로 인해 제국의 시간과 공간은 그늘에 가려져 있었다. 이 책은 비잔티움 제국에 대한 고정관념에 도전한다. 논쟁적인 질문을 던지며 비잔티움 역사의 권위자로 평가받는 저자는 기존의 비잔티움 역사서들이 주로 정치·군사 사건을 다루는 것과는 달리 사회·경제·문화까지 동등한 비중으로 다룸으로써, 고대와 근대 세계를 연결한 이 제국의 역사가 오늘날의 사람들에게 어떤 의미인지를 알려준다. 저자는 한국어판 서문에서 이렇게 밝히고 있다. “나를 감탄하게 만드는 것은 비잔티움 제국이 어떻게 나라·언어·신앙을 가리지 않고 사람들을 받아들였는지, 어떻게 거대한 위기 속에서 적응하고 살아남았는지, 한쪽 발은 고대에 두고 그 시절의 책·예술·문화를 어떻게 그리스도교 제국의 취향과 감성에 맞게 재창조했는지 하는 것들이다.” 그리스도 세계의 정점이었던 천년 제국의 탄생, 생존, 부활, 그리고 전 그리스도교 세계를 충격에 빠뜨린 콘스탄티노폴리스의 함락과 제국 몰락의 이야기는 오늘날까지 이어지는 과거를 이해하는 것은 물론, 21세기 지정학을 이해하는 데 필수적인 요소가 될 것이다.","['역사', '서양사', '비잔티움/이슬람 강성기']"
10107,古代 이집트,라이어널 캐슨 [저] ; 한국일보타임-라이프편집부 [역],한국일보 타임-라이프,1993,932.02 캐57ㄱ,8933004017,https://search1.kakaocdn.net/thumb/R120x174.q85/?fname=http%3A%2F%2Ft1.daumcdn.net%2Flbook%2Fimage%2F6222728%3Ftimestamp%3D20250110152915,"국내 최대 규모의 ‘이집트 미라전’이 주목받으며 준비되고 있고, 이집트 일주가 여행객들의 인기 여행상품으로 자리 잡는 등 북아프리카 이집트에 대한 대중적 관심이 점차 높아지고 있다. 이런 가운데 4대 문명의 정점인 고대 이집트에 관한 모든 것을 쉽고 친절하게 한 권으로 정리 해설한 입문서가 국내에서 출간되었다. 기존에 출간된 고대 이집트 도서들이 주로 아동서였던 것에 반해, 이 책은 청소년부터 어른에 이르기까지 폭넓은 독자층을 대상으로 한 본격 입문서이다. 특히 이 책에 담겨 있는 세밀하고 사실적인 일러스트는 고대 이집트에 대한 지식을 시각적으로 상세히 전달하면서 마치 이집트 전시회를 둘러보는 듯한 흥미로움과 현장감을 제공한다.","['역사', '아프리카/오세아니아사', '선사~근대사']"
10108,近代 유럽,새뮤얼 C 버첼 [저] ; 한국일보타임-라이프편집부 [역],한국일보 타임-라이프,1993,920.4 버83ㄱ,893300310X,https://search1.kakaocdn.net/thumb/R120x174.q85/?fname=http%3A%2F%2Ft1.daumcdn.net%2Flbook%2Fimage%2F1087078%3Ftimestamp%3D20190126181920,"세상을 바꾼 400년의 시간 『유럽은 어떻게 세계를 지배했는가』. 저자 후쿠이 노리히코는 근대 유럽의 패권이 가진 빛과 그림자를 ‘앞으로 우리는 어떻게 살아야 하는가?’라는 문제의식에서 출발하여 논한다. 16세기부터 20세기 전반까지의 긴 기간에 걸쳐 근대 유럽의 패권이 성립한 과정과 그 붕괴에 대해 살펴본다. 특정 인물이나 국가가 아닌, 근대 유럽사 전체를 조망함으로써 다채롭고 유기적으로 전개된 당시 상황을 흥미롭게 전달한다. 이 책은 ‘대항해 시대’부터 시작된 근대 유럽의 흥망성쇠를 정치, 사회, 문화, 경제적인 측면에서 다각도로 분석한다. 대항해 시대로 시작된 글로벌화가 부를 재편성하고 권력의 중심을 이동시키면서 기존의 신분 질서가 어떻게 무너졌는지, 중세에 막강한 힘을 발휘하던 종교의 권위가 어떻게 약해졌는지, 유럽 각국에서 계몽사상이 태동한 배경은 물론 프랑스혁명을 비롯하여, 세계를 뒤흔든 독립혁명의 물결이 퍼져나간 과정 등을 상세히 기술한다.","['역사', '서양사', '서양근현대사']"
10109,로마 帝國,모지스 해더스 [저] ; 한국일보타임-라이프편집부 [역],한국일보 타임-라이프,1993,922 해24ㄹ,8933003029,https://search1.kakaocdn.net/thumb/R120x174.q85/?fname=http%3A%2F%2Ft1.daumcdn.net%2Flbook%2Fimage%2F1087015%3Ftimestamp%3D20221025130337,"『결코 사라지지 않는 로마, 신성로마제국』은 '신성로마제국은 무엇인가?'라는 물음과 함께 독일을 중심으로 유럽의 역사를 개괄하고 있다. 독일, 오스트리아, 이탈리아, 체코, 스위스, 벨기에, 네덜란드에 이르는 드럽은 영토 위에서 탄생한 신성로마제국. 멸망한 서로마제국을 정식으로 계승한 신성로마제국은 유럽인의 고대 로마에 대한 동경과 거대한 영토에 대한 열망을 그대로 반영하고 있다. 유럽 제국주의와 유럽 연합의 모태가 된 환상의 제국은 실익과 명분을 유지하기 위해 어떤 정책을 취했을는 살펴본다.","['역사', '서양사', '로마사']"
10110,古代 그리스,C.M. 보라 [저] ; 한국일보타임-라이프편집부 [역],한국일보 타임-라이프,1993,921 보292ㄱ,8933003010,https://search1.kakaocdn.net/thumb/R120x174.q85/?fname=http%3A%2F%2Ft1.daumcdn.net%2Flbook%2Fimage%2F1544518%3Ftimestamp%3D20240504113630,"그리스 문화를 꽃피운 고대 그리스인들은 전혀 다른 색채감각과 시각으로 자연을 바라보고 신전을 채색했다. 고대 그리스인들은 색채를 표현할 때도 사물의 겉이나 표면적인 색깔이 아니라 질감이나 그것 자체가 가진 성질을 나타냈다. 우리 머릿속에 떠오르는 그리스 미술의 색채는 유럽인들의 손에 의해 색이 바라고 변화된 모습이다. 유럽인들은 고대 그리스를 이상적인 모습으로 인정하고 그리스 문명을 자신들의 공통적인 뿌리로 생각했다. 도시, 민주정, 자유, 질서, 이성… 근대의 유럽인이 문명으로 인정한 것들의 대부분은 고대 그리스로부터 출발되었다. 『그리스 신들은 왜 종교가 되지 못했나』는 이러한 고대 그리스인들의 문화, 그들이 믿었던 신과 신화를 현대인의 시각에서 다시 복원해본다.","['역사', '서양사', '서양고대사']"
10111,새벽의 약속,김용식,김영사,0,340.0099 김65ㅅ,,https://search1.kakaocdn.net/thumb/R120x174.q85/?fname=http%3A%2F%2Ft1.daumcdn.net%2Flbook%2Fimage%2F498189%3Ftimestamp%3D20240611112435,"<새들은 페루에 가서 죽다>, <자기 앞의 생>으로 잘 알려진 로맹 가리의 대표작. 야망과 열정으로 한 세상을 살다 간 로맹 가리의 삶의 비밀을 담고 있는 자서전적 소설로, 자신에게 무한한 애정을 쏟은 어머니와의 기억을 유쾌하고도 가슴 아프게 그려내고 있다. 이 책은 18년 전에 타계한 어머니에 대한 추억을 마흔네 살의 나이에 쓴 이 작품은 로맹 가리 삶의 전반 30년을 회고하는 자서전이다. 가난과 모멸을 홀로 감수하면서도 아들의 성공을 위해 애쓴 어머니를 위해 로맹 가리는 그녀의 소원대로 세계문학사에 뚜렷한 족적을 남긴 소설가가 되고, 레지옹 도뇌르 훈장을 받고, 프랑스 외교관이 되었다. 홀어머니와 단 둘이 살아가는 어린 로맹 가리의 귀엽고 아이다운 모습과 오직 아들을 위해서만 살아가는 한 어머니의 매우 특별한 아가페적 사랑이 아름다운 문체로 펼쳐진다. 또한, 로맹 가리Romain Gary, 에밀 아자르Emil Ajar, 포스코 시니발디Fosco Sinibaldi, 샤탄 보가트Shatan Bogat 등의 이름으로 소설 작품을 출간했던 로맹 가리의 자기 복수(複數)화, 혹은 변신, 가면에의 욕구, 그리고 그의 문학론, 예술론을 살펴볼 수 있는 기회를 제공한다. <양장본>","['소설/시/희곡', '프랑스소설']"
10112,오리진,"리키,리차드",학원사,1993,331.5 리298ㅇ c.2,,https://search1.kakaocdn.net/thumb/R120x174.q85/?fname=http%3A%2F%2Ft1.daumcdn.net%2Flbook%2Fimage%2F792858%3Ftimestamp%3D20240523112628,"세상의 모든 것은 어떻게 시작되었을까? 이 책은 빅뱅에서 생명의 비밀까지 우주, 지구, 생명, 그 모든 것의 시작을 흥미롭게 탐색하고 있다. 초끈 이론을 포함한 거의 모든 최신 우주론을 쉽고 흥미로우면서도 상세하게 설명하고 있어 우주 이야기의 일반적인 개론서로 적합하다. 미국 아마존 선정 2004년 과학 부분 최고의 책. 암흑물질, 암흑에너지, 대폭발(빅뱅), 반(反)물질, 새로운 외계 행성의 발견, 우주의 크기, 지구 생명체의 기원, 외계 생명체의 탐사, 시공간의 수수께끼, 다중우주의 가능성 등 이 책이 다루는 주제들은 우주의 경이로움과 비밀을 풀기 위한 여러 과학 분야의 최신 이론들을 망라한다. 천체물리학은 물론 생물학, 화학, 지질학 등 여러 학문이 일궈낸 새로운 통찰을 집대성하여 거대한 우주의 기원에 관한 미스터리를 풀어헤친다. 지금까지 인간의 기원은 영장류와 관련지어 생각되었다. 그러나 이 책에서 독자들은 인류의 기원을 별빛과 관련지어 생각하는 법을 배우게 된다. 수십억 년의 세월을 거슬러 올라가는 별의 폭발로 인해 우주 공간에 흩어진 화학적 요소들과 관련지어 인류의 기원을 생각하게 될 것이다.","['과학', '천문학', '우주과학']"
10113,오리진,"리키,리차드",학원사,1993,331.5 리298ㅇ,,https://search1.kakaocdn.net/thumb/R120x174.q85/?fname=http%3A%2F%2Ft1.daumcdn.net%2Flbook%2Fimage%2F792858%3Ftimestamp%3D20240523112628,"세상의 모든 것은 어떻게 시작되었을까? 이 책은 빅뱅에서 생명의 비밀까지 우주, 지구, 생명, 그 모든 것의 시작을 흥미롭게 탐색하고 있다. 초끈 이론을 포함한 거의 모든 최신 우주론을 쉽고 흥미로우면서도 상세하게 설명하고 있어 우주 이야기의 일반적인 개론서로 적합하다. 미국 아마존 선정 2004년 과학 부분 최고의 책. 암흑물질, 암흑에너지, 대폭발(빅뱅), 반(反)물질, 새로운 외계 행성의 발견, 우주의 크기, 지구 생명체의 기원, 외계 생명체의 탐사, 시공간의 수수께끼, 다중우주의 가능성 등 이 책이 다루는 주제들은 우주의 경이로움과 비밀을 풀기 위한 여러 과학 분야의 최신 이론들을 망라한다. 천체물리학은 물론 생물학, 화학, 지질학 등 여러 학문이 일궈낸 새로운 통찰을 집대성하여 거대한 우주의 기원에 관한 미스터리를 풀어헤친다. 지금까지 인간의 기원은 영장류와 관련지어 생각되었다. 그러나 이 책에서 독자들은 인류의 기원을 별빛과 관련지어 생각하는 법을 배우게 된다. 수십억 년의 세월을 거슬러 올라가는 별의 폭발로 인해 우주 공간에 흩어진 화학적 요소들과 관련지어 인류의 기원을 생각하게 될 것이다.","['과학', '천문학', '우주과학']"
10114,잠 못 이루는 밤을 위하여,칼 힐티 [지음] ; 이명성 [옮김],홍신문화사,1994,234.3 힐888ㅈ이 c.2,8970551115,https://search1.kakaocdn.net/thumb/R120x174.q85/?fname=http%3A%2F%2Ft1.daumcdn.net%2Flbook%2Fimage%2F962114%3Ftimestamp%3D20230905194758,이 책은 일반 독자들이 편안히 읽을 수 있는 에세이집이다.,"['인문학', '교양 인문학']"
10115,잠 못 이루는 밤을 위하여,칼 힐티 [지음] ; 이명성 [옮김],홍신문화사,1994,234.3 힐888ㅈ이,8970551115,https://search1.kakaocdn.net/thumb/R120x174.q85/?fname=http%3A%2F%2Ft1.daumcdn.net%2Flbook%2Fimage%2F962114%3Ftimestamp%3D20230905194758,이 책은 일반 독자들이 편안히 읽을 수 있는 에세이집이다.,"['인문학', '교양 인문학']"
10116,자유로부터의 도피,에리히 프롬 [지음] ; 지경자 [옮김],홍신문화사,1995,331.1 프64ㅈ c.2,8970551255,https://search1.kakaocdn.net/thumb/R120x174.q85/?fname=http%3A%2F%2Ft1.daumcdn.net%2Flbook%2Fimage%2F786574%3Ftimestamp%3D20210804195349,"자유의 심리학적 측면을 분석하다『자유로부터의 도피』. 《소유냐, 존재냐》,《사랑의 기술》 등을 통해 수많은 독자를 확보하고 있는 철학자이자 심리학자인 에리히 프롬의《자유로부터의 도피》가 번역가 김석희를 만나 더 정확하고 유려한 번역으로 새로 태어났다. 저자는 인류가 자유에 내재해 있는 위험과 책임을 참고 견딜 수 없다면 아마 권위주의에 의지하게 될 것이라고 충고한다. 이 책은 중세 사회의 붕괴로 생겨난 인간의 불안이라는 현상을 분석하여, 현대인의 정신적 상황에 대한 통찰을 제시한다. 이를 통해 근대 사회를 이루는 세력에 밝은 빛을 던지고 권위주의체제가 생겨나는 원인을 깊게 들여다본다.","['인문학', '심리학/정신분석학', '정신분석학']"
10117,자유로부터의 도피,에리히 프롬 [지음] ; 지경자 [옮김],홍신문화사,1995,331.1 프64ㅈ,8970551255,https://search1.kakaocdn.net/thumb/R120x174.q85/?fname=http%3A%2F%2Ft1.daumcdn.net%2Flbook%2Fimage%2F786574%3Ftimestamp%3D20210804195349,"자유의 심리학적 측면을 분석하다『자유로부터의 도피』. 《소유냐, 존재냐》,《사랑의 기술》 등을 통해 수많은 독자를 확보하고 있는 철학자이자 심리학자인 에리히 프롬의《자유로부터의 도피》가 번역가 김석희를 만나 더 정확하고 유려한 번역으로 새로 태어났다. 저자는 인류가 자유에 내재해 있는 위험과 책임을 참고 견딜 수 없다면 아마 권위주의에 의지하게 될 것이라고 충고한다. 이 책은 중세 사회의 붕괴로 생겨난 인간의 불안이라는 현상을 분석하여, 현대인의 정신적 상황에 대한 통찰을 제시한다. 이를 통해 근대 사회를 이루는 세력에 밝은 빛을 던지고 권위주의체제가 생겨나는 원인을 깊게 들여다본다.","['인문학', '심리학/정신분석학', '정신분석학']"
10118,이것이냐 저것이냐,S.A. 키에르케고르,홍신문화사,1993,163.7 키297ㅇ c.5,8970551263,https://search1.kakaocdn.net/thumb/R120x174.q85/?fname=http%3A%2F%2Ft1.daumcdn.net%2Flbook%2Fimage%2F962127%3Ftimestamp%3D20190126061054,"이 책은 일반 독자층을 대상으로 한 책으로, 전문적인 내용을 비전공인 일반 독자들도 쉽게 이해할 수 있도록 풀어쓴 교양 도서이다.","['인문학', '서양철학', '고대철학', '고대철학 일반']"
10119,이것이냐 저것이냐,S.A. 키에르케고르,홍신문화사,1993,163.7 키297ㅇ c.4,8970551263,https://search1.kakaocdn.net/thumb/R120x174.q85/?fname=http%3A%2F%2Ft1.daumcdn.net%2Flbook%2Fimage%2F962127%3Ftimestamp%3D20190126061054,"이 책은 일반 독자층을 대상으로 한 책으로, 전문적인 내용을 비전공인 일반 독자들도 쉽게 이해할 수 있도록 풀어쓴 교양 도서이다.","['인문학', '서양철학', '고대철학', '고대철학 일반']"
10120,이것이냐 저것이냐,S.A. 키에르케고르,홍신문화사,1993,163.7 키297ㅇ c.3,8970551263,https://search1.kakaocdn.net/thumb/R120x174.q85/?fname=http%3A%2F%2Ft1.daumcdn.net%2Flbook%2Fimage%2F962127%3Ftimestamp%3D20190126061054,"이 책은 일반 독자층을 대상으로 한 책으로, 전문적인 내용을 비전공인 일반 독자들도 쉽게 이해할 수 있도록 풀어쓴 교양 도서이다.","['인문학', '서양철학', '고대철학', '고대철학 일반']"
10121,도덕경(노자),노태준 [역해],홍신문화사,1993,152.222 노883ㄷ c.2,8970550127,https://search1.kakaocdn.net/thumb/R120x174.q85/?fname=http%3A%2F%2Ft1.daumcdn.net%2Flbook%2Fimage%2F962037%3Ftimestamp%3D20230201175848,"이 책은 일반 독자층을 대상으로 한 책으로, 전문적인 내용을 비전공인 일반 독자들도 쉽게 이해할 수 있도록 풀어쓴 교양 도서이다.","['인문학', '동양철학', '중국철학']"
10122,포우 단편선,"포우, 에드가 알랜 [저] ; 김병철 [옮김]",범우사,1993,843 포66ㅍ김 c.3,,https://search1.kakaocdn.net/thumb/R120x174.q85/?fname=http%3A%2F%2Ft1.daumcdn.net%2Flbook%2Fimage%2F389513%3Ftimestamp%3D20221025144333,미국의 문인 에드거 앨런 포우의 단편을 엮은 책이다.,"['외국어', '영어독해']"
10123,포우 단편선,"포우, 에드가 알랜 [저] ; 김병철 [옮김]",범우사,1993,843 포66ㅍ김 c.2,,https://search1.kakaocdn.net/thumb/R120x174.q85/?fname=http%3A%2F%2Ft1.daumcdn.net%2Flbook%2Fimage%2F389513%3Ftimestamp%3D20221025144333,미국의 문인 에드거 앨런 포우의 단편을 엮은 책이다.,"['외국어', '영어독해']"
10124,포우 단편선,"포우, 에드가 알랜 [저] ; 김병철 [옮김]",범우사,1993,843 포66ㅍ김,,https://search1.kakaocdn.net/thumb/R120x174.q85/?fname=http%3A%2F%2Ft1.daumcdn.net%2Flbook%2Fimage%2F389513%3Ftimestamp%3D20221025144333,미국의 문인 에드거 앨런 포우의 단편을 엮은 책이다.,"['외국어', '영어독해']"
10125,한중록,혜경궁홍씨,汎友社,1988,813.5 혜14ㅎ c.2,,https://search1.kakaocdn.net/thumb/R120x174.q85/?fname=http%3A%2F%2Ft1.daumcdn.net%2Flbook%2Fimage%2F528065%3Ftimestamp%3D20231107172338,"사도세자의 빈궁이며정조의 어머니인 혜경궁 홍씨가 60 평생의 한 많은 이야기를 적은 책. 섬세하고 아담한 궁중체의 문장, 우아한 문체 속에 등장 인물의 성격을 선명하게 그려낸 점등으로 한국 산문 문학의 정수로 평가되기도 한다. 높은 사료적 가치 등으로 <인현왕후전>과 함께 궁중 문학의 쌍벽을 이루는 작품.","['소설/시/희곡', '우리나라 옛글', '산문']"
10126,어머니가 가르쳐 준 노래,최인호,문예출판사,2001,813.6 최68ㅇㅁ c.2,893100091X,https://search1.kakaocdn.net/thumb/R120x174.q85/?fname=http%3A%2F%2Ft1.daumcdn.net%2Flbook%2Fimage%2F477048%3Ftimestamp%3D20230219140807,"어머니에 대한 그리움이 절절히 묻어나는 사모곡. 무식하고 난쟁이처럼 키가 작아 볼품없는 어머니, 툭하면 동네 사람들과 천박스럽게 싸우는 어머니, 그러나 자식을 위해서라면 아까울 것도 두려울 것도 없는 어머니는 남의 집 꽃밭에 핀 꽃들에 감탄할 줄 알고 자식의 성격을 꼭꼭 집어낼 줄 안다. 돌아가신 후에야 그 사랑이 얼마나 큰지, 어떤 의미를 담고 있었는지를 깨닫고 아쉬워하는 저자는, 어머니는 영원히 죽지 않는다는 말로 어머니를 마음에 깊이 새겨두었음을 표현한다.","['에세이', '한국에세이']"
10127,어머니가 가르쳐 준 노래,최인호,문예출판사,2001,813.6 최68ㅇㅁ,893100091X,https://search1.kakaocdn.net/thumb/R120x174.q85/?fname=http%3A%2F%2Ft1.daumcdn.net%2Flbook%2Fimage%2F477048%3Ftimestamp%3D20230219140807,"어머니에 대한 그리움이 절절히 묻어나는 사모곡. 무식하고 난쟁이처럼 키가 작아 볼품없는 어머니, 툭하면 동네 사람들과 천박스럽게 싸우는 어머니, 그러나 자식을 위해서라면 아까울 것도 두려울 것도 없는 어머니는 남의 집 꽃밭에 핀 꽃들에 감탄할 줄 알고 자식의 성격을 꼭꼭 집어낼 줄 안다. 돌아가신 후에야 그 사랑이 얼마나 큰지, 어떤 의미를 담고 있었는지를 깨닫고 아쉬워하는 저자는, 어머니는 영원히 죽지 않는다는 말로 어머니를 마음에 깊이 새겨두었음을 표현한다.","['에세이', '한국에세이']"
10128,나는 소망한다 내게 금지된 것을,양귀자 ,살림,1994,813.6 양16ㄴ,,https://search1.kakaocdn.net/thumb/R120x174.q85/?fname=http%3A%2F%2Ft1.daumcdn.net%2Flbook%2Fimage%2F4926503%3Ftimestamp%3D20240907130440,"1992년 초판이 나오자마자 페미니즘 논란과 함께 화제의 중심에 오른 양귀자의 장편소설 『나는 소망한다 내게 금지된 것을』. 저자가 펴낸 두 번째 장편소설로, 젊은 여성이 인기 남자배우를 납치해 감금하고 조종하는 이야기를 담고 있다. 여성 억압의 현실을 고스란히 뒤집어 학대당하고 조련당하는 남성을 보여주는, 앞선 페미니즘 소설에서는 전혀 볼 수 없었던 공격적인 방법으로 우리 사회에 만연한 성의 불평등 문제를 제기하면서 처음부터 소설의 흡인력을 최대치로 높였다.","['소설/시/희곡', '한국소설', '2000년대 이전 한국소설']"
10129,천문학 이야기,이충호,동아출판사,1993,440 이85ㅊ,,https://search1.kakaocdn.net/thumb/R120x174.q85/?fname=http%3A%2F%2Ft1.daumcdn.net%2Flbook%2Fimage%2F6280514%3Ftimestamp%3D20241127154003,"“이것이 인류 최초의 블랙홀 사진입니다.” 2019년 4월 10일, 사건 지평선 망원경(Event Horizon Telescope) 연구팀이 브뤼셀의 한 기자회견장에서 실제 블랙홀 사진을 공개하는 순간 곧바로 박수갈채가 쏟아졌다. 천문학자들은 물론이고 전 세계 수백만 명이 생방송으로 지켜봤고, 불과 몇 시간 만에 약 40억 명이 이 사진을 보았다. 지구 전역에 세워진 전파망원경 여덟 개를 연결한 사건 지평선 망원경이 지구로부터 5해 2,000경 킬로미터 떨어진 은하 M87에 초점을 맞춘 다음, 그 중심부에 있는 블랙홀의 사진을 촬영했다. 이 촬영으로 우주에서 빛나는 도넛처럼 보이는 오렌지색과 노란색이 섞인 반지 사진을 얻은 것이다. 이 사진이 세계의 모든 과학자들을 들뜨게 만든 이유는 그동안 가상의 시뮬레이션으로만 추정했던 블랙홀이 진짜로 존재한다는 것을 깔끔하게 증명하는 데다, 일반상대성이론이 예측한 블랙홀의 형태와 실제가 일치한다는 것을 밝혀냈기 때문이다. 그만큼 2019년 4월 10일은 인류의 천문학사에서 가장 기념비적인 날 중 하루였다. 스티븐 호킹이 ‘호킹 복사’를 예측한 지 50년 만에 이룬 쾌거였으며, 아인슈타인이 ‘일반상대성이론’을 발표한 지 100년 만에 밝혀낸 업적이었다. 좀 더 과거로 가면 아이작 뉴턴의 고전물리학에 대해 후세대 학자들이 300년 만에 응답한 성취였으며, 400년 전 지동설을 주장했던 케플러와 갈릴레오 갈릴레이가 경악을 금치 못할 과학사의 진보였다. 어디 그뿐인가. 별하늘에 대한 인간의 호기심 역사는 기원전에 활동한 탈레스나 엠페도클레스 같은 고대 그리스 학자들까지 거슬러 올라간다. 이토록 천문학은 인류 역사에서 가장 오래된 과학 중 하나이며, 그 시간만큼이나 우리가 파고들수록 흥미로움이 가득한 학문이다. 어려운 과학에 재미를 불어넣기로 정평이 난 과학교사 팀 제임스는 ‘형언할 수 없이 신비로운 우주의 시공간’으로 우리를 안내한다. 아인슈타인의 상대성이론과 양자역학을 비롯해 천체물리학과 우주론 등을 동원해 경이롭기 그지없는 우주의 세계에 흠뻑 빠지게 만든다. 분광학이니, 중력파니, 우주복사니, 끈 이론이니 하는 어려운 말들이 나와도 걱정할 필요 없다. 그 특유의 입담으로 술술 풀어주니 누구나 이해할 수 있기 때문이다. 자, 이제 그 신비하고도 기묘한 세계로 들어가 보자.","['과학', '천문학', '천문학/별자리/역법']"
10130,코스모스,칼 세이건 [지음] ; 서광운 [옮김],학원사,1993,443.1 세68ㅋ c.2,8919020019,https://search1.kakaocdn.net/thumb/R120x174.q85/?fname=http%3A%2F%2Ft1.daumcdn.net%2Flbook%2Fimage%2F541092%3Ftimestamp%3D20240718113135,"소설이라기보다는 ‘소설인 듯 보이는’ 독특한 종류의 소설『코스모스』. 인간의 의식과 무의식을 그로테스크한 환상의 세계로 펼쳐 낸 비톨트 곰브로비치의 마지막 작품이다. 곰브로비치 자신이 “스스로 스토리가 만들어지는 과정을 보여 주는 소설”이라 정의하기도 했던 이 작품은, 작가 자신과 이름이 같은 주인공이 마주하는 그로테스크한 상황과 사람들, 그로부터 생겨나는 기묘한 감정들을 묘사하면서 20세기 사상들을 반영하고 또 동시에 해체하는 철학 소설이다. 화자인 ‘나’(곰브로비치와 마찬가지로 이름이 ‘비톨트’이다.)는 푹스와 함께 자코파네라는 한적한 곳의 외딴 집에서 하숙을 하게 된다. 특별한 점이라고는 찾아볼 수 없는 곳이지만 비톨트의 눈에는 모든 것이 낯설고 기이해 보인다. 숲에서 발견한 목매달린 참새와 집주인 레온의 딸 레나의 새하얀 다리, 하녀 카타시아의 윗입술에 난 상처는 점점 그의 무의식 속으로 스며들어 그를 불안하게 한다. 비톨트의 편집증과 불안은 시간이 흐를수록 그를 사로잡고, 그의 무의식은 조금씩 균열되기 시작하며, 결국 머릿속에서 나와 행동으로 이어지는 지경에 이르는데…….","['소설/시/희곡', '세계의 소설', '동유럽소설']"
10131,코스모스,칼 세이건 [지음] ; 서광운 [옮김],학원사,1993,443.1 세68ㅋ,8919020019,https://search1.kakaocdn.net/thumb/R120x174.q85/?fname=http%3A%2F%2Ft1.daumcdn.net%2Flbook%2Fimage%2F541092%3Ftimestamp%3D20240718113135,"소설이라기보다는 ‘소설인 듯 보이는’ 독특한 종류의 소설『코스모스』. 인간의 의식과 무의식을 그로테스크한 환상의 세계로 펼쳐 낸 비톨트 곰브로비치의 마지막 작품이다. 곰브로비치 자신이 “스스로 스토리가 만들어지는 과정을 보여 주는 소설”이라 정의하기도 했던 이 작품은, 작가 자신과 이름이 같은 주인공이 마주하는 그로테스크한 상황과 사람들, 그로부터 생겨나는 기묘한 감정들을 묘사하면서 20세기 사상들을 반영하고 또 동시에 해체하는 철학 소설이다. 화자인 ‘나’(곰브로비치와 마찬가지로 이름이 ‘비톨트’이다.)는 푹스와 함께 자코파네라는 한적한 곳의 외딴 집에서 하숙을 하게 된다. 특별한 점이라고는 찾아볼 수 없는 곳이지만 비톨트의 눈에는 모든 것이 낯설고 기이해 보인다. 숲에서 발견한 목매달린 참새와 집주인 레온의 딸 레나의 새하얀 다리, 하녀 카타시아의 윗입술에 난 상처는 점점 그의 무의식 속으로 스며들어 그를 불안하게 한다. 비톨트의 편집증과 불안은 시간이 흐를수록 그를 사로잡고, 그의 무의식은 조금씩 균열되기 시작하며, 결국 머릿속에서 나와 행동으로 이어지는 지경에 이르는데…….","['소설/시/희곡', '세계의 소설', '동유럽소설']"
10132,누구를 위하여 종은 울리나,헤밍웨이 [지음] ; 박진석 외[옮김],학원출판공사,1987,808 세14 v.35,,https://search1.kakaocdn.net/thumb/R120x174.q85/?fname=http%3A%2F%2Ft1.daumcdn.net%2Flbook%2Fimage%2F389808%3Ftimestamp%3D20221025144248,"근래에 들어와 듣고 말하기의 필요성이 부쩍 강조되고 있지만 실상 영어의 기본은 읽기에 있다. 영문 해독이 서투르다면 듣고 말하기를 제대로 할 수 없을 것이다. 단어와 관용구, 그리고 문법을 실제 영문을 통해서 익히는 가운데 독해력을 길러야 듣고 말하기도 수월해지는 것이다. 본 시리즈는 문학, 철학, 역사, 예술, 전기 등 광범한 분야의 세계명작을 통해 영어학도들이 독해력을 기르고, 아울러 현대 지성인으로서 소양을 쌓을 수 있도록 기획한 것이다. 영한대역문고 시리즈 24 『누구를 위하여 종은 울리나』","['외국어', '영어독해']"
10133,인간의 굴레,모옴 [지음] ; 조용만 [옮김],학원출판공사,1987,808 세14 v.34,,https://search1.kakaocdn.net/thumb/R120x174.q85/?fname=http%3A%2F%2Ft1.daumcdn.net%2Flbook%2Fimage%2F389550%3Ftimestamp%3D20190122204816,영국의 작가 섬머싯 몸의 대표적인 장편소설 '인간의 굴레'. 영문과 한글 번역본을 모두 담았다.,"['외국어', '영어독해']"
10134,난장이가 쏘아올린 작은공,조세희,이성과 힘,2000,813.6 조54ㄴ,9789000000000,https://search1.kakaocdn.net/thumb/R120x174.q85/?fname=http%3A%2F%2Ft1.daumcdn.net%2Flbook%2Fimage%2F1436563%3Ftimestamp%3D20240314112335,"난장이로 상징되는 못 가진 자와 거인으로 상징되는 가진 자 사이의 대립적 세계관을 바탕으로 우리시대의 불행과 행운, 질곡과 신생의 역설을 고스란히 보여주는 조세희의 연작소설 『난장이가 쏘아 올린 작은 공』. 1978년 초판을 발행한 이후, 최인훈의 광장과 더불어 100쇄를 넘어선 작품이다. 저자는 왜소하고 병신스런 모습의 '난장이'를 통해 산업시대에 접어든 우리 사회의 허구와 병리를 적나라하게 폭로하면서 사람이 사람답게 살아야 할 꿈과 자유에의 열망을 보여준다. 표지는 판화가 이철수 씨의 판화로 꾸몄다.","['소설/시/희곡', '한국소설', '2000년대 이전 한국소설']"
10135,파우스트,요한 볼프강 폰 괴테 [지음] ; 박석일 [옮김],범한,1986,852 괴884ㅍ박,,https://search1.kakaocdn.net/thumb/R120x174.q85/?fname=http%3A%2F%2Ft1.daumcdn.net%2Flbook%2Fimage%2F528078%3Ftimestamp%3D20231017153321,"인간의 선과 악, 신과 구원의 문제를 다룬 독일 고전주의 문학의 금자탑. 독일문학의 거장 괴테가 16, 17세기의 전설과 민중소설을 바탕으로 인간이 외적인 속박에서 벗어나 자기 의욕을 마음껏 실현할 수 있다면 어떤 결과에 도달하는 가를 탐구, 신의 용서와 여성에 의한 구원 등을 표현했다. 학문과 지식의 한계에 절망한 학자 파우스트는 악마 메피스토펠레스에 의해 현세적 욕망과 쾌락을 알게 되어 죄의 구렁텅이에 빠져드는데...","['소설/시/희곡', '희곡', '외국희곡']"
10136,파우스트,요한 볼프강 폰 괴테 [지음] ; 박석일 [옮김],범한,1986,852,,https://search1.kakaocdn.net/thumb/R120x174.q85/?fname=http%3A%2F%2Ft1.daumcdn.net%2Flbook%2Fimage%2F528078%3Ftimestamp%3D20231017153321,"인간의 선과 악, 신과 구원의 문제를 다룬 독일 고전주의 문학의 금자탑. 독일문학의 거장 괴테가 16, 17세기의 전설과 민중소설을 바탕으로 인간이 외적인 속박에서 벗어나 자기 의욕을 마음껏 실현할 수 있다면 어떤 결과에 도달하는 가를 탐구, 신의 용서와 여성에 의한 구원 등을 표현했다. 학문과 지식의 한계에 절망한 학자 파우스트는 악마 메피스토펠레스에 의해 현세적 욕망과 쾌락을 알게 되어 죄의 구렁텅이에 빠져드는데...","['소설/시/희곡', '희곡', '외국희곡']"
10137,音樂大事典,세광음악출판사사전편찬위원회 [편저],세광음악,1988,R 670.3 세15ㅇ,,https://search1.kakaocdn.net/thumb/R120x174.q85/?fname=http%3A%2F%2Ft1.daumcdn.net%2Flbook%2Fimage%2F351153%3Ftimestamp%3D20240122201524,"이 책은 1974년 이후의 음악 세계의 변이를 정확하게 수록한, 음악에 관련된 자료가 총망라된 음악의 보고(寶庫)이다","['예술/대중문화', '예술/대중문화의 이해', '예술전문사전']"
10138,Jane Eyre,Charlotte Bronte,The New American Library,1960,843 B869j c.2,,https://search1.kakaocdn.net/thumb/R120x174.q85/?fname=http%3A%2F%2Ft1.daumcdn.net%2Flbook%2Fimage%2F2986400%3Ftimestamp%3D20230718190744,"With the perennial popularity of classic writers like Charlotte Bront? and Lewis Carroll, Baby Lit™ is a fashionable way to introduce your toddler to the world of classic literature. With clever, simple text by Jennifer Adams, paired with stylish design and illustrations by Sugar’s Alison Oliver, Little Miss Bront? is a must for every savvy parent’s nursery library. Jennifer Adams is the author of a dozen books including Remarkably Jane: Notable Quotations on Jane Austen and the popular Y Is for Yorick: A Slightly Irreverent ABC Book for Grown-Ups. Jennifer works as a writer and editor in Salt Lake City. Alison Oliver runs Sugar Design studio. Alison’s design portfolio includes everything from logos to packaging and product design for clients such as Chronicle Books, Citibabes, Aerie, as well as Gibbs Smith. She lives in Manhattan. A series of board books for brilliant babies BabyLit? artwork ? Alison Oliver","['어린이', '개념 학습', '알파벳/숫자']"
10139,(The)Mayor of Casterbridge,Thomas Hardy ; James K. Robinson,W.W.Norton & Company,1977,843 H272m,393044599,https://search1.kakaocdn.net/thumb/R120x174.q85/?fname=http%3A%2F%2Ft1.daumcdn.net%2Flbook%2Fimage%2F3110107%3Ftimestamp%3D20230918212410," 이 책은 영어로 구성되어 있습니다. ELT 학습자를 위한 「Penguin Readers」 Level 5 『The Mayor of Casterbridge』. ELT 전문가가 소설, 경제, 과학, 영화, 그리고 인물 등 다양한 장르의 텍스트를 단순화하여 단계별 접근 방식으로 제공한다. 즐거움을 위한 독서의 기쁨을 누리게 해주고 있다. 특히 Upper-Intermediate 단계인 Level 5에서는 2300개의 Headwords를 다룬다. 어휘와 문법을 향상시키면서 이해력을 증진시켜주고 있다. ※ 펭귄 리더스가 피어슨 잉글리시 리더스로 변경됨에 따라, 표지가 상이한 도서를 수령하실 수 있습니다. (표지 외 내용은 기존과 동일)","['ELT/어학/사전', '리더스', 'ELT 단계별 리더스']"
10140,(The)Return of the Native,Thomas Hardy ; James Gindin [ed.],W.W.Norton & Company,1969,843 H273r,393043002,https://search1.kakaocdn.net/thumb/R120x174.q85/?fname=http%3A%2F%2Ft1.daumcdn.net%2Flbook%2Fimage%2F4829151%3Ftimestamp%3D20250402110355,"'Do I desire unreasonably much in wanting what is called life - music, poetry, passion, war, and all the beating and pulsing that is going on in the great arteries of the world?'Tempestuous Eustacia Vye passes her days dreaming of passionate love and the escape it may bring from the small community of Egdon Heath. Hearing that Clym Yeobright is to return from Paris, she sets her heart on marrying him, believing that through him she can leave rural life and find fulfilment elsewhere. But she is to be disappointed, for Clym has dreams of his own, and they have little in common with Eustacia's. Their unhappy marriage causes havoc in the lives of those close to them, in particular Damon Wildeve, Eustacia's former lover, Clym's mother and his cousin Thomasin. The Retun of the Native illustrates the tragic potential of romantic illusion and how its protagonists fail to recognize their opportunities to control their own destinies.The Penguin English Library - 100 editions of the best fiction in English, from the eighteenth century and the very first novels to the beginning of the First World War.","['소설/시/희곡', '소설', '고전']"
10141,Twelfth Night,William Shakespeare ; J.M. Lothian ; T.W. Craik [ed.],Methuen,1975,842 S527t,41617960,https://search1.kakaocdn.net/thumb/R120x174.q85/?fname=http%3A%2F%2Ft1.daumcdn.net%2Flbook%2Fimage%2F2903226%3Ftimestamp%3D20230629142023,"‘If music be the food of love, play on; Give me excess of it, that, surfeiting, The appetite may sicken, and so die.’ A comedic romance of mistaken identity, Twelfth Night begins with a shipwreck, splitting up Viola and her twin brother, Sebastian. Alone in a strange land, Viola disguises herself as a male servant, Cesario, in order to work for the Duke Orsino. Orsino is in love with Lady Olivia, but it is Cesario that Olivia falls for. A farcical tale of misplaced love, confusion, gender-swapping and aspiration, Twelfth Night remains one of Shakespeare’s best-loved and inventive comedies.","['소설/시/희곡', '희곡', '셰익스피어']"
10142,As You Like It,William Shakespeare ; Agnes Latham [ed.],Methuen,1977,842 S527a,41617840,https://search1.kakaocdn.net/thumb/R120x174.q85/?fname=http%3A%2F%2Ft1.daumcdn.net%2Flbook%2Fimage%2F2181086%3Ftimestamp%3D20230503165355,"With its cross-dressed heroine, gender games and explorations of sexual ambivalence, 'As You Like It' speaks directly to the 21st century. This text includes detailed notes and commentary on Shakespeare's play, providing a full and comprehensive introduction to its historical and cultural contexts.","['소설/시/희곡', '문학비평', '문학비평 일반']"
10143,King Lear,William Shakespeare ; Kenneth Muir [ed.],Methuen,1977,842 S527k,41610170,https://search1.kakaocdn.net/thumb/R120x174.q85/?fname=http%3A%2F%2Ft1.daumcdn.net%2Flbook%2Fimage%2F1905315%3Ftimestamp%3D20241105113807,"Folger Shakespeare LibraryThe world's leading center for Shakespeare studiesEach edition includes: Freshly edited text based on the best earlyprinted version of the play Full explanatory notes conveniently placed on pages facing the text of the play Scene-by-scene plot summaries A key to famous lines and phrases An introduction to reading Shakespeare's language An essay by an outstanding scholar providing a modern perspective on the play Illustrations from the Folger Shakespeare Library's vast holdings of rare booksEssay by Susan SnyderThe Folger Shakespeare Library in Washington, D.C., is home to the world's largest collection of Shakespeare's printed works, and a magnet for Shakespeare scholars from around the globe. In addition to exhibitions open to the public throughout the year, the Folger offers a full calendar of performances and programs.","['소설/시/희곡', '희곡', '셰익스피어']"
10144,Lord Jim,Joseph conrad ; Thomas Moser [ed.],W.W.Norton & Company,1968,843 C754l,393042733,https://search1.kakaocdn.net/thumb/R120x174.q85/?fname=http%3A%2F%2Ft1.daumcdn.net%2Flbook%2Fimage%2F2359904%3Ftimestamp%3D20230918160948,"'To the white men in the waterside business and to the captain of ships he was just Jim - nothing more. He had, of course, another name, but he was anxious that it should not be pronounced.'Lord Jim tells the story of a young, idealistic Englishman - 'as unflinching as a hero in a book' - who is disgraced by a single act of cowardice while serving as an officer on the Patna, a merchant-ship sailing from an Eastern port. His life is blighted: an isolated scandal assumes horrifyingproportions. An older man, Marlow, befriends Jim, and helps to establish him in Patusan, a remote Malay settlement. There he achieves a kind of peace, but his courage is put to the test once more.Lord Jim is one of the most profound and rewarding psychological novels in English. Set in the context of social change and colonial expansion in late Victorian England, it embodies in Jim the values and the turmoil of a fading empire. In his introduction and notes to this new edition JacquesBerthoud explores the social and cultural dynamics that inform the novel.","['소설/시/희곡', '소설', '근현대']"
10145,Hamlet,William Shakespeare ; Cyrus Hoy [ed.],W.W.Norton & Company,1963,842 S527h,393095916,https://search1.kakaocdn.net/thumb/R120x174.q85/?fname=http%3A%2F%2Ft1.daumcdn.net%2Flbook%2Fimage%2F540769%3Ftimestamp%3D20241220113513,"셰익스피어의 4대 비극 중 가장 유명하고 가장 대중의 사랑을 받는 작품인 『햄릿』. 1601년에 창작한 이 작품은 격변하는 르네상스기의 흐름을 반영하는 시대정신의 산물이자, 선과 악 사이에서 갈등하며 인간의 존재 이유를 묻는 햄릿을 통해 회의적 인간의 전형을 보여 준다. 갈릴레이와 동시대인인 셰익스피어는 당시 이탈리아에서 유입된 새로운 문화로 인해 영국 사회가 술렁이던 상황, 아울러 통치자이던 엘리자베스 여왕의 총애를 듬뿍 받던 에섹스 백작이 왕위 계승 문제로 한순간에 반란자가 되는 상황을 목도하고 『햄릿』을 구상했다. 셰익스피어는 햄릿이라는 문제적 인간을 내세워 동물과 대비되는 지성의 능력과 한계, 그리고 인간의 양극성으로 인한 불안과 비극적 상황 앞에서 ‘진정한 선’이란 무엇인지를 물었다. 자신의 존재를 걸고 삶의 진실을 찾아 나가려는 햄릿의 고뇌를 통해 우리는 여전히 유효한 윤리적 질문, ‘진정한 인간이란 무엇인지’를 스스로에게 질문할 수 있을 것이다.","['소설/시/희곡', '희곡', '외국희곡']"
10146,Robinson Crusoe,Daniel Defoe ; Michael Shinagel [ed.],W.W.Norton & Company,1975,843 D314r,393044076,https://search1.kakaocdn.net/thumb/R120x174.q85/?fname=http%3A%2F%2Ft1.daumcdn.net%2Flbook%2Fimage%2F1363752%3Ftimestamp%3D20220224195242,"The Classic House 시리즈 31 『Robinson Crusoe (로빈슨 크루소)』. The Classic House 시리즈는 YBM/Si-sa 가족인 THE TEXT가 세계적인 명작만을 골라 펴낸 것으로, 원작의 내용을 그대로 살리면서 보다 쉽고 간결한 문체로 원작을 재구성하였다. 따라서 명작의 감동을 그대로 느끼면서 현대 영어를 자연스럽게 체득할 수 있다. 다니엘 디포의 대표작 「로빈슨 크루소」는 원제가「요크의 선원 로빈슨 크루소의 생애와 신비롭고 놀라운 모험(The Life and Strange Surprising Adventures of Robinson Crusoe of York, Mariner)」으로, ‘인간은 사회적 동물’이라는 명제에 반하여 인간은 고립된 환경에서도 지혜와 끈기로 살아갈 수 있다는 굳은 의지를 보여주는 작품이다. 원어민 성우가 실감나게 낭독한 MP3 파일을 무료로 제공합니다(http://www.ybmbooks.com). 눈을 감고 「로빈슨 크루소」를 감상하면서 발음과 청취력까지 키워보세요.","['외국어', '영어독해']"
10147,John Donnes Poetry,John Donne ; A. L. Clements [ed.],W.W.Norton & Company,1966,841 D719j,393096424,https://search1.kakaocdn.net/thumb/R120x174.q85/?fname=http%3A%2F%2Ft1.daumcdn.net%2Flbook%2Fimage%2F2211772%3Ftimestamp%3D20230919005146,"About the Series: No other series of classic texts equals the caliber of theNorton Critical Editions. Each volume combines the most authoritative text available with the comprehensive pedagogical apparatus necessary to appreciate the work fully. Careful editing, first-rate translation, and thorough explanatory annotations allow each text to meet the highest literary standards while remaining accessible to students. Each edition is printed on acid-free paper and every text in the series remains in print. Norton Critical Editions are the choice for excellence in scholarship for students at more than 2,000 universities worldwide.","['소설/시/희곡', '시', '영국/아일랜드']"
10148,국가론,플라톤 지음; 이환 편역,돋을새김,2015,341 플292ㄱ이 c.3,9788960000000,https://search1.kakaocdn.net/thumb/R120x174.q85/?fname=http%3A%2F%2Ft1.daumcdn.net%2Flbook%2Fimage%2F855951%3Ftimestamp%3D20240814113313,"청소년과 철학입문자들을 위해 이해하기 쉽도록 정리하고 구성한 「돋을새김 푸른책장 시리즈」 여섯 번째 이야기 『국가론』. 우리에게 가장 많이 알려져 있는 플라톤의 저작물로, 형이상학에서부터 정치학, 윤리학, 심리학 그리고 예술학에 이르기까지 서양 철학의 모든 분야에 가지를 뻗고 있다. 플라톤 철학의 정수가 담겨 있어, 서양 철학의 근원이 된다고 해도 지나치지 않다. 이번 시리즈에서는 《국가론》의 내용을 이해하는 데 불필요한 부분을 과감히 삭제하고, 희곡처럼 각 인물의 대사 앞에 이름을 넣었으며, 중간중간에 내용을 정리하는 지문을 넣었다. 또한 플라톤의 생애와 국가론에 대한 해설, 플라톤의 전 작품에 대한 설명과 연표를 부록으로 수록하여, 독자들은 본문의 이해뿐만 아니라 주변 지식도 더 풍부하게 습득할 수 있을 것이다.","['청소년', '청소년 고전']"
10149,"굶주리는 세계, 어떻게 구할 것인가?",장 지글러 지음; 양영란,갈라파고스,2012,335.7 지17ㄱ c.2,9788990000000,https://search1.kakaocdn.net/thumb/R120x174.q85/?fname=http%3A%2F%2Ft1.daumcdn.net%2Flbook%2Fimage%2F1328505%3Ftimestamp%3D20230609180517,"장 지글러의 ‘대량 살상, 기아의 지정학', 절망 속에서 희망을 찾다『굶주리는 세계, 어떻게 구할 것인가』. 이 책은 장 지글러가 유엔 최초의 식량특별조사관으로서 활동한 8년간의 절망과 희망을 기록한 책이다. 기아가 창궐하는 전 세계 곳곳을 누빈 이야기는 물론 굶주리지 않을 권리인 ‘식량권’과 식량권을 지키기 위해 창설된 세계식량농업기구, 세계식량계획과 같은 국제기구의 한계와 가능성, 기아의 새로운 원흉으로 부상한 바이오연료와 식량 투기꾼, 유엔 내부에서 겪었던 갈등과 저자에게 가해진 압력 등을 생동감 있게 풀어냈다. 절망적인 현실 속에서도 기아와 맞서 싸우는 헌신적인 국제기구 활동가와 브라질의 땅 없는 농민들의 연대, 비아 캄페시나, 기아대책행동 등 여러 비정부단체들의 활동에서 희망을 찾으며, 굶주림 없는 세계를 위한 구체적인 연대와 행동을 제안한다.","['사회과학', '사회문제', '빈곤/불평등문제']"
10150,"칩 워, 누가 반도체 전쟁의 최후 승자가 될 것인가",크리스 밀러 지음; 노정태 옮김,부키,2023,569.4 밀294ㅊ노,9788960000000,https://search1.kakaocdn.net/thumb/R120x174.q85/?fname=http%3A%2F%2Ft1.daumcdn.net%2Flbook%2Fimage%2F6340225%3Ftimestamp%3D20250110152948,"불과 70여 년 전만 해도 세상에 없던 제품이 오늘날 세계 80억 인구의 일상에 깊숙이 스며들어 가전기기부터 디지털 기술, 인공지능, 국가 안보, 산업과 경제 전반을 좌우하는 핵심이 되었다. 산업의 쌀이라고 불리는 칩, 반도체다. 석유를 빼놓고 20세기를 이해할 수 없듯, 반도체를 제외하고 21세기를 조망하는 것은 불가능하다. 크리스 밀러의 《칩 워》는 반도체 산업의 태동부터 미국과 중국 간의 반도체 패권 대결, 한국과 대만, 일본, 실리콘밸리의 치열한 기술 경쟁과 미래 전략까지, 반도체 산업의 70년 역사를 담아낸 기념비적 논픽션 역사서다. 반도체는 현대 디지털 기술의 근간을 이루지만, 그런 칩을 만들기 위해 요구되는 나노미터 단위의 기술력과 장비를 갖추려면 장기간의 집중적 투자가 필요하다. 《칩 워》는 효율과 집중을 추구한 결과 반도체 공급망이 동아시아에 자리 잡는 과정과 산업의 선구자들을 추적한다. 저자는 산업과 기술에 대한 치밀한 분석과 풍부한 인터뷰를 결합해 21세기 반도체 산업의 조종간을 누가 쥐느냐에 따라 세계 경제와 정치 질서마저 극적으로 변할 수 있다는 사실, 오늘날 지정학적 경쟁에서 가장 핵심적이고 전략적인 싸움이 벌어지는 현황을 독자에게 제시한다. “폭넓은 대중에게 실리콘 시대를 이해시킬 단 한 권의 책이 있다면, 그것이 바로 《칩 워》”라는 《뉴욕타임스》의 극찬은 결코 과장이 아니다. 이 책은 반도체 산업의 기초와 역사를 이해하고 싶은 독자, 칩을 둘러싼 국제 경쟁과 한국 반도체 기업의 미래가 궁금한 경제인과 투자자, 앞으로 펼쳐질 기술 경쟁과 21세기 지정학의 향배를 조망하려는 모두에게 압도적인 흥미와 지적 쾌감, 풍부하고 깊은 통찰을 제공할 것이다.","['경제경영', '경제학/경제일반', '경제사/경제전망', '세계 경제사/경제전망']"
10151,반도체 삼국지,권석준 지음,뿌리와이파리,2022,569.4 권54ㅂ,9788960000000,https://search1.kakaocdn.net/thumb/R120x174.q85/?fname=http%3A%2F%2Ft1.daumcdn.net%2Flbook%2Fimage%2F6186359%3Ftimestamp%3D20240309160720,"2022년 9월 28일, 미국이 주도하고 한국, 일본, 대만이 참여하는 반도체 공급망 관련 협의체 ‘칩4동맹’의 첫 예비회의가 열렸다. 한국은 중국의 반발을 우려해 동맹이라는 표현 대신 ‘작업반(working group)’이라는 용어를 사용하고 향후 본회의 참여 여부를 명확하게 밝히지 않는 등 신중하게 처신하고 있지만, 운신의 폭은 좁다. 그리고 당장 10월 중에, 미국은 자국의 기술을 사용한 기업들이 중국에 반도체를 수출하는 것을 막는 ‘화웨이식 제재’에 돌입할 것으로 알려졌다. 한국의 반도체 산업은 전체 수출액의 20퍼센트를 차지하고, 그 절반 이상을 중국에 수출해왔다. 2019년 이후 글로벌 반도체 산업이, 반도체 가치사슬이 재편되고 있다. 미국은 중국을 봉쇄하려고 하고, 중국은 2025년까지 반도체 자급률 70퍼센트를 달성하겠다는 ‘반도체 굴기’를 추진해왔다. 미-중의 대결구도와 함께 세계 반도체 칩 생산의 90퍼센트 이상을 담당하는 동아시아에서 파란이 일고 있다. 글로벌 반도체 산업의 재편, 그리고 반도체 업계의 주도권 다툼과 합종연횡이 격심해지면서, 기술 경쟁은 더욱 치열해질 것이다. 이 시점에서, 한국이, 삼성전자와 SK하이닉스를 비롯한 반도체 산업이 직면한 도전은 무엇이고, 그것에 대한 대응 전략은 무엇인가? 글로벌 반도체 공급망의 재편이 갖는 의미는 무엇이며 한국 반도체 산업의 경쟁력 확보 방안은 어디에 초점을 맞춰야 하는가? 그리고 차세대 반도체 기술 전쟁의 핵심은 무엇인가? 이 책은 반도체공학자이자 첨단산업 분야의 전략가 권석준 교수가 한국, 일본, 그리고 중국 반도체 산업의 현황과 역사, 그리고 앞으로의 구도와 전망을 기술전략적 관점에서 풀어낸, 명쾌하고도 흥미진진한 삼국지다.","['경제경영', '경제학/경제일반', '경제사/경제전망', '한국 경제사/경제전망']"
10152,AI 반도체 혁명,권순우 [외] 지음,page2,2024,569.4 권56ㅇ,9791170000000,https://search1.kakaocdn.net/thumb/R120x174.q85/?fname=http%3A%2F%2Ft1.daumcdn.net%2Flbook%2Fimage%2F6712837%3Ftimestamp%3D20250319155211,"* 소설보다 더 소설 같다! 문과생도 이해하는 AI 반도체의 모든 것 * 넥스트 엔비디아는 있다! 거대한 패러다임의 변화 속 차세대 빅테크 기업을 찾아라 우리는 이미 컴퓨터에서 인터넷으로, 인터넷에서 스마트폰까지 혁신을 경험했다. 그리고 지금까지 변화와는 비교도 할 수 없는 큰 파도를 목전에 두고 있다. 다음의 변화는 이견 없이 AI다. 그리고 AI 반도체는 미래 모든 기술의 씨앗이 될 것이다. 시장의 변화를 읽고, 돈이 흐르는 길을 찾고 싶다면 AI 반도체에 대해 알아야 한다. 하지만 무엇이 진짜이고 거짓인지 구분하기 어려운 이들을 위해 권순우 기자와 네이버 AI 반도체팀이 뜻을 모았다. 반도체 패러다임 변화부터 산업을 좌우하는 핵심 기술들, 현 상황과 미래 시나리오, 지속가능한 인공지능을 위한 네이버의 고민까지 담은 이 책은 AI 반도체를 처음으로 접하는 초보자들에게 최고의 길잡이가 되어줄 것이다.","['경제경영', '경제학/경제일반', '경제사/경제전망', '세계 경제사/경제전망']"
10153,AI 반도체 전쟁,김용석 지음;,시크릿하우스,2024,569.4 김65ㅇ,9791200000000,https://search1.kakaocdn.net/thumb/R120x174.q85/?fname=http%3A%2F%2Ft1.daumcdn.net%2Flbook%2Fimage%2F6713727%3Ftimestamp%3D20250315151327,"AI 시대가 열렸다. 2016년 알파고, 2022년 챗GPT가 AI 시대를 열 수 있었던 것은 모두 반도체의 힘이었다. 팬데믹을 거치면서 세계는 반도체 공급망의 중요성을 알게 되었고, 미중 반도체 패권전쟁은 AI가 촉발한 시장 격변에 맞물려서 더욱 격화되고, 경쟁은 AI 반도체 전쟁으로 옮겨가고 있는 양상이다. 앞으로 필요한 기술은 단연 AI이다. 따라서 AI 기술 트렌드 변화를 놓치지 않고, 주요 미래 기술들에 대해 알아야 하며, 앞으로 어떠한 변화가 오게 될지 잘 파악하는 것이 매우 중요하다. 또한 산업간 경계가 무너지고 있는 상황에서 AI가 다른 산업에 어떻게 활용될지 이해하는 것이 필요하다. 책 《AI 반도체 전쟁》의 저자는 삼성전자에서 31년간 시스템반도체 개발, 이동통신 소프트웨어 개발, 갤럭시 제품 개발에 참여했고, 이후 성균관대학교에서 10년 넘게 학생들을 가르친 뒤, 현재는 가천대학교에서 반도체 인재 양성을 이어가고 있는 김용석 교수다. 이론과 실무를 모두 겸비한 시스템반도체 전문가인 그가 쉽고 명쾌하게 AI 반도체의 개념과 응용 산업에 대해 정리해 담았다. 책은 크게 세 부분으로 나누어져 있다. 1장에서는 반도체란 무엇인지, 시스템반도체의 중요성 등 반도체 관련하여 다룬다. 2장에서는 AI 발전 역사, AI 반도체가 무엇이며, AI 맞춤형 메모리인 HBM(고대역폭 메모리)을 비롯해 AI가 만들어 낸 메모리들을 설명한다. 또한 AI가 촉발한 미중 반도체 경쟁 이야기도 함께 한다. 3장에서는 AI 반도체가 만들어 내는 다양한 응용 산업 분야에 관해 설명한다. AI 기술의 발전은 AI 반도체의 수요를 증가시키고, AI 반도체의 발전은 다양한 분야의 AI 산업으로 확대된다. 스마트폰뿐 아니라 가전, 자동차, 드론 제품이나 공장, 도시, 의료기기, 국방 등 전 산업의 AI화 속도가 빠르게 진행될 것이다. 또한 금융, 법률, 교육, 마케팅, 영업, 콘텐츠 제작, 디자인, 게임 개발 등에서도 AI 활용이 늘어날 것이다. AI 시대의 새로운 시작은 우리에게는 기회이다. 우리는 강점인 제조업이 있고, AI 반도체를 활용할 시장도 있기 때문이다. 신제조업 경쟁에서 AI 반도체를 선점해야 우위를 점할 수 있다고 저자는 역설한다. 책 《AI 반도체 전쟁》을 통해 독자는 AI가 결코 거품이 아니며, 우리 삶에 얼마나 다양하게 활용될지 구체적으로 알게 되고, AI 반도체를 통해 어떤 산업과 비즈니스에 거대한 기회가 열릴지 새롭게 발견할 수 있을 것이다.","['경제경영', '경제학/경제일반', '경제이야기']"
10154,최리노의 한 권으로 끝내는 반도체 이야기,최리노 지음,양문,2022,569.4 최298ㅊ,9788990000000,https://search1.kakaocdn.net/thumb/R120x174.q85/?fname=http%3A%2F%2Ft1.daumcdn.net%2Flbook%2Fimage%2F6124546%3Ftimestamp%3D20250328154539,"반도체는 국가 안보 자산이자 우리 경제의 근간 반도체는 무엇이고 어떤 인력이 필요한가에 대한 대답은 못하는 현실 반도체 소자가 왜 필요했고 어떻게 발전되어 왔는지 설명 반도체 소자에 대한 조금 더 근본적인 이야기 반도체는 앞으로 어떤 기술이 필요할지, 어떤 형태로 발전되어 나갈지 전망","['과학', '공학', '공학 일반']"
10155,페르세폴리스,마르잔 사트라피 지음; 박언주 옮김,Humanist,2019,868 사887ㅍ박,9791160000000,https://search1.kakaocdn.net/thumb/R120x174.q85/?fname=http%3A%2F%2Ft1.daumcdn.net%2Flbook%2Fimage%2F4955496%3Ftimestamp%3D20250215125355,"이란에서 유년 시절을 보내고 오스트리아에서 유학한 후 다시 이란으로 돌아와 결혼과 이혼을 한 작가 마르잔 사트라피의 자전적 이야기를 담은 그래픽노블. 이란 혁명 시기의 혼란스러운 정치 상황과 이란-이라크 전쟁을 겪고, 유럽 사회에서 정체성을 찾지 못해 방황하면서도 유머와 존엄을 잃지 않으며 성장하는 주인공 마르지의 모습은 이 시대를 사는 우리에게도 큰 울림을 준다. 2000년 프랑스에서 출간된 이후 수십 개의 언어로 번역되며 전 세계적 베스트셀러로 자리 잡은 그래픽노블의 고전으로, 정체성과 자유를 찾기 위해 고민하는 모든 이들을 위한 책이다.","['만화', '그래픽노블']"
10156,유전자 임팩트,케빈 데이비스 지음; 제효영 옮김,Bronstein,2021,476.10733 데68ㅇ제,9791140000000,https://search1.kakaocdn.net/thumb/R120x174.q85/?fname=http%3A%2F%2Ft1.daumcdn.net%2Flbook%2Fimage%2F5696403%3Ftimestamp%3D20230110220800,"인간의 유전자를 알아내고, 편집하겠다는 도전은 오래전부터 시도되었다. 1990년부터 시작되어 2003년에 마무리된 인간 유전체 프로젝트는 그러한 도전의 일환이었다. 그러나 인간 유전체 프로젝트가 완료된 이후 점점 이 열기는 사그라드는 듯했다. 그런데 2015년 초에 중국 과학자들 손에서 인공 배양된 사람의 배아 유전자가 사상 최초로 변형되는 일이 일어났다. 비록 여성의 몸에 임신이 되는 단계가 아닌, 생존이 불가능한 배아에 실시된 예비 연구였지만 누군가 유전자 편집을 할 수 있다는 두려움에 불을 지핀 사건이었다. 그리고 2018년 11월 중국 허젠쿠이 교수는 크리스퍼를 사용해 유전자를 교정한 맞춤 아기를 탄생시켰다. 이 사건으로 인해 그는 감옥에 갇혔다. 이 책은 지금까지 일어난 과학 혁신 중 가장 놀라운 혁신인 크리스퍼에 관한 이야기를 담고 있다. 크리스퍼의 기원과 발전 그리고 활용법과 오용으로 인해 생긴 문제 등을 매우 디테일하게 다룬다. 크리스퍼는 과학과 의학, 농업 심지어 우리의 인생마저도 변화시킬 만반의 태세를 갖춘 기술이지만 과학, 규제, 윤리적 문제가 여전히 남아있다. 특히, 2015년, 2018년 중국에서 발생한 사건처럼 말이다. 기술의 발전은 막을 수 없다. 그렇다면 최소한 크리스퍼가 무엇인지 정확하게 알아야만 이 기술이 가지고 있는 놀라운 가능성과 어두운 이면을 정확히 구분할 수 있을 것이다. 유전자 편집 기술은 수많은 과학자들이 약 50~75년 간 이룩한 놀라운 발전의 결과라 할 수 있다. 프랜시스 크릭과 짐 왓슨이 1958년에 네이처로 보낸 서신을 통해 밝혀진 유전자의 이중나선 구조부터 시작하여 이제는 인간의 DNA를 읽고, 쓰고, 편집해서 생명의 암호를 이해하고, 고치고, 조작하고, 통제하려는 인류의 탐구까지 이어져왔다. 근 10여 년간 눈부시게 발전해온 이 기술이 어디로 갈 것인지 정확히 알 수는 없다. 이제는 사회가 따라잡을 수 있는 수준을 넘어 빠르게 변화하고 있기 때문이다. 새로운 기술, 크리스퍼 유전자 가위에 대한 올바른 정보와 관점을 얻고 싶다면 이 책을 꼭 읽기를 권한다.","['과학', '생명과학', '생물학']"
10157,초콜릿 전쟁,로버트 코마이어 지음; 안인희 옮김,비룡소,2004,843 코32ㅊ안,9788950000000,https://search1.kakaocdn.net/thumb/R120x174.q85/?fname=http%3A%2F%2Ft1.daumcdn.net%2Flbook%2Fimage%2F615877%3Ftimestamp%3D20230830150019,"미국 청소년 문학을 대표하며 학교 내 폭력과 비리를 사실적으로 묘사한 소설. 전미 도서관 협회가 선정한 '청소년을 위한 최고의 책'이며, 1974년 뉴욕타임즈의 '올해의 책'으로 선정되었다. 트리니티 고등학교 신입생 제리는 얼마 전 어머니를 잃었다. 어머니를 여읜 슬픔과 아버지의 초라한 인생에 대한 불만 속에서 제리는 풋볼에 몰두한다. 그러던 어느날 학교의 비밀 서클 '야경대'가 제리를 자신들의 희생자로 지목하고, 학교의 기금을 마련하기 위해 학생들이 초콜릿을 판매하는 연례행사를 한시적으로 거부하라는 '과제를 부여한다. 하지만 제리는 누구도 예외일 수 없었던 학교의 초콜릿 판매 행사와 야경대의 과제 모두를 거부한다. 처음으로 학교와 야경대에 도전한 제리는 학생들의 영웅으로 떠오르고 초콜릿 판매는 엉망이 된다. 기금마련을 성공시켜야만 하는 교감 레온 선생과 서클의 존립에 위협을 느낀 야경대의 리더 아치는 새로운 음모를 준비하는데….","['청소년', '청소년 문학', '청소년 소설']"
10158,아베 히로시와 아사히야마 동물원 이야기,아베 히로시 지음; 엄혜숙 옮김,돌베개,2014,490 아44ㅇ엄,9788970000000,https://search1.kakaocdn.net/thumb/R120x174.q85/?fname=http%3A%2F%2Ft1.daumcdn.net%2Flbook%2Fimage%2F995199%3Ftimestamp%3D20240914113837,"『아베 히로시와 아사히야마 동물원 이야기』는 『폭풍우 치는 밤에』로 유명한 그림책 작가 아베 히로시가 쓰고 그린 자전 에세이이다. 어린 시절부터 자연을 좋아하고 그림 그리기를 좋아했지만 뚜렷한 꿈은 없었던 저자가 철공소 노동자, 동물원 사육사를 거쳐 그림책 작가가 되기까지의 경험을 진솔하게 담아냈다. 이 책은 저자가 25년간 동물원 사육사로 일하면서 느낀 즐거움과 고통, 생명의 경이로움과 존엄함 등의 이야기를 담고 있다. 동물들을 돌보며 겪었던 흥미진진한 일화들과 함께 교과서적인 생태 정보를 넘는 생명의 이야기도 들려준다. 천성이 명랑하고 익살스러운 수달, 눈싸움 놀이를 즐기는 코끼리, 겉보기와는 달리 예민한 고릴라의 성격 등 수년간 동물들과 지내 온 사람만이 파악할 수 있는 동물들의 습성과 삶을 생동감 넘치게 풀어낸다. 아울러 먹고 먹히는 관계 속에서도 저마다 살아가기 위해 애쓰는 동물들의 모습을 통해 삶과 죽음의 의미 등을 성찰하게 한다.","['청소년', '청소년 문학', '청소년 에세이/시']"
10159,"십 대, 인권의 주인공이 되다!",김광민 지음,팜파스,2020,342 김15ㅅ,9791170000000,https://search1.kakaocdn.net/thumb/R120x174.q85/?fname=http%3A%2F%2Ft1.daumcdn.net%2Flbook%2Fimage%2F5215410%3Ftimestamp%3D20250330143153,"“저에게도 무슨 권리가 있나요?” 한 중학생이 포털에 올린 질문이다. 사정인즉슨 부모님께 자신이 원하는 바를 이야기했더니 ‘너는 아직 어려 그런 걸 누릴 권리가 없다’는 대답이 돌아왔다고 한다. 십 대 청소년들은 물론 많은 사람들이 이처럼 생각한다. 그런데 과연 십 대에게 자신이 원하는 대로 할 ‘권리’가 없는 걸까? 아직 어려서 어른들이 보여준 세상에서 어른들이 가르쳐준 대로만 자라야 하는 걸까? 십 대에게 주어진 권리와 책임에는 무엇이 있을까? 《십 대, 인권의 주인공이 되다!》는 나답게 살고 싶은 십 대들라면 반드시 알아야 할 ‘인권’에 대해 살펴보고 ‘청소년을 둘러싼 인권 이슈’를 알아보는 사회과학 책이다. 아직 어려 ‘인권’에 대해 논할 거리가 별로 없다고 생각했던 십 대가 이제 인권의 핵심 인물로 떠오르고 있음을 알려 준다. 청소년 노동자, 만 18세 선거, 디지털 인권, 다문화 청소년, 학교 폭력 등 가장 뜨겁게 주목받는 시사 이슈의 중심에는 십 대가 있다. 십 대가 이 이슈에서 주도권을 갖고 적극적으로 나아가기 위해서는 무엇보다 ‘인권’에 대한 지식과 소양이 필요하다. 이 책을 통해 청소년들은 ‘청소년을 둘러싼 인권 이슈’는 물론, 인권이 발전해온 과정, 세상 속 다양한 인권의 얼굴을 알게 될 것이다. 마치 흥미로운 이야기책을 읽는 것처럼 생활 속 인권에 대해 재미있게 살펴보고 인권에 대한 지식과 소양을 한층 높일 수 있을 것이다. 인권 아는 십 대가 세상을 바꾼다 “십 대에게 투표권이 주어진다면 어떻게 될까?” “알바생은 일하는 ‘학생’? 최저임금의 아이콘? 십 대가 어엿한 노동자로 존중받으려면?” “노는 것, 십 대가 엄연히 누려야 할 권리라고?” “세상이 진화하는 만큼 인권도 진화한다! 디지털 세상 속 인권 찾기!” 다양해진 사회 속 진화하는 인권, 십 대에게 말을 걸다 사람을 지위로 평가하는 순간 인권이 온전히 보장되기는 어렵답니다. 학생을 성적으로 평가하는 순간, 전교 1등을 제외한 모든 학생들의 가치는 사라질 거예요. 대학으로 사람을 평가한다면 명문대라 불리는 몇몇 대학 출신이 아니면 가치를 인정받을 수 없지요. 직장 역시 마찬가지예요. 인간으로서의 가치를 인정받지 못하는 구조에 있다면 언제든지 크든 작든 인권이 침해될 상황은 일어날 가능성이 있어요. (중략) 그렇다면 모든 사람을 수단이 아닌 가치로 바라본다면 인권이 보장될까요? 맞아요! 사람을 수단이 아닌 가치로 바라본다면 인권이 침해되는 상황은 일어나지 않을 거예요 하지만 사람을 가치로 대하는 것이 결코 쉽지는 않아요. 그것은 무수한 노력이 필요한 일이에요. 〈들어가는 글〉 중에서","['청소년', '청소년 인문/사회']"
10160,(10대를 위한) 헌법 토론,서윤호; 오혜진; 최정호 지음,다른,2018,362 서66ㅎ,9791160000000,https://search1.kakaocdn.net/thumb/R120x174.q85/?fname=http%3A%2F%2Ft1.daumcdn.net%2Flbook%2Fimage%2F5609459%3Ftimestamp%3D20250222143050,"낙태죄 폐지, 청소년 선거권은 왜 이렇게 오랫동안 논쟁 중일까? 해외 나라를 비롯해 우리나라 역시 난민 수용을 반대하는 목소리가 크다. 난민은 어떠한 존재이고, 우리 사회에 어떤 영향을 끼치고 있을까? 우리 사회의 다양한 문제와 사람들을 두루 이해하기란 너무 복잡하고 어렵다. 명확한 사실을 파악하기도 힘들고, 사람들이 모인 자리에서 의견을 나타냈다가는 소통이 아닌 다툼으로 번지기 일쑤다. 《10대를 위한 헌법 토론》은 헌법을 통해, 난해하게 얽힌 사회 문제를 묻고 답하며 풀어 나가도록 돕는다. 사회의 기초가 되는 헌법을 해석하고 발전시켜 나가는 이 과정은 이미 굳어진 길을 따르는 것이 아니며, 함께 토론하며 존중하는 가운데 찾아 나가야 하는 여정이다. 이 책은 청소년에게 사회와 이웃에 대한 시선을 거두고 정해진 문답을 암기할 것을 강요하는 관습과 편견을 깨고, 시대와 사람을 이해하고 소통하는 모습을 보여 준다. 이로써 법이 지닌 가치와 발전 방향을 제대로 알 뿐만 아니라 청소년 스스로 유연하고 올바른 가치관을 확립하는 데 풍성한 밑거름이 되어 줄 것이다. ※ 이 개정판은 선거권 연령 하향조정, 헌법재판소의 낙태죄 헌법불합치 결정, 유해매체 차단수단 제공을 규정한 전기통신사업법에 대한 합헌 결정을 비롯해 여러 가지 제도의 변화에 따른 내용을 반영했습니다.","['청소년', '청소년 인문/사회']"
10161,언택트 인권 상영관,최하진; 박인숙 지음,예미,2020,342 최92ㅇ,9791190000000,https://search1.kakaocdn.net/thumb/R120x174.q85/?fname=http%3A%2F%2Ft1.daumcdn.net%2Flbook%2Fimage%2F5535942%3Ftimestamp%3D20220930223923,"사회적인 메시지를 던져주는 9편의 영화를 통해 우리 사회의 인권문제를 생각해보게 하는 책이다. 영화 칼럼니스트와 청소년 인권변호사가 만나, 사람들에게 친숙한 영화를 가지고 낯선 법의 세계를 들여다보았다. 영화 〈로제타〉는 청소년의 복지와 노동문제를, 〈가버나움〉은 난민아동의 인권문제를 다룬다. 이 외에도 따돌림, 체벌, 청소년범죄 등을 다룬 영화를 만나보면서 그에 얽힌 법 이야기를 함께 들어볼 수 있다. 한국출판문화진흥원의 ‘2020년 출판콘텐츠 창작 지원 사업’ 선정작이다.","['사회과학', '사회문제', '인권문제']"
10162,체벌 거부 선언,청소년인권행동 아수나로 기획,교육공동체 벗,2019,334.31 청55ㅊ,9788970000000,https://search1.kakaocdn.net/thumb/R120x174.q85/?fname=http%3A%2F%2Ft1.daumcdn.net%2Flbook%2Fimage%2F4944704%3Ftimestamp%3D20240122191812,"체벌을 가하거나 당한 경험을 바탕으로 일상 속에서의 변화와 다짐을 약속하는 글의 모음이다. 저자들은 체벌 경험을 드러내고 말함으로써 성찰하고 상처를 치유한다. 가해자로서는 체벌의 정당성을 내면화하고 약자에게만 할 수 있는 폭력을 행사했다며 잘못을 고백하고 사과한다. 피해자로서는 체벌이 내가 잘못해서 받은 ‘벌’이 아닌 ‘폭력’임을 말하고 자신의 삶에서도 있었을, 또 앞으로 있을지도 모를 가해를 성찰하겠다고 선언한다. 가해자는 같은 폭력을 겪어 왔던 어린 시절을 돌아보며 그때의 자신에게 부끄럽지 않기 위해 노력하겠다고 말한다. 피해자 역시 시간이 지나 어른이 되었을 때 이 마음을 잊지 않을 것을 다짐한다. 겁주는 어른과 순종하는 어린이가 아닌, 서로의 울타리가 되어 주는 동료 시민으로 거듭난다. ‘체벌은 이제 사라지지 않았느냐’는 질문에 저자들은 그렇지 않다고 답한다. 법으로 금지되었으나 아직 근절되지 못한 채 우리 일상 곳곳에 뿌리내려 있다고 말한다. 이전 세대에 비해 빈도는 줄었을지 모르나, 가해한 사람들은 사과하지 않았고 피해 입은 사람들은 치유받지 못했다. 어린이·청소년은 함부로 무시당하고 의견을 자유롭게 내지 못하는 위치에 그대로 있다. 어린 시절은 ‘곧 지나갈 시기’라는 생각 때문일까. 하지만 저자들은 어린 시절을 기억하기에 어린이·청소년의 편에 서겠다고 말한다. 어린 시절은 모두가 경험하는 시기이기에, 어린이를 존중한다는 것은 과거의 어린 자신의 감정과 생각을 존중한다는 것과 같다.","['사회과학', '교육학', '교육 일반']"
10163,난 두렵지 않아요,프란체스코 다다모 지음; 이현경 옮김,주니어RHK,2023,321 다22ㄴ이,9788930000000,https://search1.kakaocdn.net/thumb/R120x174.q85/?fname=http%3A%2F%2Ft1.daumcdn.net%2Flbook%2Fimage%2F6418432%3Ftimestamp%3D20230905193609,"《난 두렵지 않아요》는 가슴 아프지만 우리가 두 눈 부릅뜨고 꼭 보아야 하는 이야기다. 거룩한 희망과 미래를 전하는 의미심장한 책이다. 이 책만큼은 꼭 읽어야 하지 않겠는가! _심용환(역사학자, 심용환역사N교육연구소 소장) 2002년 국내 번역 출간되어 어린이 노동의 참혹한 현장을 많은 독자들에게 알린 스테디셀러 《난 두렵지 않아요 _아름다운 소년 이크발 이야기》가 주니어RHK 청소년 교양서 시리즈 ‘백백’ 에 소속되며 개정판으로 새롭게 출간되었다. 《난 두렵지 않아요》는 이탈리아 작가 프란체스코 다다모가 파키스탄의 어린이 노동 운동가이자 어린이 노벨상이라 불리는 ‘세계 어린이상*’ 첫 수상자인 ‘이크발 마시’의 생애를 바탕으로 써 내려간 일종의 다큐 픽션이다. 어른들의 착취와 폭력 속에서도 자신의, 더 나아가 전 세계 어린이들의 자유와 권리를 되찾기 위해 싸운 이크발 의 행적을 담담히 따라간다. 《난 두렵지 않아요》는 이탈리아뿐만 아니라 미국, 영국을 비롯한 여러 나라에서 출간되어 어린이 노동 착취 근절과 어린이 인권 보장의 필요성을 알렸다. 한국어판 역시 2002년 출간 이후 이십여 년이 넘는 시간 동안 어린이 노동 문제를 고발하고, 어린이 인권에 대해 깊은 고찰과 행 동의 계기를 마련하는 책으로 알려지며 필독서로 자리매김했다. 하지만 어린이 노동 문제는 해결되거나 사라지지 않고 있다. 최근에는 오히려 코로나19로 인하 여 노동으로 내몰린 어린이 수가 훨씬 더 증가했다.(국제노동기구 보고, 2021년) 바로 이 점이 《난 두렵지 않아요》가 더 많은 독자들에게 계속해서 읽혀야 하는 이유다. 새로운 장정과 판면 으로 다시 태어난 《난 두렵지 않아요》를 읽으며 어린이 노동 착취 문제를 해결하고 근절하기 위해 우리가 할 수 있는 일은 무엇인지 생각해 보자. *세계 어린이상 : 2000년 스웨덴 ‘어린이 인권을 위한 세계 어린이상 재단(WCPRC)’이 제정한 상으로, 오랜 시간 동안 어려운 환경 속에서도 어린이의 권리를 위해 힘써 온 개인 및 단체에 수여하는 상이다. 역대 수상자로 말랄라 유사프자이, 넬슨 만델라, 안네 프랑크 등이 있다.","['청소년', '청소년 인물']"
10164,지도 위의 인문학,사이먼 가필드 지음; 김명남 옮김,다산북스,2015,989 가898ㅈ김,9791130000000,https://search1.kakaocdn.net/thumb/R120x174.q85/?fname=http%3A%2F%2Ft1.daumcdn.net%2Flbook%2Fimage%2F1535831%3Ftimestamp%3D20240810113339,"지금으로부터 약 2,500년 전 그리스 철학자 피타고라스가 둥그런 모양의 세계를 생각하기 전까지, 지구는 짜디짠 바닷물에 둘러싸인 평평한 땅덩어리에 불과했다. 그리고 1492년 콜럼버스가 잘못 그려진 지도를 잔뜩 들고 서쪽 바다로 나아가기 전까지 바깥세상은 무서운 괴물들이 지배하는 곳이었다. 그 뒤로도 지구는 종종 동물들이 지배하는 세상이었고, 곳곳에 보물이 숨겨져 있는 환상적인 공간이었다. 하지만, 이제 우리는 알고 있다. 지구는 가운데가 약간 불룩한 동그라미이며, 인터넷을 켜면 어디든 위성 지도를 통해 손쉽게 여행할 수 있다는 사실을. 도대체 오늘날의 지도가 나오기 전까지 무슨 일이 있었던 걸까. 어떻게 옛날 사람들은 자신이 가보지도 않은 곳의 지리를 그리고 설명할 수 있었던 걸까. 그들은 왜 그렇게 지도를 그리려 했고, 또 마음대로 그렸던 걸까. 『지도 위의 인문학』은 지도 역사상 가장 흥미진진하고 의미심장한 순간들을 골라 생생하고 재미있게 풀어낸 책이다. 세계에서 가장 비싼 지도를 푼돈에 넘기려 했던 신부님과 타고난 허풍쟁이 마르코 폴로, 입만 열었다 하면 뻥을 치는 탐험가들과 도저히 빈칸을 가만두지 못하는 지도 제작자들, 그리고 하다못해 사람 뇌까지 지도화하려는 과학자들까지 지도에 관련된 모든 이야기가 여기에 담겨 있다. 그야말로 (엉망인) 지도와, 지도를 (엉망으로) 그린 사람, 그리고 그런 (엉망인) 지도를 사랑했던 사람들에 대한 유쾌한 이야기다. 만약 이 책을 읽고도 지도를 사랑하지 않는다면, 그만큼 이상한 일은 세상에 또 없을 것이다.","['인문학', '교양 인문학']"
10165,(인권연대의 청소년) 인권 특강,김형수 [외] 지음,철수와영희,2018,342 김94ㅇ,9791190000000,https://search1.kakaocdn.net/thumb/R120x174.q85/?fname=http%3A%2F%2Ft1.daumcdn.net%2Flbook%2Fimage%2F4366449%3Ftimestamp%3D20240926132154,"이 책은 삶의 태도를 정립하는 청소년들에게 인권이 왜 중요한지, 인권이 내 삶과 어떤 관련을 맺고 있는지 등을 쉽게 알려 준다. 청소년들이 바람직한 삶의 태도를 정하는데 있어 인권을 해답으로 제시하고 있다. 다양한 분야에서 전문가로 활동하고 있는 저자들은 인권에 대한 이야기를 장애, 페미니즘, 불평등, 고전 공부, 평화, 남녀 등 여섯 가지 영역에서 입체적으로 다루고 있다. 이 책은 새로운 시작을 준비하는 청소년들은 반드시 인권의 가치와 인권의 원칙을 이해해야 한다고 말한다. 인권을 공부하지 않으면 당장이야 불편이 없을지도 모르지만, 더 큰 세상으로 나오는 순간, 낭패를 볼 수도 있다고 강조한다. 실제로 성평등에 대한 기본적인 인식을 갖추지 못한 남성들 중에는 사회에 제대로 적응하지 못하거나, 심하면 도태되는 경우도 있다. 남성이라면 적어도 여성들의 목소리에 한 번쯤은 귀를 기울여야 하며 ‘페미니즘’이란 단어만 듣고 경기를 일으키는 바보 같은 짓은 하지 않아야 한다. 장애, 불평등, 평화 등과 관련한 이해와 관점에서도 마찬가지다. 이 책에는 최근 우리 사회에서 차별과 혐오가 아주 심각한 문제가 되고 있는 가운데, 우리 사회가 직면한 문제를 인권을 통해 해결하는 과정이 담겨 있다. 다양한 의견이 존재하는 민주주의 사회에서 여러 의견으로 갈리는 것은 자연스러운 일이지만 누군가를 차별하거나 노골적으로 혐오하는 경우가 있어서는 안 된다고 말한다.","['청소년', '청소년 인문/사회']"
10166,나의 첫 젠더 수업,김고연주 지음,창비,2017,337 김15ㄴ,9788940000000,https://search1.kakaocdn.net/thumb/R120x174.q85/?fname=http%3A%2F%2Ft1.daumcdn.net%2Flbook%2Fimage%2F533626%3Ftimestamp%3D20250323113556,"젠더에 대한 올바른 관점을 세우고 싶은 청소년은 물론, 청소년과 함께 읽을 좋은 젠더 교육 책을 찾는 학부모와 교사에게, 그리고 젠더 감수성을 높여 줄 쉽고 재미있는 교양서를 찾는 성인들을 위한 『나의 첫 젠더 수업』. 공부, 직업, 사랑, 다이어트, 모성 신화를 비롯해 최근의 여성 혐오 이슈까지 남녀를 둘러싼 오래된 오해와 궁금증에 쉽고 명쾌하게 답하는 책이다. 저자는 청소년들을 위해 보이지 않는 ‘젠더 박스’를 조금씩 해체해 나간다. 경제협력개발기구가 2012년에 수학·과학 분야의 남녀 차이를 정식으로 부정했다는 뉴스, 가전제품의 발전으로 가사 노동이 오히려 더 늘어났다는 연구 결과, ‘낭만적 사랑’이라는 개념은 18세기에야 시작되었다는 역사적 사실 등 고전적인 이론은 물론 최신 청소년 연구와 통계까지 다양한 자료를 활용해 기존의 상식을 뒤집고 바로잡는다.","['청소년', '청소년 인문/사회']"
10167,이명현의 외계인과 UFO. 02: 과학하고 앉아있네,원종우; 이명현 지음,동아시아,2015,400 원75ㅇ v.2,9788960000000,https://search1.kakaocdn.net/thumb/R120x174.q85/?fname=http%3A%2F%2Ft1.daumcdn.net%2Flbook%2Fimage%2F870744%3Ftimestamp%3D20240203164102,"『과학하고 앉아있네 2: 이명현의 외계인과 UFO』는 팟캐스트 방송 ‘과학하고 앉아있네’를 책으로 엮은 교양과학 시리즈 중 그 두 번째 책이다. 과학이 어렵고 딱딱한 것이 아니라는 인식을 대중들에게 널리 퍼뜨리는 데 앞장서면서, 대중들과 함께 재미있는 과학 이야기를 하고자 하는 고품격 콜라보레이션을 추구한다. 다양한 과학자 및 과학 관계자들을 공개적으로 만나볼 수 있는 장을 마련하며, 그들과 함께하는 유쾌한 과학 토크쇼를 접할 수 있다는 것은 과학을 좋아하는 사람들에게는 사막의 오아시스와 같은 기쁨과 즐거움으로 다가올 것이다.","['과학', '기초과학/교양과학']"
10168,담론,신영복 지음,돌베개,2015,199.2 신64ㄷ,9788970000000,https://search1.kakaocdn.net/thumb/R120x174.q85/?fname=http%3A%2F%2Ft1.daumcdn.net%2Flbook%2Fimage%2F994746%3Ftimestamp%3D20240723112238,"신영복 교수는 1989년부터 거의 25년간 대학 강의를 하였다. 이제 그는 2014년 겨울 학기를 마지막으로 더 이상 대학 강단에 서지 않고 있다. 비정기적 특강을 제외한다면, 대학 강단에서 그를 보기는 어려울 듯하다. 대신 저자는 강단에 서지 못하는 미안함을 그의 강의를 녹취한 원고와 강의노트를 저본으로 삼은 책 『담론』으로 대신한다고 밝히고 있다. 이전의 저서 《감옥으로부터의 사색》에서 ‘마음’을 다스리고, 《강의》에서 ‘동양고전을 어떻게 이해할 것인가’라는 탐색을 거쳤다면, 이번 책에서 그는 ‘사색’과 ‘강의’를 ‘담론’이라는 이름으로 합쳐냈다. 그리하여 동양고전 독법을 통해 ‘관계론’의 사유로 세계를 인식하고, 고전을 현재의 맥락에서, 오늘날의 과제와 연결해서 읽어본다. 또한 저자 자신이 직접 겪은 다양한 일화들, 생활 속에서 겪은 소소한 일상들을 함께 들려줌으로써 동양고전의 현대적 맥락을 더욱 쉽게 이해할 수 있도록 하고 있다. 《강의》 이후 만 10년이라는 시간 동안 훨씬 깊어진 논의와 풍부한 예화를 담아낸 이 책에서 저자의 고도의 절제와 강건한 정신을 엿볼 수 있다.","['인문학', '교양 인문학']"
10169,세도나 메서드,헤일 도스킨 지음; 편기욱 옮김,RHK(알에이치코리아),2021,189.1 도57ㅅ,9788930000000,https://search1.kakaocdn.net/thumb/R120x174.q85/?fname=http%3A%2F%2Ft1.daumcdn.net%2Flbook%2Fimage%2F5691835%3Ftimestamp%3D20231103190717,"‘세도나 메서드’는 미국 애리조나주의 세도나시에 위치한 명상 센터에서 시작된 심신 수련법이다. ‘흘려보내기(릴리징 테크닉)’의 창시자인 레스터 레븐슨의 뜻을 이어받은 제자 헤일 도스킨이 세도나트레이닝협회를 설립하며 그 효과가 본격적으로 유명세를 타기 시작했다. 세도나 메서드에서는 우리가 인생에서 스스로 실망과 불행, 그리고 판단 착오 등을 하는 주요인이 바로 제한된 생각과 감정을 꽉 붙잡는 것에서 비롯된다고 한다. 이때 적절한 흘려보내기를 통해 감정의 억압과 분출의 균형을 맞춤으로써 감정의 자유와 마음의 평화를 얻게 된다는 게 『세도나 메서드』의 핵심이다. 이 책은 감정과 마음을 다스리는 간단한 질문법으로 이루어져 있으며, 근본적인 자기탐험, 자기치유, 자기혁명의 실천 로드 맵으로 내면에 존재하는 끝없는 행복의 원천을 끌어올려줄 최고의 안내서로 10년에 넘도록 인정받고 있다. 1부에서는 내면의 평화와 행복, 기쁨, 평온을 유지할 수 있는 비법인 ‘흘려보내기’에 대해 집중 탐구를 하고, 2부에서는 부와 성공, 원만한 인간관계와 건강을 향상시키며 목표를 쉽게 달성하기 위한 구체적인 실천 매뉴얼에 대해 알아본다.","['자기계발', '힐링', '마음 다스리기']"
10170,제국의 리더십,송동훈 지음,김영사,2024,325.04 송25ㅈ,9788930000000,https://search1.kakaocdn.net/thumb/R120x174.q85/?fname=http%3A%2F%2Ft1.daumcdn.net%2Flbook%2Fimage%2F6573387%3Ftimestamp%3D20240724160959,"모든 역사의 시작에는 시대를 선도한 리더들이 있었다. 고대 그리스ㆍ로마에서부터 영국, 현대의 미국까지, 제국의 탄생과 흥망으로 읽는 리더십의 역사. 국가는 어떻게 탄생하고 생존하는가? 무엇이 위대한 리더를 만드는가? 운명을 바꾸고 희망을 잉태하는 리더의 조건은 무엇인가? 위기와 고뇌의 순간 그들은 어떤 선택을 했는가? 다양한 인물들의 다채로운 삶을 시대적 과제와 정치적 상황, 세계사의 흐름 속에서 면밀하게 읽어냄으로써, 탁월한 리더의 등장과 소멸을 객관적이고 현장감 있게 풀어낸 수작. 혼란과 분열의 시대에 진정으로 필요한 리더의 조건과 역사의 조언을 담은 생생한 리더십 안내서!","['자기계발', '리더십', '리더십']"
10171,난중일기,이순신 지음,서해문집,2004,911.0553 이56ㄴ,9788970000000,https://search1.kakaocdn.net/thumb/R120x174.q85/?fname=http%3A%2F%2Ft1.daumcdn.net%2Flbook%2Fimage%2F823279%3Ftimestamp%3D20250207113201,"청소년을 위한 인문서 〈꼭 읽어야 할 인문고전〉 시리즈. 청소년의 눈으로 다른 세계를 볼 수 있도록 한국을 대표하는 인문고전을 소개하는 책이다. 책의 흐름을 손상시키지 않는 범위에서 원문의 내용을 재구성하여, 작품을 전반적으로 이해할 수 있도록 도와준다. 또한 보다 쉽고 재미있게 읽을 수 있도록 관련 이미지들을 풍부하게 수록했다. '한국편' 제5권에서는 충무공 이순신의 진중 기록인『난중일기』를 살펴보고 있다. 임진년 1592년 1월 1일부터 마지막 싸움에서 전사하기 전전날인 무술년 1598년 11월 17일까지의 일기로, 충무공의 일대기와 임진왜란을 연구하는 데 중요한 역사적 사료이다. 청소년들에게 바른 국가관과 사회관, 가정관과 부모관, 인생관과 세계관을 확립시키는 데 모범이 되는 이순신의 삶을 전해주는 책이다.","['청소년', '청소년 고전']"
10172,미국 생활 영어,김영태; 김태연; 김용상 지음,도수서원,2015,747 김64ㅁ,9789000000000,https://search1.kakaocdn.net/thumb/R120x174.q85/?fname=http%3A%2F%2Ft1.daumcdn.net%2Flbook%2Fimage%2F1477629%3Ftimestamp%3D20211219161314,"[미국 생활 영어]는 일상생활에서 접할 수 있는 미국 생활영어 표현들을 다룬 책이다. 영어에 대한 기초지식을 채울 수 있고, 영어 실력을 한 단계 높은 차원으로 발전시킬 기회가 될 것이다.","['외국어', '영어어휘']"
10173,달리기를 말할 때 내가 하고 싶은 이야기,무라카미 하루키 지음; 임홍빈 옮김,문학사상,2009,834 무292ㄷ,9791200000000,https://search1.kakaocdn.net/thumb/R120x174.q85/?fname=http%3A%2F%2Ft1.daumcdn.net%2Flbook%2Fimage%2F5665776%3Ftimestamp%3D20241214151854,"성경과 삼국유사가 ‘같은 장르’임을 당당하게 표방한 책이 나왔다. 9만 구독자를 보유한 유튜브 채널 ‘신전TV’의 운영자 김희범씨의 〈성경은 없다〉가 바로 그 책이다. 저자는 ‘신화성경’이라는 타이틀로 1년간 꾸준히 제작해온 영상의 핵심적인 내용을 한 권의 책으로 정리했다. 〈성경은 없다〉는 신학자도, 목회자도 아닌 입장에서 우리가 당연하게 받아들이고 있는 성경의 실체에 대한 근본적인 문제 제기를 시도한 책이다. 한국의 기독교 인구 수는 1000만 명, 전체 종교인구 수의 45%로 명실공히 1위를 자랑한다. 이런 환경이니 우리 국민이라면 한 번쯤은 가족이나 친구 등 주변인으로부터 전도의 대상이 되거나 그들의 손에 이끌려 교회에 다녔던 경험이 있을 것이다. 대부분 기독교의 세계에 발을 들여놓는 순간 끊임없이 믿음을 강요받으며 생긴 회의와 궁금증은 교회 안에서는 해소할 수 없음을 확인하게 된다. 저자는 신(여호와)에 대한 원초적 존재에 대한 궁금증을 해결하고자 학문의 관점에서 기독교를 바라보려는 시도도 했다. 그가 생각한 신학은 다양한 문화권의 신과 인간의 관계를 살피고 종교가 역사에 미친 영향, 삶과 죽음에 대한 고찰 등을 담은 흥미로운 학문이었기 때문이다. 하지만 개신교도인 교수가 진행하는 수업 또한 진리를 추구하는 철학적인 탐구 대신, 정해진 결과에 짜맞춰 억지 해석을 하며 “모두가 하나님의 뜻”이라는 답을 내기 위해 포석을 쌓아가는 시간에 불과했다. ‘이것을 과연 학문이라고 부를 수 있는가?’ 하는 의문만 깊어졌다. 무엇보다, 교수라는 직함을 달고 강단에 선 사람들이 창조과학에 동조하며 “어떻게 원숭이가 사람이 될 수 있냐”고 진화론을 비웃으며 “뱀과 당나귀가 말을 하고, 처녀가 임신하고, 죽은 자가 살아났다”는 이야기를 믿는다는 사실에 충격을 받았다. 저자는 기독교가 ‘성경 중심’을 강조하며 정경(正經) 외에는 다른 어떤 것도 터부시한다는 배타성을 지적하며, 성경은 이스라엘 민족의 관점에서 쓰인 글을 로마 제국이 정치적인 목적으로 수용하여 체계화시킨 후 오랜 세월을 거치며 신학자들이 새로운 해석을 더하고 각색한 드라마일 뿐이며, 수많은 번역을 거친 탓에 원본 내용은 도무지 파악하기 어려운, 한마디로 앞뒤가 맞지 않는 책이라고 주장한다. 〈성경은 없다〉는 총 5부로 구성돼 있다. 1부 ‘신화의 서막’은 창세기에 대한 의문과 대답을 담았고, 2부 ‘화려한 일족’에서는 노아, 아브라함, 이삭, 요셉과 같은 성경의 유명 인물을 통해 신화적 관점에서 성경에 다가간다. 3부 ‘애굽 탈출기’는 모세를 중심으로 한 ‘출애굽기’ 에피소드로 ‘신의 섭리’라는 말의 불합리에 대해 이야기한다. 4부 ‘여호와라는 신’에서는 ‘하나님 아버지’라 불리는 여호와라는 존재의 실체와 ‘도마복음’의 예수를 비교하며 기독교의 모순을 다루었으며 5부 ‘교회의 속사정’에서는 오늘날 사람들의 비난을 받는 한국 개신교 교회가... 가진 문제의 근원에 대해 설득력 있는 주장을 펼친다. 김희범 작가는 “기독교 세계관 속에 살고있는 분들께는 철저히 신화적 관점에서 성경의 허구성을 파고드는 이 책이 불편하게 느껴질지도 모르겠다. 하지만 이 책이 많은 사람들이 의지하는 기독교의 기원을 돌아볼 수 있는 계기가 되길 바란다”고 말했다.","['종교/역학', '종교일반', '종교의 이해']"
10174,(그 시절 우리가 사랑했던)장국영,주성철 지음,흐름출판,2013,688.099 주54ㅈ,9788970000000,https://search1.kakaocdn.net/thumb/R120x174.q85/?fname=http%3A%2F%2Ft1.daumcdn.net%2Flbook%2Fimage%2F920993%3Ftimestamp%3D20250401113647,"그 시절 우리가 사랑했던 『장국영』. 4월 1일 만우절. 거짓말처럼 우리의 곁을 떠난 슬프고도 아름다운 배우 장국영의 일생을 들여다보는 책이다. 홍콩영화 ‘통’으로 불리는 씨네21의 주성철 기자가 장국영의 시작과 끝, 그가 남겨 놓은 흔적들을 하나하나 찾아 어루만지며 써내려간 글들을 만나볼 수 있다. 장국영의 삶, 사람, 사랑, 작품 등의 주제에 대해 이야기하고 그의 영화를 재조명하며 우리들의 90년대까지 추억한다. 생전의 장국영을 만난 적은 없지만 그와 영화를 통해 대화했던 시간들을 더듬어 그의 이야기를 남겨야겠다고 결심한 저자는 장국영이 활동하던 당시 수집한 귀한 자료들과 수십 차례 홍콩을 여행하며 모은 정보, 관계자 인터뷰 그리고 장국영의 작품을 통해 그의 일생을 돌아본다. 그동안 우리가 알 수 없었던 화려했지만 쓸쓸했던 장국영의 진짜 이야기와 배우 장국영의 뒤편에 서 있던 인간 장국영에 대해 알아볼 수 있는 기회를 마련해준다.","['에세이', '한국에세이']"
10175,원자력 바로 알기,원자력바로알기 편찬위원회,한국에너지정보문화재단,2024,559.1 원72ㅇㅈ,9791200000000,https://search1.kakaocdn.net/thumb/R120x174.q85/?fname=http%3A%2F%2Ft1.daumcdn.net%2Flbook%2Fimage%2F6585368,"우리 삶의 모든 활동에는 에너지가 필요합니다. 가정, 일터, 사회적 활동이 이루어지는 공공 영역 모두 에너지가 없다면 존속할 수 없습니다. 이처럼 에너지가 우리 삶의 근간을 이루기에 에너지에 대한 논의는 늘 중요한 사회적 담론이었습니다. 그래서 우리를 둘러싼 환경이 변화함에 따라 에너지에 대한 인식도 끊임없이 변화합니다. 상황에 맞는 에너지가 있을 뿐, 에너지에 옮고 그름이 없는 이유이기도 합니다. 그렇다면 지금 우리는 어떤 에너지 환경에 있을까요? 불과 5년 전만 하더라도 세계는 지금과 달랐습니다. 소소한 갈등이 있을지언정 세계는 대립보다 협력을 기반으로 움직이는 것처럼 보였습니다. 각국은 다른 무엇보다 기후변화를 막는 일이 시급하다는 데 합의했으며, 국제적인 네트워크에 기반한 전 지구적인 에너지시스템 변화가 최우선 과제로 여겨졌습니다. 지금은 많은 것이 변했습니다. 팬데믹과 우크라이나 전쟁 이후 국제 관계는 불투명해졌고, 산업 전 분야에서 방향과 속도를 예측하기 어려울 만큼 거대한 변화가 일어나고 있습니다. 이처럼 미래를 가늠하기 어려운 가운데 기후변화가 예상보다 급격한 것으로 드러나면서 전 지구적인 대안이 절실해졌습니다. 여러 학자들이 언급했듯 '초불확실성의 시대'입니다. 불확실한 시대는 다양한 가능성이 열린 시대이기도 합니다. 어디로 향할지도 모르는 여러 갈래길 중 어떤 길이 우리에게 적합한지, 우리의 삶이 어디로 향해야 할 것인지 고민해야 합니다. 에너지 분야에서도 지나간 현실에 맞는 논쟁을 지금 반복할 것이 아니라, 우리의 삶의 미래에 어떠해야 할지 능동적으로 그려내고 이에 필요한 논의의 틀을 만들어야 합니다. <원자력 바로알기>를 펴내는 이유도 여기에 있습니다. 원자력은 우리나라의 에너지 시스템에서 중요한 축을 담당하지만 원자력에 대한 시선은 시대적 상황에 따라 변화했습니다. 변화의 한가운데 서 있는 지금은 해묵은 선입견이나 논쟁은 한편에 미뤄두고, 원자력이 미래에 어떤 역학을 해야 하는지 냉정하고 객관적인 사실에 바탕을 두어 논의해야 합니다. 이 책의 이야기가 역사에서 시작하는 이유도 여기에 있습니다. 역사의 흐름에 따라 에너지가 어떻게 변화해 왔는지, 우리의 에너지 시스템과 원자력은 환경에 어떻게 적응해왔는지 살핌으로써 우리가 직면한 상황에 맞는 에너지 시스템은 무엇인지 질문을 던지고자 합니다. 그리고 새로운 에너지 시스템에서 원자력의 역할과 가치는 무엇인지, 어떤 기회와 과제가 있는 여러 전문가의 시선을 통해 제시할 것입니다. 이 책에서는 어떠한 결론도 직접적으로 강제하지 않으려 합니다. 모든 사회적 논리가 그렇듯, 사안을 바라보는 관점은 다양하고 모든 사람이 자신만의 결론을 내릴 권리와 의무가 있기 때문입니다. 그래서 어쩌면 이 책이 혼란스럽고 방향이 모호해 보일 수 있습니다. 만약 책의 논리 전개나 내용의 흐름에 문제가 있다면 이는 각 분야를 집필한 전문가보다는 전체를 엮어낸 편집진의 잘못입니다. 불확실한 미래를 앞둔 우리에게는 자신만의 관점에 매몰되지 ...않은, 객관적인 사실에 바탕을 둔 성숙한 논의가 필요합니다. 여러 전문가들이 각자의 관점으로 바라본 이야기가 독자 여러분이 오늘날의 에너지와 원자력에 대해 나름의 해답을 얻는 데 조금이나마 도움이 되기를 바랍니다.","['과학', '화학']"
10176,"마르크스씨, 경제 좀 아세요?",이완배 지음,북트리거,2018,320 이65ㅁ,9791200000000,https://search1.kakaocdn.net/thumb/R120x174.q85/?fname=http%3A%2F%2Ft1.daumcdn.net%2Flbook%2Fimage%2F3753834%3Ftimestamp%3D20240529112414,"위대한 경제학자 18인, 그들과 함께 떠나는 생애 첫 경제사 여행! 위대한 경제학자 18명의 삶과 그들의 주장을 청소년의 눈높이에서 친절하게 소개하고 있는 책이다. 《동아일보》 사회부·경제부 기자 등을 거쳐 현재 《민중의 소리》에서 경제 담당 기자로 활동하는 이완배 기자가 청소년들이 꼭 알아야 할 경제학자 18명의 주요 사상을 재치 있는 입담으로 흥미진진하게 풀어 나간다. 이 책은 경제사를 처음 공부하는 청소년들이 재미있게 읽을 수 있도록 구성되어 있다. 먼저 경제학자의 생애를 간략하게 소개한 뒤, 경제학자들과 관련 있는 재미있는 에피소드, 그들의 주장 등을 자세히 알아본다. 그리고 경제학자가 한 말 가운데 그의 사상을 가장 잘 보여 주는 문장을 골라, 그 안에 담긴 속뜻을 풀이한다. 이와 더불어 이시누 작가의 위트 있는 삽화는 청소년들이 더욱 쉽게 경제사를 접할 수 있도록 도와준다.","['청소년', '청소년 경제']"
10177,미디어 리터러시 수업,김광희 [외] 지음,휴머니스트,2019,331.65 김15ㅁ,9791160000000,https://search1.kakaocdn.net/thumb/R120x174.q85/?fname=http%3A%2F%2Ft1.daumcdn.net%2Flbook%2Fimage%2F4905983%3Ftimestamp%3D20230302193423,"다양한 미디어의 속성을 이해하고, 미디어 속 정보와 메시지를 비판적으로 읽고 창의적으로 활용하는 방법을 알려주는 ‘미디어 수업 안내서’ ‘미디어 리터러시’는 ‘미디어를 비판적으로 수용하고 창의적으로 생산하는 능력’으로, 4차 산업혁명 시대를 맞는 청소년이 갖추어야 할 핵심 역량이자, 2015 개정 교육과정 목표인 ‘창의융합형 인재’로 성장하게 하는 바탕이다. 교육선진국에서는 이미 ‘미디어 리터러시’의 중요성을 인식하여 관련 교육 프로그램을 개발·실행하고 있지만, 우리나라는 공교육 차원에서 이에 대한 논의가 부족한 편이다. 이 책은 5명의 현직 교사가 한국언론재단의 지원을 받아 2년간 ‘미디어 리터러시 교육’에 관해 공부하고 토론한 결실이다. 텔레비전, 게임, 웹툰, SNS, 유튜브, 영화 등 청소년들이 일상에서 접하는 다양한 미디어를 제대로 이해하고 읽어내는 데 필요한 정보와 방법 등을 소개한다. 이에 더하여 학교 현장에서 교사들이 미디어(매체) 수업을 할 때 활용할 수 있는 다양한 활동과 수업 모형을 안내한다. 《미디어 리터러시 수업》을 통해 ‘디지털 네이티브’, ‘Z세대’ 등으로 불리는 오늘날 청소년들이 미디어가 제공하는 각종 정보에 대한 분별력을 높이고, 비판적·창의적 안목으로 세상과 소통하며, 미래 사회가 원하는 창의적 인재로 성장해나갈 수 있을 것이다.","['사회과학', '교육학', '교육 일반']"
10178,1등급 공부법,신영환 지음,서사원,2021,373 신64ㅇ,9791170000000,https://search1.kakaocdn.net/thumb/R120x174.q85/?fname=http%3A%2F%2Ft1.daumcdn.net%2Flbook%2Fimage%2F5907907%3Ftimestamp%3D20250215144903,"특목고 선생님으로 재직중인 필자는 학교에서 수업 태도가 매우 좋고, 누구보다 공부를 열심히 하는 학생 중 생각보다 성적이 잘 나오지 않는 경우를 많이 봤다. 이 점이 참으로 안타까웠다. 물론 그중엔 공부도 열심히 하고, 성적도 잘 나오는 학생이 있다. 그래서 항상 궁금했다. 둘 다 정말 열심히 공부하는데, 결과가 다른 이 두 학생의 차이점은 과연 무엇일까? 차이점은 공부에 관한 개념, 즉 공부를 무엇이라고 정의하는가에 있었다. 대부분의 학생은 공부를 ‘암기’라고 잘못 생각한다. 물론 ‘암기’는 공부의 필수요소지만, 공부에 있어서 대략 10%에 해당한다. 고대 그리스 수학자이자 물리학자인 아르키메데스의 ‘부력의 원리’가 이를 증명한다. 물체가 부력에 의해 물 위에 뜨려면 물 아래 잠긴 물체의 부피는 90%가 되어야 한다. 빙산의 일부가 물 위에 뜨려면, 물 아래 잠긴 빙산의 부피는 대략 90% 정도가 되어야 한다는 말이다. 공부의 핵심인 90%는 물 아래에 숨겨져 있는데, 학생들은 ‘빙산의 일각’일 뿐인 10%의 암기에만 집중한다는 것이다. 아까 ‘암기’를 공부의 표현에 해당하는 10%라고 했으니 이제는 공부의 핵심인 나머지 90%가 무엇인지 알아야 한다. 그리고 1등급을 받는 우등생들은 사실 이 10%보다 90%에 더 많은 시 간을 들이고 있다. 그렇다면 90%에 해당하는 부분은 공부에서 는 무엇에 해당할까? 그것은 다름 아닌 ‘이해’의 과정이다. 따라서 공부란 ‘이해’를 바탕으로 ‘암기’가 함께 따라올 때 완성되는 것이다. 이 책이 공부를 잘하고 싶은 수험생(중고등학생)들에게 공부 지침서로써 우등생이 되는 길을 안내하는 나침반 같은 역할을 해주기를 바란다. 플래너 작성법, 개념노트 정리법, 색깔 펜 사용법, 오답 노트 작성법, 인강 활용법 등 1등급 우등생들의 구체적인 공부법과 실천 방법을 알려준다. 책을 읽고 난 후에 누구나 우등생 공부법을 실천할 수 있도록 하우투를 매우 상세하게 담았다. 특목고 졸업 후 명문대에 진학한 우등생들의 실제적인 공부법을 공유했으니, 수험생이라면 누구나 직접 실천할 수 있는 사례 중심의 공부법을 배울 수 있을 것이다.","['청소년', '학습법']"
10179,다윈의 섬 갈라파고스,조홍섭 지음,지오북,2018,477.954 조95ㄷ,9788990000000,https://search1.kakaocdn.net/thumb/R120x174.q85/?fname=http%3A%2F%2Ft1.daumcdn.net%2Flbook%2Fimage%2F1417242%3Ftimestamp%3D20240319113224,"지난 6월 말 갈라파고스 제도의 가장 큰 섬, 이사벨라섬의 해발 1,100m 시에라네그라 화산이 폭발하여 시뻘건 용암을 분출했다. 이 책을 쓴 지은이는 바로 작년 1월에 시에라네그라 화산에 올라 광활하게 펼쳐진 칼데라를 내려다보았다. 검은 용암들이 끝도 없이 펼쳐져 있고 곳곳에 유황가스가 올라오던 곳이다. 갈라파고스는 대양 한가운데서 화산이 폭발해 생긴 섬이다. 서쪽 끝 페르난디나섬은 용암을 뿜어내며 탄생 중이고, 동쪽 끝 에스파뇰라섬은 침식을 받아 바다 속으로 침몰 중이다. 역동적인 지질에 더해 열대의 뜨거운 바다와 남극에서 온 차가운 훔볼트해류가 뒤섞이고, 주기적으로 엘니뇨와 라니냐가 극단적인 기후변동을 불러온다. 이런 특별한 생태계에 지구 어디서도 볼 수 없는 생물들이 산다는 것이 이상할 것도 없다. 거대한 육지거북과 해조류를 먹는 이구아나, 바다사자, 다윈핀치 등이 아메리카 대륙에서 건너와 짧은 기간에 새로운 종으로 나뉘어 진화했다. 눈앞에서 벌어지는 진화를 볼 수 있는 이곳을 유명하게 만든 이가 찰스 다윈이다. 1835년 비글호를 타고 방문했던 청년 다윈은 이곳에서의 관찰을 바탕으로 나중에 자연선택에 의한 진화론을 내놓는다. 다윈 이후 180년 동안 과학자들은 갈라파고스를 연구해 왔으며, 분자유전학으로 무장한 새로운 연구자들에 의해 연구 열기는 오히려 뜨거워진다. 갈라파고스는 일반 대중에게 ‘죽기 전에 가보고 싶은 꿈의 여행지’이자 생태관광의 중심지이기도 하다. 동물들은 사람이 다가가도 피하지 않는다. 심지어 마을에도 바다사자와 펠리컨, 이구아나가 돌아다녀 관광객들을 열광하게 한다. 하지만 노련한 환경기자인 지은이는 주민보다 10배나 많은 관광객이 몰리면서 ‘외래종의 천국’이 되고 있는 갈라파고스의 고민을 놓치지 않는다. 갈라파고스의 명암을 역사에서부터 생물다양성 그리고 보존의 문제까지 하나하나 조명해냈다.","['과학', '생명과학', '생태학']"
10180,김상욱의 양자 공부,김상욱 지음,사이언스북스,2017,420.13 김52ㄱ,9788980000000,https://search1.kakaocdn.net/thumb/R120x174.q85/?fname=http%3A%2F%2Ft1.daumcdn.net%2Flbook%2Fimage%2F1167137%3Ftimestamp%3D20241009114628,"『김상욱의 양자 공부』 저자가 《과학동아》에서 연재해 과학 독자들의 사랑을 한 몸에 받은 《양자 역학 좀 아는 척!》의 에피소드들을 취합하고 발전시켜 만든 역작이다. 어려운 개념을 정확한 정의와 유머러스한 비유를 통해 차근차근 이해시켜 나가는 방식으로 대중으로부터 압도적 신뢰를 받아 온 저자의 개성을 극적으로 살린 책이다. 또한 흥미와 호기심을 자극하는 가상 드라마 「양자 역학의 하루」를 통해 양자 역학의 진입 장벽을 과감히 허물었다. 100년에 걸친, 이해 불가능한 현상들을 설명하려는 물리학자들의 흥미진진한 이야기를 따라가다 보면 자연스레 양자적 사고 능력을 갖출 수 있다.","['과학', '물리학', '양자역학']"
10181,(빛의 속도로 이해하는)상대성 이론,이종필 지음,우리학교,2018,420 이75ㅅ,9791190000000,https://search1.kakaocdn.net/thumb/R120x174.q85/?fname=http%3A%2F%2Ft1.daumcdn.net%2Flbook%2Fimage%2F1642715%3Ftimestamp%3D20240725113330,"『빛의 속도로 이해하는 상대성이론』은 현대물리학의 매력을 처음 맛보는 독자들을 위한 아주 특별한 수업이자 수학으로 물리학을 넘는 흥미진진한 도전이다. 정통 물리학 번역서, 대중 과학 교양서, 시사평론을 넘나들며 전방위적인 과학 글쓰기를 몸소 실천하고 있는 이종필 교수는 친절하면서도 깊이 있는 이야기를 통해 독자들의 생각 회로를 바꾸는 특별한 경험을 선사한다. 이 책은 과학 독자들의 지적 호기심을 자극하고 과학을 제대로 공부하고픈 욕구를 불러일으켜 준다. 또한 교양과학책을 통해 말로써만 상대성이론을 접한 과학 독자들의 시야를 한층 넓혀 줄 것이다.","['청소년', '청소년 수학/과학']"
10182,이종필 교수의 인터스텔라,이종필 지음; 김명호 그림,동아시아,2014,443.1 이75ㅇ,9788960000000,https://search1.kakaocdn.net/thumb/R120x174.q85/?fname=http%3A%2F%2Ft1.daumcdn.net%2Flbook%2Fimage%2F871317%3Ftimestamp%3D20240730151019,"국내에서 인기를 끌고 있는 SF 영화 《인터스텔라》, SF영화이지만 휴머니즘을 동반하며 영화 속 아인슈타인의 상대성이론, 중력, 블랙홈과 웜홀, 5차원 등 다양한 과학이론의 등장이 관객들의 지적 호기심을 유발시키며 영화의 인기를 더하고 있다. 하지만 영화에 등장하는 과학이론이 어렵다는 반응을 보이기도 한다. 이에 평상시 물리학과 우주론에 관한 관심과 열의를 보인 저자 이종필이 『이종필 교수의 인터스텔라』를 통해 쉽고 재미있게 우주학 강의를 펼쳐 보인다. 이 책은 영화 《인터스텔라》에 등장하는 여러 이론들과 그것만으로는 부족한 여러 이론들, 그리고 영화에서 가르쳐주지 않는 다른 과학이야기도 함께 다룬다. ‘밤하늘은 왜 어두울까’라는 천상의 비밀에서 시작된 과학의 역사부터 뉴턴의 만유인력의 법칙을 통해 알게 된 그래비티, 아인슈타인의 특수상대성이론과 일반상대성이론 개념, 그리고 블랙홀과 웜홀, 우주와 은하, 4차원을 넘어선 덧차원 등 물리학과 우주론 강의로 영화의 궁금증 해결 뿐 아니라 본문에 일러스트를 삽입해 이해를 한층 돕고 있다.","['과학', '물리학', '쉽게 배우는 물리학']"
10183,지적 대화를 위한 넓고 얕은 지식. 1: 현실:역사·경제·정치·사회·윤리,채사장 지음,웨일북,2020,001.2 채52ㅈ v.1,9791190000000,https://search1.kakaocdn.net/thumb/R120x174.q85/?fname=http%3A%2F%2Ft1.daumcdn.net%2Flbook%2Fimage%2F5221724%3Ftimestamp%3D20241220133307,"어렵고 딱딱하던 인문학 분야 판도를 뒤바꾼 책. 출간 즉시 베스트셀러에 오르는 것을 시작으로, 200만 부 누적 판매를 돌파해 더블 밀리언셀러를 기록하며, 장장 5년간 스테디셀러의 자리에서 꿈쩍도 하지 않은 책. 발음하기도 낯설고 어려운 ‘지대넓얕’이라는 말을 유행시키고, 유사 콘셉트의 TV 프로그램까지 탄생시킨 책, 기초 상식에 목말라 있던 보통 사람들이 거리낌 없이 토론하게 하고 뉴스를 주체적으로 보게 하고 선거에서 주관을 갖게 한 책, 80대 독자가 독학을 시작하고 중학생 독자가 인문학을 읽게 하고 직장인들이 독서 모임을 갖게 하는 등 세대 불문 남녀노소 읽을 수 있도록 쉽고 재미있게 쓰였다고 평가받는 책. 이 모든 것이 《지적 대화를 위한 넓고 얕은 지식》에 대한 설명이다. 신간 [제로] 편에 이어, 출간 5년 만에 처음으로 개정증보판이 나왔다. 거칠고 부족했던 부분은 부드럽게 매만지고 채워 넣었다. 낡은 이야기는 시대에 맞게 바꿨다. 작가 채사장이 출간 후 많은 독자와 만나 나누었던 이야기들은 책을 개정하는 데 도움이 되었다. 꼼꼼하게 수선된 개정판을 읽는 순간, 왜 지난 5년간 이 책의 아성이 깨지지 않았는지 확인하게 될 것이다.","['인문학', '교양 인문학']"
10184,나와 나타샤와 흰 당나귀,백석 지음,다산책방,2017,811.6 백54ㄴ,9791130000000,https://search1.kakaocdn.net/thumb/R120x174.q85/?fname=http%3A%2F%2Ft1.daumcdn.net%2Flbook%2Fimage%2F1539640%3Ftimestamp%3D20250117113746,"분단시대 극복의 정점에 서 있는 천재시인 백석의 시집 『나와 나타샤와 흰 당나귀』. 이 책은 각 시마다 고유어를 간단한 주석으로 해설하여 대중적으로 친근하게 다가갈 수 있도록 구성한 개정판이다. 현대 맞춤법에 맞추어 재구성되었지만, 백석 시인 고유의 토속어의 매력을 느끼기에 충분하다. 이번 개정판에 새롭게 추가된 정철훈 기자의 ‘백석을 찾아서’에는 백석 시인의 유년시절과 대표시들이 탄생하던 시기의 삶과 작품에 담긴 뒷이야기가 담겨 있다. ‘여유난골족’에서 지내던 시절부터 1945년 해방 이후 고향 신의주로 돌아간 시절까지의 이야기들은 백석의 시를 이해하는 데 도움을 준다. 백석 시의 정신을 현대적으로 계승했다고 평가 받는 안도현 시인의 ‘「나와 나타샤의 흰 당나귀」의 나타샤에게’는 시에 등장하는 여인 ‘나타샤’에게 쓴 편지글이다. 안도현 시인은 이 글을 통해 백석에 대한 아낌없는 애정을 드러냈으며, 읽는 이로 하여금 백석의 ‘나타샤’가 누구인지 궁금증을 자아내게 만들어 백석 시를 읽는 재미를 더한다.","['소설/시/희곡', '시', '한국시']"
10185,왜 인간의 조상이 침팬지인가,재레드 다이아몬드 지음; 노승영 옮김,문학사상,2015,471.2 다68ㅇ노,9788970000000,https://search1.kakaocdn.net/thumb/R120x174.q85/?fname=http%3A%2F%2Ft1.daumcdn.net%2Flbook%2Fimage%2F954799%3Ftimestamp%3D20250409113654,"《총, 균, 쇠》의 저자 재레드 다이아몬드는 『왜 인간의 조상이 침팬지인가』에서 다윈이 밝힌 인간의 생물적 진화를 포함하여 그것이 생태계에 어떤 영향을 끼쳤는지를 포괄적으로 다룬다. 그는 인류와, 침팬지를 비롯한 다른 유인원들 간의 유전적 비교를 통해 인간과 영장류의 관련성과 인류 진화의 메커니즘을 다양한 사례와 분석 자료를 통해 상세하게 밝힌다. 그는 인간과 침팬지의 유전자를 비교하면서 98.4% 동일하고 단지 1.6% 차이가 있다고 밝히면서 미세하다고 할 수 있는 이러한 차이가 두 종(種)의 운명을 갈랐다고 주장한다.","['과학', '생명과학', '진화론']"
10186,나는 그냥 버스기사입니다,허혁 지음,수오서재,2018,818 허94ㄴ,9791190000000,https://search1.kakaocdn.net/thumb/R120x174.q85/?fname=http%3A%2F%2Ft1.daumcdn.net%2Flbook%2Fimage%2F1646639%3Ftimestamp%3D20220807195030,"묵묵하게 운전하며 글 쓰는 버스기사 허혁. 그가 버스 안에서 바라본 세상과 사람, 자기 성찰에 대한 이야기 『나는 그냥 버스기사입니다』. 하루 열여덟 시간씩 버스를 모는 동안 세상에서 가장 착한 기사였다가 한순간에 세상에서 가장 비열한 기사가 되는 자신을 마주한 저자는 그 시간을 자신을 관찰하고 성찰하는 시간으로 만들었고, 문득문득 떠오르는 글들을 적기 시작했다. 왜 버스가 늦게 오는지, 왜 기사는 물어봐도 대답도 잘 안 해주는지, 왜 선글라스까지 쓰고 인상을 팍팍 쓰고 있는지, 왜 버스정류장 박스에 딱 맞춰 서지 않는지, 왜 급히 좌회전을 해서 몸을 쏠리게 만드는지, 왜 두드려도 문을 열어주지 않는지, 왜 모두 자리를 찾아 앉을 때까지 기다려주지 않는지, 버스기사의 내밀한 사정을 이해할 수 있는 글들을 통해 버스를 탈 때 가졌던 불만과 짜증이 납득과 이해로 변하는 경험을 하게 된다. 운전하며 머릿속으로 쓰고, 운전하며 머릿속으로 탈고한 저자의 글 속에서 버스는 하나의 세상이 되고 독자이자 승객인 우리는 그 세상 속 시민이 된다. 버스를 운전하는 동안 자신의 몸에 차곡차곡 새겨진 언어로 빚어낸 저자의 글 속에서 때로는 엄마를, 아버지를, 할머니를 조우하게 되고 삶의 고단함을 내려놓는 쉼을, 삶에 대한 포근한 희망을, 마음 개운해지는 눈물을, 잔잔한 미소를 선물 받게 될 것이다.","['에세이', '한국에세이']"
10187,사피엔스의 깊은 역사,송만호; 안중호 지음,바다출판사,2022,409 송32ㅅ,9791170000000,https://search1.kakaocdn.net/thumb/R120x174.q85/?fname=http%3A%2F%2Ft1.daumcdn.net%2Flbook%2Fimage%2F6171235%3Ftimestamp%3D20230905181030,"융합과학 분야에서 다양한 지원과 활동을 해오고 있는 유미과학재단의 송만호 이사장과 2021년 과학기술정보통신부 올해의 책 《과학오디세이-유니버스&라이프》의 저자 안중호 교수가 과학 초심자와 청소년을 위해 138억 년 우주의 역사를 추적하며 우리 인간이 어떻게 출현하게 되었고 또 어디로 향하고 있는지 안내한다. 저자들은 ‘우리는 어디에서 와서 어디로 향하고 있는 것일까?’라는 우리의 근원을 묻는 질문에 답하기 위해서는 단편적이고 파편화된 과학 지식을 넘어 138억 년의 우주의 역사를 바라봐야 한다고 강조한다. 과학의 높은 장벽인 난해한 개념과 수식을 최대한 배제하고 접근성 높은 설명과 융합과학의 관점에서 빅뱅과 우리 사이를 한줄기 이야기로 엮어낸다. 저자들의 안내에 따라 빅뱅과 우리 사이를 잇는 수많은 탄생과 소멸, 생과 죽음을 마주하다 보면 우리가 얼마나 작고 연약한 존재인지 실감하게 된다. 이는 나와 나를 둘러싼 세상에 대한 이해뿐 아니라 내가 속한 지구를 위해 내가 해야 할 일이 무엇인지 성찰하도록 이끈다.","['청소년', '청소년 수학/과학']"
10188,절멸의 인류사,사라시나 이사오 지음; 이경덕 옮김,부키,2020,471.2 사292ㅈ이,9788960000000,https://search1.kakaocdn.net/thumb/R120x174.q85/?fname=http%3A%2F%2Ft1.daumcdn.net%2Flbook%2Fimage%2F5388290%3Ftimestamp%3D20250315141430,"‘약했기 때문에 살아남았다.’ 언뜻 모순적으로 보이는 이 주장은 인류가 지난한 진화를 거치며 만물의 영장이 되기까지의 과정에 핵심적인 논의로 작용한다. 강한 완력도, 날카로운 이빨도 없었던 인류의 조상은 어떻게 700만 년이라는 시간을 견뎌 살아남았을까? 왜 인류는 불편하고 생존에 불리한 특징들은 발전시키고 후대에 물려주었을까? 혼자서는 아무것도 할 수 없는 호모 사피엔스는 어떻게 가장 마지막까지 살아남아 지구상에 남은 유일한 인류가 될 수 있었을까? 일본의 분자고생물학자인 사라시나 이사오는 이 책에서 인류의 기원에 대한 기존의 학설을 새롭게 해석하고 최신의 고고학 성과와 실시간으로 수정되고 있는 학문적 논의를 바탕으로 이러한 질문에 답하고자 한다. 우리가 진화에 대해 가지고 있던 오해와 의문, 인류가 만들어 온 역사에 영향을 끼친 필연과 우연의 순간들, 고고학과 관련된 기초 개념과 재밌는 에피소드 등이 한데 어우러진 이 책을 통해 우리는 인간이 가진 가장 오래되고 근원적인 질문에 답할 수 있게 될 것이다.","['인문학', '인류학/고고학', '인류학']"
10189,희랍어 시간,한강,문학동네,2011,813.6 한12ㅎ c.2,9788950000000,https://search1.kakaocdn.net/thumb/R120x174.q85/?fname=http%3A%2F%2Ft1.daumcdn.net%2Flbook%2Fimage%2F690963%3Ftimestamp%3D20250328113738,"한국인 최초 맨부커상 수상 작가 한강의 장편소설 『희랍어 시간』. 말을 잃어가는 한 여자의 침묵과 눈을 잃어가는 한 남자의 빛이 만나는 순간을 그리고 있다. 열일곱 살 겨울, 여자는 어떤 원인이나 전조 없이 말을 잃는다. 말을 잃고 살던 그녀의 입을 다시 움직이게 한 건 낯선 외국어였던 한 개의 불어 단어였다. 시간이 흘러, 이혼을 하고 아이의 양육권을 빼앗기고 다시 말을 잃어버린 여자는 죽은 언어가 된 희랍어를 선택한다. 그곳에서 만난 희랍어 강사와 여자는 침묵을 사이에 놓고 더듬더듬 대화한다. 한편, 가족을 모두 독일에 두고 혼자 한국으로 돌아와 희랍어를 가르치는 남자는 점점 빛을 잃어가고 있다. 그는 아카데미의 수강생 중 말을 하지도, 웃지도 않는 여자를 주의 깊게 지켜보지만 그녀의 단단한 침묵에 두려움을 느끼는데….","['소설/시/희곡', '한국소설', '2000년대 이후 한국소설']"
10190,김경일의 지혜로운 인간생활,김경일 지음,저녁달,2022,189.2 김14ㄱ,9791190000000,https://search1.kakaocdn.net/thumb/R120x174.q85/?fname=http%3A%2F%2Ft1.daumcdn.net%2Flbook%2Fimage%2F6043490%3Ftimestamp%3D20250328154208,김경일 교수는 〈어쩌다 어른〉 〈세바시〉 〈요즘책방: 책 읽어드립니다〉 등 다수의 방송 프로그램에 출연하여 대중에게도 이미 친숙한 심리학자다. 대한민국에서 가장 바쁜 강연자라 해도 과언이 아닐 만큼 수많은 강연을 통해 어려운 심리학을 우리 삶과 연결시켜 쉽게 전달해왔다. 그가 이번에는 강연에서 가장 많은 질문을 받는 주제인 ‘인간관계’에 대해 예리하게 파헤치고 스트레스 없이 적정한 관계를 유지하는 법을 모색한다. 그저 말로 위로하기보다는 우리가 고민하는 인간관계 문제의 본질을 꿰뚫고 어떻게 해결할 것인지를 함께 생각하고 해결책을 찾게 만들어준다. 남의 말 한마디가 늘 신경 쓰이고 돌아보면 혼자 상처받고 있는 당신을 위한 인간관계 지침서 『김경일의 지혜로운 인간생활』은 인지심리학을 바탕으로 ‘타인과 나’의 관계를 들여다보고 명쾌한 통찰을 얻을 수 있도록 구성되어 있다. 이 책에 담긴 열여섯 번 강의는 날카롭고 참신한 시각으로 현상을 분석하고 쉽고 유쾌한 조언으로 신선한 깨달음을 선사한다. 김경일 교수 특유의 재치와 인사이트가 담긴 강의는 우리의 생각을 새로운 차원으로 이끌어 생각을 전환하여 문제에서 벗어날 수 있도록 돕는다. 사회는 갈수록 복잡해지고 사람 사이의 관계도 더 복잡해지는 만큼 인간관계의 고민은 갈수록 많아질 수밖에 없다. 이 책은 타인과의 관계에서 고통을 받고 일상이 무너진 경험을 한 사람들에게 현실적인 조언을 건넨다. 『김경일의 지혜로운 인간생활』을 통해 다시 평안한 일상을 되찾고 적정한 관계를 통해 자신감 있는 생활을 시작할 수 있게 될 것이다.,"['인문학', '심리학/정신분석학', '교양 심리학']"
10191,우리는 모두 별에서 왔다,윤성철 지음,21세기북스,2020,440 윤54ㅇ,9788950000000,https://search1.kakaocdn.net/thumb/R120x174.q85/?fname=http%3A%2F%2Ft1.daumcdn.net%2Flbook%2Fimage%2F5222607%3Ftimestamp%3D20221209172423,"대한민국 최고의 명품 강의를 책으로 만난다! 현직 서울대 교수진의 강의를 엄선한 ‘서가명강(서울대 가지 않아도 들을 수 있는 명강의)’ 시리즈의 아홉 번째 책이 출간됐다. 역사, 철학, 과학, 의학, 예술 등 각 분야 최고의 서울대 교수진들의 명강의를 책으로 옮긴 서가명강 시리즈는 독자들에게 지식의 확장과 배움의 기쁨을 선사하고 있다. 『우리는 모두 별에서 왔다』는 서울대학교 물리천문학부 윤성철 교수가 서울대 인기 교양과목 〈인간과 우주〉에서 진행한 수업 내용을 바탕으로 쓴 책이다. 윤성철 교수는 JTBC 〈차이나는 클라스〉에도 출연해 천문학을 대중의 눈높이에 맞춰 소개하면서 주목을 받은 바 있다. 이 책은 우주의 탄생과 생명의 기원에 대한 현대 천문학의 눈부신 성과들을 소개함으로써 우리를 우주라는 낯선 공간으로 데려간다. 빅뱅 이후 일어난 별의 형성과 진화를 통해 지금 우리가 지구라는 행성에서 태어나 살아가고 있다는 사실은, 독자들에게 신선한 충격과 감동을 선사할 것이다.","['과학', '천문학', '우주과학']"
10192,질병의 탄생,홍윤철 지음,사이,2014,517 홍66ㅈ,9788990000000,https://search1.kakaocdn.net/thumb/R120x174.q85/?fname=http%3A%2F%2Ft1.daumcdn.net%2Flbook%2Fimage%2F1390953%3Ftimestamp%3D20241101113900,"우리는 왜 어떻게 질병에 걸리는가 『질병 탄생』. 과거에 없던 질병이 생기고, 왜 그 질병들이 현대인을 괴롭히는지, 어떻게 폭발적으로 질병들이 증가했는지를 인류사적, 문화사적으로 살펴본 책이다. 먹거리, 기후변화, 햇빛, 오래달리기, 술, 담배, 산업혁명, 화석 연료 등 질병을 탄생시킨 환경적 요인 8가지와 전염병, 비만, 당뇨병, 고혈압, 심혈관질환, 알레르기, 암, 우울증 등 현대인의 대표 질병 8가지를 살펴본다. 저자는 농업혁명을 통해 영양소의 질적 저하와 면역체계의 부실화, 인간과의 교류 및 접촉 증가 등 변화된 환경으로 질병 시대의 서막을 열고, 도시화, 화학물질 등이 출현한 산업혁명으로 질병 역사가 폭발적으로 증가했다고 이야기한다. 또한 질병은 유전적 요인뿐만 아니라, 환경의 변화와 유전자의 적응 사이에서 나타나는 시간 차이로 인해 환경에 대한 유전자의 부적응 때문이라고 설명한다.","['과학', '과학의 이해', '과학사/기술사']"
10193,세상을 바꾼 생물,원정현 지음,리베르스쿨,2018,470 원74ㅅ,9788970000000,https://search1.kakaocdn.net/thumb/R120x174.q85/?fname=http%3A%2F%2Ft1.daumcdn.net%2Flbook%2Fimage%2F919701%3Ftimestamp%3D20220721001528,"현재의 생물 이론을 이해하기 위해서는 생물학의 역사를 알아야 한다! 고대 그리스부터 현재까지, 생명의 신비를 탐구해 가는 과학자들을 만나다! ‘과학’이라는 분야는 절대적이고 변하지 않는 진리를 품고 있는 것처럼 여겨진다. 하지만 학문은 다양한 이론이 등장하면서 변화하였다. 자연과학도 예외는 아니다. 과학 시간에 배우는 과학 개념은 많은 과학자가 세상을 이해하는 방식을 서로 논쟁하고 검증하는 과정을 거쳐 정리한 것이다. 《세상을 바꾼 생물》에서 저자는 현대 생물의 이론을 생물의 역사에 자연스럽게 녹여 내 쉽고 재미있게 익힐 수 있도록 했다. 또한 책에 실린 귀여운 삽화와 다양한 시각 자료들은 독자가 생물을 여러 방식으로 이해하도록 돕는다. 〈세상을 바꾼 과학〉 시리즈의 세 번째 책인 《세상을 바꾼 생물》은 고대 그리스의 의사 히포크라테스부터 시작한다. 인체가 어떻게 움직이고 왜 질병에 걸리는지를 알아내려고 한 의사들의 고민은 후대로 이어져 혈액 순환 이론과 백신을 탄생시켰다. 대항해 시대가 시작되어 새로운 생물들이 유럽으로 들어오자 생물학에서는 또 다른 변화와 발전이 생겼다. 린네는 이 생물들을 분류할 적절한 방법을 찾기 위해 애썼고, 다윈은 다른 모습의 생물들도 서로 같은 조상에서 나왔다는 진화론을 발표했다. 물리, 화학, 지구과학 등 다른 과학 분야의 발전도 생물 연구에 큰 영향을 끼쳐 DNA 연구에 활용되었다. 이처럼 생물학은 인간의 삶과 사회와 가까운 관계를 맺으며 발전해 왔다. 과학자들이 기존의 생물 이론을 비판하고 수용하고, 새롭게 실험하며 생명의 신비를 탐구해 온 역사를 함께 살펴보자!","['과학', '생명과학', '생명과학']"
10194,똘레랑스 독서토론,배진시 지음,일리,2022,029.8 배78ㄸ,9789000000000,https://search1.kakaocdn.net/thumb/R120x174.q85/?fname=http%3A%2F%2Ft1.daumcdn.net%2Flbook%2Fimage%2F6151768%3Ftimestamp%3D20240204145743,"프랑스식 ‘관용 수업’ 실험 보고서다. 프랑스 유학을 다녀온 저자가 몸으로 익힌 똘레랑스(관용) 가치를 적용한 독서와 토론 교육 모습을 보여준다. 저자는 독서와 토론으로 사고의 폭을 넓히는 게 진정한 공부라고 여긴다. 기존 독서토론 수업과는 다른 방식을 지향한다. 그는 ‘필독서’가 아닌 아이들이 원하는 책을 읽게 하는 독서 교육을 중시한다. 사전 준비해서 ‘정답’으로 여기고 일방적으로 읽고 마는 토론수업은 거부한다. 대화를 주고받으며 생각을 확장하는 경험을 하게 하는 토론수업을 꾀한다. 그는 토론에는 정답이 없고, 의견이 있을 뿐이라며 아이들이 자유분방하게 발표할 수 있게 유도한다. ‘생각 주머니’를 키우는 게 목표다. 이는 프랑스 가정과 학교가 실제로 실천하는 독서토론 수업이다. 《똘레랑스 독서토론》에는 저자가 프랑스에서 체험하고 관찰한 사례가 풍성하게 담겨 있다. 모든 교육의 목표는 ‘아이들의 행복’이며, 그걸 달성하기 위해 무엇보다 아이들의 개별성을 존중해야 한다고 강조한다. 아이들의 ‘차이’와 ‘다름’을 받아들여야 하며, 독립된 인격체로 대해야 한다고 주장한다.","['사회과학', '교육학', '교육 일반']"
10195,재즈와 불교 그리고 환희 찬 인생,이케다 다이사쿠; 웨인 쇼터; 허비 행콕 [지음],중앙일보S,2022,225.84 다68ㅈ,9788930000000,https://search1.kakaocdn.net/thumb/R120x174.q85/?fname=http%3A%2F%2Ft1.daumcdn.net%2Flbook%2Fimage%2F6097314%3Ftimestamp%3D20240606145525,"세계를 대표하는 재즈인과 불교 철학자가 만나 음악과 신앙 그리고 인생을 말한다. 〈재즈와 불교 그리고 환희 찬 인생〉은 불교 철학자이자 국제 평화운동가로서 지금까지 세계 54개국·지역을 방문, 국가 지도자 및 석학들과 대화를 거듭해 온 이케다 다이사쿠 SGI 회장의 많은 대담집 중 하나이다. 이 책은 우리 시대를 대표하는 재즈계의 두 거장(웨인 쇼터; 재즈사에 빛나는 색소폰 연주가, 허비 행콕; 재즈의 새 지평을 연 피아니스트)과 형제와 같은 유대로 40년 동안 고락을 함께해 온 이케다 회장이 ‘재즈’와 ‘불법(佛法)’ 그리고 ‘인생’을 테마로 대화한 내용이다. 2010년부터 2011년까지 세 사람은 일본 세이쿄신문에 ‘혼의 인간찬가 재즈와 인생 그리고 불법을 말한다’라는 제목으로 연재를 했다. 틀에 얽매이지 않고 서로 묻고 답하는 형식을 취한 이 대담은 각자의 특색을 한껏 살려 매회 재즈 애호가는 물론 다양한 독자층으로부터 공감을 얻었다. 2011년 가을, 때마침 유네스코 총회에서 매년 4월 30일을 ‘세계 재즈의 날’로 제정한 데에 호응해 이 책이 탄생했다. 한국어판은 그로부터 11년이 지나서 출간됐지만 여전히 평화와 공생의 미래를 창조하는 지혜가 빛나고 있다. 세 사람은 마음을 터놓은 대화를 통해 재즈는 물론 음악과 인간, 신앙과 인생, 미국과 아프리카 등 일생에 걸쳐 경험하고 고뇌해 온 것들에 대한 물음과 대답을 공유한다. 이런 가운데 서로 존경하고 신뢰하는 생명의 일체감을 나누고, 인간이 인간답게 함께 살아가는 희망과 용기를 일깨운다. 세계를 대표하는 재즈인과 행동하는 불교 철학자가 펼치는 음악과 불교 그리고 인생에 대한 생생한 이야기를 통해 독자는 인간 내면에 존재하는 인간 본래의 가치를 발견하고 인생의 새로운 지표를 얻게 될 것이다.","['인문학', '철학 일반', '교양 철학']"
10196,고양이의 주소록,무레 요코 지음; 권남희 옮김,해냄,2019,834 요875ㄱ권,9788970000000,https://search1.kakaocdn.net/thumb/R120x174.q85/?fname=http%3A%2F%2Ft1.daumcdn.net%2Flbook%2Fimage%2F5110875%3Ftimestamp%3D20220829102024,"동물에 대한 애정과 세상을 향한 따뜻한 시선이 돋보이는 무레 요코의 최장기 스테디셀러 『고양이의 주소록』이 해냄에서 출간되었다. ‘카모메 식당’의 저자로 이미 널리 알려져 있는 무레 요코는 1984년에 첫 에세이 『오전 0시의 현미빵』을 발표하며 작가 생활을 시작한 이래 30여 년간 여성들의 소소한 일상을 경쾌하고 유머러스한 문장으로 표현하면서 ‘요코 중독’ 현상을 일으키는 등 많은 독자들의 사랑을 받고 있는 일본의 대표 저자이다. 그런 무레 요코가 가장 사랑한 동물은 바로 고양이. 그래서인지 고양이를 주제로 한 작품들을 많이 선보였는데, 그중에서도 『고양이의 주소록』은 1993년과 1996년, 그리고 2018년 등 총 세 번에 걸쳐 새로운 디자인으로 출간될 정도로 오랜 기간 독자들의 사랑을 받으며 50만 부 이상 판매된 저력의 베스트셀러이다. 일본의 문예춘추 출판사는 세 번째 복간을 결정하면서 ‘냥덕’ 그림 작가 기쿠치치키의 그림을 표지로 사용했는데, 그는 세계에서 가장 권위 있는 국제 그림책 공모전 중 하나인 ‘브라티슬라바 국제 일러스트레이션 비엔날레’에서 황금사과상을 수상해 명성을 떨친 일러스트레이터이다. 기쿠치치키는 역동적인 붓 터치로 대담하면서도 섬세하게 그려내어 무레 요코의 『고양이의 주소록』에 생명의 숨결을 불어넣어주었다. 『고양이의 주소록』 한국어판 역시 2018년에 복간된 세 번째 판본으로 번역하였으며, 표지 또한 기쿠치치키의 그림을 그대로 사용했다.","['에세이', '외국에세이']"
10197,사랑하는 겉들,이옥토 지음,북뱅,2017,814.6 이65사,9791160000000,https://search1.kakaocdn.net/thumb/R120x174.q85/?fname=http%3A%2F%2Ft1.daumcdn.net%2Flbook%2Fimage%2F1554338%3Ftimestamp%3D20250301113432,"포토그래퍼 ‘옥토’의 첫 번째 사진 에세이 『사랑하는 겉들』. 억지웃음, 만들어진 밝은 풍경이 아니라 무표정, 낯선 시선 처리로 순간을 정지시킨 120여 컷의 사진과 내면의 고민을 담아낸 글이 어우러진 책이다. 옥토만의 시선으로 포착한 분위기와 색감, 특유의 감성은 다 잘될 거라는 가벼운 위로보다 더 깊숙이 파고드는 담담한 목소리로 읽는 이를 부드럽게 감싼다. 페이스북에서 특히나 큰 호응을 얻었던 글과 사진에 미공개 작품을 추가하여 엮은 이 책은 ‘사랑하는 겉들’, ‘모이’, ‘얌전한 병실’, ‘빛나는 염려’, 이상 네 개의 파트로 나눠 소중한 사람들과의 이야기, 세계 각국을 다니며 찍은 빛나는 순간들, 작가의 개인적 아픔이 투영된 몸과 마음에 관한 기록, 사랑하는 연인에 대한 단상을 담아내고 있다.","['에세이', '사진/그림 에세이']"
10198,(10대를 위한)자존감 수업,이형준 지음,하늘아래,2016,182.1 이94ㅈ,9791160000000,https://search1.kakaocdn.net/thumb/R120x174.q85/?fname=http%3A%2F%2Ft1.daumcdn.net%2Flbook%2Fimage%2F1596735%3Ftimestamp%3D20230706150458,"[10대를 위한 자존감 수업]은 현직 고등학교 선생님인 저자가 의미도 모르는 것을 하느라 자신의 시간을 낭비하질 않기를 바라고 행복을 위해 노력하지 말고, 지금 당장 삶의 자세와 방식을 바꿔 지금 자유롭고 행복하기를 바라는 마음으로 쓴 책이다. 저자는 자존감의 정의를 ‘자기 자신을 귀하게 여기는 마음’이라고 말한다. 자신을 귀하게 여긴다는 건 어떠한 조건에도 상관없이 자신을 소중히 여긴다는 뜻이며 지위, 성적, 부와 같은 것 때문에 자신을 사랑하는 것이 아니라고 강조하고 있다. 자존감은 능력과 상관없으며, 자신이 무엇을 할 수 있든 없든, 현재 자신의 상태가 어떠하든, 남들의 기대에 맞춰 내가 해줄 수 있는 게 있든 없든, 자존감은 능력이나 환경이 아니라, 존재 그 자체에서 의미를 발견해야 한다는 것이다. 즉 어떤 결과에 의미를 두지 말고 자신의 존재에 대해 가치를 부여하는 것이 자존감을 키울 수 있는 방법이라고 소개한다. 그러면서 저자는 자유스러운 삶속에서 자존감을 어떻게 키우며 자존감으로 자유스러운 삶을 어떻게 살아야 하는지를 제시하고 그 과정에서 얻어지는 행복이 주는 의미를 일깨워 주고 있다.","['청소년', '청소년 자기계발']"
10199,글쓰기 좋은 질문 642,샌프란시스코 작가집단 Grotto 집필; 라이언 옮김,Qurious,2013,802 집898ㄱ박,9791200000000,https://search1.kakaocdn.net/thumb/R120x174.q85/?fname=http%3A%2F%2Ft1.daumcdn.net%2Flbook%2Fimage%2F1652526%3Ftimestamp%3D20241226113541,"당장 글을 쓰고 싶어지는 책 『글쓰기 좋은 질문 642』. 이 책은 소설가, 영화감독, 작가, 저널리스트, 시인, 비평가 등 다양한 분야의 예술가 35명이 공동 집필한 ‘글감’ 642개를 묶은 것으로, 창작자를 꿈꾸는 이들이나 스토리텔링을 원하지만 아이디어가 쉽게 떠오르지 않는 이들에게 도움을 준다. 가령, ‘2017년 당신의 페이스북에 상태를 업데이트해보라’, ‘제자에게 추파를 던지는 교수를 묘사하라’, ‘지금까지 보았던 최악의 영화 줄거리를 고쳐보라’ 등 글쓰기를 자극하는 영감과 힌트로 가득한 질문들을 던진다. 그리고 책의 하단 부분을 비워두어 자유롭게 상상을 펼칠 수 있도록 한다.","['인문학', '책읽기/글쓰기', '글쓰기']"
10200,"고교학점제, 어떻게 실천할 것인가?",김삼향 [외] 지음,맘에드림,2020,376.61 김52ㄱ,9791190000000,https://search1.kakaocdn.net/thumb/R120x174.q85/?fname=http%3A%2F%2Ft1.daumcdn.net%2Flbook%2Fimage%2F5426268%3Ftimestamp%3D20230219140628,"이 책은 전작 《고교학점제란 무엇인가?》에 이어, 공교육의 근본적인 혁신을 도모하는 고교학점제가 우리 고등학교 현장에 제대로 안착하기 위해 갖춰져야 할 제반 조건 및 구체적인 실천 방안을 중심으로 이야기한다. 특히 소통과 협력이 원활한 학교문화 만들기, 누군가의 희생을 담보로 하거나 주먹구구식 관례가 아닌 합리적 규범에 근거한 체계적인 학교운영, 학생들이 주체가 된 과목 선택과 진로교육에 실질적인 도움을 줄 수 있는 다양한 교육과정의 운영 및 편성, 발달적 관점에서의 질적 평가 방안 및 공간의 융통성과 개방성을 높여 학점제에 최적화된 학교 공간혁신에 이르기까지 포괄적으로 아우르는 한편, 실제 사례들과 경험자들의 인터뷰를 풍부하게 담았다. 또한 마이스터고와 특성화고등학교를 위한 고교학점제 정책 및 교육과정 편성 방향과 실천 사례들도 함께 소개하고 있다","['사회과학', '교육학', '교육 일반']"
10201,개념의료,박재영 지음,청년의사,2013,510.4 박73ㄱ,9788990000000,https://search1.kakaocdn.net/thumb/R120x174.q85/?fname=http%3A%2F%2Ft1.daumcdn.net%2Flbook%2Fimage%2F1347882%3Ftimestamp%3D20250328113740,"교양 시민을 위한 개념있는 의료 이야기『개념의료: 왜 병원에만 가면 화가 날까』. 이 책은 더 건강한 대한민국을 위해 우리 사회 구성원들이 기본적으로 알아야 할 의료이야기를 정리한 책이다. 한국의료의 특성과 그 특성들이 어떠한 역사적 문화적 맥락에서 비롯된 것인지. 한국 의료의 강점과 그 임면에 숨어 있는 초라한 현실은 무엇인지 보건 의료 분야의 막후에 얼마나 흥미롭고 중요한 사연이 숨어 있는지 조목조목 파헤친다. 총 3부로 나뉜 이 책은 1부에선 지금 의료계가 처한 현실 이야기를 들려준다. 우리는 어떠한 의료체계에 살고 있으며 의료민영화를 해야 하는지 등에 관해 소개하며 2부에선 한국 건강보험의 탄생과정을 상세히 묘사하고 분해하여 오늘날 끊임없이 발생하는 현재적 의료쟁점의 기원과 주소를 알려준다. 3부에서는 미래 대응적 과제를 모색한다. 의료 패러다임이 크게 달라지고 있다는 사실과 과학기술로 인해 바뀌는 의학의 미래, 의료분쟁 해결 방식 등 미래에 훨씬 중요해질 과제를 생각해 본다.","['사회과학', '사회학', '사회복지']"
10202,생각한다는 착각,닉 채터 지음; 김문주 옮김,웨일북,2021,181.3 채884ㅅ김,9791190000000,https://search1.kakaocdn.net/thumb/R120x174.q85/?fname=http%3A%2F%2Ft1.daumcdn.net%2Flbook%2Fimage%2F5847481%3Ftimestamp%3D20250111131029,"인간은 자신의 신념에 따라 정말 정치색을 고를까? 똑같은 질문에도 매번 같은 대답을 할까? 우리는 생각과 욕망, 행동이 알 수 없는 깊은 내면세계에서 비롯된다고 굳게 믿으며, 숨겨진 내면이 있다고 생각하기를 좋아한다. 그렇기에 내면을 다 알지 못하고는 자신을 온전히 이해할 수 없다고 생각한다. 저자 닉 채터는 베일에 가려진 심오한 마음이라는 것이 사실상 없다고 주장한다. 최고의 행동과학자인 저자는 그동안 해온 연구의 방향과 완전 다른 새로운 개념을 뇌과학, 신경과학, 인지심리학, 행동심리학 등을 통해 밝혀낸다. 내면의 믿음이나 가치, 욕망이라는 것은 딱 정해진 무언가가 아니라 과거 경험에 의해 만들어진다. 즉, 오늘의 기억은 어제의 해석일 뿐이라는 것이다. 그래서 인간은 내면 기저에 있는 어떤 것에 영향을 받아서 행동한다기보다 스스로 계속해서 정체성을 만들고 끊임없이 즉흥적으로 행동한다. 결국 이렇게 만들어진 경험이 우리 자신의 행동 방향성과 내면의 심리까지도 영향을 끼친다. 이 책은 우리가 수백 년간 품어온 선입견에 대담하게 도전하며 나와 타인을 이해하는 완전히 새로운 지평을 제시한다. 자신의 꼬인 마음을 해결하려 애쓰는 대신 삶을 알아가는 창조적인 프로젝트에 더 집중해야 한다. 우리는 어떻게 해야 더 행복할 수 있을까? 어떻게 해야 더 일관적인 생각을 할 수 있을까? 어떻게 해야 문제를 해결할 수 있을까? 내면에서 정답을 찾아야 한다는 생각에서 벗어나야 한다. 자신의 내면을 찾는 일은 비효율적일 뿐이다. 무의식을 버림으로써 우리는 삶을 재구성할 수 있다.","['인문학', '교양 인문학']"
10203,9명의 철학자와 9번의 철학수업,이진우 지음,김영사,2022,160 이78ㅇ,9788930000000,https://search1.kakaocdn.net/thumb/R120x174.q85/?fname=http%3A%2F%2Ft1.daumcdn.net%2Flbook%2Fimage%2F6104165%3Ftimestamp%3D20250221151238,"우리 시대 대표 철학자 이진우 포스텍 명예교수가 더 나은 나를 위한 휴머니즘 철학 특강을 펼친다. 《9명의 철학자와 9번의 철학수업》은 고대 그리스에서 탄생한 철학이 근대 세계를 거쳐 현대에 이르기까지 ‘인간이란 무엇인가?’ ‘어떻게 살 것인가?’라는 질문에 답해온 여정을 핵심만 담아 설명하는 철학 기본서다. 급변하는 문명의 전환기에 가장 유용한 인문학 수업 속으로. 각 분야 최고의 학자와 연구자가 미래 세대를 위해 만드는 〈굿모닝 굿나잇〉 시리즈의 8번째 책. ㆍ 철학은 과연 우리 삶에 쓸모가 있을까? ㆍ 인간이란 무엇인고, 나는 어떻게 살아야 할까? ㆍ 시대를 대표하는 철학자들은 어떻게 생각했을까? ㆍ 철학은 지식의 문제가 아니라 이해의 문제 ㆍ 과학기술의 시대, ‘인간 이후 인간’은 어떤 모습일까?","['인문학', '철학 일반', '교양 철학']"
10204,수학의 기쁨 혹은 가능성,김민형 지음,김영사,2022,410.2 김38ㅅ,9788930000000,https://search1.kakaocdn.net/thumb/R120x174.q85/?fname=http%3A%2F%2Ft1.daumcdn.net%2Flbook%2Fimage%2F6204009%3Ftimestamp%3D20250328155302,"세계적 수학자 김민형 교수가 수학 공부의 본질과 기쁨에 대해 이야기한다. 수학 문제를 풀면서 얻는 것이 답안지가 아니라 삶의 지혜와 배움의 가치임을 전한다. 세상을 명확하고 효율적으로 표현해주는 수학 언어의 매력을 소개하고, 피타고라스 정리나 삼각함수처럼 잘 알려진 도구를 활용해 여러 가지 수학 문제들을 독자들과 함께 풀어본다. 동네 뒷산의 높이를 통해 지구 깊이를 측정하는 법, 음악과 미술에서 발견하는 수학 공식, 풀리지 않는 난제에 평생을 바친 수학자들 이야기도 이어진다. 교과서 속 문제 풀이에 머무르지 않고 수학 문화의 매력과 수학 공부의 기쁨을 느끼게 해줄 책이다. 각 분야 최고의 학자와 연구자가 미래 세대를 위해 만든 〈굿모닝 굿나잇〉 시리즈 열 번째. ㆍ 수학이 없으면 어떤 곤란한 일이 생길까? ㆍ 피타고라스 정리는 왜 역사상 가장 중요한 수식일까? ㆍ 르네상스 회화에 숨겨진 탄도학 이론은 무엇일까? ㆍ 플라톤은 왜 서른 살까지 수학을 공부하라고 했을까? ㆍ 망명한 소련 수학자들은 어떻게 수학계를 뒤흔들었을까?","['과학', '수학', '수학 일반']"
10205,"물리학, 쿼크에서 우주까지",이종필 지음,김영사,2023,420.13 이75ㅁ,9788930000000,https://search1.kakaocdn.net/thumb/R120x174.q85/?fname=http%3A%2F%2Ft1.daumcdn.net%2Flbook%2Fimage%2F6299693%3Ftimestamp%3D20250316132922,"과학 대중화를 위해 활발하게 활동하는 물리학자 이종필 교수의 알면 힘이 되는 물리학 특강. 이 책에는 가장 작은 입자에서 가장 큰 우주까지, 세상이 작동하는 근본 원리를 추구하는 물리학의 결정적 장면들이 담겨 있다. 우리가 일상적으로 경험하는 힘과 운동의 법칙부터 인간의 직관을 뛰어넘어 미시세계를 지배하는 양자역학까지, 만물의 근원이 되는 입자의 발견에서 우주의 탄생과 미래에 대한 비밀까지. 비밀이 풀리는 물리학 여행이 흥미진진하게 펼쳐진다. 각 분야 최고의 학자와 연구자가 미래 세대를 위해 만드는 〈굿모닝 굿나잇〉 시리즈의 11번째 책. ㆍ 세상은 무엇으로 만들어졌을까? ㆍ 빛은 파동일까, 입자일까? ㆍ 아인슈타인의 위대한 점은 무엇일까? ㆍ 양자역학이란 도대체 무엇일까? ㆍ 우주는 영원불멸할까, 빅뱅에서 생겨난 것일까?","['과학', '기초과학/교양과학']"
10206,KAIST 100년의 꿈,카이스트 지음,지식공감,2022,500 카68ㅋ,9791160000000,https://search1.kakaocdn.net/thumb/R120x174.q85/?fname=http%3A%2F%2Ft1.daumcdn.net%2Flbook%2Fimage%2F6063305%3Ftimestamp%3D20221107232412,"50년을 맞이한 카이스트 앞으로의 50년을 상상하다 TV를 거꾸로 보는 교수, 넥슨 창업자인 고 김정주의 스승, 515억 원을 유치한 교수, 괴짜 교수로 이름이 높은 이광형 교수는 2021년 2월 카이스트 총장으로 임명됐다. 2021년은 카이스트 설립 50주년이 되는 해이기도 하다. 이광형 교수는 취임식 때부터 전국적인 관심을 끌었다. 학교 발전방안을 직접 취임식에서 발표했다. 카이스트 학생들이 공부를 너무 많이 한다고 선언하고, 매년 1억 원씩 모금하겠다고 약속했다. 또한, 카이스트 문화를 바꾸겠다면서 QAIST(큐-카이스트)를 선언했다. 이 책은 우리나라 과학기술 발전에 크게 이바지해온 카이스트가 100주년을 바라보며, 50년 뒤에는 어떤 기술이 우리 삶에 스며 있을지 상상한다. 그들이 중심이 되어 그 기술을 이룩하리라 희망하는 건 물론이다. 미래학자이기도 한 이광형 총장은 100명의 교수로 ‘100주년 위원회’를 구성하고 미션을 제시했다. “앞으로 50년을 상상하면서, 10년 동안 카이스트가 해야 할 계획을 세웁시다.” 이공계 중점 대학의 발전보고서가 상상보고서로 태어난 배경이다. 100년 위원회는 카이스트 교수들의 연구 방향이 50년 뒤 가져올 미래 사회를 단편소설의 형식을 빌려 상상한다. 또 학생들을 대상으로 연 50년 뒤 카이스트를 상상하는 경진대회 수상작을 이 책에 실었다. 이 책에 실린 상상 중에는 이미 연구에 돌입했거나 가능할지 의심스러운 게 있을지도 모른다. 그러나 미래에 벌어질 일은 아무도 정확하게 알 수 없다. 과거의 말도 안 되는 상상이 오늘날 많이 실현됐듯이 카이스트의 상상도 분명 이루어질 것이다. 추격자가 아닌 선도자로서 세계의 기술 발전을 이끄는 그 날까지, 카이스트는 멈추지 않을 것이다.","['과학', '기초과학/교양과학']"
10207,내가 힘들었다는 너에게,신소영 지음; 봉지 그림,웅진지식하우스,2020,818 신55ㄴ,9788900000000,https://search1.kakaocdn.net/thumb/R120x174.q85/?fname=http%3A%2F%2Ft1.daumcdn.net%2Flbook%2Fimage%2F5404386%3Ftimestamp%3D20230923164506,"오랫동안 좋아하고 아끼던 이에게 사실은 그동안 자신 때문에 힘들었다는 말을 듣는다면 기분이 어떨까? 방송작가 신소영은 그 말을 듣고 가슴이 찢어진다는 말을 실감했다고 한다. 그리고 아픈 만큼 솔직하게 자신을 돌아볼 수 있었다. 이 책 『내가 힘들었다는 너에게』는 그가 자신을 돌아보며 우리 삶의 가장 중요한 두 가지 ‘관계와 과정’에 대해 써 내려간 에세이다. 이렇게까지 솔직해도 되는 건가, 싶은 그의 이야기들은 누구에게도 쉽게 털어놓지 못한 우리의 지난날과 너무나 닮았다. 이 책의 시작이 된 그의 연재(오마이뉴스, 브런치)는 300만 조회라는 뜨거운 호응과 함께, 특히 각자의 공간으로 많이 공유되었다. 이는 함부로 말할 수 없었던 내 마음을 알아주고 꺼내준 반가움과 후련함 때문일 것이다. 또한 “섬광이 머리를 스치는” 듯했다는 독자 리뷰에서 알 수 있듯, 그의 솔직하고 예민한 각성이 힘겹고 복잡한 우리 삶의 크고 작은 힌트가 되어 주기 때문일 것이다. 이 책을 추천한 CBS 정혜윤 PD는 “덜 구속될 수 있”는 삶을 말했고, 책 발전소 김소영 대표는 “그처럼 지난날을 돌아보고 싶은 용기”를 내고 싶다고 고백했다. 오늘의 나를 대충 아무렇게나 대하지 않기 위해선, 훌훌 털어버릴 일일지라도 ‘돌아보는 태도’가 필요하다는 그의 단정한 이야기를 마주해보자. 당신도 그처럼 오늘의 삶에서 버려야 할 것과 채워야 할 것들을 선명하게 보게 될 것이다.","['에세이', '한국에세이']"
10208,작은 별이지만 빛나고 있어,소윤 지음,북로망스,2021,814.6 소66ㅈ,9791200000000,https://search1.kakaocdn.net/thumb/R120x174.q85/?fname=http%3A%2F%2Ft1.daumcdn.net%2Flbook%2Fimage%2F5627457%3Ftimestamp%3D20250311151559,"2021년 최장 기간 동안 에세이 베스트 셀러 자리를 지킨 『작은 별이지만 빛나고 있어』가 20만 부를 기념하여 인기 일러스트레이터 제딧 작가와 협업한 리커버 에디션으로 돌아왔다. 마음을 울리는 색채와 환상적인 분위기가 매력적인 제딧 작가만의 그림이 소윤 작가의 따뜻한 토닥임과 부드럽게 어우러진다. 제딧 작가는 트위터, 네이버 그라폴리오, 인스타그램 등에서 100만 독자를 보유하고 있는 유명 일러스트레이터로 대중의 많은 사랑과 관심을 받고 있다. 이 책은 누구나 품고 있는 꿈과 희망, 작은 소망과 연결되는 ‘작은 별’을 꺼내 볼 수 있는 시간과 여운을 주며, 상처받았던 과거와 아직 성장하고 있는 이야기들을 통해 많은 독자의 공감을 얻고 있다. 평범해 보이는 각자의 일상도 사실은 작은 별처럼 빛나고 있음을 깨닫는 순간을 마주하고 싶다면, ‘별이 빛나는 밤’ 에디션을 펼쳐보자. 아직 그저 그런 평범한 일상의 연속이라고 생각하는 순간이야말로 마음속 꺼내지 않은 작은 별을 들여다보아야 할 때다. 밝게 빛나는 별이 돋보일 수 있는 건, 작고 희미한 별들의 존재 때문이 아닐까. 그 작은 별들조차, 모두 같은 별은 없다. 오로지 유일한 존재들만 빛나고 있을 뿐.","['에세이', '한국에세이']"
10209,대한민국 평화 기행,권기봉;김진환;한모니까 지음,창비,2021,981.102 권18ㄷ,9791170000000,https://search1.kakaocdn.net/thumb/R120x174.q85/?fname=http%3A%2F%2Ft1.daumcdn.net%2Flbook%2Fimage%2F5663447%3Ftimestamp%3D20250125144214,"《대한민국 평화기행》은 최초로 대한민국 전역을 다룬 평화기행 입문서다. 기존에 민통선이나 오키나와, 제주 등을 다룬 책은 있었지만, 평화기행의 무대를 대한민국 전역으로 확대한 것은 없었다. 이 책에는 DMZ 일원(인천ㆍ경기ㆍ강원)을 포함해 서울, 충청·호남, 부산·대구·영남, 제주 등 저자들이 직접 선정한 전국 각지의 평화 현장 30곳의 이야기가 담겨 있다. 책장을 넘기며 저자들의 발길을 따라가다 보면 무심코 지나쳤던 평화의 흔적들을 떠올리게 된다. 이 책의 독자는 평화ㆍ통일 관련 답사 장소를 찾는 사람으로 국한되지 않는다. 이 땅에 스민 평화의 흔적을 알고 싶은 사람, 그리고 우리가 함께 사유해야 할 평화의 모습을 고민하는 사람이라면 이 책을 통해 우리에게 잊혔던, 우리가 잊으려고 했던 평화의 기억들이 자연스레 살아나는 경험을 할 수 있을 것이다.","['역사', '문화/역사기행', '한국 문화/역사기행']"
10210,AI는 세상을 어떻게 바꾸는가,장동선 지음,김영사,2022,004.73 장25ㅇ,9788930000000,https://search1.kakaocdn.net/thumb/R120x174.q85/?fname=http%3A%2F%2Ft1.daumcdn.net%2Flbook%2Fimage%2F5939130%3Ftimestamp%3D20250326153644,"각 분야 최고의 학자와 연구자가 미래 세대를 위해 만든 〈굿모닝 굿나잇〉 시리즈 6번째 책, 《AI는 세상을 어떻게 바꾸는가》. 인공지능 기술의 역사와 발전, 기초 개념과 원리는 물론 사회 트렌드와 미래 예측까지 한 권에 담았다. 독일 막스플랑크 바이오사이버네틱스 연구소에서 박사학위를 받은 세계적 뇌과학자이자 과학 커뮤니케이터 장동선 박사의 스토리텔링을 통해 청소년부터 성인까지 읽을 수 있도록 재미와 지식 모두를 잡았다. 인간과 인공지능이 함께 살아가는 미래를 대비하는 필수 교양서. ㆍ 인공지능은 어떻게 태어나고 발전했을까? ㆍ 인공지능에는 어떤 핵심 기술이 필요할까? ㆍ SF 영화나 소설 속 상상들은 실제로 이루어질 수 있을까? ㆍ 생각하는 로봇을 인간과 같은 생명으로 봐야 할까? ㆍ 인공지능과 함께하는 미래는 유토피아일까?","['과학', '기초과학/교양과학']"
10211,"세 살, 이제 막 시작하는 육아",서천석 지음,김영사,2022,598.1 서83ㅅ,9788930000000,https://search1.kakaocdn.net/thumb/R120x174.q85/?fname=http%3A%2F%2Ft1.daumcdn.net%2Flbook%2Fimage%2F6045997%3Ftimestamp%3D20250322154044,"각 분야 최고의 학자와 연구자가 미래 세대를 위해 만드는 〈굿모닝 굿나잇〉 시리즈. 그 7번째 책 《세 살, 이제 막 시작하는 육아》는 특별히, 미래 세대로 자라갈 세 살에서 다섯 살 아이 육아법을 담았다. 대한민국 모든 부모의 어려움에 공감하며 아이를 더 쉽게 더 깊게 사랑하는 법을 전파하는 육아 멘토 서천석 박사. 발달 단계에 대한 이해부터 아이를 키우는 마음가짐, 꼭 필요한 놀이법과 흔들리지 않는 훈육 원칙까지 부모의 불안을 행복으로 바꾸는 세 살 육아를 전한다. 삶을 이끄는 자기 주도적 태도의 기초가 형성되는 세 살 육아를 위한 필독서. ㆍ 왜 인생에서 세 살이 중요할까? ㆍ 놀이할 때 해야 할 네 가지, 하지 말아야 할 네 가지 ㆍ 아이에게 미디어를 어떻게 보여줘야 할까? ㆍ 친구 같은 부모는 좋은 부모일까? ㆍ 훈육을 둘러싼 오해와 진실","['좋은부모', '육아', '육아법/육아 일반']"
10212,우리는 모두 각자의 별에서 빛난다,이광형 지음,인플루엔셜,2022,325.04 이15ㅇ,9791170000000,https://search1.kakaocdn.net/thumb/R120x174.q85/?fname=http%3A%2F%2Ft1.daumcdn.net%2Flbook%2Fimage%2F6049443%3Ftimestamp%3D20230802195609,"인생을 살다 보면 문득 앞이 보이지 않는 순간을 맞을 때가 있다. 그런 막막한 순간, 나보다 앞서 인생을 산 ‘좋은 어른’에게 조언을 얻는다면 얼마나 좋을까. 《우리는 모두 각자의 별에서 빛난다》는 책상 위에 10년 뒤 달력을 놓고 사는 미래학자, TV를 거꾸로 놓고 보는 괴짜 교수, 한국 벤처 1세대의 아버지, 드라마 〈카이스트〉의 실제 모델 등 화려한 수식어로 불리지만, 그 스스로는 ‘꿈을 키워주는 사람’이라 칭하는 이광형 카이스트 총장이 현실의 장벽 앞에 힘겨워하고 있는 젊은이들을 위해 마련한 인생 문법이다. 저자 이광형 총장은 카이스트 전산학과 교수 시절 한국 1세대 벤처 창업가들을 대거 배출해 벤처 창업의 대부로 이름을 알렸으며, 이후 인공지능과 바이오정보, 미래학까지 분야를 넘나들며 미래를 향한 자신만의 꿈을 하나씩 실현해왔다. 무수한 제자들이 꿈을 이룰 수 있도록 이끌어주는 한편, 본인의 삶을 통해 꿈이 가진 힘을 증명해 온 그는 책에서 이렇게 말한다. “밤하늘의 별은 모두 저만의 독특한 빛이 있다. 우리도 그렇다. 남과 비교하거나 경쟁에 휩쓸리지 말고 나만의 꿈을 찾아라. 나는 나만의 고유한 색을 찾을 때 가장 빛난다.” 내가 가장 좋아하는 것, 잘할 수 있는 것에 온 마음을 다해 뛰어들 때, 비로소 우리는 밤하늘의 별처럼 유일무이한 존재로 살아갈 수 있다는 것. 이것이 바로 나이에 상관없이 우리가 꿈을 찾아야 하는 이유다. 총 열두 주제로 풀어낸 그만의 인생철학은 삶의 지향점을 잡지 못하는 이 땅의 모든 젊은이에게 방향타가 되어주는 것은 물론, 인생의 변곡점에서 방황하는 장년층에게도 유용한 지침을 제시해줄 것이다.","['자기계발', '성공', '성공학']"
10213,(반차도로 따라가는) 정조의 화성행차,한영우 지음,효형출판,2007,911.058 한64ㅈ,8958720468,https://search1.kakaocdn.net/thumb/R120x174.q85/?fname=http%3A%2F%2Ft1.daumcdn.net%2Flbook%2Fimage%2F787533%3Ftimestamp%3D20211209145717,"〈반차도〉를 통해 정조의 화성행차를 소개하는 가이드북. 조선 왕조사 연구의 권위자인 한영우 교수가 쓴 책으로, 정조가 야심차게 펼쳤던 8일간의 정치이벤트를 생생하게 보여준다. 저자가 여러 기록문화를 바탕으로 정조의 화성행차가 지니는 문화적ㆍ역사적 의미를 되짚어본「정조의 화성행차, 그 8일」과「정조대왕 화성능행 반차도」의 대중판으로 펴낸 것이다. 강력한 왕권중심의 나라를 꿈꾸던 정조는 1795년 어머니 혜경궁 홍씨와 함께 아버지 사도세자의 무덤인 현륭원과 정조의 설계에 따라 건설한 신도시가 있는 화성으로 행렬을 이끌었다. 115명의 기마악대가 연주하는 음악이 울리는 가운데 1800여 명의 신하가 뒤따랐고, 그 행렬은 1킬로미터에 이르렀다. 겉으로는 어머니의 회갑을 경축하기 위한 나들이였지만 실은 그간의 위업을 과시하고, 국민의 충성을 결집시켜 정치개혁에 박차를 가하려는 목적이었다. 이 책은 특히, 김홍도를 비롯한 당대 뛰어난 화원들이 그린 〈반차도〉를 통해 화성행차의 생생한 과정을 확인할 수 있도록 구성하였다. 저자의 고증으로 채색하여 사실감을 더한 63컷의 〈반차도〉는 '원행을묘정리의궤'에 들어있는 흑백 판각화이다. 또한 주요 인물과 행사에 대한 설명을 한글과 영문으로 구성하여 외국인에게도 좋은 안내서가 된다.","['역사', '조선사', '조선후기(영조~순종)']"
10214,"클릭, 한국미술사","강민기,이숙희,장기훈,신용철 지음",예경,2011,609 강38ㅋ,9788970000000,https://search1.kakaocdn.net/thumb/R120x174.q85/?fname=http%3A%2F%2Ft1.daumcdn.net%2Flbook%2Fimage%2F970353%3Ftimestamp%3D20250227113501,"『클릭, 한국미술사』는 우리나라 5천년 역사의 전통미술을 각 분야별 주제와 작품을 중심으로 설명하고 있다. 크게 선사, 삼국, 남북국, 고려, 조선, 근대로 나누었고, 각 시대별로 회화, 조각, 도자, 공예, 건축, 석조의 6개 분야를 풍부한 원색 도판과 함께 쉽고 명쾌하게 설명했다. 지금까지 우리나라 전통미술의 범위에서 제외되었던 20세기 초의 근대 미술에 대해서도 비교적 상세히 다룬 것이 특징이다. 주요 용어는 백과사전식으로 설명을 덧붙이고, 중요한 유물은 개별적으로 깊이 들여다볼 수 있도록 화보 페이지를 별도로 마련해 이해를 돕는다.","['예술/대중문화', '미술', '한국미술']"
10215,중국을 말한다. 08: 초유의 융합,루징청 지음; 이원길 옮김,신원문화사,2008,912 허84ㅈ이 v.08,9788940000000,https://search1.kakaocdn.net/thumb/R120x174.q85/?fname=http%3A%2F%2Ft1.daumcdn.net%2Flbook%2Fimage%2F528260%3Ftimestamp%3D20230512173321,"중국인의 시각으로 바라본 중국 역사서. 이 책은 중국 역사 개론서《화설중국話說中國》을 번역하여 시리즈로 15권으로 구성될 예정이다. 중국의 원시 사회부터 마지막 왕조인 청나라가 멸망하기까지의 역사 과정을시대별로 나누고, 그 시대의 주요 역사적 사건 및 인물들에 관한 이야기를 1500여 편의 표제어로 엮어 누구나 쉽게 읽고 이해할 수 있도록 이야기 형식으로 구성했다. 또한 3000여 점의 풍부하고 세밀한 그림 및 지도, 사진 자료를 수록해 당시의 생활상을 보는 듯한 생생한 사실감을 느낄 수 있도록 하였으며 중국 역사 발전 맥락과 세계사의 정보를 함께 수록해 이야기만으로 부족하기 쉬운 내용을 보완하였다. 8권에서는 거듭된 통일과 분열로 혼란해진 위진 남북조 시대의 이야기를 풀어낸다.","['역사', '중국사', '중국고대사(선사시대~진한시대)']"
10216,중국을 말한다. 12: 철기와 장검,"청위,장허성 [공]지음; 김춘택;이인선 [공]옮김",신원문화사,2008,912 허84ㅈ김 v.12,9788940000000,https://search1.kakaocdn.net/thumb/R120x174.q85/?fname=http%3A%2F%2Ft1.daumcdn.net%2Flbook%2Fimage%2F528274%3Ftimestamp%3D20230324155139,"중국인의 시각으로 바라본 중국 역사서. 이 책은 중국 역사 개론서《화설중국話說中國》을 번역하여 시리즈로 15권으로 구성될 예정이다. 중국의 원시 사회부터 마지막 왕조인 청나라가 멸망하기까지의 역사 과정을시대별로 나누고, 그 시대의 주요 역사적 사건 및 인물들에 관한 이야기를 1500여 편의 표제어로 엮어 누구나 쉽게 읽고 이해할 수 있도록 이야기 형식으로 구성했다. 또한 3000여 점의 풍부하고 세밀한 그림 및 지도, 사진 자료를 수록해 당시의 생활상을 보는 듯한 생생한 사실감을 느낄 수 있도록 하였으며 중국 역사 발전 맥락과 세계사의 정보를 함께 수록해 이야기만으로 부족하기 쉬운 내용을 보완하였다. 12권에서는 거란, 당황, 여진, 몽골족이 일어나 천하 쟁탈에 나섰으며, 조씨 송나라 침상을 부수고 유라시아 대륙을 진동한 이야기를 풀어냈다.","['역사', '중국사', '중국사 일반']"
10217,중국을 말한다. 14: 석양의 노을,멍펑싱 지음; 김순림 옮김,신원문화사,2008,912 허84ㅈ김 v.14,9788940000000,https://search1.kakaocdn.net/thumb/R120x174.q85/?fname=http%3A%2F%2Ft1.daumcdn.net%2Flbook%2Fimage%2F528381%3Ftimestamp%3D20230402135507,"중국인의 시각으로 바라본 중국 역사서. 이 책은 중국 역사 개론서《화설중국話說中國》을 번역하여 시리즈로 15권으로 구성될 예정이다. 중국의 원시 사회부터 마지막 왕조인 청나라가 멸망하기까지의 역사 과정을시대별로 나누고, 그 시대의 주요 역사적 사건 및 인물들에 관한 이야기를 1500여 편의 표제어로 엮어 누구나 쉽게 읽고 이해할 수 있도록 이야기 형식으로 구성했다. 또한 3000여 점의 풍부하고 세밀한 그림 및 지도, 사진 자료를 수록해 당시의 생활상을 보는 듯한 생생한 사실감을 느낄 수 있도록 하였으며 중국 역사 발전 맥락과 세계사의 정보를 함께 수록해 이야기만으로 부족하기 쉬운 내용을 보완하였다. 14권에서는 중국 역사 최후의 봉건 사회인 청의 전기와 중기를 담았다. 문화적 역사적으로 많은 유산을 남긴 청의 에피소드를 수록했다.","['역사', '중국사', '중국사 일반']"
10218,중국을 말한다. 09: 당나라의 기상,"류산링,궈젠,장젠중 지음; 김동휘 옮김",신원출판사,2008,912 허84ㅈ김 v.09,9788940000000,https://search1.kakaocdn.net/thumb/R120x174.q85/?fname=http%3A%2F%2Ft1.daumcdn.net%2Flbook%2Fimage%2F528263%3Ftimestamp%3D20230512141724,"중국인의 시각으로 바라본 중국 역사서. 이 책은 중국 역사 개론서《화설중국話說中國》을 번역하여 시리즈로 15권으로 구성될 예정이다. 중국의 원시 사회부터 마지막 왕조인 청나라가 멸망하기까지의 역사 과정을시대별로 나누고, 그 시대의 주요 역사적 사건 및 인물들에 관한 이야기를 1500여 편의 표제어로 엮어 누구나 쉽게 읽고 이해할 수 있도록 이야기 형식으로 구성했다. 또한 3000여 점의 풍부하고 세밀한 그림 및 지도, 사진 자료를 수록해 당시의 생활상을 보는 듯한 생생한 사실감을 느낄 수 있도록 하였으며 중국 역사 발전 맥락과 세계사의 정보를 함께 수록해 이야기만으로 부족하기 쉬운 내용을 보완하였다. 9권에서는 세계 최초의 만화경이 발명되고 화려한 문명이 다채롭게 펼쳐진 통일된 개방 시대이자 낭만적이고 전기적 색채를 띤 수당시대의 이야기를 풀어낸다.","['역사', '중국사', '중국사 일반']"
10219,중국을 말한다. 13: 집권과 분열,후민;마쉐창 지음;이원길 옮김,신원문화사,2008,912 허84ㅈ이 v.13,9788940000000,https://search1.kakaocdn.net/thumb/R120x174.q85/?fname=http%3A%2F%2Ft1.daumcdn.net%2Flbook%2Fimage%2F528277%3Ftimestamp%3D20240613112340,"중국인의 시각으로 바라본 중국 역사서. 이 책은 중국 역사 개론서《화설중국話說中國》을 번역하여 시리즈로 15권으로 구성될 예정이다. 중국의 원시 사회부터 마지막 왕조인 청나라가 멸망하기까지의 역사 과정을시대별로 나누고, 그 시대의 주요 역사적 사건 및 인물들에 관한 이야기를 1500여 편의 표제어로 엮어 누구나 쉽게 읽고 이해할 수 있도록 이야기 형식으로 구성했다. 또한 3000여 점의 풍부하고 세밀한 그림 및 지도, 사진 자료를 수록해 당시의 생활상을 보는 듯한 생생한 사실감을 느낄 수 있도록 하였으며 중국 역사 발전 맥락과 세계사의 정보를 함께 수록해 이야기만으로 부족하기 쉬운 내용을 보완하였다. 13권에서는 중국 봉건사회 역사 발전의 전환기인 명나라에 대한 내용을 담았다. 많은 부분에서 변화의 요소를 갖고 있었으며 복잡다단한 투쟁들이 끊이지 않은 시대상황을 살펴본다.","['역사', '중국사', '중국근세사(원~ 아편전쟁)']"
10220,(명화로 보는) 단테의 신곡,단테 알리기에리 지음; 이선종 편역,미래타임즈,2022,881 알298ㄷ이,9788970000000,https://search1.kakaocdn.net/thumb/R120x174.q85/?fname=http%3A%2F%2Ft1.daumcdn.net%2Flbook%2Fimage%2F5945547%3Ftimestamp%3D20240606144846,"미켈란젤로는 단테를 일컬어 “지구 위를 걸었던 사람 중에 가장 위대한 사람”이라고 극찬했고, 괴테는 단테의 『신곡』을 “인간이 만든 것 중 최고의 작품”이라고 극찬했다. 『신곡』은 지옥, 연옥, 천국을 여행하는 형식으로 인간의 욕망과 죄악, 운명과 영혼의 구원을 심오하게 그려낸 대서사시이다. 아홉 개의 구역으로 분류된 지옥은 영원한 슬픔과 괴로움의 세계를 나타내고, 일곱 개의 구역으로 구성된 연옥은 구원받은 영혼이 천국에 들어가기 전에 그 죄를 깨끗이 씻어내는 곳이다. 그리고 열 개의 구역으로 되어 있는 천국은 인간들이 하느님에게로 이르는 길을 제시하고 있으며 그 결말은 기쁨으로 끝이 난다. 『신곡』은 토마스 아퀴나스의 신학, 스콜라 철학, 프톨레마이오스의 우주관, 신비주의, 그리스·로마 신화, 성서 등 폭넓은 내용을 담고 있다. 그뿐만 아니라 현실 세계의 사물을 빌려 하느님의 존엄과 심판, 그리고 사랑과 구원의 진리를 투영하고 있다. 특히 현세의 인간들에게 하느님에게로 이르는 길을 제시해 주고 있다.","['인문학', '신화/종교학', '그리스로마 신화']"
10221,"(난생 처음 한번 공부하는) 동양미술 이야기. 1: 인도, 문명의 나무가 뻗어나가다",강희정 지음,사회평론,2022,609.1 강97ㄷ v.1,9791160000000,https://search1.kakaocdn.net/thumb/R120x174.q85/?fname=http%3A%2F%2Ft1.daumcdn.net%2Flbook%2Fimage%2F6006358%3Ftimestamp%3D20241025155751,"『난처한 동양미술 이야기』는 인기리에 출간 중인 난생 처음 한번 공부하는 이 세상의 모든 지식 시리즈, 즉 ‘난처한 시리즈’의 세 번째 여정이다. 서양 중심의 관점에서 벗어나 우리 시선으로 미술사를 새로 쓰고 더 깊이 우리 자신을 들여다볼 수 있도록 이끈다. 그 출발을 떼는 1권은 고대 인도 미술을 다룬다. 인도는 우리가 기대하는 동양미술의 시작점은 아닐지 모른다. 그러나 저자는 고대 인도라는 고리를 통해 우리나라는 물론 중국, 일본 더 나아가 동양 전체를 묶어낸다. 인더스 문명에서 출발해 마침내 경주 석굴암 본존불에까지 다다르는 강의를 따라가다 보면 우리가 얼마나 인도와 가까웠는지 알게 된다. 또한 곁에 있어도 그저 지나칠 뿐이었던 동양미술 작품들이 새로이 눈에 들어오는 경험을 하게 될 것이다.","['인문학', '교양 인문학']"
10222,그 여름의 끝,이진미 지음; 김유진 그림,글라이더,2022,813.7 이78ㄱ,9791170000000,https://search1.kakaocdn.net/thumb/R120x174.q85/?fname=http%3A%2F%2Ft1.daumcdn.net%2Flbook%2Fimage%2F495712%3Ftimestamp%3D20250404113951,"이성복 시인의 세 번째 시집. 시인은 <그 여름의 끝>에서 연애시의 어법으로 세상에 대한 보다 깊고 근원적이며 보편적인 이해를, 뛰어난 서정을 통해 새롭게 펼쳐보여준다. 그의 시세계는 깊이를 획득한 단순함으로, 나를 버리지 않고 세계와 하나가 되는, 나와 타자에 대한 진정성의 사랑의 지난함을 수사적 현란함이 없이 평이하게 드러낸다.","['소설/시/희곡', '시', '한국시']"
10223,메타버스 언박싱,이정호 지음,글라이더,2022,331.5412 이74ㅁ,9791170000000,https://search1.kakaocdn.net/thumb/R120x174.q85/?fname=http%3A%2F%2Ft1.daumcdn.net%2Flbook%2Fimage%2F5952281%3Ftimestamp%3D20240725155830,"코로나19로 말미암은 사회 변화는 우리 청소년의 삶을 통째로 바꾸고 있다. 학교에 가고, 공부를 하며, 친구와 어울리는 게 일상이었던 과거와 달리 코로나19 팬데믹 이후에는 일상의 기준이 바뀌어 버렸다. 학교도 친구도 온라인 세상에서 만나면서 우리 일상 속에 ‘메타버스(metaverse)’라는 신조어가 등장하기 시작했다. 메타버스는 ‘초월’이란 뜻의 메타(meta)와 ‘현실 세계’를 뜻하는 유니버스(universe)를 합성한 단어로 현실과 가상이 혼재된 세계라고 해석할 수 있다. 예를 들면 가상현실, 증강현실 등도 메타버스의 일종이기에 이제 막 생겨난 개념은 아니다. 하지만 과거에는 이들 현실 서비스가 특정 분야에 국한되었던 것에 반해 앞으로는 사회 전반에 퍼질 것이라는 데 주목해야 한다. 이 책은 메타버스 시대를 살아갈 Z세대에게 메타버스가 무엇인지 제대로 알려주고 차근히 대비할 수 있도록 이끌어 주는 ‘10대를 위한 메타버스 입문서’이다. 메타버스의 개념, 역사 및 현재 발전 상황, 관련 아이템, 나아가 미래 사회 예측까지 다양하고 폭넓은 주제를 다양한 사례와 이미지, 토론을 통해 다루어 아이들 스스로 흥미를 느끼게 한다.","['청소년', '청소년 수학/과학']"
10224,오늘부터 나는 세계 시민입니다,"공윤희,윤예림 [공]지음; 배성규 그림",창비교육,2019,331 공66ㅇ,9791190000000,https://search1.kakaocdn.net/thumb/R120x174.q85/?fname=http%3A%2F%2Ft1.daumcdn.net%2Flbook%2Fimage%2F5111014%3Ftimestamp%3D20250313134033,"2019 우수출판콘텐츠 제작지원사업 선정작. 세계 여성의 날(3/8), 해양의 날(6/8), 도시의 날(10/31), 이주자의 날(12/18), 인간 연대의 날(12/20) 등 UN에서 정한 세계 기념일을 물꼬로, 2030년까지 전 세계가 함께 이루어 가야 할 17개의 ‘지속가능발전목표’에 대해 서술한 책이다. ‘인터넷을 사용할수록 난민이 발생한다고?’ ‘라면을 먹을수록 열대 우림이 사라진다면?’과 같이 나와 사회, 세계를 연결하는 질문을 던지고 다양한 사례를 통해 이를 설명함으로써, 오늘날 세계에서 직면한 여성·환경·노동·차별·혐오 등의 뜨거운 이슈를 쉽고 흥미롭게 이해할 수 있게 하였다. 매 챕터 뒤에 ‘세계 시민 To Do List’를 제안하여, 한 사람 한 사람이 작으나마 세계 시민으로서의 역할을 다할 때에 변화를 볼 수 있음을 전하려 했다. 저자 공윤희·윤예림은 일상 속에서 착한 세계화를 이루려는 비영리단체 ‘세계시민교육 보니따(BONITA)’를 설립해 활동하고 있다.","['청소년', '청소년 인문/사회']"
10225,수학은 우주로 흐른다,송용진 지음,브라이트,2021,409 송65ㅅ,9791130000000,https://search1.kakaocdn.net/thumb/R120x174.q85/?fname=http%3A%2F%2Ft1.daumcdn.net%2Flbook%2Fimage%2F5912104%3Ftimestamp%3D20250211145727,"수학과 기초과학의 발전으로 인류는 찬란한 과학의 시대를 열었다. 응용과학이 급속히 발전함에 따라 수학은 잠시 중심에서 밀려나는 듯했지만 수학은 다시 세상을 바꿀 지식으로 주목받고 있다. 인공지능을 비롯한 4차 산업혁명 기술의 발전으로 수학과 과학이 융합되면서 수학 지식과 인재를 필요로 하고 있다. 수학이 미래 산업의 경쟁력이 되는 ‘수리 자본주의 시대’가 온 것이다. 이 책은 수천 년간 유일하게 지속 발전해 온 수학과, 이를 바탕으로 꽃핀 과학이 어떻게 인류 문명을 이끌어 왔는지 살펴본다. 이야기는 수학에서 시작해 과학, 종교, 문화, 사회로 종횡무진 뻗어나간다. 0의 탄생 배경, ‘수학’이라는 단어의 의미를 살펴보는 것은 물론 수학과 과학이 분리되는 과정, 문명의 발전에 끼친 영향 등을 이야기한다. 그뿐만이 아니다. 기독교와 라틴어가 과학 발전에 기여한 것, 중국의 과학이 뒤처진 이유, 유럽이 증류주를 음료수처럼 마시게 된 배경까지 종교, 철학, 문화, 사회를 걸쳐 폭넓게 분석한다. 수천 년 동안 지식을 쌓아올린 수학과, 발전한 지 200여 년밖에 안 된 응용과학이 앞으로 만들어 나갈 미래가 펼쳐진다.","['과학', '수학', '수학 일반']"
10226,정복자 칭기스칸,김영진 편역,문지사,2018,912.6 김64ㅈ,9788980000000,https://search1.kakaocdn.net/thumb/R120x174.q85/?fname=http%3A%2F%2Ft1.daumcdn.net%2Flbook%2Fimage%2F1158686%3Ftimestamp%3D20250319113912,"왕 중의 왕, 위대한 대전사 칭기스칸! 보통의 기준으로는 어떤 말로도 그를 평가할 수 없다. 몽골 초원 작은 부족의 아들로 태어나 마지막 숨을 거둘 때까지의 대칸 칭기스의 전 생애가 이 한 권의 책에 담겨있다!","['역사', '아시아사', '중앙아시아사']"
10227,수학은 상상,김상현 지음,EBS BOOKS,2021,410 김52ㅅ,9788950000000,https://search1.kakaocdn.net/thumb/R120x174.q85/?fname=http%3A%2F%2Ft1.daumcdn.net%2Flbook%2Fimage%2F5853007%3Ftimestamp%3D20240627183701,"세계가 주목하는 한국의 젊은 수학자, 고등과학원 김상현 교수가 풀어내는 수학과 상상에 관한 이야기. 오랜 수학적 난제의 탄생과 그것의 해결을 향한 길고 긴 여정, 수 세기 동안 인류가 곱씹어 볼 영감을 제시한 사람, 수학적 탐구가 우리에게 안겨 준 세상을 향한 통찰, 그리고 모든 욕망을 넘어선 열정과 호기심으로 끊임없이 질문하고 상상한 수학자들을 만나 본다. 소수, 무한, 무리수, 분수, 확률, 대칭, 기하학 등 만만치 않은 개념들을 이해하기 쉬운 비유와 그림, 질문의 형태로 담아낸 이 책은, 독자가 단순히 저자의 해설을 읽는 참관자가 아닌 사고 과정에 적극적으로 함께하는 참여자가 되는 경험을 선물할 것이다. 여러 지식을 꿰어 해결한 인류의 오랜 난제, 이 세계를 완전히 새롭게 바라보는 관점, 앞으로 수 세기 동안 우리가 곱씹게 될 깊은 통찰 등 빛나는 영감들이 별처럼 쏟아진다.","['과학', '수학', '수학 일반']"
10228,한국어 문법,이익섭 지음,서울대학교출판문화원,2005,715 이68ㅎ,9788950000000,https://search1.kakaocdn.net/thumb/R120x174.q85/?fname=http%3A%2F%2Ft1.daumcdn.net%2Flbook%2Fimage%2F633083%3Ftimestamp%3D20230217204922,일반인들을 위한 우리말 문법서. 일반 대중도 쉽게 알 수 있는 내용이면서 어느 정도 전문성도 갖추고 있다. 전문용어나 이론적 배경은 줄이는 대신 풍부한 용례를 중심으로 실용적인 데 초점을 맞추었다.,"['대학교재/전문서적', '어문학계열', '국어국문학', '문법론/통사론']"
10229,우리는 어디까지 알까,정지아 외 지음,강,2020,810.82 정78ㅇ v.2020,9788980000000,https://search1.kakaocdn.net/thumb/R120x174.q85/?fname=http%3A%2F%2Ft1.daumcdn.net%2Flbook%2Fimage%2F5501164%3Ftimestamp%3D20240711144416,"2020년 김유정문학상 수상작품집이 출간되었다. 올해 김유정문학상은 2019년 7월부터 2020년 6월까지 발표된 중단편 소설을 대상으로 예심과 본심을 진행했다. 본심 후보작 김혜진의 「3구역, 1구역」, 박민정의 「신세이다이 가옥」, 박솔뫼의 「영화를 보다가 극장을 사버림」, 임솔아의 「그만두는 사람들」, 장류진의 「연수」, 정지아의 「우리는 어디까지 알까」, 조경란의 「가정 사정」 중 심사위원들은 “생의 이면을 성숙하게 감싸 안는 깊이 있는 시선”(신수정)이 돋보인 정지아의 「우리는 어디까지 알까」를 수상작으로 결정했다. 수상작 「우리는 어디까지 알까」는 어릴 적 아버지와 마을 사람들이 국군에 의해 죽임을 당하는 장면을 목도한 아들의 허망한 삶과, 그런 아버지 밑에서 태어나 다시금 현실의 질서에 순응하지 못하고 병든 아들의 운명 같은 삶을 사촌누이의 시선으로 그리고 있는 작품이다. 검은 허방이 아버지를 삼켜버렸듯이, 위암 수술을 받고도 술을 끊지 않으며 알 수 없는 운명의 ‘허방’과 사투를 벌이는 ‘택이’의 안타까운 모습은 “인생의 ‘어쩔 수 없음’이라는 익숙한, 굳은 명제”(이승우)를 상기하게 한다. 한 부자를, 한 세대를 무너뜨린 ‘검은 허방’을 앞세워 정지아의 소설은 “역사나 이념의 기호가 실체화할 수 없는 삶의 흐릿한 실루엣 앞으로”(정홍수) 우리를 데려간다.","['소설/시/희곡', '한국소설', '2000년대 이후 한국소설']"
10230,아버지에게 갔었어,신경숙 [지음],창비,2021,813.6 신14ㅇㅂ,9788940000000,https://search1.kakaocdn.net/thumb/R120x174.q85/?fname=http%3A%2F%2Ft1.daumcdn.net%2Flbook%2Fimage%2F5609701%3Ftimestamp%3D20250119132604,"소설가 신경숙의 신작 장편소설 『아버지에게 갔었어』가 출간되었다. 단행본으로는 8년 만이고 장편으로는 11년 만에 출간하는, 작가의 여덟번째 장편소설이다. 2020년 6월부터 12월까지 6개월간 ‘매거진 창비’에서 연재한 작품을 공들여 수정·보완하여 새롭게 선보인다. 이번 소설은 인간의 힘으로는 어찌할 수 없는 상실을 통해 비로소 아버지라는 한 사람에게 가닿게 되는 과정을 절절하게 그려낸 이야기로, 소설가 신경숙의 작가적 인생을 한 차원 새롭게 여는 작품이기도 하다. 오래도록 소설을 써온 작가는 이번 작품에서 삶과 세상에 대한 무르익은 통찰과 철학, 그리고 가족을 향한 연민에서 비롯된 깊은 사유를 응축해내면서 가족의 나이 듦을 처음 바라보게 된 우리 모두의 이야기를 시리고도 찬란하게 펼쳐놓는다. 한편 2008년 출간된 『엄마를 부탁해』는 미국을 비롯해 41개국에 번역 출판되고 한국 문학작품으로는 최초로 미국 제작사에 드라마 판권이 판매되기도 하는 등 수많은 화제를 낳았다. 엄마를 향한 가슴 절절한 이야기로 250만명의 독자를 감동시킨 작가는 이번 신작 장편소설로 정통 가족서사의 귀환을 알리며 아버지뿐 아니라 가족 전체의 관계에 대한 고민을 묵직하게 풀어놓는다.","['소설/시/희곡', '한국소설', '2000년대 이후 한국소설']"
10231,같았다,백가흠 [지음],문학동네,2021,813.7 백12ㄱ,9788950000000,https://search1.kakaocdn.net/thumb/R120x174.q85/?fname=http%3A%2F%2Ft1.daumcdn.net%2Flbook%2Fimage%2F5790143%3Ftimestamp%3D20221011092202,"문학동네에서 백가흠 소설가의 신작 소설집 『같았다』가 출간됐다. 2005년 첫 책 『귀뚜라미가 온다』에서부터 다소 낯설고 기이한 사랑의 모습들을 보여주며 한국문학에 신선한 충격을 선사했던 그가 이제 등단 20년의 원숙한 작가가 되어 찾아왔다. 소설집 『조대리의 트렁크』 『힌트는 도련님』, 장편소설 『나프탈렌』 『향』 『마담뺑덕』 등을 통해 독보적인 작품세계를 선보이며 한국 독자들에게 불편하지만 놀라운 감응을 전달해온 백가흠. 2015년 발표한 소설집 『四十四』 이후 6년 만인 신작 소설집 『같았다』에는 변함없이 낯설고 기이하면서도 흥미진진한 서사를 통해, 여전히 유효한 비윤리 혹은 미윤리에 대한 문제의식을 집요하게 파헤치는 아홉 편의 단편이 수록되어 있다.","['소설/시/희곡', '한국소설', '2000년대 이후 한국소설']"
10232,50부터는 인생관을 바꿔야 산다,사이토 다카시 지음; 황혜숙 옮김,센시오,2019,199 다872ㅇ황,9791190000000,https://search1.kakaocdn.net/thumb/R120x174.q85/?fname=http%3A%2F%2Ft1.daumcdn.net%2Flbook%2Fimage%2F5097394%3Ftimestamp%3D20241219132334,"갱년기 우울증이라고 부를 정도는 아니지만 왠지 모르게 마음이 울적하고, 사회에서도 한계에 부딪히고, 가정에서도 변화가 생기며, 인간관계도 이전과는 달라지는 등 많은 사람들이 인생의 전환기라고 느끼는 50세. 인생의 후반인 50세가 넘어서 찾아오는 위기들을 어떻게 극복해야 할까? 『50부터는 인생관을 바꿔야 산다』는 이제껏 추구해왔던 인생의 목적이나 가치의 기준이 흔들리면서 폭탄 터지듯 위기가 한꺼번에 찾아오는 50대를 준비하려는 사람들에게 실질적인 지침을 제공한다. 1장에서는 우리가 50세가 되었을 때 흔히 품게 되는 후회나 질투 같은 부정적인 감정과 마주하고, 2장에서는 저자 자신이 겪었던 어려움을 되돌아보면서, 그때 생긴 마음의 상처나 부정적인 감정에서 탈출하고자 어떤 노력을 기울여 왔는지 털어놓는다. 3장에서는 보통 50세라는 나이가 인생에서 어떤 위치를 차지하는지, 그때 어떤 위기를 맞이하게 되는지 살펴본다. 4장에서는 50세에 마주하게 된 위기를 극복하고 인생의 후반을 충실하게 보낼 방법을 이야기하고, 5장에서는 절대 피해갈 수 없는, 소중한 사람과 이별하는 슬픔을 어떻게 받아들여야 할지 그리고 나아가 점점 더 현실로 다가오기 시작한 죽음에 대한 공포를 어떻게 극복해야 할지 선조들이 남긴 교훈을 참고하여 살펴본다.","['자기계발', '중년의 자기계발']"
10233,한국의 언어,"이익섭, 이상억, 채완 [공] 지음",신구문화사,1997,710.9 이68ㅎ,8976680804,https://search1.kakaocdn.net/thumb/R120x174.q85/?fname=http%3A%2F%2Ft1.daumcdn.net%2Flbook%2Fimage%2F1073927%3Ftimestamp%3D20240308112635,"외국인에게 한국인을 체계적으로 소개하고자 집필된 한국어 개론서. 먼저 한국어의 분포, 문자, 계통, 유형적 특징 등 우리말의 기초를 설명하고 경어법, 고대.중세,근대 한국어로 나누어 우리말의 역사와 변천, 방언 등을 설명했다.","['대학교재/전문서적', '어문학계열', '국어국문학', '국어학개론/정서법']"
10234,놀이터는 24시,김초엽 [외] 지음,자이언트북스,2021,813.6 김84ㄴ,9791200000000,https://search1.kakaocdn.net/thumb/R120x174.q85/?fname=http%3A%2F%2Ft1.daumcdn.net%2Flbook%2Fimage%2F5746823%3Ftimestamp%3D20230629151016,"단편 소설 앤솔러지 《놀이터는 24시》는 게임회사 엔씨소프트와 함께 기획한 도서이다. ‘NC Fiction Play’라는 브랜딩 캠페인의 일환으로 진행된 이번 프로젝트를 위해, ‘즐거움의 미래’라는 흥미로운 주제로 7명의 국내 최고의 작가들이 모여 서로 다른 상상과 의미를 담아 한 권의 책으로 엮었다. 《놀이터는 24시》에 실리는 7편의 단편 소설은 NC 공식 블로그(blog.ncsoft.com)에서도 Digital Book 형태로 감상이 가능하다. 즐거움과 창작에 대한 작가들의 생각을 담은 인터뷰 기사 등 다양한 콘텐츠가 마련되어 있으며, NC 공식 인스타그램(@ncsoft.official)에서는 AR을 통해 소설 속 문구들을 찾아볼 수 있는 ‘NC Fiction Play’ 이벤트가 진행 중이다. ■ 24시간 문 닫지 않는 놀이터에서 끝나지 않는 즐거움을 향해 〈글로버리의 봄〉 김초엽 화성 궤도를 돌고 있는 130층의 인공 구조물, ‘글로버리’. 공간 설계자들은 각자의 구역에서 궁극의 즐거움을 구현한다. 그중 35층의 ‘나인 레인’은 방콕 호텔을 재현한 공간으로 살인 사건이 벌어지면 절묘하게 배치된 퍼즐들을 맞춰가며 범인을 추리하는 곳이다. ‘나인 레인’을 매일같이 찾아가던 공간 설계자 ‘봄’은 호텔 라운지 한구석에 앉아 있던 여행자, 파틴을 만나게 되며 글로버리의 실체를 알아가게 된다. 〈수요 곡선의 수호자〉 배명훈 심해 도시 건설 현장의 팀장 ‘유희’는 어느 날 문득 희열을 느낀다. 말로 표현할 수 없을 만큼 커다란 기쁨으로 다가온 이 감각이 휘발되지 않도록 일상을 차단하기로 한다. 대신 연락을 받아줄 로봇을 찾다가 자재 창고에 잠들어 있던 오래된 로봇을 떠올린다. 로봇은 자신을 마사로라고 소개하며, 즐거움을 주는 곳에 돈을 쓰는 재주가 있다고 말한다. 〈우리가 가는 곳〉 편혜영 ‘나’는 사라지지 않았지만 사라진 듯 보이게 하는 실종대행업, 증발을 도왔다. 그러나 나이가 들자 이제는 더 이상 업무 의뢰가 들어오지 않아 일을 그만두기로 한다. 폐업을 준비하며 사무실을 정리하던 와중에 한 여자가 문을 열고 들어오며 여기가 ‘옆방’인지 묻는다. 옆방이면 옆으로 가라고 말하는 ‘나’에게 여자는 도와달라고 요청한다. 〈일은 놀이처럼, 놀이는……〉 장강명 카이스트의 레지던시 프로그램에서 뇌과학 교수 이명우와 만나게 된 ‘나’. 이명우 교수는 톡소플라스마에 관한 연구를 ‘나’에게 들려준다. 톡소플라스마에 감염되면 평소 하지 않을 행동들을 대담하게 하게 되는데, 검사 결과 ‘나’ 또한 감염자로 밝혀진다. 뇌에 자극을 주는 기기를 실험 삼아 쓰게 된 주인공은 일이 놀이처럼 느껴지게 된다. 그러나 기기를 쓰지 않으면 일이 손에 잡히지 않고, 점차 기기에 의존하게 된다. 〈첫눈으로〉 김금희 예능국에서 근무하는 소봄은 프로그램 〈능력자〉의 막내 작가이다. 지난겨울 〈능력자〉팀은 트위터에서 음식 사진만 보고 ...식당을 맞히는 ‘맛집 알파고’를 촬영하러 부산으로 내려갔다. 무사히 촬영을 마쳤지만 소봄은 그가 실은 같은 팀 피디 ‘지민’의 옛연인이라는 것을 알게 된다. 맛집 알파고는 촬영 이후 계정을 터트리고 사라져 소봄과 지민은 촬영분을 방영할지 말지 고민에 빠진다. 〈바비의 집〉 박상영 디지털 팀의 기자 ‘평화’는 입술이 보랏빛인 악덕 상사에게 매일같이 시달린다. 여느 날처럼 자신이 쓴 기사를 빨간 펜으로 난도질한 원고를 읽는 상사에게 자신도 모르게 복수하는 상상을 하게 된다. 불현듯 정신을 차리게 된 평화는 미국에 있는 동생 ‘긍률’의 집으로 도망치듯 떠나고, 그곳에서 남모를 취미를 가진 긍률의 딸 ‘제니’를 만난다. 〈춤추는 건 잊지 마〉 김중혁 난민이 넘어오지 못하도록 보더라인을 지키는 ‘송서우’는 근무가 끝나고 산책을 하다가 이상한 샛길을 발견한다. 나무들이 아치 형태로 길을 만든 것처럼 보이는 곳을 따라 들어가자 작고 둥근 정원이 나타난다. 근무가 끝나면 매일 둥근 정원에 방문하던 송서우는 어느 날 나무의 목소리를 듣게 된다.","['소설/시/희곡', '한국소설', '2000년대 이후 한국소설']"
10235,관계의 온도,김리리 외 지음; 유영진 엮음,문학동네,2014,813.6 김298ㄱ,9788950000000,https://search1.kakaocdn.net/thumb/R120x174.q85/?fname=http%3A%2F%2Ft1.daumcdn.net%2Flbook%2Fimage%2F691943%3Ftimestamp%3D20250107113923,"『관계의 온도』은 청소년들의 가장 큰 고민을 차지하는 관계, 미래, 콤플렉스를 주제로 엮은 단편집 중 관계 편이다. 친구, 가족, 이웃뿐만 아니라 얼굴도 모르는 제3자와의 관계 속에서 나부끼는 인물들의 이야기가 실려 있다. 과거, 현재, 미래를 배경으로 한 다채로운 에피소드 안에, 지금 집요하게 자신을 할퀴고 있거나 들뜨게 하거나 흔드는 관계의 모습을 불쑥 발견할 수 있다.","['청소년', '청소년 문학', '청소년 소설']"
10236,고집쟁이 작가 루이자,코닐리아 메그스 지음;김소연 옮김,윌북,2020,843.4 메17ㄱ김,9791160000000,https://search1.kakaocdn.net/thumb/R120x174.q85/?fname=http%3A%2F%2Ft1.daumcdn.net%2Flbook%2Fimage%2F5458592%3Ftimestamp%3D20241116145329,"★뉴베리 상 수상작 (1934년) 〈작은 아씨들〉의 작가 루이자 메이 올컷의 전기로 〈작은 아씨들〉의 탄생을 볼 수 있는 수작이다. 작품성을 인정받아 그해 최고의 아동문학 작품에 수여하는 뉴베리 상을 받았고 이후 〈작은 아씨들〉 독자라면 반드시 함께 읽어야 하는 필독서로 자리 잡은 책이다. 결혼보다 비혼을, 연애보다 글쓰기를 선택한 루이자 메이 올컷, 당대 여성에게 요구되는 덕목과 완전히 다른 삶을 살았던 작가의 삶이 생생하고도 입체적인 모습으로 펼쳐진다. 잦은 이사와 가난으로 힘들었던 유년기, 남의 서재에서 책을 빌려 읽던 10대 시절, 남북전쟁에 간호사로 참전했던 청년기, 그리고 불후의 명작 〈작은 아씨들〉을 쓰던 30대를 한 편의 소설처럼 그려낸다. 루이자 메이 올컷의 삶에 영향을 주었던 인물들과 마치 가족을 탄생시킨 올컷 가족의 모습을 만나게 된다. 작은 아씨들 속 자매의 이야기, 어머니의 모습, 그리고 그들이 각자 헤쳐나간 모험들은 작가의 실제 삶에서 비롯된 이야기들이다. 우리가 사랑한 주인공 조 마치는 바로 루이자 메이 올컷의 분신 같은 캐릭터이며, 150년이 지난 오늘을 살아가는 우리에게도 유효한 메시지를 던진다. 불행 속에서 행복을 찾는 법과 자기답게 살아가는 법, 고단한 현실을 마주하는 법. 제약적인 여성의 삶이 아닌 바지를 입고 마음껏 뛰어놀고 싶고 독립적인 삶을 위해 의지를 다지는 조의 모습은 지금의 독자들에게도 유효하다. 루이자의 모든 것을 농축한 인생 드라마로, 나이와 상관없이 〈작은 아씨들〉을 좋아하는 사람이라면 빠져들 수밖에 없는 이야기들로 가득하다. 〈작은 아씨들〉이 작가의 자전적 소설이므로 등장인물, 에피소드, 이야기의 흐름 등이 절묘하게 겹치는 지점들이 있어, 소설처럼 술술 읽힌다. 인생의 굴곡과 낙담 속에서도 빛나는 가치를 지켜낸 루이자 메이 올컷의 진짜 이야기는 〈작은 아씨들〉의 감동 그 이상을 느끼게 해준다.","['에세이', '외국에세이']"
10237,코리안 탈무드,"홍익희, 김정완, 이민영 공지음",행복한북클럽,2021,239.2 홍68ㅋ,9791190000000,https://search1.kakaocdn.net/thumb/R120x174.q85/?fname=http%3A%2F%2Ft1.daumcdn.net%2Flbook%2Fimage%2F5654288%3Ftimestamp%3D20250321153509,"오늘날 세계를 이끄는 유대인들은 너나할 것 없이 자신의 성공 비결을 탈무드에서 찾는다. 대체 탈무드의 무엇이 그들을 최고의 자리로 이끈 것일까? 〈코리안 탈무드〉는 성공한 유대인들의 사례와 그 기저에 깔린 탈무드 사상을 분석하여 한국인을 위한 자기계발 방법론으로 정리한 책이다. 저자들이 내용에 대해 토론한 과정을 유튜브 영상으로 촬영해 독자들이 스마트폰을 통해 책과 영상을 입체적으로 읽을 수 있도록 구성했고, 수십만 명의 사용자가 쓰고 있는 성장관리 앱 ‘그로우’와의 연동을 통해 독서 이후의 실천 과정까지 관리할 수 있도록 했다.","['자기계발', '성공', '성공학']"
10238,(데일 카네기)인간관계론,데일 카네기 지음; 임상훈 옮김,현대지성,2019,189 카194ㅇ임,9791190000000,https://search1.kakaocdn.net/thumb/R120x174.q85/?fname=http%3A%2F%2Ft1.daumcdn.net%2Flbook%2Fimage%2F5082004%3Ftimestamp%3D20250404135049,"사람을 다루는 핵심 원리는 무엇일까? 어떻게 하면 호감 가는 사람이 될 수 있을까? 원하는 것을 얻어내는 가장 효과적인 방법은 무엇일까? 인간관계는 친구를 만들고 적을 만들지 않는 것에서 시작된다. 『데일 카네기 인간관계론』은 이런 인간관계의 핵심을 꿰뚫는다. “친구를 만들고, 사람을 설득하는 법”이라는 제목으로 1936년 출간된 데일 카네기의 책은 세기가 바뀐 지금까지도 전 세계 수많은 사람에게 영향을 끼치고 있다. 이후에 나온 모든 자기계발서가 이 책의 영향을 받았다고 해도 과언이 아니다. 세계적인 투자자 워런 버핏의 인생을 바꾼 책이자, 누구나 꼭 읽어야 할 필독서이기도 하다. 『데일 카네기 인간관계론』은 가장 단순하고 실용적인 원칙들로 복잡한 인간관계에 대한 우리의 고민을 명쾌하게 해결해준다. 이 책은 1936년 출간된 초판을 완역해 원전의 맛을 살렸다. 데일 카네기가 그 당시 무엇을 보고 어떤 생각을 하며 이 책을 썼는지 이해할 수 있게 된 셈이다. 카네기의 생생한 말과 함께 시대를 초월하고 지역을 뛰어넘은 세계적인 베스트셀러를 만나보자.","['자기계발', '인간관계', '인간관계']"
10239,(국어 교육을 위한)현대 국어 음운론,이문규 지음,한국문화사,2004,711.1 이36ㅎ,9788960000000,https://search1.kakaocdn.net/thumb/R120x174.q85/?fname=http%3A%2F%2Ft1.daumcdn.net%2Flbook%2Fimage%2F754511%3Ftimestamp%3D20231101193029,"『국어 교육을 위한 현대 국어 음운론』은 국어 교육을 염두에 쓴 음운론 개설서이다. 다양한 이론을 적용하기보다는, 일관된 방법론으로 우리말의 음운과 관련된 사항들을 쉽고 자세하게 설명하는 데 중점을 두었다. 이를 위해 언어 자료의 관찰을 통해 우리말 음운을 탐구하고 그 결과를 국어 교육에 바로 활용할 수 있도록 내용을 구성했다.","['대학교재/전문서적', '어문학계열', '국어국문학', '음운론/어휘론']"
10240,0시를 향하여,애거서 크리스티 지음;이선주 옮김,황금가지,2013,843 크298ㅇ이,9788960000000,https://search1.kakaocdn.net/thumb/R120x174.q85/?fname=http%3A%2F%2Ft1.daumcdn.net%2Flbook%2Fimage%2F825174%3Ftimestamp%3D20230425180534,"《애거서 크리스티 에디터스 초이스》는 《가디언》에서 선정한 애거서 크리스티 베스트 10 목록 및 전 세계적인 애거서 크리스티의 판매고와 애거서 크리스티 본인이 직접 뽑은 자신이 가장 좋아하는 작품 목록 등을 고려하여, 그녀의 작품들 중에서도 인기와 명성이 높은 작품들을 골라 선정하였다. 시리즈를 10권으로 제한하여 독자들의 접근성을 높였으며 새로이 현대적인 디자인을 입혔다. 『0시를 향하여 』는 애거서 크리스티가 꼽은 가장 좋아하는 자신의 작품 중 하나로, 독자들을 두 번 속이는 기발한 트릭이 등장한다.","['소설/시/희곡', '추리/미스터리소설', '영미 추리/미스터리소설']"
10241,신의 화살,니컬러스 A. 크리스타키스 지음; 홍한결 옮김,윌북,2021,475.54 크298ㅅ홍,9791160000000,https://search1.kakaocdn.net/thumb/R120x174.q85/?fname=http%3A%2F%2Ft1.daumcdn.net%2Flbook%2Fimage%2F541122%3Ftimestamp%3D20250408113541,"아프리카 현대 문학을 대표하는 작가 치누아 아체베의 소설 『신의 화살』. 부커 상을 받은 '모든 것이 산산이 부서지다', 나이지리아 국가 상을 받은 '더 이상 평안은 없다'에 이어 나이지리아 식민 역사를 주체적으로 재조명한 '아프리카 3부작'의 마지막 작품이다. 앞의 두 작품과 마찬가지로 식민지 상황에서 나이지리아 이보족의 전통적인 가치와 질서가 무너지는 상황을 보여준다. 이 소설은 식민지하의 혼돈 가운데 부족의 정신적 지도자가 중심을 잃고 몰락하는 모습을 그리고 있다. 피할 수 없는 변화에 현명하게 대처하지 못하고 반목과 분쟁 속에서 예정된 파국을 맞는 식민지 전통 사회의 비극적인 행보가 처연하게 펼쳐진다. 또한 이보족의 세시풍속을 생생하게 묘사하고 전통 민담이나 구전가요 등을 풍부하게 인용하며 아프리카의 정신을 복원하고자 했다.","['소설/시/희곡', '세계의 소설', '아프리카소설']"
10242,물리발상법,이나바야스히로 지음,지호락희,2021,420 이192ㅁ오,9791200000000,https://search1.kakaocdn.net/thumb/R120x174.q85/?fname=http%3A%2F%2Ft1.daumcdn.net%2Flbook%2Fimage%2F5616328%3Ftimestamp%3D20240110165527,"- 독자 대상: ① 이공계 대학 1학년 및 재학생 ② 이공계 대학 진학을 목표로 하는 중·고등학생(과학고, 영재고 학생 포함) ③ 물리 교사·학원 강사 및 물리 교사 지망 사범대학 학생(순위 고사 준비생) ④ 기타 과학교육 관련자 및 물리 교육자 - 구성: 주요 물리 개념+기본 문제 + 응용 문제+각 문제에 대한 발상법 소개 - 특징: ① 역학, 열역학, 파동·광학, 전자기학, 원자물리학 각 분야에서 75개의 주요 물리 개념을 추출, 이에 대한 해설 ② 각 개념 별 기본 문제 및 응용 문제 제시하고 이를 해결하기 위한 참신한 발상법(아이디어)을 제공하여 스스로 물리 문제를 해결할 수 있는 힘을 키워준다. ③ 11개 주제의 칼럼으로 물리학적 소양을 키워준다.","['과학', '물리학', '물리학 일반']"
10243,아름답다 추하다 당신의 친구,사와무라 이치 지음; 오민혜 옮김,한스미디어,2021,833.6 사65ㅇ오,9791160000000,https://search1.kakaocdn.net/thumb/R120x174.q85/?fname=http%3A%2F%2Ft1.daumcdn.net%2Flbook%2Fimage%2F5823758%3Ftimestamp%3D20241210151017,"흔해빠진 괴담인 줄 알았다. 우리 반에서 가장 예쁜 애가 자살하기 전까진. 대표작 『보기왕이 온다』 호러 소설의 대가 사와무라 이치의 교실 내 권력에 대한 신감각 미스터리. 북스 키요스크와 북 스튜디오의 바이어 선정 제7회 단숨에 읽기 대상 1위! [줄거리] “거기엔 자살한 여학생이 남긴 주술이 담겨 있대. 여자만 부릴 수 있고, 증오하는 여자를 추하게 바꿔 버리는, 아주 무시무시한 주술이.” 도립 요쓰카도 고등학교에서 갑자기 자살 사건이 일어난다. 사망자는 연예인을 뛰어넘는 미모와 최상위인 성적으로 학생들을 휘두르고 다니던 교내 서열 1위의 여학생 하무라 사라사. 그녀의 죽음이 남긴 여파가 사라지기도 전에, 뒤를 이어 왕좌에 오르는 소녀들은 학교에 전해 내려오는 공포의 주술에 휘말려 차례차례 모든 것을 잃기 시작한다. 학교에서 가장 아름다운 여학생을 죽게 만든다는 주술. 수년에 한 번, 단 한 사람에게 피해자를 지목할 힘을 내린다는 주술의 실체는 무엇일까? 사라사의 뒤를 이은 여학생들은 과연 주술을 피","['소설/시/희곡', '호러.공포소설', '외국 호러.공포소설']"
10244,봄을 기다리는 날들,안소영 엮음,창비,2021,816.5 안55ㅂ,9788940000000,https://search1.kakaocdn.net/thumb/R120x174.q85/?fname=http%3A%2F%2Ft1.daumcdn.net%2Flbook%2Fimage%2F5687801%3Ftimestamp%3D20231124145250,"아버지가 체포되었다. 추석날 저녁, 학교에 다녀오리라던 아버지는 그 길로 10여 년 동안 돌아오지 못했다. 집에 남은 사람은 엄마와 네 남매. 초등학생, 중학생인 아이들은 느닷없는 이별과 변화 앞에서, 살아가기 위해 고군분투한다. 『봄을 기다리는 날들』은 민주화 운동을 하다 1979년에 투옥된 고 안재구 선생이 가족들과 나눈 편지를 모은 책이다. 안재구 선생의 둘째 딸인 작가 안소영이, 10여 년 동안 오갔던 총 640여 통의 편지 중 130여 통을 선별해 묶었다. 아버지와 엄마, 네 아이에 조부모까지 모두 8명이 주고받은 희망과 위로의 말들이 실렸다. 사형 선고에 타들어 가는 마음, 형 확정 후 긴 이별에 적응해 가는 과정, 아버지의 부재 속에 보내는 학창 시절, 그리고 양심수 석방 운동까지, 시대의 소용돌이를 헤쳐 나간 한 가족의 파란만장한 10년이 오롯이 담겼다. 그런 점에서 이 편지들은 매우 사적인 기록인 동시에 우리 현대사의 일면을 드러내는 생생한 사료이다. 옥중 서간집은 흔히 옥에 갇힌 사람이 중심이지만, 이 책에서 더욱 눈에 띄는 사람은 바깥에 있는 아이들이다. 혼란과 역경 속에서도 올곧게 성장하고자 애쓰는 10대 청소년들의 솔직한 이야기가 깊은 울림을 남긴다.","['청소년', '청소년 문학', '청소년 에세이/시']"
10245,밤의 여행자들,윤고은 지음,민음사,2013,813.6 윤15ㅂ,9788940000000,https://search1.kakaocdn.net/thumb/R120x174.q85/?fname=http%3A%2F%2Ft1.daumcdn.net%2Flbook%2Fimage%2F541314%3Ftimestamp%3D20240406113401,"윤고은의 장편소설 『밤의 여행자들』. 문학성과 다양성, 참신성을 기치로 한국문학의 미래를 이끌어 갈 신예들의 작품을 엄선한 「오늘의 젊은 작가」의 세 번째 작품이다. 한겨레문학상, 이효석문학상을 수상하며 문단에서 뜨거운 주목을 받고 있는 저자의 두 번째 장편소설로 EBS 《라디오 연재소설》을 통해 방송된 작품이다. 독특한 상상과 놀라운 현실의 세계를 엿볼 수 있다. 재난으로 폐허가 된 지역을 관광하는 재난 여행 상품만을 판매하는 여행사 ‘정글’의 수석 프로그래머 고요나가 사막의 싱크홀 ‘무이’로 떠나 엄청난 프로젝트에 휘말리면서 벌어지는 이야기를 담았다. ‘무이’를 떠나 한국행 비행기를 타기 위해 공항으로 가던 중 일행에서 낙오된 요나는 일행들과 묵었던 리조트 ‘벨에포크’로 돌아가 그곳의 매니저의 부탁을 받고 퇴출 위기에 놓인 무이를 되살리기 위한 인공 재난 시나리오에 동참하게 되는데…….","['소설/시/희곡', '추리/미스터리소설', '한국 추리/미스터리소설']"
10246,13.67,찬호께이 지음; 강초아 옮김,한스미디어,2015,823.7 찬95ㅇ강,9791160000000,https://search1.kakaocdn.net/thumb/R120x174.q85/?fname=http%3A%2F%2Ft1.daumcdn.net%2Flbook%2Fimage%2F6258099%3Ftimestamp%3D20240729163748,"2015년 추리소설의 불모지로 여겨졌던 중국, 그것도 홍콩에서 날아와 한국 독자들을 놀라게 한 걸작 추리소설이자 찬호께이의 대표작. 찬호께이는 홍콩 작가로서 『기억하지 않음, 형사』(한스미디어 출간)로 ‘제2회 시마다 소지 상’을 수상한 데 이어, 2014년에는 ‘2015 타이베이 국제 도서전’에서 대상을 수상한 『13·67』을 내놓아 결정적으로 국적을 넘어 세계에 이름을 떨치는 작가로 자리잡았다. 『13·67』은 홍콩을 배경으로 1967년도부터 2013년까지의 여섯 개 사건을 역순으로 펼쳐놓는 장편소설이다. 2020년대에 읽어도 참신한 순서의 구성에 더해 혼수상태에서조차 명추리를 자랑하는 경찰 고문 관전둬가 독자의 마음을 강렬하게 사로잡는다. 또한 어떤 혼란한 시대라 할지라도 시민을 최우선으로 보호해야 마땅한 경찰의 의무에 대해 깊이 파고듦으로써 독자들에게도 시대를 초월한 울림을 남긴다. 『13·67』은 본격추리 소설과 사회파 추리소설을 절묘하게 결합한 끝에 이제는 추리소설 장르의 필독서, 고전으로 평가받는 작품이다. 2015년 국내 첫 출간 당시 독자들의 입소문을 등에 업고 베스트셀러에 올랐으며, 2023년 10쇄를 기념해 작품상 몇몇 오류를 수정하고 본문 전체를 한층 다듬어 개정판이 출간되었다. [줄거리] 정교한 추리와 홍콩 사회에 대한 치밀한 관찰 그리고 한 인간의 삶을 지배하는 거대한 아이러니! 뛰어난 추리 능력을 갖춘 홍콩 경찰총부의 전설적 인물 관전둬, 그는 오랜 파트너인 뤄샤오밍과 함께 복잡하고 의문점이 많은 사건을 해결해왔다. 첫 단편 「흑과 백 사이의 진실」은 관전둬가 경찰총부에서 퇴직한 뒤 오랜 시간이 흘러 말기 암 환자로 혼수상태에 빠진 시점에서 시작한다. 뤄샤오밍은 특수한 기계장치를 통해 관전둬와 대화를 나누면서 조금씩 사건의 진상을 찾아간다. 책 제목인 ‘13.67’은 2013년과 1967년을 가리키는데, 1967년부터 2013년까지 벌어진 여섯 건의 범죄사건이 각 단편의 주된 이야기다. 특이하게도 가장 최근인 2013년의 사건에서 시작해 1967년의 사건까지 시간 역순으로 전개된다. 여섯 건의 사건과 한 인물의 죽음을 통해 작가가 진정으로 말하고자 하는 것은 무엇인가? 그것은 홍콩이라는 특수한 ‘공간’이 지닌 슬픔이다. 1967년에서 2013년까지 정치·사회적으로 격변을 겪어온 홍콩과 그 속에서 경찰로 살아가는 주인공의 모습은 이 작품을 무척 흥미롭게 만든다.","['소설/시/희곡', '추리/미스터리소설', '기타국가 추리/미스터리소설']"
10247,인간 본성의 법칙,로버트 그린 지음; 이지연 옮김,위즈덤하우스:위즈덤하우스 미디어그룹,2019,189 그298ㅇ이,9791190000000,https://search1.kakaocdn.net/thumb/R120x174.q85/?fname=http%3A%2F%2Ft1.daumcdn.net%2Flbook%2Fimage%2F5003041%3Ftimestamp%3D20240808130256,"《권력의 법칙》의 저자 로버트 그린이 우리 안에 숨겨진 인간 본성에 관한 18가지 법칙을 통찰해내며 평범하고, 이상하고, 파괴적인 모습이 공존하는 매혹 될 수밖에 없는 존재, 인간의 진짜 모습을 파헤치는 『인간 본성의 법칙』. 우리는 자신의 행동이 대부분 의식적이고 의지에 따른 것이라고 생각하지만 실제로는 내면 깊숙한 곳에 위치한 여러 힘의 지배를 받는다. 우리 눈에 보이는 것은 내 생각과 기분 등 내면의 힘에 지배당한 결과물일 뿐이다. 인간 본성은 우리의 뇌 구조가 이미 특정한 방식으로 구조 지어져 있는 데서 비롯되며 신경계의 구성이나 인간이 감정을 처리하는 방식도 거기에 영향을 미친다. 이런 것들은 모두 인간이라는 종이 500만 년에 걸쳐 진화하는 동안 서서히 만들어지고 발달한 부분인데, 저자는 이 책에서 우리 종을 잔인할 만큼 현실적으로 평가해 놓는다. 시기심 넘치고, 자기애에 사로잡히고 과대망상적인 인간의 본성이 우리의 삶을 부정적인 패턴에 가둬놓지 않도록, 사람과 상황을 자신에게 유리하게 몰고 가려는 주변의 사람들에게 당하지 않도록 우리의 실체를 철저히 해부해 좀 더 자각을 가지고 행동하기를 촉구한다. 저자는 우리 내면에 존재하는 본성에 대한 단순한 해석을 하는데 그치지 않고, 우리의 본성을 파악하고 이를 우리 삶을 긍정적인 방향으로 이끄는 도구로 삼는 방법까지 상세히 보여준다. 또 감정으로부터 적당한 거리를 유지하는 법, 자제력을 키우는 법, 통찰력을 제공하는 공감능력을 개발하는 법을 알려주고, 사람들의 가면 뒤에 숨은 실체를 간파하는 방법, 순응하지 않고 나만의 목적의식을 개발하는 방법까지 설명하며 우리가 직장에서, 인간관계에서 성공을 이루고 스스로를 발전시켜나가는 지혜를 얻고 나를 지킬 수 있도록 이끌어준다.","['인문학', '심리학/정신분석학', '교양 심리학']"
10248,The Goal,"엘리 골드렛, 제프 콕스 공지음; 기시라 유지 감수; 아오키 다케오 각색; 아오타 야마 만화; 김해용 옮김",동양북스:동양books,2015,325.6 골27ㄷ김,9791160000000,https://search1.kakaocdn.net/thumb/R120x174.q85/?fname=http%3A%2F%2Ft1.daumcdn.net%2Flbook%2Fimage%2F1569907%3Ftimestamp%3D20230210142749,"이스라엘의 물리학자에서 전 세계 주요 기업과 정부 기관의 경영 컨설턴트로 대변신하면서 ‘천재’, ‘비즈니스 업계의 대가’라 불리는 엘리 골드렛의 대표작, 《더 골》의 만화판 『The Goal(더 골)』. 원작 《더 골》은 1984년 출간 이후 30년이 흘렀지만, 지금도 사랑받는 경제경영서의 고전이다. 이 책은 600쪽에 육박하는 방대한 양의 이 책을 200여 쪽으로 대폭 줄이면서 재미와 속도와 깊이 세 가지를 모두 잡았다. 출간 이후 17년간 번역이 금지되었다는 전설의 경영서이자 피터 드러커의 추천을 비롯한 미국 6000여개 기업의 필독서인 전설의 경영서를 재미있는 만화로 만난다는 점에서 이 책은 특별하다. 만화라고 결코 가볍지 않으며, 원작을 포기했던 사람들도 핵심 주제인 TOC 이론을 매우 빠르고 쉽게 이해할 수 있다. 또한 한순간도 눈을 떼지 못할 정도로 흥미진진한 주제들이 매 페이지마다 펼쳐져 재미를 더했다.","['경제경영', '기업 경영', '경영전략/혁신']"
10249,(만화로 보는)댄 애리얼리 최고의 선택,댄 애리얼리 지음; 맷 트로워 그림; 이경식 옮김,청림출판,2020,181.91 애298ㄷ이,9788940000000,https://search1.kakaocdn.net/thumb/R120x174.q85/?fname=http%3A%2F%2Ft1.daumcdn.net%2Flbook%2Fimage%2F5440730%3Ftimestamp%3D20241114150702,"“인생은 선택의 연속이다! 어떻게 최고의 선택을 할 것인가?” ㆍ 종일 상한가를 치고 있는 주식, 여윳돈이 없는데 빚을 내서라도 주식을 살까, 말까? ㆍ 신고가 행진의 부동산 시장, 무주택자라면 무리한 대출을 받아서라도 구매해야 할까? ㆍ 친구들에게 예상치 못한 선물을 받았을 때 어떤 반응을 보여야 할까? ㆍ 가족에게 융성한 저녁식사를 대접받고 감사를 표하고 싶을 때는? ㆍ 성과가 높은 직원에게는 현금 보너스를 지불하는 게 좋을까? 아니면 최고급 휴양지로 휴가를 보내주는 게 좋을까? 인생은 선택의 연속이다. 부동산 매매 같은 큰 의사결정의 순간부터, 오늘의 점심 메뉴 같은 소소한 의사결정의 순간까지 우리는 매일매일 크고 작은 결정을 내린다. 때로는 어떤 하나의 선택이 인생의 방향을 크게 틀기도 하고, 작은 의사결정들이 모여 나를 변화시키는 동력으로 작용하기도 한다. 그렇다면 우리는 어떻게 선택을 해야 후회 없는 인생을 살 수 있을까? 《상식 밖의 경제학》, 《부의 감각》으로 행동경제학에서 새로운 열풍을 불러일으킨 댄 애리얼리, 이번에는 만화로 돌아왔다! 합리적 결정을 하고 싶다면 반드시 읽어야 할 책! 《상식 밖의 경제학》, 《부의 감각》으로 널리 알려진 베스트셀러 작가이자 행동경제학자인 댄 애리얼리 교수는 우리 일상 속에서 부딪히는 의사결정이라는 골치 아픈 주제를 예리하게 분석하고 탐구하는 것으로 유명하다. 《만화로 보는 댄 애리얼리 최고의 선택》은 댄 애리얼리가 그동안의 연구를 바탕으로 누구나 한번쯤 겪어봤을 의사결정의 갈림길에서 최고의 선택을 내리는 방법을 소개하고 있다. 유쾌하면서도 생생한 맷 트로워의 만화와 함께 댄 애리얼리의 획기적인 연구가 일러주는 교훈들을 설득력 있게 그려낸 이 책은 “어떻게 해야 보다 나은 의사결정을 내릴 수 있을까?”에 대한 본질적인 답을 쉽고 재미있게 알려주고 있다. 자 이제, 독특하면서도 통찰력이 번뜩이는 그의 관점을 찾아 떠나보자. 기회는 빨리 버리고, 위험에는 쉽게 빠지는 당신에게 이 책의 주인공인 애덤은 스스로를 합리적 선택을 내리는 사람이라고 생각하지만 주변 사람들과의 관계가 자꾸만 어긋나 고민에 빠진다. 그러던 어느 날 의사결정을 도와주는 데이나와 시장성 요정과 사회성 요정이 등장해 자신들이 각각 선호하는 특정한 방식으로 생각하고 행동할 것을 애덤에게 강요하는데… 애덤은 이들의 도움으로 좋은 의사결정을 내릴 수 있을까? 좋은 의사결정을 내리려면 제각기 다른 환경에서 작동하는 시장적 규범과 사회적 규범의 힘들을 포착하고 또 평가할 수 있어야만 한다. 그래야만 최적의 결과가 나올 수 ...있다. 애덤의 좌충우돌 일상이 재미있게 펼쳐지며, 시장성 요정과 사회성 요정이라는 유쾌한 캐릭터들이 등장해 최고의 의사결정을 위한 방법을 소개하고 있는 이 책은 행동경제학과 신경과학 그리고 심리학의 여러 지식을 기반으로 최고의 의사결정을 내리기 위한 방법을 생생한 만화로 보여주며 새로운 시각을 제시한다. 더불어 기회는 빨리 버리면서 후회하고, 위험에는 쉽게 빠지는 우리를 위해 일과 일상 모두에서 소중한 가치를 빛낼 여러 기술들을 개발하는 길을 일러주는 매력적이면서도 유쾌한 지침서가 되어줄 것이다.","['자기계발', '성공', '성공학']"
10250,결단,롭 무어 지음; 이진원 옮김,다산북스,2019,325.211 무64ㄱ이,9791130000000,https://search1.kakaocdn.net/thumb/R120x174.q85/?fname=http%3A%2F%2Ft1.daumcdn.net%2Flbook%2Fimage%2F4920398%3Ftimestamp%3D20250322131308,"30대 젊은 백만장자이자 영국에서 가장 빠르게 자수성가한 《머니》, 《레버리지》의 저자 롭 무어가 전하는 머뭇거리지 않고 강점에 집중해 흐름에 올라탈 수 있는 결정의 메커니즘 『결단』. 수많은 백만장자와 기업가들을 만나온 저자는 비슷한 조건에서도 결국 남다른 성공을 만들어내는 사람들에게서 놀라운 공통점을 한 가지 발견했다. 바로 남다른 결단력을 가지고 있다는 것이다. 저자는 이 책에서 지금까지 알려지지 않았던 전 세계 500명 자수성가 백만장자의 행동 습관의 비밀, 결단력의 비밀을 밝히며 어떻게 부와 성공을 만드는 결단력을 갖출 수 있는지 삶을 뒤흔드는 통찰을 들려준다. 결단력이 가져온 강력한 실천력과 아이디어의 힘은 얼마나 거대하며 결단으로 인해 행동 습관은 어떻게 바뀔 수 있는지, 스스로 부를 일궈낸 이들의 결단력은 도대체 무엇이 다르기에 남다른 성공을 불러온 것인지, 결정 근육은 어떻게 해야 키울 수 있는지 등 6장에 걸쳐 탄탄한 사례와 경험을 토대로 흥미진진한 결단의 세계로 우리를 안내한다.","['자기계발', '성공', '성공학']"
10251,플랫폼 레볼루션,"마셜 W. 밴 앨스타인, 상지트 폴 초더리, 제프리 G. 파커 공지음; 이현경 옮김",부키,2017,325.555 앨57ㅍ이,9788960000000,https://search1.kakaocdn.net/thumb/R120x174.q85/?fname=http%3A%2F%2Ft1.daumcdn.net%2Flbook%2Fimage%2F833561%3Ftimestamp%3D20250310113149,"『플랫폼 레볼루션』은 현재 벌어지고 있는 중요한 경제적, 사회적 현상, 즉 비즈니스와 조직 모델로서 플랫폼의 출현에 대해 구체적이고 꼼꼼하며 권위 있는 연구에 바탕을 둔 책이다. 세계적인 석학 마셜 밴 앨스타인 보스턴 대학 교수, 상지트 폴 초더리 플랫폼 싱킹 랩스 설립자, 제프리 파커 다트머스 대학 교수는 플랫폼에 대해 응집력 있게 포괄적으로 사고한 결과물을 한 데 묶었다. 제4차 산업혁명의 핵심적인 변화를 ‘플랫폼 혁명’이라고 부르는 저자들은 2020년을 향해 돌진하고 있는 전 지구적 비즈니스 지형도를 놀랍도록 통찰력 있게 꿰뚫고 있다. 모두가 4차 산업혁명을 외치고 있고, 4차 산업혁명은 중요하다. 하지만 4차 산업혁명이 추구하는 것이 인공지능, 사물인터넷, 클라우드 컴퓨팅, 빅데이터, 나노기술 등의 신기술뿐일까. 이 책은 이런 기술이 결합되어 모든 제품과 서비스를 네트워크로 연결함으로써 사물을 지능화해 초연결과 초지능을 이뤄내고 이를 기반으로 기존 산업혁명에 비해 더 넓은 범위에 더 빠른 속도, 더 크게 영향을 끼치게 되는 것이 4차 산업혁명이라고 말하고 있다. 그리고 그것의 초연결을 담당하고 활용하는 것은 결국 ‘플랫폼’임을 강조한다. 플랫폼 모델은 오늘날 가장 빠른 성장세로 가장 강력하게 기존 질서를 파괴한 기업들, 즉 구글, 아마존, 마이크로소프트부터 우버, 에어비앤비, 이베이가 거둔 성공의 토대였다. 게다가 플랫폼은 경제와 사회의 다른 영역, 의료, 교육, 에너지 및 행정 분야에까지 변화를 가져오기 시작했다. 그리고 앞으로 더 큰 변화의 바람이 우리 일상에 불어닥칠 것이다. 책은 플랫폼이 왜 세상을 지배하게 되었는지, 글로벌 대기업조차 플랫폼 기업에 밀리는 이유가 무엇인지를 시작으로 플랫폼은 어떻게 디자인해야 하는지, 기존 기업들의 대응 방법으로는 뭐가 있는지, 론칭은 어떻게 해야 하고, 수익 창출은 언제 어디서 해야 하는지, 일반 비즈니스와 경영지표가 어떻게 다르고, 경영전략이 어떻게 다른지 등 플랫폼 기업들의 성공과 실패 케이스를 통해 구체적으로 알려준다.","['경제경영', '기업 경영', '경영전략/혁신']"
10252,폭발 성장,클리프 러너 지음; 송문영 올김,턴어라운드,2019,325.1 러194ㅍ송,9791190000000,https://search1.kakaocdn.net/thumb/R120x174.q85/?fname=http%3A%2F%2Ft1.daumcdn.net%2Flbook%2Fimage%2F5036226%3Ftimestamp%3D20231124165533,"“바로 여기에 폭발성장을 위한 80가지의 체크리스트가 있다!” 저자인 클리프 러너는 월가의 잘나가던 금융회사를 그만두고 스타트업을 시작하면서 900억에 달하는 돈을 잃는 경험을 겪으며, 마침내 1억명의 사용자를 확보한 혁신적인 서비스를 만들었다. 그는 수많은 시행착오와 성공 경험을 통해 얻은 통찰을 독자들에게 날것 그대로 보여준다. 회사의 운명이 걸린 선택의 순간, 잘못된 의사결정으로 날아간 성공과 뼈아픈 실패 경험. 절체절명의 순간, 직관적 통찰로 기적에 가까운 성장과 성공의 결실을 만들어낸 사건들. “만약 당신이 실제 경험을 통해 이런 깨달음을 얻고자 한다면, 얼마나 많은 돈과 시간이 필요한지 상상해본 적 있는가?” “혹시 비즈니스의 멘토가 되어줄 누군가를 찾고 있는가?” “폭발성장을 위해 당신이 지금 당장 해야할 일이 무엇인지 정확히 알고 있는가?” 장담하건대, 이 책은 당신의 비즈니스가 폭발성장 하는데 절대적인 도움이 될 것이다. 폭발성장을 위한 준비가 되었는가? 그렇다면, 좋은 소식과 나쁜 소식이 있다. 나쁜 소식, 불행하게도 당신 앞에는 수많은 시행착오의 순간이 기다리고 있다. 좋은 소식, 당신이 포기하지 않는다면, 그 시행착오의 끝에 한번의 성공이 기다리고 있다. 이 책의 2장은 다음과 같은 격언으로 시작한다. “몇 번 실패 했는지는 중요하지 않다. 한 번만 제대로 해내면 된다.” 행운을 빈다.","['경제경영', '창업/취업/은퇴', '벤처/스타트업/인터넷창업']"
10253,UX·UI의 10가지 심리학 법칙,존 야블론스키 지음; 이미령 옮김,책만,2020,004.78 야47ㅇ이,9791190000000,https://search1.kakaocdn.net/thumb/R120x174.q85/?fname=http%3A%2F%2Ft1.daumcdn.net%2Flbook%2Fimage%2F5464058%3Ftimestamp%3D20240803145117,"디자이너가 갖춰야 할 소양은 디자인 지식만이 아니다. 이 책에서는 디자이너가 갖춰야 할 필수 소양인 심리학, 특히 사용자의 행동 방식이나 디지털 인터페이스와 인터랙션하는 방식 이면에서 작동하는 심리학에 관해 다룬다. 이 책은 더욱 직관적이고 인간 중심적인 제품과 경험을 만드는 데 활용할 수 있는 주요 심리학 법칙을 소개하는 실용 가이드다. 우리가 익숙하게 사용하는 앱과 경험의 사례를 들어, 인간이 디지털 인터페이스를 인지하고 처리하는 방식을 고려해 사용자 경험을 디자인하는 방법을 알려준다. [이 책의 주요 내용] ■ 미적으로 훌륭한 디자인을 통해 사용자의 호감을 이끌어내는 원리 ■ 디자이너라면 꼭 알아야 할 10가지 심리학 법칙 ■ 심리학 법칙과 UX 휴리스틱 평가의 관계 탐구 ■ 피츠의 법칙, 제이콥의 법칙, 힉의 법칙 등 다양한 예측 모델 ■ 심리학 법칙을 활용할 때 유념해야 할 디자인 윤리 ■ 심리학 법칙을 준수할 디자인 가이드라인 규범 구축","['컴퓨터/모바일', '프로그래밍 개발/방법론', '웹 서비스/웹 프로그래밍']"
10254,두려움의 재발견,"로버트 마우어, 미셸 기포드 공지음; 원은주 옮김",경향BP(경향비피),2016,181.71 마66ㄷ원,9788970000000,https://search1.kakaocdn.net/thumb/R120x174.q85/?fname=http%3A%2F%2Ft1.daumcdn.net%2Flbook%2Fimage%2F949339%3Ftimestamp%3D20230918170657,"행복하고 건강한 삶을 사는 사람과 힘겨운 삶을 사는 사람들을 가르는 것은 뛰어난 지능인가, 아니면 다른 어떤 능력인가? 저자는 누구나 느끼는 스트레스를 어떻게 인지하고 두려움에 대해 어떻게 대응하느냐에 따라 성공적인 삶을 살 수도, 실패하는 삶을 살 수도 있다고 말한다. 성공한 사람들은 두려움이 중요한 일, 즉 승진을 하거나, 새 사업을 시작하거나 할 때 모습을 드러낸다는 것을 알고 있다. 그래서 두려움을 거부하거나 회피하는 대신 관심을 기울여야 할 만큼 중요한 일이 일어나고 있다는 신호로 받아들인다. 이 책 『두려움의 재발견』은 중요한 순간마다 우리 앞에 나타나는 두려움을 활용하여 일과 건강, 그리고 인간관계에서 성공하는 방법에 대해 안내한다. 두려움에 대처하는 가장 자연스러운 반응이자 최선의 방법은 서로에게 도움을 구하는 것이다. 이는 일과 건강, 관계에 있어서 성공하고 그것을 유지하게 해 주는 단 하나의 필수적인 기술이다. 책에서는 스트레스를 어떻게 인지하고 두려움에 어떤 방식으로 대응하느냐에 따라 성공을 촉진할 수도 방해할 수도 있다는 점, 즉 성공의 갈림길이 존재한다는 사실을 보여주는 많은 연구를 살펴본다.","['자기계발', '힐링', '마음 다스리기']"
10255,아이디어 불패의법칙,알베르토 사보이아 지음; 이지연 옮김,인플루엔셜,2020,325.19 사45ㅇ이,9791190000000,https://search1.kakaocdn.net/thumb/R120x174.q85/?fname=http%3A%2F%2Ft1.daumcdn.net%2Flbook%2Fimage%2F5326633%3Ftimestamp%3D20240830144506,"대부분의 신제품이나 아이디어는 시장에서 실패한다. 실패의 룰을 깨뜨릴 수 있는 유일한 방법은 ‘처음부터 될 만한 아이디어를 설계하는 것’이다. 구글 최초의 엔지니어링 디렉터이자 혁신 전문가, 스탠퍼드대학교에서 아이디어 검증 전략을 수년간 강연해온 ‘혁신 마이스터’ 알베르토 사보이아가『아이디어 불패의 법칙』에서 탁월한 아이디어를 설계하는 최적의 방법론을 제안한다. 그가 자신의 성공과 실패 경험, 30년 넘게 실리콘밸리 유수의 기업들의 흥망성쇠를 지켜보며 발견한 ‘될 만한 놈’을 찾는 검증 전략의 핵심은 바로 ‘프리토타입(pretotype)’ 기법이다. 가장 저렴하고 쉽고 빠르게 아이디어의 성공 가능성을 테스트하는 8가지 프리토타입 기법들과 이를 통해 얻은 유의미한 데이터의 분석과 활용 전략까지! 지난 10년간 구글을 비롯해 아마존, 델, 뉴발란스 등 수많은 기업가와 창업가들이 이 책과 강연의 도움으로 쓰라린 실패를 피하고 탁월한 성공을 거머쥐었다. 이제 당신의 차례다.","['경제경영', '기업 경영', '경영전략/혁신']"
10256,미들맨의 시대,마리나 크라코프스키 지음; 이진원 옮김,더난출판:더난콘텐츠그룹,2016,325.1 크292ㅁ이,9788980000000,https://search1.kakaocdn.net/thumb/R120x174.q85/?fname=http%3A%2F%2Ft1.daumcdn.net%2Flbook%2Fimage%2F1175132%3Ftimestamp%3D20220930205529,"오늘날 인터넷 기업들이 시장을 잠식하고 있다. 대표적인 예로 구글, 아마존, 페이스북, 이베이, 에어비앤비, 우버 등 기업가치가 수십 조에 달하는 세계적 공룡기업들을 들 수 있다. 국내에도 네이버, 다음카카오, 티몬, 배달의 민족, 직방 등 크고 작은 기업들이 급성장했다. 이들은 상용화된 지 불과 20여 년밖에 되지 않은 인터넷에서 무엇을 본 것일까? 소리 소문 없이 사라져간 수많은 인터넷 기업들이 있건만 이들만은 어떻게 엄청난 수익을 올리며 시장을 독점할 수 있었을까? 이 책은 그 답을 ‘연결’에서 찾는다. 그리고 연결에서 가치를 창출하는 기업 또는 비즈니스맨을 ‘미들맨(중개자)’이라 명명한다. 미들맨은 인터넷을 일종의 새로운 도구가 아니라 시대의 본질적 변화로 읽는다. 그리고 변화의 핵심인 ‘연결’에 집중한다. “인터넷을 활용해 무슨 사업을 할 것인가”가 아니라 “무엇을 연결하고 어떻게 시장을 독점할 것인가?”를 집요하게 묻는다. 책 에서는 각 역할과 함께 소개되는 다양한 사례와 연구결과들은 흥미로운 읽을거리와 함께 새로운 사업 아이템에 대한 힌트를 준다. 무일품의 실업자에서 중고장터 사업가가 되고, 베이비시터 회사를 설립해 부모와 아르바이트 학생들을 연결하는 등 각양각색의 미들맨 이야기는 ‘연결’의 다양한 방식을 이해하는 데 도움을 준다.","['경제경영', '기업 경영', '경영전략/혁신']"
10257,딜리버링 해피니스,토니 셰이 지음; 송연수 옮김,북하우스 퍼블리셔스,2010,325.1 셰68ㄷ송,9788960000000,https://search1.kakaocdn.net/thumb/R120x174.q85/?fname=http%3A%2F%2Ft1.daumcdn.net%2Flbook%2Fimage%2F723986%3Ftimestamp%3D20230906184604,"미국 온라인 쇼핑몰 재포스닷컴이 10년 만에 1조 2천억 원 매출 기업이 되기까지의 노하우를 CEO가 낱낱이 공개한『딜리버링 해피니스』. 이 책은 10년 만에 무일푼에서 1조원대 쇼핑몰로 성장시키고, 세계적 온라인 기업 아마존에 12억 달러라는 가격으로 인수합병되기까지 젊은 천재사업가 토니 셰이가 몸으로 부딪히며 써내려간 경영 분투기이다. 여기에 재포스의 생생한 사례와 노하우까지 모두 담아 비즈니스 매뉴얼로도 손색없도록 하였다. 2010년 월스트리트저널 논픽션 1위, 아마존닷컴 전체 1위, 반스앤노블 전체 1위에 올랐다.","['경제경영', '기업/경영자 스토리', '국외 기업/경영자']"
10258,설득의 심리학. 3: 작은 시도로 큰 변화를 만드는 스몰 빅의 힘,"로버트 치알디니,스티브 마틴,노아 골드스타인 공지음; 김은령, 김호 공옮김",21세기북스:북이십일,2015,189 치62ㅅ황 v.3,9788950000000,https://search1.kakaocdn.net/thumb/R120x174.q85/?fname=http%3A%2F%2Ft1.daumcdn.net%2Flbook%2Fimage%2F4895380%3Ftimestamp%3D20250108130405,"『설득의 심리학』 초판 발간 33주년 기념 리커버 에디션. 다른 사람의 변화를 자극할 수 있는 과학적인 연구를 기반으로 한 설득의 원칙은 여전히 우리가 살아가는 데 필요한 심리적인 원칙의 요소다. 이 책은 그동안 설득의 과학과 관련된 최신 연구를 소개할 뿐만 아니라 커다란 효과를 이끌어내는 작고 사소한 변화, 즉 ‘스몰 빅(small BIG)’이라는 주제에 집중하고 있다. 상대를 설득하고 영향력을 미치고자 할 때 어떻게 최소한의 변화로 최대 효과를 낼 수 있는지 탐구한다. 누구든 쉽게, 지금이라도 당장 실행할 수 있는 52가지 작은 변화를 소개하는 이 책에서 영향력 행사와 설득에 대해 이론과 실제를 모두 탐구한 행동과학자인 저자들은 설득 과정에서 아주 중요한 통찰을 제공한다. 그것은 상대에게 자신의 주장을 강하게 펼치는 방법이나 엄청난 지배력을 행사할 수 있는 정보 제공 방법을 알려주는 것이 아니다. 그보다는 정보가 제공되는 심리적인 맥락이 훨씬 더 중요하다. 책은 각각의 짧은 장으로 구성되어 있다. 각 장을 읽는 데 10여 분밖에 걸리지 않는다. 이를 통해 비즈니스뿐만 아니라 동업자와 고객, 동료들과 함께하는 업무 현장에서, 누구나 이웃들과 함께하는 순간에, 그리고 일상적인 인간관계에서 이런 아이디어와 발견을 어떻게 적용할 수 있을지 살펴보고 누군가와 직접 얼굴을 마주 보고 이야기할 때, 또는 그룹 미팅, 전화 통화, 이메일, 온라인이나 SNS를 이용할 때, 이러한 다양한 상황에서 아이디어를 적용할 수 있도록 도와준다.","['자기계발', '협상/설득/화술', '설득']"
10259,설득의 심리학. 2: Yes를 끌어내는 설득의 50가지 비밀,"로버트 치알디니, 스티브 마틴, 노아 골드스타인 공지음; 윤미나 옮김",21세기북스:북이십일,2015,189 치62ㅅ황 v.2,9788950000000,https://search1.kakaocdn.net/thumb/R120x174.q85/?fname=http%3A%2F%2Ft1.daumcdn.net%2Flbook%2Fimage%2F4895414%3Ftimestamp%3D20250108130405,『설득의 심리학』 초판 발간 33주년 기념 리커버 에디션. 사소하고 작은 생각과 행동의 변화만으로도 우리의 설득력은 큰 성공을 부를 수 있다. 문제는 그 과학적 설득의 황금법칙을 아느냐는 것이다. 이 책은 사람의 마음을 움직여 태도나 행동을 바꿀 목적으로 사용되는 여러 가지 방법이 심리학적으로 어떤 작용을 하고 어떤 결과를 불러오는지를 과학적 사례로 증명한 설득 심리학의 실전 전략이다. 『설득의 심리학』 제2권은 좀 더 고난이도의 설득 심리학을 소개한다. 설득 심리학을 바탕으로 다양한 사례를 과학적으로 분석하면서 설득의 ‘실천편’을 만들어냈다고 할 수 있다. 과학으로 입증한 설득 심리학을 토대로 결코 놓쳐서는 안 되는 50가지의 설득 기술을 제시한다. 세계 최고의 설득한 전문가인 로버트 치알디니와 그의 동료들이 전 생애에 걸쳐 연구한 과학적 성과를 담고 있는 이 책은 가정과 직장은 물론 그 밖의 모든 인간관계에서 나의 뜻을 확실하게 전달하고 그것이 원하는 결과를 낳게 하는 지침이 될 것이다.,"['자기계발', '협상/설득/화술', '설득']"
10260,설득의 심리학. 1: 사람의 마음을 사로잡는 6가지 불변의 원칙,로버트 치알디니 지음; 황혜숙 옮김,21세기북스: 북이십일,2013,189 치62ㅅ황 v.1,9788950000000,https://search1.kakaocdn.net/thumb/R120x174.q85/?fname=http%3A%2F%2Ft1.daumcdn.net%2Flbook%2Fimage%2F4895510%3Ftimestamp%3D20240817131419,"『설득의 심리학』 초판 발간 33주년 기념 리커버 에디션. 이 책은 6가지 설득의 원칙을 중심으로 구성되어 있다. 이들 원칙이 사회에서 담당하는 기능과, 설득의 달인들이 상대방에게 구매나 기부, 허락, 투표, 동의 등을 요청할 때 그 원칙들을 능숙하게 적용해 엄청난 힘을 활용하는 방법 등을 살펴본다. 각 원칙이 사람들로부터 확실하게 자동적이고 무의식적인 복종을 이끌어내는 능력, 즉 뭔가 깊이 사고해보기 전에 먼저 ‘네’라고 응답하게 만드는 능력과 어떤 관계를 맺고 있는지도 들여다본다. 더불어 이 책에는 독자들이 책을 읽고, 설득의 원칙이 특정 상황에서 자신에게 어떤 영향을 미쳤는지 인식하고, 그러한 사례를 직접 적어 보낸 ‘독자 편지’가 수록되어 있다. 그 면면을 살펴보면 우리가 일상생활에서 누군가에게 얼마나 쉽게 설득당하고 어처구니없이 속아 넘어가고 나쁜 결과를 초래하는지 알 수 있다. 언급하는 설득의 원칙들만 꿰차고 있어도 직장생활이나 중요한 협상 과정에서 지혜롭고 현명하게 말하고 행동하면서 자신의 목적을 달성할 수 있다.","['자기계발', '협상/설득/화술', '설득']"
10261,초전 설득,로버트 치알디니 지음; 김경일 옮김,21세기북스:북이십일,2021,181.9 치62ㅊ김,9788950000000,https://search1.kakaocdn.net/thumb/R120x174.q85/?fname=http%3A%2F%2Ft1.daumcdn.net%2Flbook%2Fimage%2F5687997%3Ftimestamp%3D20241214151834,"설득 심리학 분야의 세계 최고 권위자 로버트 치알디니 박사, 300만 독자가 선택한 『설득의 심리학』 시리즈를 완성할 회심의 역작! “타이밍은 설득의 모든 것이다. 무엇이 아니라 언제 말하느냐가 핵심이다!” “최고의 설득은 메시지가 전달되기 전 핵심적인 순간에 일어난다!” 우리는 신문, TV를 비롯한 각종 미디어 채널과 모바일을 통한 SNS 정보, 하다못해 길거리의 상점 간판 등 하루에도 수십 가지 광고와 판촉물을 접하게 된다. 그들은 매혹적인 문구와 이미지로 우리의 마음을 사려하고, 실제로도 그렇다. 그렇다면 마케터들은 어떻게 우리가 광고를 잘 받아들이게 만드는 걸까? 잘 살펴보면 사람들이 그 물건을 살 수밖에 없도록 유도하는 장치가 사전에 세팅되어 있다. 그게 무엇일까. 여기에 답할 수 있는 사람을 우리는 잘 알고 있다. 바로 전 세계 세일즈맨과 마케터들에게 ‘구루(guru)’로 불리는 로버트 치알디니 박사다. 설득에 관해 최고의 전문가이자 행동과학자인 치알디니 박사는 ?설득의 심리학 시리즈?를 통해 작은 시도로 다른 결과를 가져오는 설득의 심리학과 기술의 법칙에 대해 알려줬다. 그는 ‘설득’이 말주변이나 재치가 아니라 ‘사람의 심리’만 알면 누구나 해볼만 하다는 긍정적인 메시지를 주었고, 이는 ?설득의 심리학 시리즈?만이 줄 수 있는 매력적인 미덕이었다. 그런 그가 신간 『초전 설득』에서, ‘초전 설득(Pre-suasion, 超前 說得)’, 우리말로 풀자면 ‘설득 앞의, 이전을 뛰어넘는 설득’이라고 이해되는 새로운 개념을 제시했다. 이것이 주는 미덕은 무엇일까. 바로 ‘타이밍’이다. 대부분의 사람들은 낯선 사람과 만나는 것을 두려워한다. 심지어 원하는 목적을 달성하기 위해 협상까지 해야 하는 자리는 그 자체로 압박이다. 그런데 만나기 전에 이미 승리를 결정지을 수 있다면? 이길 수밖에 없도록 세팅하고 미팅 자리에서는 ‘예스’만 받아낼 수 있다면? 저자 로버트 치알디니는 밀리언셀러『설득의 심리학(Influence)』을 출간한 이후, 바로 그런 질문에서 출발해 33년간 직접 발로 뛰어 연구한 결과물의 핵심 중 핵심만을 뽑아 이 책에 담았다. 게다가 익히 잘 알려진 설득의 6가지 불변 원칙(상호성, 호감, 사회적 증거, 권위, 희귀성, 일관성)이 ‘초전 설득’ 전략에도 유효함을 설명할 뿐만 아니라, ‘연대감(Unity)’의 원칙도 새롭게 선보인다. 치알디니 박사에 따르면 설득의 성공 여부는 메시지에 있는 것이 아니다. 사람의 심리와 행동 패턴을 이용해 설득에 성공하는 것보다 더 중요한 것은 바로 ‘예스’를 할 수밖에 없는 상황을 설계하는 것이다. 이 책에서는 바로 그 타당한 ‘맥락’을 만드는 방법을 소개하고 있다. ... 특히 저자는 과학적 연구와 함께 다양한 상황과 현장에서 겪은 사례들을 엮어 타당성을 강화하는 한편, 누구나 실생활에서 활용할 수 있도록 이해하기 쉽게 설명한다. 지금까지 설득 기술의 통념을 뒤엎는 새로운 설득의 원칙을 제시하고 있는 이 책은 출간되자마자 즉시 고전이 될 것이다.","['자기계발', '협상/설득/화술', '설득']"
10262,공감은 어떻게 기업의 매출이 되는가,마리아 로스 지음; 이애리 옮김,포레스트북스,2020,325.571 로57ㄱ이,9791190000000,https://search1.kakaocdn.net/thumb/R120x174.q85/?fname=http%3A%2F%2Ft1.daumcdn.net%2Flbook%2Fimage%2F5544512%3Ftimestamp%3D20230227050530,"“오늘날 동종 기업들의 제품과 서비스는 대개 구별이 불가능할 정도로 비슷하게 개발되고 만들어진다. 차별화할 수 있는 요소는 딱 하나, 바로 공감이다.” 컨빈스앤컨버트 창립자인 제이 배어의 말처럼 전통적 경쟁 우위로 여겨졌던 업무 효율성, 품질, 디자인, 인재 영입만으로 기업은 더 이상 우위를 점할 수 없는 시대가 되었다. 25년 넘게 브랜드 청사진과 마케팅 전략을 짜왔으며, 고객사로 《포천》 선정 500대 기업부터 급성장하는 스타트업과 신생 일인 기업까지 그녀의 손을 거치지 않은 기업이 없을 정도로 미국에서 가장 주목받는 브랜드 전략가 마리아 로스는 소프트 스킬로 터부시되어 온 ‘공감’에 주목해야 할 때라고 말한다. 공감 능력은 고객 충성도부터 기업 혁신 및 수익성까지 모든 영역에 직접적으로 영향을 미치기 때문이다. 특히 기업이 매출을 올리는 가장 확실한 방법이야말로 공감이라고 말하며 세계적 기업들의 사례를 소개한다. 구글은 팀 내 가장 높은 실적과 생산성을 자랑한 팀을 분석한 ‘프로젝트 아리스토텔레스’를 통해 창의적인 아이디어와 혁신은 공감과 같은 감정 지능이 풍부한 직원들에게서 나온다는 사실을 밝혀냈다. 하버드 교수팀에 의해 미래 사업을 대표하는 성장 중심 기업으로 소개된 IT 회사 넥스트점프는 매년 ‘어벤져스 어워드’를 통해 스튜어드 리더십(서번트 리더십과 같이 타인과 공동체에 초점을 맞추는 리더십 유형)을 실천하는 직원을 뽑고 있다. ‘타인을 위한 봉사’라는 공감에 뿌리를 둔 이러한 문화는 업무 성과와 몰입도를 높여 결국 수익률 증가라는 결과를 가져왔다. 거대 기술 기업 세일즈포스의 ‘1-1-1 모델’은 회사의 제품과 직원들의 시간, 자원의 1퍼센트를 기부하는 형식으로 지금껏 2억 6000만 달러 이상의 보조금을 기부해왔고, 연 수입 130억 달러 돌파라는 뛰어난 실적을 올렸다. 이처럼 공감이 성공을 불러올 수 있는 이유는 그것이 타인의 감정을 이해하고, 더 나아가 긍정적 행동을 하고자 하는 의지로 이어지기 때문이다. 공감적인 사람이 된다고 해서 사업에 필요한 이성적이고 합리적인 의사결정 능력이 사라지는 건 아니다. 공감하는 기업이나 리더가 된다고 해서 모든 요구 사항을 들어줘야 하는 건 아니다. 공감하는 기업이 시장에서 힘없는 위치를 차지하게 되는 것도 아니다. 기업은 공감 능력과 경쟁력 둘 다 갖출 수 있으며, 오늘날은 공감 능력을 갖추었을 때만 성공할 수 있는 시대다.","['경제경영', '기업 경영', '경영전략/혁신']"
10263,로지컬 씽킹의 기술,HR인스티튜트 지음; 현창혁 옮김; 野口吉昭 감수,비즈니스북스,2014,325.1 에68ㄹ현,9789000000000,https://search1.kakaocdn.net/thumb/R120x174.q85/?fname=http%3A%2F%2Ft1.daumcdn.net%2Flbook%2Fimage%2F1491943%3Ftimestamp%3D20231114143204,"『로지컬 씽킹의 기술』은 정보의 복잡화, 관련 구성원의 다양화, 의사결정 속도의 가속화를 특징으로 하는 오늘날의 비즈니스 상황에서 반드시 필요한 사고의 기술인 논리적 사고, 즉 '로지컬 씽킹(Logical Thingking)'의 기술을 안내한다. 이 책은 30가지 핵심 개념을 통해 논리적인 사고를 익히기 위한 방법론과 사고방식의 원리, 반복적인 훈련방법을 자세히 설명한다. 우선 로지컬 씽킹이란 무엇이며 오늘날 비즈니스 환경에서 로지컬 씽킹을 통해 얻을 수 있는 경쟁력을 소개한다. 이어 ‘이해하기 쉽고 효과적으로 말을 전달하는 기술’, ‘본질을 파악하고 시각화하는 기술’, ‘빠른 의사결정과 행동으로 일의 효율을 높이는 기술’에 대해 자세히 살펴본다. 논리적인 사람들이 현장에서 실천하고 있는 사고와 행동, 언어 습관을 사례로 제시한다.","['자기계발', '시간관리/정보관리', '정보관리']"
10264,컨테이저스,조나 버거 지음; 정윤미 옮김,문학동네,2013,325.555 버14ㅋ정,9788950000000,https://search1.kakaocdn.net/thumb/R120x174.q85/?fname=http%3A%2F%2Ft1.daumcdn.net%2Flbook%2Fimage%2F691359%3Ftimestamp%3D20240228113345,"『컨테이저스 전략적 입소문』은 펜실베이니아 대학 와튼스쿨 마케팅학 교수 조나 버거가 예측 불가능하다고 여겨지는 유행의 실제 사례들을 바탕으로, 마케팅의 성공과 실패 원인을 분석하고 소셜 미디어의 등장 속에서 진화하는 ‘바이럴 마케팅(입소문 전략)’에 대해 설명한 책이다. 소셜 화폐(Social Currency)의 법칙, 계기(Triggers)의 법칙, 감성(Emotion)의 법칙, 대중성(Public)의 법칙, 실용적 가치(Practical Value)의 법칙, 이야기성(Stories)의 법칙 등 그가 제시하는 6가지 바이럴 마케팅 원칙을 통해 최소 비용으로 최대의 효과를 얻는 바이럴 마케팅을 살펴본다.","['경제경영', '마케팅/세일즈', '마케팅/브랜드']"
10265,무인양품은 90％가 구조다,마쓰이타다미쓰 지음; 민경욱 옮김,모멘텀(momentum): 푸른숲,2014,325.1 마57ㅁ민,9791160000000,https://search1.kakaocdn.net/thumb/R120x174.q85/?fname=http%3A%2F%2Ft1.daumcdn.net%2Flbook%2Fimage%2F1571548%3Ftimestamp%3D20250312114252,"이 책은 무인양품의 본사인 양품계획 회장 마쓰이 타다미쓰가 무인양품의 경영 비밀을 직접 밝힌 최초의 책으로, 그가 사장에 취임한 2001년부터 지금까지 조직의 구조와 풍토를 바꾸면서 어떻게 성장해왔는지 소개한다. 또한 무인양품의 성장 발판이 담긴 '무지그램'을 처음으로 공개한다.","['자기계발', '성공', '성공학']"
10266,전쟁의 기술,"로버트 그린 지음; 안진환, 이수경 공옮김",웅진 지식하우스,2007,325.1 그298ㅈ c.2,9788900000000,https://search1.kakaocdn.net/thumb/R120x174.q85/?fname=http%3A%2F%2Ft1.daumcdn.net%2Flbook%2Fimage%2F345763%3Ftimestamp%3D20250327113222,"감정의 동물인 인간. 이들이 모이는 곳은 어김없이 전쟁이 벌어진다. 특히 생존 경쟁이 치열한 직장에서의 전쟁은 상상을 초월한다. 여기 일상의 전투에서 당신을 공격하는 교묘한 적들을 다룰 수 있는 방법을 소개하는 책이 있다.『전쟁의 기술』은 전쟁의 교훈과 원칙들에 담긴, 시대를 초월한 지혜의 정수를 소개하는 21세기 손자병법이다. 저자는 피 튀기는 전장이건, 사무실 정치를 좌우하는 회의 테이블에서건 사람들이 살아가는 모든 곳에서는 전쟁이 벌어지고 있다고 말한다. 그리고 역사 속으로 사라졌지만 아직까지 위대한 전략가로 추앙받는 손자, 알렉산드로스 대왕, 한니발, 칭기즈칸, 나폴레옹 등의 실제 사례를 통해 전쟁터와 같은 현대사회를 당당히 헤쳐나가는 지혜를 알려준다. 또한 대처와 레이건 등의 정치인, 록펠러 같은 사업가, 천재 영화감독 히치콕 등 일반적인 전쟁 외에 현대사회의 지식 전쟁이라고 일컬을 수 있는 다양한 분야에서 승리한 사람들의 전략들도 함께한다. 인류 역사상 가장 위대한 승리자들만이 알던 경험과 지식을 오늘의 관점에서 정리한 이 책은 가히 '전략의 바이블'이라고 부를 만하다. [양장본] 이 책의 독서 포인트! 마키아벨리의 부활이라고 불리는 이 책을 통해 냉철한 자기통제에서 능란한 권모술수까지 우리 안에 잠들어 있는 지혜로운 전략가를 깨워 진정한 승리를 얻을 수 있을 것입니다.","['인문학', '교양 인문학']"
10267,마이클 포터의 경쟁우위,마이클 포터 지음; 범어디자인연구소 옮김,유엑스리뷰:비즈니스랩,2020,325.1 포884ㅁ범,9791190000000,https://search1.kakaocdn.net/thumb/R120x174.q85/?fname=http%3A%2F%2Ft1.daumcdn.net%2Flbook%2Fimage%2F5579351%3Ftimestamp%3D20250228143344,"전 세계 명문 MBA의 교과서이자 경영학의 클래식으로, “경쟁우위”라는 말을 비즈니스계에 전파한 책으로, 세계적 경영 전략 전문가이자 하버드 경영대학을 대표하는 마이클 포터 교수의 대표작. 산업을 전략적으로 세분화하여 분석하는 법과 경쟁 논리를 정밀하게 진단할 수 있게 해준 최초의 책이며, 경영 전략을 논함에 있어 근거가 되는 핵심 이론을 풍부하게 담고 있다. 개별 기업이 실질적으로 경쟁사를 상대로 우위를 획득하는 법을 매우 상세하고 예리하게 다루며 탁월한 성과를 내는 기업의 성공 조건을 파헤친다. 마이클 포터 교수의 대표작인 이 책의 내용은 오랜 세월 다수의 명문 MBA와 기업들, 경영자들이 전략 기획의 기준으로 삼아 온 검증된 내용을 바탕으로 한다. 독자들은 기업들이 경쟁기업을 상대로 우위를 차지할 방법들을 체계적으로 배울 수 있으며, 경영 현장에서 경쟁을 분석하고 돌파하기 위한 통찰을 얻을 것이다. “가치사슬”, “경쟁우위” 등 비즈니스계에서 널리 사용되는 개념들은 이 책에서 마이클 포터가 처음으로 주장한 것이다.","['경제경영', '경제경영 사상가 20인', '마이클 포터']"
10268,순서 파괴,"콜린 브라이어, 빌 카 공지음; 유정식 옮김",다산북스,2021,325.1 브292ㅅ유,9791130000000,https://search1.kakaocdn.net/thumb/R120x174.q85/?fname=http%3A%2F%2Ft1.daumcdn.net%2Flbook%2Fimage%2F5606655%3Ftimestamp%3D20250319150531,"출간 즉시 아마존 베스트셀러 전 세계 15개국 판권 수출 우주로 향하는 베이조스가 세상에 남긴 마지막 유산 “남들과 똑같은 방식으로 세계 최고의 자리에 오를 수 있을까?” 아마존에서 총 27년을 근무하며 ‘제프의 그림자(Jeff’s shadow)’라 불린 두 저자는 창립 이래 17년간 아마존에서 마치 ‘헌법’처럼 지켜지는, 그리고 지금 이 순간에도 여전히 살아 숨 쉬는 단 한 가지 독특한 성공 원칙을 소개한다. 그리고 이 원칙은 제프 베이조스가 남긴 수많은 글과 연설을 정확히 관통하는 ‘아마존의 신념’이기도 하다. “내가 떠나도 아마존은 영원할 것이다. 그들이 계속 ‘순서 파괴’하는 한!” - 제프 베이조스 ‘순서 파괴(Working Backwards)’란 개발자의 판단에 따라 순서대로 계획을 세워 제품을 만드는 대신, 고객의 시선에 따라 고객이 누릴 효용을 먼저 설계한 다음 그에 적합한 제품을 만든다는 뜻이다. 지금껏 아마존의 찬란한 영광을 직접 만들어온 두 저자는 이 같은 ‘아마존식 역방향 작업 혁명’이 어떻게 시장을 장악하고 고객의 기쁨을 극대화하는지 수많은 성공 사례를 들어 설명한다. ‘일을 시작할 땐 그 끝을 생생하게 상상하라!’ 아마존을 세계 최고의 기업으로 만든 이 한 가지 원칙을 익히면 당신은 물론 당신의 조직 역시 실패 없는 혁신과 성장을 거듭할 수 있을 것이다.","['경제경영', '포브스 100대 기업', '아마존']"
10269,무기가 되는 스토리,도널드 밀러 지음; 이지연 옮김,윌북,2018,325.571 밀294ㅁ이,9791160000000,https://search1.kakaocdn.net/thumb/R120x174.q85/?fname=http%3A%2F%2Ft1.daumcdn.net%2Flbook%2Fimage%2F3761933%3Ftimestamp%3D20250211113921,"이 책은 마케팅 전쟁터에서 가장 강력한 힘을 지닌 무기, 즉 스토리의 구축 비법을 공개한 책이다. 메시지가 선명한 스토리는 듣는 이의 마음을 얻지만, 흐릿한 스토리는 막대한 손실을 가져온다. 과연 스토리는 어떻게 만들어야 할까? 아마존 베스트셀러 종합 1위에 오른 작가인 도널드 밀러. 그는 독자를 사로잡는 스토리에는 불변의 공식이 있음을 깨닫고 이를 7단계 문장 공식으로 체계화했다. 그는 이 공식에 기초한 컨설팅 기업 〈스토리브랜드〉를 창립했고, 그의 공식은 인텔, 팬틴, 켄 블랜차드 컴퍼니, 마리메이 등 3,000개 기업을 실적 부진의 늪에서 구원했으며 지금도 진행 중이다. 시작은 브랜드와 고객의 관계를 새롭게 정의하는 것이다. 고객은 브랜드가 힘주어 말하는 어마어마한 스토리에 관심이 전혀 없다. 다만, 자신의 삶에만 흥미가 있다. 거의 모든 마케팅이 돈 먹는 하마가 된 이유가 여기에 있다는 것. 고객들이 어떤 사람들인지, 고객을 움직이는 문장은 어떻게 쓰는 것인지 구체적인 조언들이 페이지마다 가득하며, 결국 내 브랜드에 어떤 스토리를 담아야 하는지 본질적 질문에 스스로 대답하도록 치밀하게 짜여 있다. 마케터부터 기획자, 광고인, 소호 기업가까지 7가지 문장 공식을 제대로 따른다면 치열한 전장에서 살아남을 자신만의 무기를 지니게 될 것이다.","['자기계발', '성공', '성공학']"
10270,파워,제프리 페퍼 지음; 안세민 옮김,시크릿하우스,2020,325.24 페894ㅍ안,9791190000000,https://search1.kakaocdn.net/thumb/R120x174.q85/?fname=http%3A%2F%2Ft1.daumcdn.net%2Flbook%2Fimage%2F5384379%3Ftimestamp%3D20221011172822,"오늘날, 많은 기업의 조직 구조가 과거에 비해 한층 평평해졌다. 또한 여러 기능을 통합적으로 담당하는 팀의 수가 늘어나고 있다. 전략이 점점 복잡해지면서 효과적인 실행의 중요성이 점차 커지는 동시에 효과적인 실행이 점점 힘들어지고 있다. 위계질서가 약화된 시스템 내에서 업무를 처리하려면 한층 강력한 영향력이 필요하다. 때문에 조직에서 일을 성취해내기 위해 권력과 영향력을 효과적으로 사용하는 것은 점점 중요해지고 있다. 책 《파워》의 저자 제프리 페퍼 석좌교수는 인재 경영의 창시자이자 세계에서 가장 영향력 있는 비즈니스 사상가다. 조직행동 · 리더십 · 인사관리 영역의 세계적 대가인 그는 개인의 성공과 조직의 혁신에서 권력과 영향력이 매우 중요하다고 말한다. 그는 아이디어와 결정된 일을 실행에 옮기지 못하는 무능함이 오늘날 조직 내에 만연해 있으며, 이 문제는 공공 부문과 민간 부문 모두에서 점점 더 악화되고 있다고 진단한다. 그 결과 많은 분야에서 리더십이 사라지고 있으며, 바람직한 리더십이 더욱 요구되고 있다는 것이다. 때문에 조직과 개인의 성공을 위해 리더가 반대 세력에 맞서 자기가 뜻한 바를 꼭 이루고야 말겠다는 의지와 욕구, 이를 가능하게 하는 지식과 역량을 반드시 갖추어야 한다는 것이 이 책의 출발점이다. 책 《파워》는 권력의 모든 것을 다룬다. 권력과 영향력의 실체를 이해하고 습득한 뒤, 활용하는 기술을 흥미롭게 밝히고 있다. 먼저 권력이란 무엇인지 그 실체를 분석하며 조직 내 권력의 속성과 영향력의 역할을 면밀하게 분석한다. 그 다음 권력은 어디에서 오는지 그 원천을 탐구한 뒤, 리더가 일을 성취하기 위하여 어떻게 권력을 확립하고 행사해야 할지 실질적인 방법을 다룬다. 마지막으로 영원한 권력은 없음을 강조하며, 조직의 변화와 혁신을 위해 리더의 책임 있는 자세와 실천을 요구한다. “당신이 속한 조직, 살고 있는 사회에서 벌어지는 문제들은 우리가 행동을 너무 많이 해서가 아니라, 행동을 하지 않아서 혹은 조치를 취하지 않아서 발생했을 가능성이 크다.”(475쪽) 제프리 페퍼 교수는 권력의 원천, 권력과 상황에 대한 진단, 권력 행사를 위한 전략 전술 등 미시적인 논의를 거쳐 궁극적으로 독자들에게 전하고자 하는 바는, 바로 ‘조직에서 일을 성취하는 방법’이라고 강조한다. 개인과 조직이 유능해지고 성공하기 위한 수단으로서의 권력을 냉철히 분석하기 위함이라는 것이다. 저자는 스탠퍼드대에서 강의를 할 때 언제나 ‘권력’에 초점을 둔다. 변화를 이끌어내고, 주어진 업무를 완수하고, 경력을 발전시키는 데 도움이 되는 통찰력과 도구로서 권력이 굉장히 중요하기 때문이다. 책 《파워》를 통해 독자분들은 각자의 목표를 실행해나가는 과정에서 영향력과 통찰력의 원칙들을 활용할 수 있을 것이다.","['경제경영', '기업 경영', '조직/인력/성과관리']"
10271,제로 투 원,"피터 틸, 블레이크 매스터스 공지음; 이지연 옮김",한국경제신문(한경BP),2014,325.21 틸898ㅈ이 c.2,9788950000000,https://search1.kakaocdn.net/thumb/R120x174.q85/?fname=http%3A%2F%2Ft1.daumcdn.net%2Flbook%2Fimage%2F611456%3Ftimestamp%3D20240111182330,"성공하는 기업들은 다들 서로 다르다. 각자의 독특한 문제를 해결해 독점을 구축했기 때문이다. 반면 실패한 기업들은 똑같다. 경쟁을 벗어나지 못한 것이다. '창조적 독점'이란, 새로운 제품을 만들어서 모든 사람에게 혜택을 주는 동시에 그 제품을 만든 사람은 지속 가능한 독점 이윤을 얻는 것이다. 이제 늘 하던 사업을 조금씩 개선해서 변화하는 환경에 적응하여 성공하는 시대는 끝났다. 이러한 창조적 독점은 앞으로 우리가 창업하고 경영하는 모든 방식을 근본부터 바꾸어 놓을 것이다. 『제로 투 원』은 온라인 결제 서비스 기업 《페이팔》의 공동 창업자 피터 틸이 새로운 것을 창조하는 회사를 만들고, 미래의 흐름을 읽어 성공하는 '창조적 독점'에 대해 다룬다. 이 책에서 '독점'은 자기 분야에서 너무 뛰어나기 때문에 다른 회사들은 감히 그 비슷한 제품조차 내놓지 못하는 회사를 가리킨다. 그동안 제대로 알지 못했던 독점기업의 본질을 확실하게 보여주면서, 어떻게 독점기업을 만들어 ‘0에서 1로’ 새로운 것을 창조하는 기업을 만들 수 있을지 방법을 알려준다.","['경제경영', '창업/취업/은퇴', '벤처/스타트업/인터넷창업']"
10272,D2C 레볼루션,로런스 인그래시아 지음; 안기순 옮김,부키,2021,325.1 인17ㄷ안,9788960000000,https://search1.kakaocdn.net/thumb/R120x174.q85/?fname=http%3A%2F%2Ft1.daumcdn.net%2Flbook%2Fimage%2F5606058%3Ftimestamp%3D20250105133259,"《퓰리처상 5회 수상에 빛나는 로런스 인그래시아가 쓴 D2C(Direct to Consumer) 기업들의 탄생, 분투, 성공 스토리. 이 책에는 비즈니스 생태계에 새로운 기준을 제시하며 대세로 떠오르고 있는 D2C에 대해 우리가 알아야 할 거의 모든 것이 담겨 있다. 아이디어 하나로 무모한 도전에 나선 스타트업은 어떻게 거대 글로벌 기업이 버티고 있는 시장에 진입할 수 있었을까? 업계의 골리앗 기업을 상대해야 하는 신생 기업의 필승 전략은 무엇일까? 이 책에 소개되는 기업들이 겪었던 성공과 실패의 경험은 불확실한 미래를 준비하는 우리에게 어떤 교훈을 전달하고 있을까? 과연 D2C 모델은 새로운 시대정신을 제시하며 먼 미래까지 그 생명력을 유지할 수 있을까? 뉴 노멀 시대, 우리는 기존 비즈니스 세계의 제조 및 리테일 판매 방식이 D2C로 빠르게 재편되는 모습을 바라보고 있다. 이러한 상황에서 이 책은 스타트업에겐 새로운 기회를, 전통 기업에게는 혁신의 기회를 찾는 데 무엇보다 큰 통찰을 제공할 것이다.","['경제경영', '기업 경영', '경영전략/혁신']"
10273,부의 인문학,브라운스톤 지음,오픈마인드(Openmind),2019,327.04 브292ㅂ,9789000000000,https://search1.kakaocdn.net/thumb/R120x174.q85/?fname=http%3A%2F%2Ft1.daumcdn.net%2Flbook%2Fimage%2F5091902%3Ftimestamp%3D20241223133418,"500만 원으로 50억 원을 만든 실전 투자가 브라운스톤(우석)이 필터링한 인문학은 투자 안내서 『부의 인문학』. 노벨 경제학상을 수상한 천재들이 세상을 읽는 탁월한 통찰력, 돈이 움직이는 방향과 투자의 길, 부의 작동원리를 간파한 통섭의 결정판이다. 저자는 이 책에서 자기 안에서 소화된 인문학과 지금의 우리 현실을 씨실과 날실로 엮어가며 투자에 대한 거대한 태피스트리를 엮어간다. 1장에서는 정치나 정책 안에서 경제와 경기가 움직이는 원리가 무엇인지 살펴보고 그것이 우리의 삶을 어떻게 변화시키는지 자세히 설명하며, 사람들이 왜 노예의 삶을 선택하는지 이야기한다. 2장에서는 부동산 가격이 움직이는 메커니즘을 통해 오늘 우리에게 필요한 현실적인 부동산 투자법은 무엇인지 제안하고, 3장에서는 천재 경제학자들의 이론에서 도출해 낸 필승 주식 투자법을 소개해 개인 투자가들이 실수와 실패를 줄일 수 있도록 응원한다. 4장에서는 인문학을 기반으로 돈의 흐름과 부의 작동원리를 읽는 법을 밝힘으로써 투자에 대한 고정관념과 오해를 깨치고 성공 투자의 청사진을 그릴 수 있도록 도와준다.","['경제경영', '재테크/투자', '재테크/투자 일반']"
10274,신뢰 이동,레이첼 보츠먼 지음; 문희경 옮김,흐름출판,2019,331.5412 보85ㅅ문,9788970000000,https://search1.kakaocdn.net/thumb/R120x174.q85/?fname=http%3A%2F%2Ft1.daumcdn.net%2Flbook%2Fimage%2F4911453%3Ftimestamp%3D20250321131432,"언론과 기업, 전문가와 정부에서 익명의 사람들에게로 인간 사회의 신뢰가 옮겨가는 시대. 신뢰의 전환기에 들어선 지금, 우리는 낯선 사람의 차에 올라타고, 낯선 사람의 집에서 머물며 여행하고, 가상화폐를 사용하고, SNS에 떠도는 말들을 믿는다. 이러한 변화를 바탕으로 알리바바, 에어비앤비, 우버 등 플랫폼을 기반으로 한 비즈니스가 확장되고, 새로운 사업 모델들이 생겨나고 있다. 무엇이 이를 가능하게 만들었을까? 이러한 시대에 우리는 누구를 믿어야 할까? 신뢰 전문가인 레이첼 보츠먼은 『신뢰 이동』에서 지금이 신뢰가 사라져버린 불신의 시대가 아니라 단지 신뢰가 이동했을 뿐이라고 이야기하면서, 전 세계의 최근 사례들을 통해 인간 신뢰의 달라진 양상을 ‘분산 신뢰’라고 말하며 이로 인해 우리의 선택과 행동 양식이 어떻게 달라졌는지 살펴본다. 우선 ‘우리는 어떻게 여기까지 왔는가?’라는 단순한 질문을 바탕으로 신뢰가 왜 중요한지 다루고, 분산적 신뢰가 가능한 세 가지 조건으로, 새로운 개념에 대한 신뢰, 플랫폼에 대한 신뢰, 타인이나 봇에 대한 신뢰를 탐색한다. 새로운 개념을 신뢰하기 위해 찾기 쉽고 건너기 쉬운 다리가 필요하다는 것을 보여주는 ‘캘리포니아롤 원리’, ‘이것은 나한테 무엇이 좋은가(What's in it for me)?’를 뜻하는 ‘WIIFM 요인’, 새로운 방식을 신뢰하게끔 만드는 의외의 사람들을 말하는 ‘신뢰 인플루엔서’. 저자는 이 세 가지 요인이 터무니없어 보이는 개념이 어떻게 이상하지만 친숙한 개념으로 바뀔 수 있는지 보여주는 조건이라고 이야기하며, 벤처기업이나 신제품 새로운 개념에 대한 신뢰를 구축할 때 필수적인 요인이라고 강조하고, 이러한 변화가 우리의 인간과계와 사업, 삶 전반에 어떤 영향을 미칠지 심사숙고하도록 이끈다.","['경제경영', '기업 경영', '경영전략/혁신']"
10275,어떻게 성공했나,가이 라즈 지음; 이경남 옮김,알에이치코리아,2021,325.21 라77ㅇ이,9788930000000,https://search1.kakaocdn.net/thumb/R120x174.q85/?fname=http%3A%2F%2Ft1.daumcdn.net%2Flbook%2Fimage%2F5601693%3Ftimestamp%3D20230219140742,"NPR의 인기 팟캐스트 〈하우 아이 빌트 디스How I Built This, HIBT〉를 바탕으로 엮은 책이다. 해당 팟캐스트의 진행자 가이 라즈Guy Raz는 자신이 만난 기업가 수백 명의 사례를 통해 성공하는 벤처를 구상하고 론칭하고 운영하는 문제에 관해 소중한 통찰과 영감을 제공한다. 이 책은 출간 후 〈뉴욕타임스〉, 〈월스트리트 저널〉 베스트셀러 경영서 1위로 선정되는 한편, 수많은 명사에게 ‘모든 기업가정신에 관한 실록의 원전’이라는 찬사를 받았다. 위대한 아이디어도 대개는 아주 사소한 불씨에서 시작됐다. 집세가 올라 걱정이던 한 청년은 대규모 콘퍼런스가 열릴 때 주변 호텔방이 매진되는 것을 보고 자신의 집을 숙박 공간으로 제공해야겠다고 생각했다(에어비앤비). 길거리 카트에서 샌드위치를 팔던 행상인은 팔다 남은 빵을 과자로 구워 수백만 달러의 사업을 키워냈다(스테이시스피타칩스). FUBU, 스팽스, 디핀다트의 설립자부터 제임스 다이슨, 넷플릭스의 리드 헤이스팅스에 이르기까지, 가이 라즈는 5년 가까이 전 세계에 큰 영감을 준 혁신 기업가들을 만나 인터뷰하며 발견한, 그들의 경이로운 성공 뒤에 숨은 놀라운 경로들을 공개한다. 아이디어를 구체화하는 사업 초기부터 자금을 마련하고 직원들을 모으고 시장을 찾아내어 마침내 매출을 올리기까지, 기업가의 여정에 필요한 실질적인 팁이 가득하다. 자신만의 사업을 꿈꾸는 사람이나 자기보다 앞서 야심을 가지고 도전한 사람들이 어떻게 그 꿈을 실현시켰는지 궁금한 사람이라면, 특히 그들이 성공하기 전 겪어야 했던 수많은 실패와 실수를 반복하고 싶지 않은 이라면, 이 책에서 큰 도움을 얻을 수 있을 것이다. #창업 #사업아이디어 #사이드잡 #은퇴후 #평범한직장인 #경제적자유 #현금흐름","['자기계발', '성공', '성공학']"
10276,"호감, 운을 끌어당기는 비밀",신용준 지음,정민미디어,2017,325.211 신65ㅎ,9791190000000,https://search1.kakaocdn.net/thumb/R120x174.q85/?fname=http%3A%2F%2Ft1.daumcdn.net%2Flbook%2Fimage%2F1631951%3Ftimestamp%3D20220917081920,"인간에 대한 이야기, 그중에서도 인간의 호감에 대한 이야기를 다루는 『호감, 운을 끌어당기는 비밀』. 함께하는 인간형을 강연하는 신용준이 이 책에서 ‘호감’에 대한 프로세스를 체계화시켜 보여준다. 사람과 사람 사이를 연결해주는 비밀을 하나하나 풀어내어 강연을 보는 듯 친절하게 설명하는, 깊이 있고 체계적인 호감 실용서이다. 호감은 우리를 더욱 강력하게 만들어 줄 숨겨진 무기라고 이야기하면서, 호감이 사람과 사람 사이의 관계를 발전시켜 나가는 것이 성공으로 향하는 하나의 호감을 끌어온다는 비밀을 들려준다. 호감에는 외형만이 중요한 것이 아니며, 또한 내면만이 중요하다고 이야기하며 둘 모두를 가꾸는 것, 그리고 그 둘 모두를 진정한 나의 것으로 담는 것을 목적으로 삼아 발전시켜 나갈 수 있도록 이끌어준다.","['자기계발', '인간관계', '인간관계']"
10277,모두가 인기를 원한다,미치 프린스틴 지음; 김아영 옮김,위즈덤하우스: 위즈덤하우스 미디어그룹,2018,189.2 프298ㅁ김,9791160000000,https://search1.kakaocdn.net/thumb/R120x174.q85/?fname=http%3A%2F%2Ft1.daumcdn.net%2Flbook%2Fimage%2F1605678%3Ftimestamp%3D20231026152841,"그동안 아무도 주목하지 않았던 인기의 강력한 영향력을 증명하는 동시에 행복한 삶을 살기 위해 필요한 요소들을 알려주는 『모두가 인기를 원한다』. 혼자가 편한 사람이든, 어디서나 주목을 받아야 직성이 풀리는 사람이든 인기를 향한 갈망에서 완전히 자유로울 수 없다. 이 책에서 저자는 인간관계와 관련된 최신 심리학 연구 결과를 집대성해 의미 있고 건강한 인간관계를 맺는 법을 가르쳐 준다. 저자는 심리학, 인류학, 뇌과학, 세포생물학 등 다양한 학문을 넘나들며 우리의 몸과 마음, 건강, 감정 측면에서 인기의 영향을 살펴보는데, 인간의 뇌와 마음속에 깊숙이 감춰진 인기를 향한 욕망을 관찰하다 보면 인간에게서 인기를 떼어놓고 설명할 수 없다는 것을 깨닫게 된다. 저자는 인기를 ‘지위(status)’와 ‘호감(likability)’으로 나누어 인기의 속성과 인간의 심리를 분석하면서 진정으로 행복해지고 싶다면 누구에게나 날마다 수백 번씩 주어지는 호감 가는 사람이 될 기회를 놓치지 않아야 한다고 강조하며 인기를 향한 갈망을 이해하고 제대로 다스리는 법을 일깨워준다.","['인문학', '심리학/정신분석학', '교양 심리학']"
10278,(류재언 변호사의)협상바이블,류재언 지음,한스미디어,2018,325.1 류73ㅎ,9791160000000,https://search1.kakaocdn.net/thumb/R120x174.q85/?fname=http%3A%2F%2Ft1.daumcdn.net%2Flbook%2Fimage%2F1593530%3Ftimestamp%3D20250403113659,"“어떻게 협상할 것인가” “협상력의 차이는 무엇으로 결정되는가” 하버드로스쿨 협상프로그램을 이수한 국내 최고의 협상전문가 류재언 변호사가 이야기하는 ‘협상에 대한 모든 것’ 그 어느 때보다 협상이 중요한 시대다. 남북정상회담, 북미정상회담, 자유무역협정(FTA), 철강관세 협상 등 첨예하게 흘러가는 주요 이슈 속에서 우리는 각국의 협상력에 따라 국가의 이익과 미래가 어떻게 좌우되는지 생생히 지켜보았다. 지금뿐만이 아니다. 세계의 지형을 바꾼 역사적 장면들 속에는 반드시 위대한 협상의 순간들이 있었다. 폭력적이고 위압적인 방법 대신 지속적인 대화와 대안책 발굴로 갈등을 딛고 공존과 협력을 이끌어낸 세계의 지도자와 리더들은 위대한 ‘협상가(Negotiator)’였다. 국가와 지역, 기업뿐 아니라 개인에게도 협상은 중요한 문제다. 우리는 일상에서 나와 입장이 다른 상대방과 최선의 합의점을 찾기 위해 매일같이 의견을 조율하며 협상에 임한다. 협상력을 키운다는 것은 우리 삶을 조금 더 윤택하게 만드는 법을 터득하는 것이다. 『류재언 변호사의 협상 바이블』은 매일같이 협상을 경험하지만 이에 대해 제대로 배워본 적 없어 늘 불안하고 난처하기만 했던 이들을 위해 12가지 협상 원칙으로 체계적인 솔루션을 제시한다. 류재언 변호사는 하버드로스쿨 협상프로그램(PON)을 이수한 국내 최고의 협상전문가로 비즈니스협상전략그룹(BNSG)을 설립해 기업과 정부의 협상 실무자들을 대상으로 협상력 강화 교육을 활발히 진행해왔다. 『류재언 변호사의 협상 바이블』은 협상 실무진들이 극찬했던 협상 강연 내용을 바탕으로, 비즈니스 현장뿐 아닌 일상 속에서 누구나 활용할 수 있는 다양한 협상 전략들을 총망라하여 담았다.","['자기계발', '협상/설득/화술', '협상']"
10279,레버리지,롭 무어 지음; 김유미 옮김,다산북스,2019,325.211 무64ㄹ김,9791130000000,https://search1.kakaocdn.net/thumb/R120x174.q85/?fname=http%3A%2F%2Ft1.daumcdn.net%2Flbook%2Fimage%2F4957279%3Ftimestamp%3D20240703125338,"당신이 만약 16년 동안 공부하는 교육 시스템을 통과하고, 그 과정에서 수천만 원의 빚을 지고, 직업 피라미드에서 가장 밑바닥인 저임금의 일자리를 구한 다음 40년 동안 천천히 고통스럽게 일하는 삶을 원한다면, 이 책은 당신을 위한 책이 아니다. 또 열심히 일하면서 사랑하는 사람들과 함께 보내는 시간을 희생하고, 추가 근무를 하고, 저축에만 의지하면서 행복과 자유를 나중으로 미루는 삶을 살기 원한다면, 역시 이 책은 당신을 위한 책이 아니다. 이 책에는 한 가지 비밀이 담겨 있다. 이 비밀은 5만 파운드 빚더미에 올라 방황하던 한 남자를 3년 만에 백만장자로 만들었다. 그것은 바로 자본주의다. 자본주의는 당신이 생각하는 것보다 훨씬 많은 기회를 품고 있다. 그리고 『레버리지』는 그 자본주의를 내 편으로 만드는 기술이다. 끊임없는 노동과 희생의 규칙을 깨뜨리고, 최소한의 노력과 시간으로 자본을 증식하는 새로운 부의 공식이다. 환갑 이후 찾아올 한 번의 긴 은퇴 생활을 위해 30~40년 동안 일에 파묻히는 것이 아닌, 매 순간 최고의 가치를 누리는 라이프스타일이다. 이제 더 열심히, 더 오래 일하라는 사회의 명령에 속지 마라. 당신은 지금보다 훨씬 더 쉽고 빠르게 성공할 수 있다.","['자기계발', '성공', '성공학']"
10280,진화한 마음,전중환 지음,Humanist: 휴머니스트 출판그룹,2019,182.4 전76ㅈ,9791160000000,https://search1.kakaocdn.net/thumb/R120x174.q85/?fname=http%3A%2F%2Ft1.daumcdn.net%2Flbook%2Fimage%2F4865261%3Ftimestamp%3D20230228192014,"현대 도시인의 일상을 진화적 시선으로 바라보며 친절하고 재미있게 진화심리학을 안내한 《오래된 연장통》, 진화심리학자의 눈으로 사회적 현상들을 분석한 《본성이 답이다》에 이어 진화심리학자 전중환이 펴낸 세 번째 책 『진화한 마음』. 이번 책에서 저자는 하나의 심리학 세부분과가 아니라 인간의 모든 심리 현상을 진화적으로 설명하는 하나의 접근법인 진화심리학이 우리에게 어떠한 쓸모가 있는지, 인간의 마음과 행동, 본성은 서로 어떤 관계를 맺고 있는지를 본격적으로 풀어놓는다. 생존, 성과 짝짓기, 가족과 혈연, 집단생활, 리더십, 평판, 우정, 폭력, 학습, 문화, 정치, 도덕 등 진화심리학의 토대를 이루는 이론 전반과 최신 연구 동향을 주목하며 본격적으로 다양한 연구 주제를 다루며, 진화심리학을 바라보는 의심스러운 눈초리, 오해와 편견에 정면으로 맞선다. 드라마 《미스터 션샤인》을 예로 들며 남녀가 원하는 이성의 조건을 이야기하거나, 하나의 캐릭터일 뿐인 카카오프렌즈의 ‘라이언’에 열광하는 대중들의 심리를 설명하는 등 대한민국의 사례를 들어 더 가깝고 생생한 인간 심리에 관한 이야기들을 들려준다. 뿐만 아니라 진화심리학이란 학문이 탄생하기까지의 과정을 다루면서 에드워드 윌슨의 《사회생물학》과 리처드 도킨스의 《이기적 유전자》는 어떻게 다른지, 사회생물학은 왜 인종차별주의, 극우 이데올로기라는 비판을 받았는지, 진화심리학을 대표하는 이론의 흐름과 논쟁의 역사를 정리했다. 이를 통해 우리의 진화한 마음이 어떤 기능을 하게끔 설계된 것인지 설명하는 진화심리학이야말로 인간 본성의 그늘을 통제하는 데 새로운 길잡이가 될 수 있음을 보여준다.","['과학', '기초과학/교양과학']"
10281,절대 실패하지 않는 비즈니스의 비밀,마이클 르뵈프 지음; 문직섭 옮김,가나출판사:가나문화콘텐츠,2017,325.5 르45ㅈ문,9788960000000,https://search1.kakaocdn.net/thumb/R120x174.q85/?fname=http%3A%2F%2Ft1.daumcdn.net%2Flbook%2Fimage%2F758130%3Ftimestamp%3D20230908144034,"기본으로 돌아가라. 답은 고객에게 있다! 업의 본질에 충실한 기업만이 고객을 놓치지 않는다. 경영학 교수로, 경영 컨설턴트로 40년 넘게 활동해온 저자 마이클 르뵈프. 최고의 경영 전문가로 손꼽히는 그는 《절대 실패하지 않는 비즈니스의 비밀》에서 너무나 단순해서 많은 기업이 놓치고 있는 비즈니스 성공 전략을 밝힌다. 기업의 생존을 결정하는 것은 무엇인가? 바로 고객이다. 아무리 뛰어난 제품을 가지고 있다 하더라도 이를 구입하려고 하는 고객이 없다면 그 기업은 절대 살아남을 수 없다. 따라서 기업에서 가장 집중해야 할 부분은 신규 고객을 확보하고 그들이 다시 찾아오도록 만드는 것이다. 저자는 기업이 단기적 매출에 급급해 하지 말고, 고객이 필요로 하는 것이 무엇인지, 즉 그들의 충족되지 않은 욕구는 무엇인지 파악하고 고객에게 긍정적인 경험을 제공함으로써 그들을 만족시키는 것을 목표로 해야 한다고 말한다. 기업의 장기적 성공에 가장 중요한 요소를 ‘탁월한 고객 서비스’라고 강조하는 저자는 어떤 규모의 조직이든 모든 구성원이 고객을 최우선으로 하여 탁월한 서비스를 제공하는 팀으로 변화시킬 수 있는 구체적인 방법과 행동 전략을 제시한다. 이 책은 1987년에 초판이 출간된 이후 개정을 거치며 30년 넘게 경제경영 분야 스테디셀러로 판매되고 있으며 포천 500대 기업을 비롯한 많은 기업에서 직원 교육용 교재로 대량 구매하는 명실상부한 최고의 세일즈 고전이다. 대규모 기업이든, 작은 상점이든 이 책을 통해 ‘고객’을 놓치지 않기 위해 현장에 바로 적용해볼 수 있는 실용적인 전략과 아이디어를 얻을 수 있을 것이다. 이 책은 2010년에 출간된 《세일즈를 지배하는 착한 고객》(교보문고)의 개정판입니다.","['경제경영', '마케팅/세일즈', '영업/세일즈']"
10282,논백 리더십 전략. 2,신병철 지음,휴먼큐브,2018,325.1 신44ㄴ v.2,9791190000000,https://search1.kakaocdn.net/thumb/R120x174.q85/?fname=http%3A%2F%2Ft1.daumcdn.net%2Flbook%2Fimage%2F1650093%3Ftimestamp%3D20250404114108,"심리학 논문 100편에서 찾아낸 성공하는 리더십의 기술 성공하는 비즈니스를 위한 마지막 1%, 일당백의 조직원을 만드는 리더의 기술 『논백 리더십 전략』에서 일의 의미와 명분을 알고 하는 것이 어떤 성과의 변화를 가져오는지 수많은 논문과 실험을 통해 증명하고 있다. 그리고 논문과 실험을 통해 증명된 사실을 어떻게 비즈니스에 적용할 수 있는지에 대해 이야기한다. 적용하는 과정에서 리더가 해야 할 것과 하지 말아야 할 것, 조심해야 할 것들에 대해 이야기한다.","['경제경영', '기업 경영', '경영전략/혁신']"
10283,몸에 밴 어린 시절,"W. 휴 미실다인 지음; 이석규, 이종범 옮김",일므디,2020,186.5 미58ㅁ이,9791200000000,https://search1.kakaocdn.net/thumb/R120x174.q85/?fname=http%3A%2F%2Ft1.daumcdn.net%2Flbook%2Fimage%2F5377208%3Ftimestamp%3D20250315141144,"한때 우리가 거쳐 온 어린 시절은 까마득한 옛날의 일이 아니라 어른이 된 지금도 생활 습관이나 직장 생활, 대인 관계, 결혼 생활 등 모든 면에 영향을 끼친다. 하지만 우리는 언제나 ‘어른스러워지려고’ 노력하면서 어린 시절을 쉽게 무시하거나 잊어버린다. 바로 여기서 많은 어른들의 고민과 불행이 시작되곤 한다. 도서출판 일므디에서는 과거에 거쳐 온 어린 시절에 대한 새로운 시선을 담은 《몸에 밴 어린 시절》을 개정하여 출간했다. 이 책은 초판 출간 이래로 약 15년간 많은 사랑을 받아 온 스테디셀러다. 그만큼 내용 면에서는 만족도가 높았으나 번역 투가 남아 있어 아쉽다는 평이 있었다. 이번 개정판에서는 자연스럽게 읽히는 데 중점을 두고 독자들이 읽기 편하도록 표현을 다듬었다. 흔히 ‘사람은 쉽게 변하지 않는다.’고들 한다. 실제로 많은 사람이 매년 새로운 목표를 세우지만, 결국 실행에 옮기지 못하고 그다음 해에도 똑같은 목표를 세운다. 그 이유는 내면에 긍정적인 변화를 가로막는 존재가 있기 때문이다. 자신의 삶을 바꾸고자 한다면 《몸에 밴 어린 시절》을 반드시 읽어 보기를 권한다. 우리 몸에 깊숙이 배어 있는 어린 시절을 돌아보고, 진정한 어른으로서 이전과 다른 삶을 준비할 수 있을 것이다. 이 책에서 다루고자 하는 대부분의 문제는 전문적인 정신과 치료를 필요로 하는 사람들에게 해당하는 것이 아니다. 여기서는 정상적인 사람들이 일상생활에서 당면하는 문제들, 원인이 무엇이고 그것을 어떻게 다뤄야 하는지 깨닫는다면 스스로 해결해 나갈 수 있는 문제들을 다룬다. - 본문 중에서","['인문학', '심리학/정신분석학', '교양 심리학']"
10284,말투 하나 바꿨을 뿐인데,나이토요시히토 지음; 김한나 옮김,유노북스,2017,189 나68ㅁ김,9791190000000,https://search1.kakaocdn.net/thumb/R120x174.q85/?fname=http%3A%2F%2Ft1.daumcdn.net%2Flbook%2Fimage%2F1631916%3Ftimestamp%3D20250226113453,"단지 말투를 살짝 바꿨을 뿐인데 상대방을 설득할 확률이 40% 이상 높아진다면, 믿을 수 있는가? 아마 농담처럼 들릴 것이다. 하지만 《말투 하나 바꿨을 뿐인데》의 저자이자 일본의 베스트셀러 심리학자인 나이토 요시히토 박사에 따르면, 당신의 말하기에 ‘심리’를 더하면 가능하다. 텍사스 대학교의 심리학자 세나 가벤의 실험을 보자. 그가 어떤 주제에 대해 단지 ‘당신은 어떻게 생각하는가?’라고만 물었더니 10퍼센트만 동의했지만, ‘모두가 그렇다고 하는데 당신은 어떻게 생각하는가?’라고 질문하자 그 비율이 무려 50퍼센트까지 뛰어올랐다! 이것이 심리학에서 말하는 ‘사회성의 법칙’의 효과다. 같은 이야기라도 ‘모두가 그렇게 한다’고 덧붙이면 상대가 내 의견에 동의할 확률이 비약적으로 높아진다! 상대방에게 부탁할 때는 ‘사소한 부탁’부터 하면 좋다. 단순히 “일 좀 도와줄래?”라고 말하지 말고 “10분만 도와줄래?”라고 부탁하면 1시간을 도와달라고 할 때보다 부담이 가벼워져서 상대방이 응할 가능성이 높다. 또 한 번 응하면 10분이 지났다고 바로 가버리는 사람은 거의 없다. 심리학자 로버트 치알디니는 실험을 통해 이와 같은 심리 현상을 발견하고 ‘이븐 어 페니 테크닉’이라고 이름을 붙였다. 이처럼 사람은 90% 심리로 움직이고, 심리는 90% 말로 움직인다. 따라서 사람의 마음을 움직이는 심리 법칙을 이해하고 말투를 조금 바꾸는 것만으로도 일이 더 잘 풀리고 인간관계가 극적으로 달라진다. 말을 잘 사용하면 돈을 벌 수 있고, 이성과 사이좋게 지낼 수 있으며, 행복한 결혼생활도 할 수 있다. 《말투 하나 바꿨을 뿐인데》는 40가지 심리 기술을 활용해 사람의 마음을 움직이는 ‘말투의 심리학’을 들려준다. 어떤 말투를 사용하면 상대방이 행동하고 어떤 말투를 쓰면 상대방이 행동하지 않는지, 그 노하우를 구체적으로 안내한다. 이제부터라도 말투를 아주 조금만 바꿔 보자. 그것만으로도 인생이 긍정적으로 바뀌는 것을 경험할 수 있을 것이다. 이 책이 가이드가 되어 줄 것이다.","['자기계발', '협상/설득/화술', '화술']"
10285,습관의 디테일,BJ 포그 지음; 김미정 옮김,흐름출판,2020,189 포17ㅅ김,9788970000000,https://search1.kakaocdn.net/thumb/R120x174.q85/?fname=http%3A%2F%2Ft1.daumcdn.net%2Flbook%2Fimage%2F5500055%3Ftimestamp%3D20250330154342,"★★“지금까지 나온 습관 책 중 가장 체계적이고 실용적이다.” - 로버트 치알디니, 《설득의 심리학》 저자 ★★출간 즉시 아마존 뉴욕타임스 베스트셀러, 아마존 자기관리 분야 장기 베스트셀러 ★★전 세계 26개 언어로 출간 … 〈포브스〉 〈포춘〉 〈월스트리트저널〉 강력 추천! 스탠퍼드대 행동설계연구소장이 20년간 6만 명의 삶을 추적해 완성한 습관 설계 법칙, 《습관의 디테일》. 실리콘밸리의 떠오르는 구루, BJ 포그 스탠퍼드대학교 행동설계연구소장은 20년 간 6만 명의 삶의 추적하며 놀라운 비밀을 발견한다. 바로 브라질에 있는 나비의 날갯짓이 텍사스에 부는 토네이도가 된다는 나비효과처럼 사소한 행동을 습관으로 만든 사람들이 인생을 극적으로 변화시킨다는 것. 이에 영감을 얻는 저자는 6만 명의 행동 데이터와 최신 행동과학, 뇌괴학 연구를 집약해 누구나 실행할 수 있는 단계적이고 체계적인 습관 설계의 법칙(TINY HABITS)을 정립했다. 저자는 습관을 만드는데 동기, 의지, 노력은 중요하지 않다고 말한다. 대신 ‘팔굽혀펴기 2회 하기’ ‘플랭크 5초 버티기’ ‘포스트 잇 한 장 쓰기’처럼 작고 사소한 행동을 일상의 자극과 연결해 반복적으로 실천하고, 이를 실천할 때마다 즉각적으로 축하하면 우리는 뇌는 이 행동을 습관으로 받아들인다고 말한다.《습관의 디테일》에는 사소한 행동을 습관으로 만드는 행동 설계 7단계를 통해 누구라도 쉽고 재미있게 습관을 만드는 과학적 방법이 담겨있다. 《설득의 심리학》 저자 로버트 치알디니, 〈뉴욕타임스〉 〈하버드비즈니스리뷰〉 등 전 세계 명사와 언론이 극찬한 BJ 포그 박사의 습관 설계 법칙을 익히면 당신도 책상 정리, 아침 운동 같은 좋은 습관은 몸에 익히고 휴대폰 과다 사용, 음주, 흡연처럼 나쁜 습관은 없앨 수 있다.","['자기계발', '성공', '성공학']"
10286,배민다움,홍성태 지음,북스톤,2016,325.04 홍54ㅂ,9791190000000,https://search1.kakaocdn.net/thumb/R120x174.q85/?fname=http%3A%2F%2Ft1.daumcdn.net%2Flbook%2Fimage%2F1639776%3Ftimestamp%3D20250201113518,"기발한 기획력과 마케팅 감각으로 6년 남짓의 길지 않은 시간 동안 자기다움, 즉 ‘배민다움’을 만들어내는 데 성공한 회사 배달의민족. 과연 어떤 점이 배달의민족을 유독 앞서가게 했을까? 『배민다움』은 그에 관한 이야기를 담은 책이다. 이 책은 마케팅 석학 홍성태 교수와 배달의민족 김봉진 대표가 주고받은 200여 개의 질문과 답변으로 구성되어 있다. 김봉진 대표가 지금까지 회사를 키워오면서 스스로 했을 질문에 따라 총 3부로 엮었다. 1부에서는 평범한 젊은이가 궁핍한 삶의 어려움과 사업실패의 좌절을 딛고, 어떻게 배민을 창업했는지 살펴보고, 2부에서는 전형적인 외부 브랜딩에 대해 묻고 답한다. 그리고 마지막 3부에서는 흔히 간과하기 쉽지만 경영의 성패가 좌지우지되는 내부 브랜딩에 대해 나눈 대화를 담았다. 전작 《나음보다 다름》에서 모든 브랜드와 기업을 위한 차별화전략을 다룬 바 있는 저자는, 수많은 스타트업들이 성공적으로 출발하고도 실패하는 이유가 ‘자기다움’을 만들어가지 못했기 때문이라고 말했다. 배달의민족이 대한민국 최고의 스타트업으로 우뚝 설 수 있었던 데는 기발한 아이디어나 O2O서비스라는 시대적 흐름이 아닌, 그들 스스로 찾아내고 공유한 ‘배민다움’이 있었다. ‘뭐하는 회사를 만들 것인가?’ ‘누가 진정 우리의 고객인가?’ ‘어떻게 사람들에게 파고들 것인가?’ ‘어떻게 자기다움을 쌓아갈 것인가?’ 등의 질문에 답함으로써 스스로 ‘나다움’을 찾을 수 있도록 했다. 책은 ‘배달의민족’이라는 회사를 통해 나만의 브랜드로 거듭나는, 즉 나음이나 다름이 아닌 ‘다움’을 만들어가는 법을 밝힌다. 이 책에서 말하는 ‘다움’은 창업부터 브랜딩까지 매순간 스스로 적용할 수 있다는 점에서 더더욱 의미가 있다. 자신의 새로운 영역을 찾으려는 예비 창업자와 기업의 마케팅 실무자는 물론, 브랜딩에 관심 있는 대학생과 직장인, 나아가 새로운 조직문화를 고민하는 기업의 리더에게 유용한 책이 될 것이다.","['경제경영', '마케팅/세일즈', '마케팅/브랜드']"
10287,만약 고교야구 여자 매니저가 피터 드러커를 읽는다면. 2: 이노베이션과 기업가정신 편,이와사키나쓰미 지음; 김윤경 옮김,동아일보사,2016,833.6 이65ㅁ권 v.2,9791190000000,https://search1.kakaocdn.net/thumb/R120x174.q85/?fname=http%3A%2F%2Ft1.daumcdn.net%2Flbook%2Fimage%2F1636425%3Ftimestamp%3D20240813113332,"『만약 고교야구 여자 매니저가 피터 드러커를 읽는다면: 이노베이션과 기업가정신 편』은 일본에서 280만 부가 판매된 《만약 고교야구 여자 매니저가 피터 드러커를 읽는다면》의 2편에 해당하는 책이다. 20세기 최고의 지성이자 경영학의 아버지로 불리는 피터 드러커의 ‘매니니먼트’를 주제로 다룬 1편에 이어, 2편에서는 ‘이노베이션과 기업가정신’을 바탕으로 새로운 이야기가 펼쳐진다. 25년간 활동 중지 상태였던 야구부를 재건하고, 고시엔 대회 출전이라는 목표를 위해 뛰는 아사가와 고교 야구부 매니저들. 그러나 아사가와 고교 야구부에는 부원으로 소속된 야구 선수가 한 명도 없고, 매니저만 다섯 명이다. 게다가 다섯 명의 매니저 가운데 야구에 관해 제대로 아는 이가 단 한 명도 없다. 이렇게 불가능해 보일 정도로 엉뚱한 그들의 목표는 아이러니하게도 이노베이션의 기회와 연결된다. 고교 야구계에 이노베이션을 일으키려는 그들의 좌충우돌 활약상이 피터 드러커 경영 이론의 정수와 맞물려 생생하게 그려진다. 야구부 매니저들은 “기업가는 이미 하고 있는 일을 더 훌륭히 하기보다는, 완전히 새로운 일을 하는 데서 가치를 찾아낸다”라는 피터 드러커의 정의에 착안했다. 드러커의 이론에서 힌트를 얻은 매니저들은 고교 야구계 최초로 선수가 아닌 매니저가 주역이 된 야구부, 야구를 하기 위한 조직이 아니라 매니지먼트를 배우기 위한 조직을 만들게 된다. 책은 야구부를 둘러싸고 펼쳐지는 이야기의 흐름에 따라 《이노베이션과 기업가정신》의 문구를 적소에 인용해 어려운 부분은 등장인물이 직접 나서서 설명해 주는 등 피터 드러커의 해설서 겸 입문서로서의 역할을 충실히 하고 있다.","['경제경영', '기업 경영', '경영전략/혁신']"
10288,만약 고교야구 여자 매니저가 피터 드러커를 읽는다면,이와사키 나쓰미 지음; 권일영 옮김,동아일보사,2011,833.6 이65ㅁ권 c.2,9788970000000,https://search1.kakaocdn.net/thumb/R120x174.q85/?fname=http%3A%2F%2Ft1.daumcdn.net%2Flbook%2Fimage%2F973663%3Ftimestamp%3D20220829100813,"청춘소설로 풀어낸 피터 드러커의 매니지먼트 이론 『만약 고교야구 여자 매니저가 피터 드러커를 읽는다면』. 일본에서 '모시도라' 열풍을 일으키며 2010년 베스트셀러 1위에 오른 경영학 소설로, 피터 드러커의 역작으로 꼽히는 경영서 <매니지먼트>를 고교 야구부 매니저 미나미의 눈으로 재구성했다. 여고생 미나미는 아픈 친구를 대신해 고등학교 야구부의 매니저를 맡게 된다. 하지만 야구부는 이렇다할 성적을 내지 못하는 만년 하위팀. 미나미는 야구 매니지먼트에 대한 책이라고 착각해 피터 드러커의 경영서 <매니지먼트>를 구입하게 된다. 당연히 야구와는 관련이 없는 책이었지만, 미나미는 그 책에 적힌 기업경영의 지침들을 야구부에 하나하나 적용해 보는데….","['경제경영', '기업 경영', '경영전략/혁신']"
10289,(사용자를)생각하게 하지 마!,스티브 크룩 지음; 이미령 옮김,인사이트,2014,004.78 크296ㅅ이,9788970000000,https://search1.kakaocdn.net/thumb/R120x174.q85/?fname=http%3A%2F%2Ft1.daumcdn.net%2Flbook%2Fimage%2F927028%3Ftimestamp%3D20250214113637,"[사용자를 생각하게 하지 마!]는 사용자가 자신이 보고 있는 것이 무엇인지, 그리고 사용법은 어떻게 되는지를 과한 수고를 들이지 않고도 자명하게 이해하게 하는 방법 등 웹 사이트를 명료하게 만드는 사용성 원칙들을 유쾌하게 풀어낸 책이다.","['컴퓨터/모바일', '웹디자인/홈페이지', '웹기획']"
10290,적정기술의 이해,신관우 외지음,7분의 언덕,2019,500 신15ㅈ,9791200000000,https://search1.kakaocdn.net/thumb/R120x174.q85/?fname=http%3A%2F%2Ft1.daumcdn.net%2Flbook%2Fimage%2F4849714%3Ftimestamp%3D20221108001625,"적정기술이란 한 사회의 환경, 윤리, 문화, 사회, 환경적인 측면을 모두 고려하여 고안된 기술로, 적은 비용으로 제품을 제작할 수 있고 유지 관리가 쉬우며 친환경적인 기술을 말한다. 적정기술의 대표 사례로는 개인용 정수기 라이프스트로(LifeStraw), 관개용 물펌프 머니메이커(Moneymaker), 물 운반을 위한 Q 드럼 등이 알려져 있다. 적정기술은 소외된 90%를 위한 따뜻한 나눔의 기술로서 지속가능한 세상을 만들기 위한 사회적 필요성을 인정받고 있으나, 적정기술에 대한 체계적인 이해와 분석은 부족한 실정이다. 본서는 에너지, 물, 도구, 건축, 농업, 보건, 교육 등 적정기술 핵심 분야의 전문가 17명이 집필한 책으로, 적정기술의 이론적 배경과 함께 실질적으로 문제를 해결하는 방법을 알려준다. 교양으로서 적정기술에 대해 알고 싶은 고등학생, 대학생, 연구자뿐만 아니라 실질적인 도움을 얻고자 하는 자원봉사자, NGO 활동가, 국제개발협력 활동가 모두에게 꼭 필요한 필독서이다.","['과학', '기초과학/교양과학']"
10291,미생물학,한국미생물학회 지음,범문에듀케이션,2017,475 한16ㅁ,9791160000000,https://search1.kakaocdn.net/thumb/R120x174.q85/?fname=http%3A%2F%2Ft1.daumcdn.net%2Flbook%2Fimage%2F1590474%3Ftimestamp%3D20221025122533,"『미생물학』은 바이러스, 세균, 고균, 진핵미생물의 역사, 종류, 대사, 유전, 분류, 생태, 지구원소 순환, 항생물질에 대한 소개부터 병원미생물학, 식품미생물학 및 산업미생물학을 망라하여 총 28개의 챕터로 그 분야에서 최고의 전문가 3~10인을 저자로 선정하여 구성 및 집필 하였다. 자주 쓰이는 기본적인 개념은 영어 단어를 사용하여 원어 표현을 그대로 유지하여 한국어로 번역하는 과정에서 흔히 나타나는 용어의 혼동과 발음의 오류를 최소화 하였으며 예를 들어 ribosome을 한국어로 표기한다면 저자에 따라 리보솜, 리보좀, 라이보좀, 라이보솜 등으로 발음과 표기방식이 다양할 수 있으므로 표기를 ribosome으로 통일 또한 필요한 경우 영어와 한국어를 병기하여 학습효과는 오히려 극대화 시켰다.","['대학교재/전문서적', '자연과학계열', '생물학']"
10292,한국문학통사. 6,조동일 지음,지식산업사,2005,810.9 조25ㅎ v.6,8942340393,https://search1.kakaocdn.net/thumb/R120x174.q85/?fname=http%3A%2F%2Ft1.daumcdn.net%2Flbook%2Fimage%2F577646%3Ftimestamp%3D20250119113920,"제4판 <한국문학통사> 1권부터 5권까지의 참고자료를 엮은 책. 색인과 전체 차례를 수록하였다. 색인은 크게 내용색인과 사항색인으로 나누었으며, 사항색인은 작가, 작품ㆍ문헌, 작중인물, 지역ㆍ건물ㆍ산천색인으로 구성하였다.","['대학교재/전문서적', '어문학계열', '국어국문학', '국문학사/국문학개론']"
10293,한국문학통사. 5,조동일 지음,지식산업사,2005,810.9 조25ㅎ v.5,8942340385,https://search1.kakaocdn.net/thumb/R120x174.q85/?fname=http%3A%2F%2Ft1.daumcdn.net%2Flbook%2Fimage%2F577598%3Ftimestamp%3D20241229113743,"한국문학사 전반을 다각적으로 살펴본 <한국문학통사> 제4판. 5권에서는 근대문학의 방향과 시련, 서양문학에서 받은 충격, 근대시 형성의 기본 과제, 근대소설을 이룩하는 과정, 시의 방황과 모색, 소설의 작품 세계와 문제의식 등 1919년부터 1944년까지 나타나는 근대문학 제1기의 특징을 체계적으로 정리하였다.","['대학교재/전문서적', '어문학계열', '국어국문학', '국문학사/국문학개론']"
10294,한국문학통사. 4,조동일 지음,지식산업사,2005,810.9 조25ㅎ v.4,8942340377,https://search1.kakaocdn.net/thumb/R120x174.q85/?fname=http%3A%2F%2Ft1.daumcdn.net%2Flbook%2Fimage%2F577641%3Ftimestamp%3D20241229113734,"한국문학사 전반을 다각적으로 살펴본 <한국문학통사> 제4판. 4권에서는 민중종교운동과 문학, 구비문학의 활기와 긴장, 구시대 국문문학의 지속과 변모, 한문학에 부과된 사명, 의병 투쟁의 문학, 신구 문학관의 대립과 교체 등 1860년부터 1918년까지 중세에서 근대로 넘어가는 이행기문학 제2기의 특징을 정리하였다.","['대학교재/전문서적', '어문학계열', '국어국문학', '국문학사/국문학개론']"
10295,한국문학통사. 3,조동일 지음,지식산업사,2005,810.9 조25ㅎ v.3,8942340369,https://search1.kakaocdn.net/thumb/R120x174.q85/?fname=http%3A%2F%2Ft1.daumcdn.net%2Flbook%2Fimage%2F577593%3Ftimestamp%3D20250312114228,"한국문학사 전반을 다각적으로 살펴본 <한국문학통사> 제4판. 3권에서는 민족 수난에 대응한 문학, 정통 한문학의 동요와 지속, 소설시대로 들어서는 전환, 문학의 근본문제에 관한 재검토, 문학담당층의 확대, 시조의 변이와 사설시조의 출현 등 중세에서 근대로 넘어가는 조선후기 이행기문학 제1기의 특징을 정리하였다.","['대학교재/전문서적', '어문학계열', '국어국문학', '국문학사/국문학개론']"
10296,한국문학통사. 2,조동일 지음,지식산업사,2005,810.9 조25ㅎ v.2,8942340350,https://search1.kakaocdn.net/thumb/R120x174.q85/?fname=http%3A%2F%2Ft1.daumcdn.net%2Flbook%2Fimage%2F577636%3Ftimestamp%3D20250308113725,"한국문학사 전반을 다각적으로 살펴본 <한국문학통사> 제4판. 2권에서는 중세 후기의 문학을 고려 후기와 조선 전기로 나누어 불교문학, 훈민정음의 창제, 서사시, 속악가사, 악장, 경기체가, 가사, 한문학, 산문 등 다양한 문학의 형성과 발전과정을 고찰하였다.","['대학교재/전문서적', '어문학계열', '국어국문학', '국문학사/국문학개론']"
10297,한국문학통사. 1,조동일 지음,지식산업사,2005,810.9 조25ㅎ v.1,8942340342,https://search1.kakaocdn.net/thumb/R120x174.q85/?fname=http%3A%2F%2Ft1.daumcdn.net%2Flbook%2Fimage%2F577588%3Ftimestamp%3D20250226113337,"한국문학사 전반을 다각적으로 살펴본 <한국문학통사> 제4판. 1권에서는 문학사 이해에 대한 새로운 관점을 제시하면서 원시문학, 고대문학, 고대에서 중세로 넘어가는 이행기문학, 삼국ㆍ남북국시대의 문학, 고려 전기의 문학 등 원시문학에서 중세전기문학까지를 체계적으로 정리하였다.","['대학교재/전문서적', '어문학계열', '국어국문학', '국문학사/국문학개론']"
10298,현대수학입문,"김명환, 김홍종, 김영훈 공저자",경문사(京文社),2021,410 김34ㅎ-2 c.2,9791160000000,https://search1.kakaocdn.net/thumb/R120x174.q85/?fname=http%3A%2F%2Ft1.daumcdn.net%2Flbook%2Fimage%2F5631498%3Ftimestamp%3D20241114152534,"1900년 제2회 세계수학자대회에서 힐베르트가 제기한, 20세기를 이끌어갈 수학 문제들 조망한다.","['대학교재/전문서적', '자연과학계열', '수학']"
10299,현대수학입문,"김명환, 김홍종, 김영훈 공저자",경문사(京文社),2021,410 김34ㅎ-2,9791160000000,https://search1.kakaocdn.net/thumb/R120x174.q85/?fname=http%3A%2F%2Ft1.daumcdn.net%2Flbook%2Fimage%2F5631498%3Ftimestamp%3D20241114152534,"1900년 제2회 세계수학자대회에서 힐베르트가 제기한, 20세기를 이끌어갈 수학 문제들 조망한다.","['대학교재/전문서적', '자연과학계열', '수학']"
10300,(학교를 바꾸고 학생의 올바른 성장을 돕는)교육과정-수업-평가-기록 일체화,김덕년 지음,에듀니티,2017,373 김24ㄱ,9791190000000,https://search1.kakaocdn.net/thumb/R120x174.q85/?fname=http%3A%2F%2Ft1.daumcdn.net%2Flbook%2Fimage%2F1619686%3Ftimestamp%3D20250315113549,"학생부종합전형이 확대되면서 교육 현장에서는 ‘교육과정-수업-평가-기록의 일체화’가 큰 주목을 받고 있다. 처음에는 낯선 용어였지만, 교사들은 물론 교육부에서도 사용할 정도로 일상적인 용어가 되었다. 길고 복잡해 보이는 것과 달리 사실 ‘교육과정-수업-평가-기록의 일체화’는 간단하다. 교육과정(교육내용)과 수업, 평가 그리고 기록을 구슬에 꿰듯 하나로 엮자는 것이다. 이 책은 ‘교육과정-수업-평가-기록의 일체화’가 무엇이며, 왜 해야 하는지, 어떻게 하는 것인지를 알려준다.","['사회과학', '교육학', '교육 일반']"
10301,판문점의 협상가,"정세현, 박인규 공지음",창비,2020,349.11 정54ㅍ,9788940000000,https://search1.kakaocdn.net/thumb/R120x174.q85/?fname=http%3A%2F%2Ft1.daumcdn.net%2Flbook%2Fimage%2F5388375%3Ftimestamp%3D20231124161116,"“대북 전문가는 많지만 전문성과 리더십을 겸비한 사람은 그 하나뿐이다”라는 평을 들으며 지난 40여년간 남북관계의 최전선에서 활동해온 정세현의 회고록『판문점의 협상가 정세현 회고록』. 일제강점기 만주에서 태어나 해방 후 풍찬노숙하며 아버지의 고향으로 돌아와 반항기 넘치는 청소년기를 거쳐 촉망받는 국제정치학도로 자라난 이야기부터, 연구자와 공무원 사이에서 갈등하던 청년기에 특별한 계기와 분투를 통해 남북문제의 한복판에서 명쾌한 해법을 제시하는 협상가로 자리매김하는 과정까지가 여러 굵직한 에피소드를 담았다. 특히 1990년대 북핵 위기 당시 청와대 통일비서관을 거쳐 2000년대 6자 회담 당시 통일부 장관으로 재직하면서 당대 한반도의 절체절명의 순간을 헤쳐온 여정은 이 책의 백미다. 여전히 현역으로 남북 문제의 현장에서 뛰고 있는 저자는 이 책을 통해 분단체제 아래에서 어떻게 살아가야 하는가라는 물음에 대한 강인하면서도 유연한 지침을 제시한다. ‘회고록’이라 하여 흘러간 이야기를 되짚는 것에 집중하기보다, 과거의 경험으로 얻은 지혜를 통해 지금 우리가 처한 상황을 바로 보며 앞으로를 생각하게 하는 점은 이 책의 가장 큰 미덕이다. 남북관계의 새로운 시대를 열어나가야 할 이때에, 평생 북한을 마주한 ‘현인’의 지혜가 우리에게 더욱 무겁고도 값지게 다가온다.","['사회과학', '통일/북한관계', '통일문제']"
10302,내가 예민한게 아니라 네가 너무한 거야,유은정 지음,성안당,2020,189.2 유67ㄴ,9788930000000,https://search1.kakaocdn.net/thumb/R120x174.q85/?fname=http%3A%2F%2Ft1.daumcdn.net%2Flbook%2Fimage%2F5460300%3Ftimestamp%3D20221011175858,"〈혼자 잘해주고 상처받지 마라〉의 저자 유은정. 저자는 수많은 강연을 통해 “인간관계에서 상처받지 않으려면 도대체 어떻게 해야 하느냐?”라는 질문을 받아왔다. 이에 대한 답을 고민한 끝에 저자는 ‘경계(boundary)의 문제’라는 결론을 내린다. 나와 감정 착취자 사이에 존재하는 심리적 경계선을 지키지 못해 발생하는 문제라는 것이다. 감정 착취자들은 항상 “내가 솔직해서 그래. 다 너를 생각해서 하는 말이니까 너무 예민하게 받아들이지 마”라고 이야기를 하지만 이 말을 자세히 들여다보면 상대를 위한 것이 아니라 말하는 사람 자신을 위한 경우가 많다. 감정 착취자인 자신을 위해 양보하고, 자신을 위해 조용히 쭈그려 앉아 있으라는 의도가 숨어 있는 말이기에 우리가 예민하게 반응하는 것이다. 논리적 대안, 합리적 의심, 진정한 위로라고 속삭이는 사람들의 말을 한 마디로 정리하면 다음과 같다. “너까지 행복해지면 내가 너무 속상하잖아. 그러니까 다른 사람은 몰라도 너는 나보다 행복하면 안 돼. 너만큼은 계속 불행했으면 좋겠어”다. 『내가 예민한게 아니라 네가 너무한 거야』에서 저자는 '혼자 잘해주고 상처받는 일’에 지쳤다면 이제는 자신의 감정 영토를 지키는 힘을 키워야고 말한다. 예민하게 보이지 않을까, 까칠하게 보이지 않을까, 외면당하지 않을까 하는 걱정으로 자신을 방어하고 감정의 영역을 지키는 일에 소극적일 필요는 없다. 내 감정의 영토를 안전하게 지키려면 침묵과 회피로 일관하려는 태도부터 버려야 한다. 이런 당신에게 필요한 건 단 세 가지다. 첫 번째, 침범당한 내 감정의 영역을 회복하겠다는 ‘단호함’. 두 번째, 내 기준과 너의 기준은 다르다는 ‘냉정함’. 마지막으로 친구라는 이름으로 곁에 있는 사람이 정말 내 편인지 아닌지를 구분하겠다는 ‘유연한 결단력’이 바로 그것이다.","['자기계발', '인간관계', '교양심리학']"
10303,지구와 충돌하지 않고 착륙하는 방법,브뤼노 라투르 지음; 박범순 옮김,이음,2021,539.91 라886ㅈ박,9791190000000,https://search1.kakaocdn.net/thumb/R120x174.q85/?fname=http%3A%2F%2Ft1.daumcdn.net%2Flbook%2Fimage%2F5597802%3Ftimestamp%3D20250116232639,"기후 위기를 넘어 기후 재난을 향해가는 시대. 그 어느 때보다 기후변화 문제가 주목받고 있으며, 문제의 심각성에 대한 공감대도 커져가고 있다. 그렇다면 이 문제를 해결하는 방법에 대한 입장도 모두가 같을까? 미국을 파리기후변화협약에서 탈퇴하게 만들고 기후변화를 부정하는 트럼프 전 미국 대통령을 떠올린다면, 모든 사람이 기후 위기를 해결해야 하는 ‘문제’라고 생각하지 않는다는 것을 알 수 있다. “트럼프주의”로 대표되는 기후변화 부정론자들의 존재는 기후 위기가 곧 지정학적 이슈이며, 불평등의 문제와 직접 연관되어 있다는 것을 나타낸다. 트럼프와 같은 핵심 지배계층이 자신들이 거주하는 영토를 모두가 공유하는 ‘공통 세계’에서 분리하고, 지구에는 다른 사람들과 함께 지내기에 충분한 공간이 더 이상 남아 있지 않다고 결론 내렸기 때문이다. 프랑스의 철학자이자 사회학자인 브뤼노 라투르는 기후 위기뿐 아니라 점점 심화되는 불평등, 대규모의 규제 완화, 악몽이 되어가는 세계화로 인해 지구에 각종 위기가 엄습하는 이 시기를 신기후체제(New Climatic Regime)라 선언하며, 그에 적합한 정치적 도전이 필요하다고 주장한다. 세계나 국가를 향한 정치가 아니라 지구를 향하는 정치를 해야 한다는 것이다. 지구는 더 이상 인간의 활동을 위해 무한한 자원을 공급하는 자원의 보고가 아니다. 오히려 이 행성의 운명에 직접적으로 관여하는 행위자 중 하나이다. 그렇기에 오늘날 정치의 가장 큰 과제는 지구와 충돌하지 않고 착륙하는 방법을 찾아내야 한다는 것이다. 라투르는 세계화의 종말, 새로운 터전을 찾아 이주하는 난민들, 기후변화에 직면한 국민국가의 한계 등을 고려하며, 최근 50여 년간의 정치적 지형을 분석하고 우리 사회가 이대로 괜찮은 것인지 의문을 제기한다.","['사회과학', '사회사상/사회사상사', '사회사상/사회사상사 일반']"
10304,무례한 사람에게 웃으며 대처하는 법,정문정 지음,가나출판사:가나문화콘텐츠,2018,189.2 정36ㅁ,9788960000000,https://search1.kakaocdn.net/thumb/R120x174.q85/?fname=http%3A%2F%2Ft1.daumcdn.net%2Flbook%2Fimage%2F758154%3Ftimestamp%3D20250130112854,"갑자기 선을 훅 넘는 사람들에게 감정의 동요 없이 “금 밟으셨어요” 하고 알려줄 방법은 없을까? 출간된 지 3년이 넘는 시간 동안 ‘전국 서점 에세이 베스트셀러’를 기록하며 수많은 독자의 가슴을 시원하게 만들어준 책이 있다. 이제는 일본을 비롯하여 대만, 베트남, 태국, 인도네시아에까지 수출되어 아시아 전역에서 인기를 끌고 있는 책 『무례한 사람에게 웃으며 대처하는 법』이다. 갑질이나 권력관계에서 좋게좋게 넘어가는 게 미덕이라 여겼던 사람들이 ‘목소리를 내야 바꿀 수 있다’로 생각이 달라지고 있다. 이 책은 사회적 시선이나 남의 눈치를 보기보다 자신의 생각과 의견을 솔직하게 표현하려는 사람들에게 큰 공감을 안겨주는 책으로 평가받는다. 사람들과 만나 수많은 이야기를 하고 온 날, 마음이 헛헛할 때가 있다. 나는 왜 그렇게 말했을까? 그 사람은 내게 왜 그렇게 무례했을까? 그들은 내게 상처를 주고 당혹감을 안기며, 기껏 붙잡고 사느라 힘든 자존감을 뒤흔들어 놓는다. 어떤 인간관계는 유지하는 그 자체만으로 지나치게 에너지가 들 때가 있다. 내 속마음을 말하고 싶지만, 오해받을까 봐, 이기적인 사람처럼 보일까 봐, 하고 싶은 말을 속으로만 삭이게 된다. “왜 이렇게 예민해? 생리 중이야?”란 말을 들으면 어떻게 해야 할까? 당장의 평화를 위해 상대의 무례함을 용인한다면 그의 무례는 앞으로도 계속된다. 그런 이들에게 감정의 동요 없이 “금 밟으셨어요” 하고 알려줄 방법은 없을까? 당연히 있다. 다만 그 방법을 실제로 사용하려면 연습이 좀 필요하다. 책에는 작가가 지금까지 시도한 훈련법 중 가장 효과적이었던 방법과 그 과정에서 깨달은 것들을 담았다. 앞으로 무례한 사람을 만나도 절대 기죽지 말자. 웃으면서 우아하게 경고할 방법이 많이 있으니까.","['에세이', '한국에세이']"
10305,희망을 여행하라,"임영신, 이혜영 공지음",소나무,2018,980.24 임64ㅎ c.2,9788970000000,https://search1.kakaocdn.net/thumb/R120x174.q85/?fname=http%3A%2F%2Ft1.daumcdn.net%2Flbook%2Fimage%2F984282%3Ftimestamp%3D20250330120239,"""희망을 여행하라"" 그 후 10년 초판 출간 이후 10년의 시간 동안, 이 책은 새로운 여행을 찾아나서는 많은 독자들을 만나면서 ‘공정여행’이라는 새 길을 스스로 만들어 왔다. 그 사이 15개가 넘는 공정여행 사회적기업이 생겨났고, 공정여행이 교과서에 소개되기도 하였다. 또한 그림책으로, 다큐멘터리로, 마을공동체 교육부터 세계시민 교육까지 곳곳에 깃들어 새로운 세상의 지도를 그려 왔다. 이처럼 공정여행은 이제 하나의 캠페인이나 프로그램을 넘어 우리 사회의 관광 구조와 정책을 바꾸어 가는 새로운 가치로 자리 잡아 가고 있다. 10년 전 저자는 낯설고 새로운 여행을 처음 소리 내어 우리 사회에 이야기했다. 그 후로 그간 걸어온 길을 살피며, 저자의 주장에 부족한 점은 무엇이었는지, 관광의 그늘 속에서 어떤 변화가 있었는지 또 저자가 여행하며 만난 소중한 벗들과 현장에는 어떤 변화와 성장 혹은 소멸이 있었는지를 다시 찾아가 묻고 들었다. 큰 판형으로 바꾸어 새롭게 펴내는 ?희망을 여행하라? 개정증보판에서 현장과 사람들 사이에 일어난 변화를 점검하는 일과 더불어 가장 중요했던 작업은 바뀐 통계와 수치를 확인하고, 그 의미와 맥락을 짚어내는 일이었다. 통계가 바뀌면서 전달하는 의미가 변화된 내용들은 덜어냈고, 숫자는 바뀌었지만 여전히 그 의미가 유효한 사례는 남기거나 이야기를 보태었다. 특별히 이번 개정증보판에는 몰디브 여행에 관한 글과 〈여행과 나눔〉 챕터를 새롭게 추가하여 공정여행에 대한 새로운 질문들을 한층 더 깊고 풍성하게 전달한다.","['사회과학', '사회운동', '사회운동 일반']"
10306,"우리, 함께 살 수 있을까?",김진향 지음,슬로비,2019,340.911 김78ㅇ,9791190000000,https://search1.kakaocdn.net/thumb/R120x174.q85/?fname=http%3A%2F%2Ft1.daumcdn.net%2Flbook%2Fimage%2F4860693%3Ftimestamp%3D20240122203304,"‘북한’ 하면 인권 탄압, 아오지 탄광이나 떠올리던 우리에게 갑작스레 찾아온 2018년 화해의 봄. 오해와 무지의 대상이던 북한을 제대로 알아야 할 때다. 바로 그 이야기를 정리했다. 북한을 떠올리면 머릿속 지도에서 뻥 뚫린 검은 공간으로 존재한다는 20대 청년들의 거침없는 질문에, 북에서 살다 온 대구 출신 북한학자 김진향이 진짜 북한을 말한다. 우리가 왜 통일을 해야 해? 북한을 어떻게 믿어? 통일되면 뭘 할 수 있는데? 우리 정말 함께 잘 살 수 있을까? 굵직한 테마 속 21가지 문답에서 저자는 분단체제 속 남과 북의 상황을 생생하게 풀어낸다. 그러면서 한반도 평화시대에 이른 지금 우리가 ‘무엇을 할 것인가’로 초점을 옮겨, 평화롭게 공존하되 함께 잘 살 방안을, 앞서 창의적인 방식으로 남북평화 문제를 해결한 개성공단 운영 경험을 바탕으로 제안한다. 세계 모든 국가 사람들이 여행할 수 있는 곳이지만 유독 우리만 못 가는 나라 북한에서, 그곳 사람들과 함께 살아본 저자의 이야기를 따라가면 있는 그대로의 북한을 만나게 될 것이다.","['사회과학', '비평/칼럼', '국제사회비평/칼럼']"
10307,두 도시 이야기,JTBC&lt두도시이야기&gt제작팀 지음,중앙books:중앙일보플러스,2019,381.750911 제68ㄷ c.2,9788930000000,https://search1.kakaocdn.net/thumb/R120x174.q85/?fname=http%3A%2F%2Ft1.daumcdn.net%2Flbook%2Fimage%2F5540098%3Ftimestamp%3D20221213184750,"음악과 함께 무대 위에서 펼쳐지는 다양한 예술. 그 중에서도 오늘날 우리가 특히 사랑하는 뮤지컬과 오페라의 상당수가 고전 문학을 원작으로 한다. 이에 그러한 고전 문학을 엄선하여 〈허밍버드 클래식 M〉으로 선보인다. 고전 작품을 읽는 새로운 시선을 제안하는 시리즈는 작품 고유의 품격을 충실히 살린 텍스트와 모던한 클래식 감성을 담은 표지로 완성됐다. 시리즈의 다섯 번째 작품은 《두 도시 이야기》. 18세기 프랑스 대혁명을 배경으로 런던과 파리를 오가며 펼쳐지는 이 역사 소설은, 역사상 가장 많이 팔린 단행본으로 알려져 있으며 영화, 뮤지컬 등으로 각색되며 한 세기가 넘도록 대중들의 사랑을 받고 있다.","['소설/시/희곡', '영미소설']"
10308,두 도시 이야기,JTBC&lt두도시이야기&gt제작팀 지음,중앙books:중앙일보플러스,2019,381.750911 제68ㄷ,9788930000000,https://search1.kakaocdn.net/thumb/R120x174.q85/?fname=http%3A%2F%2Ft1.daumcdn.net%2Flbook%2Fimage%2F5540098%3Ftimestamp%3D20221213184750,"음악과 함께 무대 위에서 펼쳐지는 다양한 예술. 그 중에서도 오늘날 우리가 특히 사랑하는 뮤지컬과 오페라의 상당수가 고전 문학을 원작으로 한다. 이에 그러한 고전 문학을 엄선하여 〈허밍버드 클래식 M〉으로 선보인다. 고전 작품을 읽는 새로운 시선을 제안하는 시리즈는 작품 고유의 품격을 충실히 살린 텍스트와 모던한 클래식 감성을 담은 표지로 완성됐다. 시리즈의 다섯 번째 작품은 《두 도시 이야기》. 18세기 프랑스 대혁명을 배경으로 런던과 파리를 오가며 펼쳐지는 이 역사 소설은, 역사상 가장 많이 팔린 단행본으로 알려져 있으며 영화, 뮤지컬 등으로 각색되며 한 세기가 넘도록 대중들의 사랑을 받고 있다.","['소설/시/희곡', '영미소설']"
10309,지리는 어떻게 세상을 움직이는가?,옥성일 지음,맘에드림,2019,980 옥54ㅈ c.2,9791190000000,https://search1.kakaocdn.net/thumb/R120x174.q85/?fname=http%3A%2F%2Ft1.daumcdn.net%2Flbook%2Fimage%2F4966113%3Ftimestamp%3D20221209173143,"‘지리학’ 하면 무엇이 떠오르는가? 아마 ‘이해’보다는 ‘암기’라는 인식이 다분할 것이다. 예컨대 지역별 특성과 기후, 자원, 지도와 관련된 온갖 복잡한 기호들이 넘쳐나는 지루한 과목, 또는 머리에 쥐가 날 만큼 외우고 또 외워도 끝이 없는 괴로운 과목으로 생각하는 청소년들도 있을 것이다. 책만 펼쳐도 잠이 쏟아진다며 ‘지리’라면 몸서리를 칠지도 모르겠다. 하지만 이는 우리가 알고 있는 지리학의 모습 중 지극히 일부에 불과하다. 실제로 지리학은 지표공간에 나타나는 자연환경과 인문현상 및 인간과 자연 간의 상호관계를 탐구하는 자연과학과 사회과학의 성격을 겸비한 매우 역동적인 학문이다. 즉 지리학은 이미 그 자체로 여러 학문을 포괄하는 융합적 성격을 띠고 있다는 뜻이다. 그리고 이 책은 ‘지리학’ 중에서도 ‘지정학’이라는 주제로 세계열강들의 치열한 패권전쟁에 관해 이야기한다.","['청소년', '청소년 인문/사회']"
10310,"검찰공화국, 대한민국","김희수, 서보학, 오창익, 하태훈 지음",삼인,2011,367.2 김97ㄱ,9788960000000,https://search1.kakaocdn.net/thumb/R120x174.q85/?fname=http%3A%2F%2Ft1.daumcdn.net%2Flbook%2Fimage%2F901425%3Ftimestamp%3D20221107233716,"『검찰공화국, 대한민국』은 형사법학자, 실무가, 운동가로 다양한 분야에서 활동하면서 평소 검찰 개혁 문제에 관심을 갖고 다양한 연구와 사회적 실천을 진행해온 저자 4명이 모여 검찰 세계의 현실을 고발하고 개혁을 향해 한 목소리를 낸 책이다. 대한민국 역사에서 검찰의 역할과 위상 변화를 각 대통령 정권의 흐름에 따라 검토해보고, 대한민국 검사의 지위와 권한을 여러 가지 측면에서 살펴보면서 검찰의 현재에 대해 조명한다. 그리고 법무부와 검찰이 어떤 부분에서 어떤 방식으로 개혁을 해야 할지 방향을 제시한다.","['사회과학', '법과 생활', '법률이야기/법조인이야기']"
10311,중국 민족주의와 홍콩 본토주의,류영하 지음,산지니,2014,912.34 류64ㅈ,9788970000000,https://search1.kakaocdn.net/thumb/R120x174.q85/?fname=http%3A%2F%2Ft1.daumcdn.net%2Flbook%2Fimage%2F913874%3Ftimestamp%3D20220604113352,"[중국 민족주의와 홍콩 본토주의]는 한 사회의 정체성을 구현하는 공간인 ‘박물관’에서 중국이 왜곡하고 있는 홍콩 정체성을 살펴보고, 과연 바람직한 중국-홍콩 관계는 무엇인가에 대해 고민하였다. 이 책은 홍콩박물관이 말하는 홍콩의 정체성이 홍콩의 ‘사실’과 부합하지 않으며, ‘민족’과 ‘본토’ 모두 특정한 주체에 의해 구현되어 국민국가와 민족 이데올로기를 교육하는 공간으로서 역사박물관이 운영되고 있음을 밝힌 연구서이다.","['역사', '아시아사', '동아시아/극동아시아사']"
10312,윤리형이상학 정초,임마누엘 칸트 지음; 백종현 옮김,아카넷,2019,165.21 칸887ㅇ백,9788960000000,https://search1.kakaocdn.net/thumb/R120x174.q85/?fname=http%3A%2F%2Ft1.daumcdn.net%2Flbook%2Fimage%2F3751174%3Ftimestamp%3D20250319113939,"『윤리형이상학 정초』(1785)는 도덕철학을 주제로 한 칸트의 주요 저술 중 첫 번째 것으로, 『순수이성비판』(1781, 1787)과 『실천이성비판』(1788) 사이에 출간된 것이다. 이 책은 『실천이성비판』과 내용과 소재가 매우 닮아 있는 자매관계를 이루고 있다. “내용상으로 『윤리형이상학 정초』는 『실천이성비판』과 떼어서 읽을 수 없는 저술이다. 두 책을 함께 읽어간다면 대조도 되고, 이해도 더 잘되리라 믿는다. 이해의 표적은 인간의 순수한 실천이성에 의한 도덕법칙의 수립과 준수에 인간의 존엄성이 의거한다는 칸트 입론이다.”(옮긴이) 이 책은 보통 사람들의 윤리 인식에서도 볼 수 있는 '선의지' 개념에서 출발하여 정언 명령만이 도덕 법칙일 수 있으며, 그러한 도덕 법칙의 체계가 '목적들의 나라'임을 밝힌다. 이를 통해 도덕 법칙을 가능하게 하는 원천인 자유에 대해 묻고, 정언 명령의 가능 근거를 되짚어 물음으로써 윤리 형이상학을 위한 ‘실천 이성 비판’ 작업을 수행하고 있다. 당초에 이 책은, 윤리 형이상학을 세우기 위한 인간의 순수한 실천 이성 능력에 대한 비판이라는 과제를 위해 저술되었다. 그러나 칸트는 1788년에 『실천이성비판』이라는 제목의 책을 별도로 내놓았다. 그것은 『윤리형이상학 정초』 외에 ‘윤리 형이상학’ 정초를 위한 보완 내지는 재작업이 필요하다고 느꼈음을 뜻한다. 이『정초』는 원래 《한국어 칸트전집》 간행 개시 초기에 『실천이성비판』에 이어서 두 번째로 발간하여 다양한 논고들과 국내외 연구 자료를 부록으로 실었으나, 《전집》이 속간되면서 그러한 부록이 더 이상 필요 없는 상황에서 다시 펴낸 개정판이다.","['인문학', '서양철학', '근대철학', '칸트']"
10313,우리가 행복하게 공부할 수 있다면. 상,김찬영 지음,대영에듀,2020,373 김82ㅇ v.상,9791200000000,https://search1.kakaocdn.net/thumb/R120x174.q85/?fname=http%3A%2F%2Ft1.daumcdn.net%2Flbook%2Fimage%2F5528327%3Ftimestamp%3D20241031153956,"“행복해지면 공부는 저절로 된다!” 공부에 지친 청소년들에게 전하는 따뜻한 위로와 용기의 메시지 요즘처럼 청소년들이 공부하기 좋은 시대는 없었던 같다. 수능 기출문제는 무려 15년 이상의 분량이 쌓여있고, 좋은 기본서와 문제집도 많다. 인터넷 강의 사이트에는 월평균 몇만 원으로 전 과목을 무제한 수강할 수 있는 ‘프리패스’ 시스템이 도입되어서 이제 누구나 명강사들의 강의를 마음껏 볼 수 있다. 이것도 모자라서 명문대생들이 쓴 공부법 책도 넘치고, 최근에는 유튜브를 통해 그들이 하나부터 열까지 일일이 자신의 노하우를 설명해주고 있을 정도다. 누구나 공부를 잘할 수 있는 시대, 누구나 공부를 편하게 할 수 있는 시대가 찾아온 것이다. 그런데 흥미로운 사실이 한 가지 있다. 이처럼 공부하기 좋은 시대에도 공부를 잘하는 학생들은 극소수에 불과하다. 그래서 의문이 들 수밖에 없었다. 누구나 공부를 잘할 수 있는 시대인데 왜 대부분의 학생들은 공부를 잘하지 못하는 것일까? 누구나 공부를 편하게 할 수 있는 시대인데 왜 학생들은 여전히 공부하는 것을 힘들어할까? 서울대 합격 후, 오랫동안 청소년들의 멘토로 활동했던 저자는 수많은 후배들을 만나고 상담하면서 그 이유가 바로 행복하지 않아서였다는 것을 깨달았다. 우울한 상태였던 후배들은 모두 공부에 집중하기 어려워했고, 책상 앞에 앉는 것조차 싫다고 말했다. 공부가 잘되려면 마음이 편안하고 행복해야 되는데 그렇지 않은 상태에서 공부했기 때문이다. 그래서 안타까운 마음이 들었다. 행복해야 잘할 수 있는 공부를 행복하지 않은 아이들에게 잘하라고 계속 강요하는 것은 너무 잔인한 일이 아닐까? 『우리가 행복하게 공부할 수 있다면』 시리즈는 바로 이런 문제를 해결하기 위해 탄생했다. 이 책을 통해 저자는 청소년 시절에 행복하게 공부하면서도 무려 185점을 올리고 서울대에 합격한 자신의 비결을 소개할 뿐만 아니라 후배들에게 행복도 전해주고자 한다. 그래서 『우리가 행복하게 공부할 수 있다면』 상권에서는 먼저 공부하느라 잠을 줄이며 고통받는 후배들을 위해 잠에 대한 놀라온 이야기를 들려준다. 이어서 꼭 알아야 하는 핵심 공부법과 함께 공부하면서 지치고 힘들 때는 어떻게 극복해야 하는지, 그 방법을 소개한다. 그리고 다음으로는 아이들의 행복을 위해 부모님이 보셔야 할 내용을 다룬다. 마지막으로 두 개의 자존감 파트에서는 자신을 존중하고 사랑하는 방법을 배울 뿐만 아니라 공부의 목적이 최고보다 최선에 있다는 진리를 깨닫게 될 것이다.","['청소년', '학습법']"
10314,북한 현대사 산책. 5: 김정은과 북핵위기,안문석 지음,인물과사상사,2016,911.07 안36ㅂ v.5 c.2,9788960000000,https://search1.kakaocdn.net/thumb/R120x174.q85/?fname=http%3A%2F%2Ft1.daumcdn.net%2Flbook%2Fimage%2F793022%3Ftimestamp%3D20231201174112,"남북의 역사는 대결의 역사가 주를 이루어 왔다. 그런 대결의 역사가 실제로 시작된 것은 정부 수립 훨씬 이전인 1945년이다. 해방의 해에 벌써 대결이 시작되었다. 처음엔 남북을 각각 점령한 미국과 소련이, 그 이후에는 남한과 북한이 서로 확연히 다른 길을 가게 되었다. 이념적으로 완전히 다른 당을 세워나가고, 찬탁과 반탁으로 나뉘면서 대결의 길을 가게 된 것이다. 그렇게 시작된 1945년이 이후 한반도의 상황을 대부분 규정해버렸다. 『북한 현대사 산책』은 안문석 교수가 원고지 5,500매 분량으로 집필한 책으로, 북한 현대사를 사건과 사실, 기록을 바탕으로 생생하게 펼친다. 북한의 대표적인 역사서인 《조선통사》, 《조선전사》 등과 《김일성 선집》, 《김일성 저작 선집》, 《인민의 지도자》, 《김정일 위인상》 등 북한 자료의 진위를 정밀하게 파악하며 통찰력 있게 북한 현대사를 분석하고, 남한의 학자들의 논문과 단행본, 조선인민군의 수기를 통해 균형 잡힌 시각과 안목으로 왜곡되고 잘못된 사실들을 바로잡았다.","['역사', '북한사']"
10315,북한 현대사 산책. 5: 김정은과 북핵위기,안문석 지음,인물과사상사,2016,911.07 안36ㅂ v.5,9788960000000,https://search1.kakaocdn.net/thumb/R120x174.q85/?fname=http%3A%2F%2Ft1.daumcdn.net%2Flbook%2Fimage%2F793022%3Ftimestamp%3D20231201174112,"남북의 역사는 대결의 역사가 주를 이루어 왔다. 그런 대결의 역사가 실제로 시작된 것은 정부 수립 훨씬 이전인 1945년이다. 해방의 해에 벌써 대결이 시작되었다. 처음엔 남북을 각각 점령한 미국과 소련이, 그 이후에는 남한과 북한이 서로 확연히 다른 길을 가게 되었다. 이념적으로 완전히 다른 당을 세워나가고, 찬탁과 반탁으로 나뉘면서 대결의 길을 가게 된 것이다. 그렇게 시작된 1945년이 이후 한반도의 상황을 대부분 규정해버렸다. 『북한 현대사 산책』은 안문석 교수가 원고지 5,500매 분량으로 집필한 책으로, 북한 현대사를 사건과 사실, 기록을 바탕으로 생생하게 펼친다. 북한의 대표적인 역사서인 《조선통사》, 《조선전사》 등과 《김일성 선집》, 《김일성 저작 선집》, 《인민의 지도자》, 《김정일 위인상》 등 북한 자료의 진위를 정밀하게 파악하며 통찰력 있게 북한 현대사를 분석하고, 남한의 학자들의 논문과 단행본, 조선인민군의 수기를 통해 균형 잡힌 시각과 안목으로 왜곡되고 잘못된 사실들을 바로잡았다.","['역사', '북한사']"
10316,북한 현대사 산책. 4: 김정일과 고난의 행군,안문석 지음,인물과사상사,2016,911.07 안36ㅂ v.4 c.2,9788960000000,https://search1.kakaocdn.net/thumb/R120x174.q85/?fname=http%3A%2F%2Ft1.daumcdn.net%2Flbook%2Fimage%2F793441%3Ftimestamp%3D20231201181018,"남북의 역사는 대결의 역사가 주를 이루어 왔다. 그런 대결의 역사가 실제로 시작된 것은 정부 수립 훨씬 이전인 1945년이다. 해방의 해에 벌써 대결이 시작되었다. 처음엔 남북을 각각 점령한 미국과 소련이, 그 이후에는 남한과 북한이 서로 확연히 다른 길을 가게 되었다. 이념적으로 완전히 다른 당을 세워나가고, 찬탁과 반탁으로 나뉘면서 대결의 길을 가게 된 것이다. 그렇게 시작된 1945년이 이후 한반도의 상황을 대부분 규정해버렸다. 『북한 현대사 산책』은 안문석 교수가 원고지 5,500매 분량으로 집필한 책으로, 북한 현대사를 사건과 사실, 기록을 바탕으로 생생하게 펼친다. 북한의 대표적인 역사서인 《조선통사》, 《조선전사》 등과 《김일성 선집》, 《김일성 저작 선집》, 《인민의 지도자》, 《김정일 위인상》 등 북한 자료의 진위를 정밀하게 파악하며 통찰력 있게 북한 현대사를 분석하고, 남한의 학자들의 논문과 단행본, 조선인민군의 수기를 통해 균형 잡힌 시각과 안목으로 왜곡되고 잘못된 사실들을 바로잡았다.","['역사', '북한사']"
10317,북한 현대사 산책. 4: 김정일과 고난의 행군,안문석 지음,인물과사상사,2016,911.07 안36ㅂ v.4,9788960000000,https://search1.kakaocdn.net/thumb/R120x174.q85/?fname=http%3A%2F%2Ft1.daumcdn.net%2Flbook%2Fimage%2F793441%3Ftimestamp%3D20231201181018,"남북의 역사는 대결의 역사가 주를 이루어 왔다. 그런 대결의 역사가 실제로 시작된 것은 정부 수립 훨씬 이전인 1945년이다. 해방의 해에 벌써 대결이 시작되었다. 처음엔 남북을 각각 점령한 미국과 소련이, 그 이후에는 남한과 북한이 서로 확연히 다른 길을 가게 되었다. 이념적으로 완전히 다른 당을 세워나가고, 찬탁과 반탁으로 나뉘면서 대결의 길을 가게 된 것이다. 그렇게 시작된 1945년이 이후 한반도의 상황을 대부분 규정해버렸다. 『북한 현대사 산책』은 안문석 교수가 원고지 5,500매 분량으로 집필한 책으로, 북한 현대사를 사건과 사실, 기록을 바탕으로 생생하게 펼친다. 북한의 대표적인 역사서인 《조선통사》, 《조선전사》 등과 《김일성 선집》, 《김일성 저작 선집》, 《인민의 지도자》, 《김정일 위인상》 등 북한 자료의 진위를 정밀하게 파악하며 통찰력 있게 북한 현대사를 분석하고, 남한의 학자들의 논문과 단행본, 조선인민군의 수기를 통해 균형 잡힌 시각과 안목으로 왜곡되고 잘못된 사실들을 바로잡았다.","['역사', '북한사']"
10318,북한 현대사 산책. 3: 주체사상과 후계체제,안문석 지음,인물과사상사,2016,911.07 안36ㅂ v.3 c.2,9788960000000,https://search1.kakaocdn.net/thumb/R120x174.q85/?fname=http%3A%2F%2Ft1.daumcdn.net%2Flbook%2Fimage%2F792742%3Ftimestamp%3D20231201172930,"남북의 역사는 대결의 역사가 주를 이루어 왔다. 그런 대결의 역사가 실제로 시작된 것은 정부 수립 훨씬 이전인 1945년이다. 해방의 해에 벌써 대결이 시작되었다. 처음엔 남북을 각각 점령한 미국과 소련이, 그 이후에는 남한과 북한이 서로 확연히 다른 길을 가게 되었다. 이념적으로 완전히 다른 당을 세워나가고, 찬탁과 반탁으로 나뉘면서 대결의 길을 가게 된 것이다. 그렇게 시작된 1945년이 이후 한반도의 상황을 대부분 규정해버렸다. 『북한 현대사 산책』은 안문석 교수가 원고지 5,500매 분량으로 집필한 책으로, 북한 현대사를 사건과 사실, 기록을 바탕으로 생생하게 펼친다. 북한의 대표적인 역사서인 《조선통사》, 《조선전사》 등과 《김일성 선집》, 《김일성 저작 선집》, 《인민의 지도자》, 《김정일 위인상》 등 북한 자료의 진위를 정밀하게 파악하며 통찰력 있게 북한 현대사를 분석하고, 남한의 학자들의 논문과 단행본, 조선인민군의 수기를 통해 균형 잡힌 시각과 안목으로 왜곡되고 잘못된 사실들을 바로잡았다.","['역사', '북한사']"
10319,북한 현대사 산책. 3: 주체사상과 후계체제,안문석 지음,인물과사상사,2016,911.07 안36ㅂ v.3,9788960000000,https://search1.kakaocdn.net/thumb/R120x174.q85/?fname=http%3A%2F%2Ft1.daumcdn.net%2Flbook%2Fimage%2F792742%3Ftimestamp%3D20231201172930,"남북의 역사는 대결의 역사가 주를 이루어 왔다. 그런 대결의 역사가 실제로 시작된 것은 정부 수립 훨씬 이전인 1945년이다. 해방의 해에 벌써 대결이 시작되었다. 처음엔 남북을 각각 점령한 미국과 소련이, 그 이후에는 남한과 북한이 서로 확연히 다른 길을 가게 되었다. 이념적으로 완전히 다른 당을 세워나가고, 찬탁과 반탁으로 나뉘면서 대결의 길을 가게 된 것이다. 그렇게 시작된 1945년이 이후 한반도의 상황을 대부분 규정해버렸다. 『북한 현대사 산책』은 안문석 교수가 원고지 5,500매 분량으로 집필한 책으로, 북한 현대사를 사건과 사실, 기록을 바탕으로 생생하게 펼친다. 북한의 대표적인 역사서인 《조선통사》, 《조선전사》 등과 《김일성 선집》, 《김일성 저작 선집》, 《인민의 지도자》, 《김정일 위인상》 등 북한 자료의 진위를 정밀하게 파악하며 통찰력 있게 북한 현대사를 분석하고, 남한의 학자들의 논문과 단행본, 조선인민군의 수기를 통해 균형 잡힌 시각과 안목으로 왜곡되고 잘못된 사실들을 바로잡았다.","['역사', '북한사']"
10320,북한 현대사 산책. 2: 전쟁과 사회주의 건설,안문석 지음,인물과사상사,2016,911.07 안36ㅂ v.2 c.2,9788960000000,https://search1.kakaocdn.net/thumb/R120x174.q85/?fname=http%3A%2F%2Ft1.daumcdn.net%2Flbook%2Fimage%2F792715%3Ftimestamp%3D20231201174640,"남북의 역사는 대결의 역사가 주를 이루어 왔다. 그런 대결의 역사가 실제로 시작된 것은 정부 수립 훨씬 이전인 1945년이다. 해방의 해에 벌써 대결이 시작되었다. 처음엔 남북을 각각 점령한 미국과 소련이, 그 이후에는 남한과 북한이 서로 확연히 다른 길을 가게 되었다. 이념적으로 완전히 다른 당을 세워나가고, 찬탁과 반탁으로 나뉘면서 대결의 길을 가게 된 것이다. 그렇게 시작된 1945년이 이후 한반도의 상황을 대부분 규정해버렸다. 『북한 현대사 산책』은 안문석 교수가 원고지 5,500매 분량으로 집필한 책으로, 북한 현대사를 사건과 사실, 기록을 바탕으로 생생하게 펼친다. 북한의 대표적인 역사서인 《조선통사》, 《조선전사》 등과 《김일성 선집》, 《김일성 저작 선집》, 《인민의 지도자》, 《김정일 위인상》 등 북한 자료의 진위를 정밀하게 파악하며 통찰력 있게 북한 현대사를 분석하고, 남한의 학자들의 논문과 단행본, 조선인민군의 수기를 통해 균형 잡힌 시각과 안목으로 왜곡되고 잘못된 사실들을 바로잡았다.","['역사', '북한사']"
10321,북한 현대사 산책. 2: 전쟁과 사회주의 건설,안문석 지음,인물과사상사,2016,911.07 안36ㅂ v.2,9788960000000,https://search1.kakaocdn.net/thumb/R120x174.q85/?fname=http%3A%2F%2Ft1.daumcdn.net%2Flbook%2Fimage%2F792715%3Ftimestamp%3D20231201174640,"남북의 역사는 대결의 역사가 주를 이루어 왔다. 그런 대결의 역사가 실제로 시작된 것은 정부 수립 훨씬 이전인 1945년이다. 해방의 해에 벌써 대결이 시작되었다. 처음엔 남북을 각각 점령한 미국과 소련이, 그 이후에는 남한과 북한이 서로 확연히 다른 길을 가게 되었다. 이념적으로 완전히 다른 당을 세워나가고, 찬탁과 반탁으로 나뉘면서 대결의 길을 가게 된 것이다. 그렇게 시작된 1945년이 이후 한반도의 상황을 대부분 규정해버렸다. 『북한 현대사 산책』은 안문석 교수가 원고지 5,500매 분량으로 집필한 책으로, 북한 현대사를 사건과 사실, 기록을 바탕으로 생생하게 펼친다. 북한의 대표적인 역사서인 《조선통사》, 《조선전사》 등과 《김일성 선집》, 《김일성 저작 선집》, 《인민의 지도자》, 《김정일 위인상》 등 북한 자료의 진위를 정밀하게 파악하며 통찰력 있게 북한 현대사를 분석하고, 남한의 학자들의 논문과 단행본, 조선인민군의 수기를 통해 균형 잡힌 시각과 안목으로 왜곡되고 잘못된 사실들을 바로잡았다.","['역사', '북한사']"
10322,북한 현대사 산책. 1: 해방과 김일성 체제,안문석 지음,인물과사상사,2016,911.07 안36ㅂ v.1 c.2,9788960000000,https://search1.kakaocdn.net/thumb/R120x174.q85/?fname=http%3A%2F%2Ft1.daumcdn.net%2Flbook%2Fimage%2F792738%3Ftimestamp%3D20231201160247,"남북의 역사는 대결의 역사가 주를 이루어 왔다. 그런 대결의 역사가 실제로 시작된 것은 정부 수립 훨씬 이전인 1945년이다. 해방의 해에 벌써 대결이 시작되었다. 처음엔 남북을 각각 점령한 미국과 소련이, 그 이후에는 남한과 북한이 서로 확연히 다른 길을 가게 되었다. 이념적으로 완전히 다른 당을 세워나가고, 찬탁과 반탁으로 나뉘면서 대결의 길을 가게 된 것이다. 그렇게 시작된 1945년이 이후 한반도의 상황을 대부분 규정해버렸다. 『북한 현대사 산책』은 안문석 교수가 원고지 5,500매 분량으로 집필한 책으로, 북한 현대사를 사건과 사실, 기록을 바탕으로 생생하게 펼친다. 북한의 대표적인 역사서인 《조선통사》, 《조선전사》 등과 《김일성 선집》, 《김일성 저작 선집》, 《인민의 지도자》, 《김정일 위인상》 등 북한 자료의 진위를 정밀하게 파악하며 통찰력 있게 북한 현대사를 분석하고, 남한의 학자들의 논문과 단행본, 조선인민군의 수기를 통해 균형 잡힌 시각과 안목으로 왜곡되고 잘못된 사실들을 바로잡았다.","['역사', '북한사']"
10323,북한 현대사 산책. 1: 해방과 김일성 체제,안문석 지음,인물과사상사,2016,911.07 안36ㅂ v.1,9788960000000,https://search1.kakaocdn.net/thumb/R120x174.q85/?fname=http%3A%2F%2Ft1.daumcdn.net%2Flbook%2Fimage%2F792738%3Ftimestamp%3D20231201160247,"남북의 역사는 대결의 역사가 주를 이루어 왔다. 그런 대결의 역사가 실제로 시작된 것은 정부 수립 훨씬 이전인 1945년이다. 해방의 해에 벌써 대결이 시작되었다. 처음엔 남북을 각각 점령한 미국과 소련이, 그 이후에는 남한과 북한이 서로 확연히 다른 길을 가게 되었다. 이념적으로 완전히 다른 당을 세워나가고, 찬탁과 반탁으로 나뉘면서 대결의 길을 가게 된 것이다. 그렇게 시작된 1945년이 이후 한반도의 상황을 대부분 규정해버렸다. 『북한 현대사 산책』은 안문석 교수가 원고지 5,500매 분량으로 집필한 책으로, 북한 현대사를 사건과 사실, 기록을 바탕으로 생생하게 펼친다. 북한의 대표적인 역사서인 《조선통사》, 《조선전사》 등과 《김일성 선집》, 《김일성 저작 선집》, 《인민의 지도자》, 《김정일 위인상》 등 북한 자료의 진위를 정밀하게 파악하며 통찰력 있게 북한 현대사를 분석하고, 남한의 학자들의 논문과 단행본, 조선인민군의 수기를 통해 균형 잡힌 시각과 안목으로 왜곡되고 잘못된 사실들을 바로잡았다.","['역사', '북한사']"
10324,북한의역사. 2: 주체사상과유일체제 1960-1994,이종석 지음; 역사문제연구소 기획,역사비평사,2011,911.07 김54ㅂ v.2 c.2,9788980000000,https://search1.kakaocdn.net/thumb/R120x174.q85/?fname=http%3A%2F%2Ft1.daumcdn.net%2Flbook%2Fimage%2F1078458%3Ftimestamp%3D20230809182809,"『북한의 역사』제2권 <주체사상과 유일체제 1960~1994>. 이 책은 <새로 쓴 현대 북한의 이해>, <북한중국관계: 1945~2000> 등을 쓰고, 세종연구소 수석연구위원으로 재직 중인 저자 이종석이 사회주의 건설이 본격화되는 1960년대부터 김일성이 사망하는 1994년까지를 다룬 책이다. 10년 주기로 열린 조선노동당 4, 5, 6차 대회를 기준으로 주체사상이 북한의 정치·경제·사회·문화를 어떻게 지배했고, 경제발전의 원동력이 되었던 유일체제가 어떻게 체제위기의 결정적인 요인이 되었는지를 객관적인 시각으로 살펴보았다. 별도로 다루어야 하는 굵직한 흐름은 ‘스페셜 테마’로 수록하였으며, 북한 사람들의 생활을 알 수 있는 화보를 수록하여 북한의 사회 역사를 한 눈에 볼 수 있도록 구성하였다.","['역사', '북한사']"
10325,북한의역사. 2: 주체사상과유일체제 1960-1994,이종석 지음; 역사문제연구소 기획,역사비평사,2011,911.07 김54ㅂ v.2,9788980000000,https://search1.kakaocdn.net/thumb/R120x174.q85/?fname=http%3A%2F%2Ft1.daumcdn.net%2Flbook%2Fimage%2F1078458%3Ftimestamp%3D20230809182809,"『북한의 역사』제2권 <주체사상과 유일체제 1960~1994>. 이 책은 <새로 쓴 현대 북한의 이해>, <북한중국관계: 1945~2000> 등을 쓰고, 세종연구소 수석연구위원으로 재직 중인 저자 이종석이 사회주의 건설이 본격화되는 1960년대부터 김일성이 사망하는 1994년까지를 다룬 책이다. 10년 주기로 열린 조선노동당 4, 5, 6차 대회를 기준으로 주체사상이 북한의 정치·경제·사회·문화를 어떻게 지배했고, 경제발전의 원동력이 되었던 유일체제가 어떻게 체제위기의 결정적인 요인이 되었는지를 객관적인 시각으로 살펴보았다. 별도로 다루어야 하는 굵직한 흐름은 ‘스페셜 테마’로 수록하였으며, 북한 사람들의 생활을 알 수 있는 화보를 수록하여 북한의 사회 역사를 한 눈에 볼 수 있도록 구성하였다.","['역사', '북한사']"
10326,북한의역사. 1: 건국과인민민주주의의 경험 1954-1960,김성보 지음; 역사문제연구소 기획,역사비평사,2011,911.07 김54ㅂ v.1 c.2,9788980000000,https://search1.kakaocdn.net/thumb/R120x174.q85/?fname=http%3A%2F%2Ft1.daumcdn.net%2Flbook%2Fimage%2F1077307%3Ftimestamp%3D20240122200223,"『북한의 역사』제1권 <건국과 인민민주주의의 경험 1945~1960>. 이 책은 <남북한 경제구조의 기원과 전개>, <사진과 그림으로 보는 북한 현대사> 등을 쓰고, 연세대학교 사학과 교수로 재직 중인 저자 김성보가 1945년부터 1950년대 말까지 정부 수립과 전쟁, 사회주의 개조 과정을 다룬 책이다. 인민민주주의 정권의 성립기부터 한국전쟁의 복구과정에서 오늘날 북한의 권력구조가 확립되기까지를 시기에 따라 체계적으로 구성하였으며, 별도로 다루어야 하는 굵직한 흐름은 ‘스페셜 테마’로 수록하여 구체적으로 살펴보았다. 또한 북한의 사회 역사를 쉽게 이해할 수 있도록 북한 사람들의 생활을 알 수 있는 일상 화보도 함께 실었다.","['역사', '북한사']"
10327,북한의역사. 1: 건국과인민민주주의의 경험 1954-1960,김성보 지음; 역사문제연구소 기획,역사비평사,2011,911.07 김54ㅂ v.1,9788980000000,https://search1.kakaocdn.net/thumb/R120x174.q85/?fname=http%3A%2F%2Ft1.daumcdn.net%2Flbook%2Fimage%2F1077307%3Ftimestamp%3D20240122200223,"『북한의 역사』제1권 <건국과 인민민주주의의 경험 1945~1960>. 이 책은 <남북한 경제구조의 기원과 전개>, <사진과 그림으로 보는 북한 현대사> 등을 쓰고, 연세대학교 사학과 교수로 재직 중인 저자 김성보가 1945년부터 1950년대 말까지 정부 수립과 전쟁, 사회주의 개조 과정을 다룬 책이다. 인민민주주의 정권의 성립기부터 한국전쟁의 복구과정에서 오늘날 북한의 권력구조가 확립되기까지를 시기에 따라 체계적으로 구성하였으며, 별도로 다루어야 하는 굵직한 흐름은 ‘스페셜 테마’로 수록하여 구체적으로 살펴보았다. 또한 북한의 사회 역사를 쉽게 이해할 수 있도록 북한 사람들의 생활을 알 수 있는 일상 화보도 함께 실었다.","['역사', '북한사']"
10328,리남행 비행기,김현화 지음,푸른책들,2007,813.6 김94ㄹ,9788960000000,https://search1.kakaocdn.net/thumb/R120x174.q85/?fname=http%3A%2F%2Ft1.daumcdn.net%2Flbook%2Fimage%2F769903%3Ftimestamp%3D20230217224246,"봉수네 가족이 북한을 탈출해 중국을 거쳐 태국을 통해 리남행 비행기에 오르기까지의 과정이 긴장감 있게 그려진 청소년 소설. 온갖 역경과 고난 속에서도 인간애와 가족애를 잃지 않는 봉수네 식구들의 모습이 진한 감동을 주며, 천진한 봉화의 캐릭터를 비롯해 각 등장인물들의 캐릭터가 생생하게 살아있다. 봉수 아버지인 은장도 씨는 동생인 은영도 씨가 탈북을 기도했던 일로 여러 모로 어려움을 겪는다. 은영도 씨의 탈북 기도로 위태로워진 봉수네 가족을 구해 준 사람은 당시 지도원 직책을 맡고 있던 금만이 아버지다. 그러나 뒤를 봐 주던 금만이 아버지가 죽은 뒤부터 은장도 씨는 석탄 철차 호송원 자리에서 쫓겨날지도 모른다는 불안감에 시달리다, 결국 은영도 씨의 죽음을 계기로 탈북을 결심하게 되는데…. 〈양장본〉 작품 자세히 들여다보기! 생사를 넘나드는 도강, 중국 대륙에서 벌어지는 북한 보안원과 중국 공안과의 쫓고 쫓기는 추격전, 인신매매단의 위협, 생사를 넘나드는 떠돌이 생활 등 봉수네 가족이 리남행 비행기에 타기까지의 과정이 간결하면서도 긴박한 문체로 그려지고 있다. 제5회 푸른문학상 '미래의 작가상' 부문 수상작.","['청소년', '청소년 문학', '청소년 소설']"
10329,전쟁과 인민,한성훈 지음,돌베개,2012,340.911 한54ㅈ c.2,9788970000000,https://search1.kakaocdn.net/thumb/R120x174.q85/?fname=http%3A%2F%2Ft1.daumcdn.net%2Flbook%2Fimage%2F995082%3Ftimestamp%3D20241211113511,"『전쟁과 인민』은 한국전쟁의 영향과 결과, 북한 사회주의 국가건설 과정을 인민정체성, 미국과의 문제, 사회주의적 애국주의 중심으로 살펴봄과 동시에 현재적 관점에서 북한의 선군정치와 전쟁 사회의 역사적 배경, 정치적 함의 등을 폭넓게 규명한다. 한국전쟁을 중심으로 1945년부터 진행된 북한 국가건설과 사회주의 체제가 갖춰지는 1950년대 말까지를 다루고 있는 이 책은 북한을 이해하기 위한 두 개의 주요 창으로 사회주의 체제 성립과정과 한국전쟁을 꼽고 그로부터 논의를 전개해나간다. 이를 바탕으로 북한 인민들이 반미인식을 자기 것으로 받아들이는 일상적ㆍ심리적 과정이 전쟁 체험에 있다고 보며, 또한 이것이 애국주의와 결합해 사회주의적 애국주의로 발전하는 데 주목한다.","['사회과학', '통일/북한관계', '북한학 일반']"
10330,전쟁과 인민,한성훈 지음,돌베개,2012,340.911 한54ㅈ,9788970000000,https://search1.kakaocdn.net/thumb/R120x174.q85/?fname=http%3A%2F%2Ft1.daumcdn.net%2Flbook%2Fimage%2F995082%3Ftimestamp%3D20241211113511,"『전쟁과 인민』은 한국전쟁의 영향과 결과, 북한 사회주의 국가건설 과정을 인민정체성, 미국과의 문제, 사회주의적 애국주의 중심으로 살펴봄과 동시에 현재적 관점에서 북한의 선군정치와 전쟁 사회의 역사적 배경, 정치적 함의 등을 폭넓게 규명한다. 한국전쟁을 중심으로 1945년부터 진행된 북한 국가건설과 사회주의 체제가 갖춰지는 1950년대 말까지를 다루고 있는 이 책은 북한을 이해하기 위한 두 개의 주요 창으로 사회주의 체제 성립과정과 한국전쟁을 꼽고 그로부터 논의를 전개해나간다. 이를 바탕으로 북한 인민들이 반미인식을 자기 것으로 받아들이는 일상적ㆍ심리적 과정이 전쟁 체험에 있다고 보며, 또한 이것이 애국주의와 결합해 사회주의적 애국주의로 발전하는 데 주목한다.","['사회과학', '통일/북한관계', '북한학 일반']"
10331,통일을 보는 눈,이종석 지음,개마고원,2012,340.911 이75ㅌ,9788960000000,https://search1.kakaocdn.net/thumb/R120x174.q85/?fname=http%3A%2F%2Ft1.daumcdn.net%2Flbook%2Fimage%2F764144%3Ftimestamp%3D20221011171318,"왜 통일을 해야 하느냐고 묻는 이들을 위한 통일론『통일을 보는 눈』. 북한문제와 통일문제에 올곧이 천착해온 학자이자 참여정부 시절 통일부장관을 역임한 저자 이종석이 그간의 연구 성과와 정책 현장 경험을 바탕으로 ‘종북’과 ‘반북’을 넘어선 ‘실사구시의 통일론’을 제시하였다. 이 책은 그동안 대학과 시민단체 등에서 한 강연, 학술논문, 각종 인터뷰, 신문 칼럼 등을 통해 내놓은 논리나 주장, 그리고 평소 저자의 속생각을 하나의 틀로 다듬어서 고스란히 담아냈다. 냉전 해체 이후 지난 20여 년간 우리를 둘러싼 세상이 어떻게 달라졌는지를 분석하여 통일 환경의 변화를 짚어내고, 통일과 북한, 주변국과의 외교 등을 총망라하였다. 더불어 역대로부터 지금까지 있어온 온갖 통일 논의의 핵심 쟁점들을 모두 아우르면서 동시에 그 모두에 대한 해답을 모색한다.","['사회과학', '통일/북한관계', '통일문제']"
10332,평양의 시간은 서울의 시간과 함께 흐른다,진천규 글·사진,타커스,2018,309.1111 진83ㅍ,9789000000000,https://search1.kakaocdn.net/thumb/R120x174.q85/?fname=http%3A%2F%2Ft1.daumcdn.net%2Flbook%2Fimage%2F1506836%3Ftimestamp%3D20230918145903,"2010년 5·24 조치 이후, 한국인으로는 유일하게 단독 방북 취재에 성공해 북한의 변화상과 현재 모습을 알린 언론인 진천규의 『평양의 시간은 서울의 시간과 함께 흐른다』. 1988년 한겨레신문 창간 기자로 입사해 판문점에 출입하며 북한 취재와 인연을 맺은 저자는 지금까지 여섯 차례의 방북 취재 과정에서 남북관계의 결정적인 장면들을 카메라에 담아냈다. 특히 2000년 평양 정상회담 당시 6·15 공동선언 현장에서 단독으로 찍은 김대중 대통령과 김정일 국방위원장의 사진이 잘 알려져 있다. 이로부터 17년 뒤인 2017년 10월, 곧 전쟁이 일어날 것 같은 일촉즉발의 상황에서 한국인으로서 유일하게 방북 취재에 성공했다. 이 책은 2018년 7월 현재까지 총 네 차례에 걸쳐 평양, 원산, 마식령스키장, 묘향산, 남포, 서해갑문 등을 취재한 내용을 담은 것으로, 지난 10여 년간 베일에 감춰져 있던 평양의 변화상을 최초로 공개한다. 한창 추수 중인 평안도의 농촌 풍경부터 73층 초고층 아파트가 들어선 평양 려명거리의 화려한 야경까지 급속한 변화가 진행 중인 평양의 현재가 고스란히 담겨 있다.","['사회과학', '통일/북한관계', '북한학 일반']"
10333,(사진과 그림으로 보는)북한 현대사,"김성보, 기광서, 이신철 공지음; 역사문제연구소 기획",웅진지식하우스:웅진씽크빅,2014,911.07 김54ㅂ c.2,9788900000000,https://search1.kakaocdn.net/thumb/R120x174.q85/?fname=http%3A%2F%2Ft1.daumcdn.net%2Flbook%2Fimage%2F350161%3Ftimestamp%3D20241128114102,"이 책은 조선민주주의인민공화국의 건국과 주체사상 등 북한 현대사의 시작부터 고난의 행군, 개성공단 건립과 금강산 관광, 김정은 집권에 이르는 북한의 최신 동향까지를 알기 쉽게 정리했다. 300여 컷이 넘는 사진과 그림 자료, 흥미로운 읽을거리들은 북한의 어제와 오늘을 풍부하고 생생하게 전달하고 있다.","['역사', '북한사']"
10334,(사진과 그림으로 보는)북한 현대사,"김성보, 기광서, 이신철 공지음; 역사문제연구소 기획",웅진지식하우스:웅진씽크빅,2014,911.07 김54ㅂ,9788900000000,https://search1.kakaocdn.net/thumb/R120x174.q85/?fname=http%3A%2F%2Ft1.daumcdn.net%2Flbook%2Fimage%2F350161%3Ftimestamp%3D20241128114102,"이 책은 조선민주주의인민공화국의 건국과 주체사상 등 북한 현대사의 시작부터 고난의 행군, 개성공단 건립과 금강산 관광, 김정은 집권에 이르는 북한의 최신 동향까지를 알기 쉽게 정리했다. 300여 컷이 넘는 사진과 그림 자료, 흥미로운 읽을거리들은 북한의 어제와 오늘을 풍부하고 생생하게 전달하고 있다.","['역사', '북한사']"
10335,북한은 처음이지?,김정한 지음,라이스메이커,2018,309.1111 김74ㅂ,9791190000000,https://search1.kakaocdn.net/thumb/R120x174.q85/?fname=http%3A%2F%2Ft1.daumcdn.net%2Flbook%2Fimage%2F4848802%3Ftimestamp%3D20240127164347,"개성에서 라선까지, 해주부터 청진까지 북한을 대표하는 13개 도시의 겉과 속을 살펴보는 『북한은 처음이지?』. ‘이름만 들어본 북한의 도시와 명소들의 위치는 어디일까?’라는 저자의 궁금증에서 시작된 책으로, 북한 도시와 명소들의 위치가 한눈에 들어오는 지도, 핵심만 추려낸 내용과 이해하기 쉬운 설명, 생생한 사진에 재미있는 소식까지 담고 있다. 일장에서는 황해남도부터 함경북도까지 북한 9도의 위치와 간단한 지역 정보를 알아본다. 이어지는 이장에서는 평양직할시를 비롯하여 남포, 라선, 개성 등 특별히 관리되는 지역과 9도의 도청소재지를 차례로 소개한다. 각 목차의 첫 부분에는 해당 도시의 위치를 알 수 있는 지도와 함께 인구와 면적, 기후, 대표 산업 등을 한눈에 볼 수 있는 인포그래픽 페이지를 구성했고, 그 뒤로 주요 명소가 표기된 도시 지도, 그리고 ‘이 도시가 어떤 곳인지’ 포인트만 콕콕 집은 개요글을 담아 북한과 그곳 사람들의 모습을 조금 더 이해할 수 있도록 도와준다.","['사회과학', '통일/북한관계', '북한학 일반']"
10336,월북하는 심리학,김태형 지음,서해문집,2020,340.911 김883ㅇ,9788970000000,https://search1.kakaocdn.net/thumb/R120x174.q85/?fname=http%3A%2F%2Ft1.daumcdn.net%2Flbook%2Fimage%2F5269155%3Ftimestamp%3D20220930203940,"“사람들이 보통 알고 있거나 알아야 하는 지식. 이해력, 판단력, 사리 분별 따위를 포함한다.” 한국어 사전이 풀이하는 ‘상식’의 의미다. 그리고 여기, 한국인 대다수가 반세기 넘게 공유해온 한 움큼의 상식이 있다. 가난해서 불행한 나라, 일상화된 감시와 처벌, 강제노동, 박멸된 개인과 폭압적 권력, 초읽기에 들어간 국가 붕괴…. 이른바 ‘교양 있는 현대 한국인들의 표준적 북한 상식’은 이를 뒷받침하는 근거를 제공해온 미디어와 국제기구의 이름값을 빌려 종종 ‘사실’의 너울을 두른다. 그렇다면 다시 사전의 풀이를 좇아 반문해보자. 우리가 의심치 않는 북한 상식에 담긴 지식, 이해력, 판단력 그리고 분별력은 얼마나 사실에 부합할까? ‘싸우는 심리학자’ 김태형은 일상에서 흔히 드러나는 한국인들의 특징적 심상을 표집, 이를 역사ㆍ제도적 맥락과 결부시켜 ‘한국 사회의 트라우마’로 규명해내는 데 탁월한 성취를 거두고 있는 지식인이다. 특히 분단체제가 남북한 주민들 마음에 새긴 상처와 흉터를 관찰해온 그는, 한국인들의 평균적 북한 인식을 70년 묵은 편견이 초래한 ‘장애’로 규정한다. 그리고 탈북자와의 대면 인터뷰, 개성공단 핵심 관계자 및 노동자들의 진술, 북한 장기체류자들의 증언에 기초한 북한 주민들의 심리 분석을 통해 이제까지의 ‘상식’을 남김없이 뒤집는다. 이 책은 그 살핌과 전복의 소산이다. 학교와 직장이 즐거운 사람들, 갑질과 혐오에서 자유롭고 불안과 우울에 빠지지 않는 사람들, 윗사람과 권력의 눈치를 보지 않고 할 말을 하는 사람들, 각자도생과 승자독식을 위한 경쟁이 아니라 모두를 위해 경쟁하는 사람들…. 신뢰성 낮은 통계와 언론 보도에 따른 가치 판단을 철저히 소거한 채, 심리 분석으로만 도출된 북한 사람들의 이런 진면은 언뜻 ‘비상식적’이다. 반세기 넘게 퇴적된 관념과 그에 따른 확증편향은 이 책의 논지를 한낱 ‘망상’으로 내몰지도 모른다. 돌이켜보면 역사상 모든 혁명은 그 혁명이 성공하기 전날까지 망상에 불과했다. 모든 독립은 해방 이튿날에야 비로소 모두의 상식이 된다. 왼눈이나 오른눈만이 아니라 ‘심리학의 눈’으로 북한을 관찰한 이 책 또한, ‘한국인 99%가 모르는 진짜 북한’을 망상이 아닌 ‘사실에 부합하는 상식’으로 자리매김시킬 것이다.","['사회과학', '사회학', '사회학 일반']"
10337,압록강은 휴전선 너머 흐른다,강주원 지음,눌민,2019,309.1112 강76ㅇ c.2,9791190000000,https://search1.kakaocdn.net/thumb/R120x174.q85/?fname=http%3A%2F%2Ft1.daumcdn.net%2Flbook%2Fimage%2F5160975%3Ftimestamp%3D20220925203053,"해외여행이 자유화된 지 30년이 지난 2019년 현재에도 유럽을 여행하는 사람들에게 여전히 익숙지 않은 것 중의 하나가 아무런 제재 없이 국경을 넘나들 수 있다는 것일 터이다. 그곳에서는 무심결에 한 국가에서 다른 국가로 넘어간다. 철조망이 높게 쳐져 있고 총을 든 군인이 이동의 자유를 엄격히 제한하는 휴전선만을 국경으로 상상하는 우리로선 신기하기까지 한 체험이다. 많은 사람들이 “한국은 섬나라와 마찬가지다”라는 자조적인 표현을 사용할 정도로 휴전선은 한국 사람들에게 절대적인 영향을 미치고 있으며 실질적으로 폐쇄적인 국경선 노릇을 한다. 그렇기 때문에 많은 사람들이 진정한 평화로운 남북 관계와 활발한 경제 교류를 이루기 위해선 휴전선을 자유롭게 넘나들어야 한다고 믿고 있으며, 휴전선이 닫혀 있으면 남북 관계가 급속도로 냉각되고 불안정해진다고 믿고 있다. 바꾸어 말하면 휴전선은 남북 관계를 통제하기에 가장 유력한 수단인 셈이다. 그러나 2000년 이후 압록강과 두만강 현지를 수십 차례 드나들며 조사 연구한 저자는 전작 『압록강은 다르게 흐른다』(2016)에 이어 이 책 『압록강은 휴전선 너머 흐른다』를 통해 정부 의존적이고 휴전선 중심적인 사고 방식을 벗어날 것을 제안한다. 저자는 중국과 북한의 국경 도시 단둥, 그리고 압록강과 두만강 일대에서 남한, 북한, 중국, 북한화교 들의 활발한 무역과 교류 활동을 기록하여 휴전선 안에 갇혀 있는 우리에게 휴전선 너머에 무엇이 일어나고 있는지를 소개한다.","['사회과학', '정치학/외교학/행정학', '외교정책/외교학']"
10338,고난과 웃음의 나라,정병호 지음,창비,2020,309.1111 정44ㄱ,9788940000000,https://search1.kakaocdn.net/thumb/R120x174.q85/?fname=http%3A%2F%2Ft1.daumcdn.net%2Flbook%2Fimage%2F5229774%3Ftimestamp%3D20231124151805,"문화이해를 통해 분단시대 남북 문화교류의 발판을 제공하는 책 『고난과 웃음의 나라: 문화인류학자의 북한 이야기』가 출간되었다. 문화인류학자이자 구호활동가, 탈북 청소년 교육자이기도 한 저자 정병호(한양대 문화인류학과 교수)는 약 20년 동안 10여 차례 방북해 기근 구호활동을 펼치고 조-중 접경지역에서 탈북민과 교류하는 등 활동가로 활약하며 현장연구를 진행해왔다. 이 책은 이러한 저자의 풍부한 대북접촉 경험을 기반으로 북한주민의 삶을 다채롭게 풀어냄과 동시에 북한체제에 대한 이론적 분석을 균형 있게 서술한 책이다. 2013년 출간되어 국내외에서 화제를 일으킨 저자의 전작 『극장국가 북한: 카리스마 권력은 어떻게 세습되는가』가 주로 김일성-김정일체제에 대한 문화인류학적 분석으로 권력의 작동방식을 다룬 학술서라면, 이번 책은 김정은체제의 변화와 전망을 타진하면서도 권력체제에 포함되지 않는 주민의 일상과 의식까지 담아낸 생생한 현장기록이다. 책은 작금의 북한주민의 삶과 내면이 어떻게 형성되어왔으며 앞으로 어떻게 변화할 것인지, 그에 따라 우리는 어떤 준비를 할 것인가를 설명해준다. 궁극적으로는 남과 북이 문화적 이질성을 극복하고 ‘공동체성’을 회복하는 데 꼭 필요한 상호이해의 밀알을 제공하는 저작이다.","['사회과학', '통일/북한관계', '북한학 일반']"
10339,길 위에서 만난 북한 근현대사,테사 모리스 스즈키 지음; 서미석 옮김,현실문화연구,2019,981.02 스77ㄱ서 c.2,9788970000000,https://search1.kakaocdn.net/thumb/R120x174.q85/?fname=http%3A%2F%2Ft1.daumcdn.net%2Flbook%2Fimage%2F4871212%3Ftimestamp%3D20250214125853,"1910년, 화가 에밀리 켐프가 만난 ‘조선’ 2010년, 역사학자 테사 모리스 스즈키 만난 ‘북한’ 그들은 왜 그곳에 가고 싶어 했고, 그곳에서 무엇을 보았을까? 『길 위에서 만난 북한 근현대사』는 100년의 시차를 두고 근대 초의 조선과 현대의 북한을 왕래한 두 여성의 이야기를 담고 있다. 1910년 영국의 화가 에밀리 켐프는 하얼빈에서 단둥을 거쳐 평양, 서울, 부산, 원산, 금강산으로 이어지는 여행을 하며 ‘조선’의 풍광과 사람들을 애정 어린 시선으로 모습을 보여준다. 그로부터 100년 뒤 세계적인 역사학자 테사 모리스 스즈키는 켐프의 여정을 최대한 따르며 현재의 ‘북한’을 보여준다. 에밀리 켐프와 테사 모리스 스즈키의 여행을 통해 가보고 싶지만 여전히 갈 수 없는 그곳의 과거에서 현재까지의 모습을 바라볼 수 있을 것이다.","['역사', '북한사']"
10340,길 위에서 만난 북한 근현대사,테사 모리스 스즈키 지음; 서미석 옮김,현실문화연구,2019,981.02 스77ㄱ서,9788970000000,https://search1.kakaocdn.net/thumb/R120x174.q85/?fname=http%3A%2F%2Ft1.daumcdn.net%2Flbook%2Fimage%2F4871212%3Ftimestamp%3D20250214125853,"1910년, 화가 에밀리 켐프가 만난 ‘조선’ 2010년, 역사학자 테사 모리스 스즈키 만난 ‘북한’ 그들은 왜 그곳에 가고 싶어 했고, 그곳에서 무엇을 보았을까? 『길 위에서 만난 북한 근현대사』는 100년의 시차를 두고 근대 초의 조선과 현대의 북한을 왕래한 두 여성의 이야기를 담고 있다. 1910년 영국의 화가 에밀리 켐프는 하얼빈에서 단둥을 거쳐 평양, 서울, 부산, 원산, 금강산으로 이어지는 여행을 하며 ‘조선’의 풍광과 사람들을 애정 어린 시선으로 모습을 보여준다. 그로부터 100년 뒤 세계적인 역사학자 테사 모리스 스즈키는 켐프의 여정을 최대한 따르며 현재의 ‘북한’을 보여준다. 에밀리 켐프와 테사 모리스 스즈키의 여행을 통해 가보고 싶지만 여전히 갈 수 없는 그곳의 과거에서 현재까지의 모습을 바라볼 수 있을 것이다.","['역사', '북한사']"
10341,인민의 얼굴,한성훈 지음,돌베개,2019,309.1111 한54ㅇ,9788970000000,https://search1.kakaocdn.net/thumb/R120x174.q85/?fname=http%3A%2F%2Ft1.daumcdn.net%2Flbook%2Fimage%2F4983479%3Ftimestamp%3D20231110172836,"오해와 편견을 넘어서, 살아 있는 인민을 만나다! 북한 사람들의 생활과 감정을 이해하는 21장의 키워드 북한에는 어떤 사람들이 사는가. 그들은 어떻게 살고 무엇을 욕망하는가. 북한 사람들에 대한 실재적이고 현재적인 탐구서인 이 책은 분단과 냉전 체제를 살아온 인민의 생활과 그 구조를 살펴본다. 이들에게 냉전이라는 정치적 현상은 어떤 생활세계의 변화로 이어졌는지, 인민들의 일상은 어떻게 구성되는지, 또한 북한 체제의 공식 의제 아래에서 작동하는 비공식 담론의 형태와 그 속마음은 어떤지 엿보고자 한다. 이를 통해 남한 사람들에게 피상과 선입견의 영역인 ‘다른 나라’ 북한 인민의 삶과 마음, 그 얼굴을 마주하고자 한다.","['사회과학', '통일/북한관계', '북한학 일반']"
10342,유라시아 견문. 3: 리스본에서 블라디보스토크까지,이병한 지음,서해문집,2019,980.24 이44ㅇ v.3,9788970000000,https://search1.kakaocdn.net/thumb/R120x174.q85/?fname=http%3A%2F%2Ft1.daumcdn.net%2Flbook%2Fimage%2F4847865%3Ftimestamp%3D20221011184505,"젊은 역사학자 이병한은 지난 2015년 2월부터 3년 여정의 ‘유라시아 견문’을 시작한 이래 유라시아 곳곳을 누비며 이제 막 견문의 반환점을 돌고 있다. 이 기나긴 여정에서 저자가 목도한 것은 패궈적 세계체제 자체가 끝났다는, 그리고 근대 이전까지 존속해왔던 거대한 유라시아망이 다시 연결·복원되는 지각변동의 시대를 맞고 있다는 것이었다. 즉, 세계는 지금 ‘유라시아 재통합’의 길로 향하고 있다는 것이 저자의 진단이다. 『유라시아 견문』 제3권은 이병한의 ‘유라시아 재통합’ 현장 견문 3부작 중 마지막 번째 책으로, 유라시아의 어제와 오늘을 씨실과 날실처럼 종횡무진 엮으며 다채로운 중층의 ‘유라시아/사’를 재구성한다. 현재 유라시아 곳곳에서 벌어지고 있는 격동의 순간들을 ‘현장에서’ 실시간으로 담아내는 유라시아-사(事)이자, 지난 세기 동안 단절되고 일그러진 유라시아-사(史)를 온전히 복원해냄으로써 1990년대 등장한 동아시아론에서 한층 진일보한 유라시아론을 제기한다.","['인문학', '문화/문화이론', '문명/문명사']"
10343,유라시아 견문. 2: 히말라야에서 지중해까지,이병한 지음,서해문집,2018,980.24 이44ㅇ v.2,9788970000000,https://search1.kakaocdn.net/thumb/R120x174.q85/?fname=http%3A%2F%2Ft1.daumcdn.net%2Flbook%2Fimage%2F1049368%3Ftimestamp%3D20221011191414,"『유라시아 견문』 제2권은 히말라야에서 지중해까지 아우르는 거대한 인도양 세계와 아랍 세계를 조망한다. 인도와 파키스탄과 방글라데시의 분할로 이어지는 남아시아의 대분할체제, 그리고 오스만제국 이후 아랍의 분열과 냉전으로 이어지는 서아시아 대분열체제의 기원과 역사를 추적한다.","['인문학', '문화/문화이론', '문명/문명사']"
10344,유라시아 견문. 1: 몽골 로드에서 할랄 스트리트까지,이병한 지음,서해문집,2016,980.24 이44ㅇ v.1,9788970000000,https://search1.kakaocdn.net/thumb/R120x174.q85/?fname=http%3A%2F%2Ft1.daumcdn.net%2Flbook%2Fimage%2F1050286%3Ftimestamp%3D20221011182048,"젊은 역사학자 이병한은 지난 2015년 2월부터 3년 여정의 ‘유라시아 견문’을 시작한 이래 유라시아 곳곳을 누비며 이제 막 견문의 반환점을 돌고 있다. 이 기나긴 여정에서 저자가 목도한 것은 패궈적 세계체제 자체가 끝났다는, 그리고 근대 이전까지 존속해왔던 거대한 유라시아망이 다시 연결·복원되는 지각변동의 시대를 맞고 있다는 것이었다. 즉, 세계는 지금 ‘유라시아 재통합’의 길로 향하고 있다는 것이 저자의 진단이다. 『유라시아 견문』 제1권은 이병한의 ‘유라시아 재통합’ 현장 견문 3부작 중 첫 번째 책으로, 그러한 반전시대를 증명하는 거대한 주석이자 생생한 사례이다. 동아시아를 넘어 유라시아 전체의 과거-현재-미래를 함께 조망하며 역사사회학적인 시선으로 포스트-근대를 그려본다. 아울러 자본주의 이후, 민주주의 이후를 고민하며 좌/우, 동/서, 고/금의 합작을 통해 한국 사회가 나아가야 할 새로운 ‘다른 백 년’의 길을 모색한다.","['인문학', '문화/문화이론', '문명/문명사']"
10345,지정학의 포로들,정의길 지음,한겨레출판,2018,340.98 정67ㅈ,9791160000000,https://search1.kakaocdn.net/thumb/R120x174.q85/?fname=http%3A%2F%2Ft1.daumcdn.net%2Flbook%2Fimage%2F1598675%3Ftimestamp%3D20240720112241,"갈등과 분쟁이 변수가 아니라 상수가 된 오늘날의 혼란스러운 세계를 ‘지정학’이라는 도구로 명쾌하게 해석하는 『지정학의 포로들』. 이슬람 무장세력의 역사를 다룬 《이슬람 전사의 탄생》으로 세계질서의 본질을 날카롭게 파헤쳤던 저자가 이번에는 지정학이라는 개념을 통해 세계의 큰 흐름을 담대하게 조망한다. '한겨레' 국제 분야 선임기자로 30여 년간 국제 문제를 분석해온 저자의 내공이 총망라된 이 책은 끊임없이 이어지는 국제분쟁의 양상을 짚고 현안을 분석하는 데 완벽한 안내자가 되어줄 것이다. 인류에게 숙명적으로 주어지는 첫 조건인 지정학은 국제정세를 해석하는 데 가장 중요한 개념으로, 그 핵심은 위치와 공간이다. 저자는 국제 관계를 움직이는 모든 사건들은 이처럼 위치와 공간의 개연성을 가지고 있기 때문에 지정학적인 관점에서 보지 않고서는 그 본질을 이해하는 것이 불가능하다고 이야기며 바로 이것이 오늘날 우리가 지정학에 주목해야 하는 이유라고 강조한다. 저자는 국내에서 시사 현안을 말할 때 수사적 표현에만 머물던 지정학의 구체적 내용을 20세기 이후 벌어진 역사적 사건을 예시로 소개한다. 특히 20세기 이후 세계 패권 싸움의 플레이어들이던 미국, 러시아, 영국, 독일, 중국 등의 지정적 위상과 전략을 나라와 지역별로 구체적으로 소개한다. 그 나라와 지역들이 어떠한 지정적 위상에 처해왔는지, 그 조건에서 어떤 전략들을 추구했는지, 이후 역사는 어떻게 전개되었는지를 역사적 흐름에 따라 살펴보고 맥락을 짚는다.","['사회과학', '지리학/지정학', '지정학']"
10346,밥데기 죽데기,권정생 글; 박지훈 그림,바오로딸,2004,813.6 권74ㅂ c.2,9788930000000,https://search1.kakaocdn.net/thumb/R120x174.q85/?fname=http%3A%2F%2Ft1.daumcdn.net%2Flbook%2Fimage%2F506253%3Ftimestamp%3D20240217024633,"권정생 창작동화 『밥데기 죽데기』. 이 책은 <몽실언니>의 저자인 권정생의 작품으로, 늑대 할머니와 달걀 귀신인 밥데기, 죽데기라는 사랑스런 주인공들이 펼치는 아름다운 이야기다.","['어린이', '동화/명작/고전', '국내창작동화']"
10347,밥데기 죽데기,권정생 글; 박지훈 그림,바오로딸,2004,813.6 권74ㅂ,9788930000000,https://search1.kakaocdn.net/thumb/R120x174.q85/?fname=http%3A%2F%2Ft1.daumcdn.net%2Flbook%2Fimage%2F506253%3Ftimestamp%3D20240217024633,"권정생 창작동화 『밥데기 죽데기』. 이 책은 <몽실언니>의 저자인 권정생의 작품으로, 늑대 할머니와 달걀 귀신인 밥데기, 죽데기라는 사랑스런 주인공들이 펼치는 아름다운 이야기다.","['어린이', '동화/명작/고전', '국내창작동화']"
10348,70년의 대화,김연철 지음,창비,2018,340.911 김64ㅊ,9788940000000,https://search1.kakaocdn.net/thumb/R120x174.q85/?fname=http%3A%2F%2Ft1.daumcdn.net%2Flbook%2Fimage%2F534865%3Ftimestamp%3D20231124172301,"해방 직후 분단을 겪고 두개의 정부가 수립된 무렵부터 오늘날 평창 동계올림픽을 앞두고 대화를 재개하기까지, 남북관계의 결정적 장면을 속도감 있게 그리는 한편 관계의 정곡을 파고든 『70년의 대화』. 1950년대 정전협정부터 북핵문제에 이르는 남북관계의 지난날을 수동이 아닌 능동의 지혜로, 좁은 눈이 아닌 넓은 눈으로, 단절이 아닌 역사의 지속으로 조망한다. 돌이켜볼 때 남북관계는 대결하다가도 협력하고 전쟁위기까지 갔다가 협상 테이블로 돌아오며 가다 서다를 반복해왔고, 그 사이사이를 ‘대화’가 이어오고 있었다. 저자는 이 책에서 이승만, 박정희, 전두환·노태우, 김영삼, 김대중·노무현, 이명박·박근혜 정부까지 7개의 시대, 7가지 대북정책을 통해 오늘날 남북관계를 들여다본다. 국제정치 질서와 국내정치 상황에 따라 대결과 악화, 접촉과 협력을 반복해온 지난 정부의 대북정책을 남북관계의 성격에 따라 시대별로 조망하면서 그날그날의 긴박한 뉴스를 정치적으로 조성된 불안이나 공포와 거리를 두고 꿰뚫는 눈을 얻게 해준다. 문재인 정부의 국가안보실 자문위원을 맡고 있는 저자는 ‘대화’를 통한 대북정책에 방점을 두고 있는 새 정부에 남북관계를 바라볼 때 흔히 북한의 대남정책을 중시하던 데서 눈을 돌려, 종전과 평화정착 과정에서 한국의 주도적 역할과 대북정책이 무엇보다 중요하다는 것을 강조한다.","['사회과학', '통일/북한관계', '통일문제']"
10349,이재봉의 법정 증언,이재봉 지음,들녘,2019,340.4 이73ㅇ,9788980000000,https://search1.kakaocdn.net/thumb/R120x174.q85/?fname=http%3A%2F%2Ft1.daumcdn.net%2Flbook%2Fimage%2F1054924%3Ftimestamp%3D20231111145407,"[이재봉의 법정 증언]은 2008년부터 2014년까지 국가보안법 관련 재판에서 증언해왔던 내용들을 《프레시안》에 연재했고, 그것을 수정 가필하여 책으로 묶어낸 것이다. 분단의 과정을 올바로 이해하고 통일을 평화적 수단으로 이루어나가자는 것이 저자의 일관된 주장이다. 이에 저자는 해방공간에서부터 현재까지 명시적인 국가보안법과 암묵적인 사회분위기로 금기시되어온 김일성 등의 북한 지도자들, 연방제 등의 통일 방안, 분단에서 미국의 역할과 반미주의, 통일운동의 역사와 방법 등 민감한 주제들을 학문적 연구에 기반하여 치우침 없이, 그리고 주저 없이 털어놓는다.","['사회과학', '통일/북한관계', '북한학 일반']"
10350,(교실에서 만나는)평화·통일교육 24가지 방법,"김세진, 안영욱, 이성주, 이효정 공지음",한결하늘,2020,349.81 김54ㅍ,9791190000000,https://search1.kakaocdn.net/thumb/R120x174.q85/?fname=http%3A%2F%2Ft1.daumcdn.net%2Flbook%2Fimage%2F5420453%3Ftimestamp%3D20221011191003," 10여 년의 현장 경험을 바탕에 둔 평화·통일교육을 위한 안내서 경기평화교육센터가 10여 년 동안 경기도를 비롯해 전국 곳곳을 누비며 진행한 평화·통일교육의 수업 사례들을 소개한다. 당위적인 설명, ‘답정너’와 같은 통일교육이 아닌 평화의 가치를 소중히 여기며, 학생들과 소통하고 학습자가 스스로 통일의 의미를 만들어 가도록 노력해왔던 수업 내용을 실질적인 사례와 함께 보여준다. 평화·통일 교육에서 다룰 수 있는 다양한 소주제별 활동, 교사와 학생 모두에게 도움 되는 정보까지 담고 있는 책 평화·통일 교육을 도덕, 윤리 교과에서만 다루는 것이 아니라 사회, 역사 교과 등 다양한 교과에서 다룰 수 있는 소주제별 활동을 일목요연하게 정리했다. 또 해당 활동과 연계할 수 있는 최신 정보들을 제공하여 평화·통일 수업을 준비하는 교사들에게 실질적 도움을 제공할 수 있다. 부담 없이 적용할 수 있는 재미있는 수업 활동으로 평화·통일 교육 활성화에 기여할 수 있는 책 분단 70여 년 동안 지속되어 온 색깔 논쟁과 학생들의 무관심 등으로 인해 학교 현장의 교사들은 통일 수업에 대한 부담을 많이 느낀다. 학생들이 가볍게 할 수 있는 보드 게임, 빙고 게임, 마인드맵의 새로운 버전 등을 이용한 평화·통일 수업 사례는 교사들에게 통일 수업에 대한 부담을 줄이고 학생들의 흥미를 바탕으로 평화·통일 주제를 다룰 수 있도록 돕는다.","['사회과학', '교육학', '교육 일반']"
10351,북한지리백서,"박수진, 안유순 편",푸른길,2020,981.11 박56ㅂ,9788960000000,https://search1.kakaocdn.net/thumb/R120x174.q85/?fname=http%3A%2F%2Ft1.daumcdn.net%2Flbook%2Fimage%2F5480750%3Ftimestamp%3D20220807192819,"북한과의 경계인 휴전선은 서울에서 50㎞도 떨어져 있지 않다. 게다가 인구의 절반이 거주하는 수도권 바로 북쪽에 북한이 있다. 북한은 이처럼 필연적으로 주변의 어느 이웃보다 우리에게 큰 영향을 주게 되어 있다. 그러나 북한에 대한 우리 사회의 무관심과 냉소주의는 나날이 깊어지고 있다. 여기에는 그동안 반복되어 온 북한의 도발 외에도 우리가 일상에서 보고 듣는 북한 뉴스에 그 원인이 있다. 매체를 통해 보도되는 북한에 대한 뉴스는 북한 최고지도자의 근황과 같이 정치·경제적인 내용이 대부분이다. 이러한 뉴스에는 그것이 우리와 시공간적으로 어떤 관계가 있는지에 대한 정보가 빠져 있다. 즉 우리가 접하는 북한 정보에 지리적 맥락이 결여됨으로써 현실감 있게 다가오지 않는 것이다. 이러한 추세가 우려스러운 이유는 그것이 우리의 생존과 직결되는 문제이기 때문이다. 2009년 북한에서 사전 통보도 없이 황강댐을 개방하여 그 하류 지역에 거주하는 연천군 주민 6명이 사망하는 일이 있었다. 계속되는 황강댐 무단 방류에 대해 우리 정부는 2010년부터 군남댐을 설치하여 수위를 조절하는 방식으로 대응하고 있다. 그러나 수문 개방과 수자원 관리에 대한 남북한 공동의 이해와 합의가 이루어지지 않는 한, 2020년 여름을 강타한 세 차례의 태풍처럼 예측 불가능한 자연재해 속에 또 다른 참사가 일어나는 것은 시간문제이다. 남과 북은 한반도라는 땅을 나눠 살아가야 하는 운명이다. 북한에 대한 무관심은 곧 우리 삶과 안전에 대한 무책임이기도 하다. 북한의 인문과 자연, 환경을 총망라한 최초의 북한지리 전문서 이 책은 북한에 대한?인식의 부족을 극복하기 위한 정보를 제공하고, 북한 공간정보의 부족을 개선할 수 있는 방법론을 제시하고자 기획되었다. 이를 통해 북한 지식에 결여되었던 시각, 즉 지리적 맥락을 보완하여 우리가 북한에 대해서 더 잘 이해하게 되는 것을 목표로 한다. 이러한 목표를 위해 각 분야를 대표하는 북한 전문가들이 한자리에 모였다. 북한의 행정구역과 지명을 비롯해 북한의 지형·지질, 기후, 식생, 자연생태계와 경제·산업, 교통인프라 등 총 13장의 원고를 한 권의 책으로 묶었다. 구체적으로 이 책은 다음의 세 가지 방식을 사용하여 기술되었다. 첫째, 이 책의 전체적인 내용은 북한의 자연환경지리를 중심축으로 하여 북한의 인문사회지리를 기술하는 형태로 구성되었다. 둘째, 각 장의 내용 구성은 각 분야의 기본 개념 및 방법론을 설명하고, 관련 연구 현황을 소개하며, 전망을 제시하는 형태로 이루어졌다. 셋째, 해당 분야와 북한의 현황에 대한 심화 지식을 전달하기 위해, 관련 분야의 북한 연구에 대해 ‘더 읽을 거리’를 제공하였다. 앞으로 북한이 어떻게 변화할지, 남북 간 통일은 이루어질 수 있을지, 이것이 우리 모두에게 긍정적일지에 대해서는 많은 이견이 있을 수 있다. 다만 남과 북이 평화를 유지하고 경제·사회적으로 번영하는 한반도를 추구해야 한다는 지향점을 부정하기는 쉽지 않을 것이다. 우리가 서... 있는 이 땅의 평화와 번영에 한 걸음 더 다가가기 위해서는 북한에 대한 지리학적 사고와 지식이 필요하다. 이 책이 최초의 북한지리 전문서로서 남북 협력과 번영의 길로 가는 시작점이 될 것으로 기대되는 이유다.","['대학교재/전문서적', '사회과학계열', '지리학']"
10352,한반도의 전쟁과 평화,이삼성 지음,한길사,2019,349.81 이52ㅎ,9788940000000,https://search1.kakaocdn.net/thumb/R120x174.q85/?fname=http%3A%2F%2Ft1.daumcdn.net%2Flbook%2Fimage%2F526390%3Ftimestamp%3D20231124164515,"『한반도의 전쟁과 평화: 핵무장국가 북한과 세계의 선택』은 한반도를 삶의 터전으로 삼고 있는 사람들이 주축이 되어 전쟁을 막고 평화를 일구는 길을 천착해온 이삼성(한림대학교 교수)의 사유를 담은 책이다. 수없이 많은 팩트를 꼼꼼하게 점검하는 한편 현실을 종합적으로 아우르는 거대 담론까지 검토하며, 저자는 사법적·군사적 접근이 아닌 정치적·외교적 접근을 통해서만 한반도 문제의 근본적 해결을 모색할 수 있다고 주장한다. 현실의 질곡을 만들어내는 복합적인 현실의 구조를 드러내고, 이를 제대로 보지 못하게 만드는 왜곡된 인식 체계를 공격해 무력화시키는 것이 그의 주된 작업이다(『한겨레』 2018년 4월 27일자). 저자는 무력으로는 결코 한반도에 평화를 정착시킬 수 없다고 강조한다. 그는 전면전이 시작하면 중국 인민해방군이 자위를 명분으로 전쟁에 개입하고, 이는 미국과 중국이 주도하는 새롭고도 영속적인 분단을 야기한다고 역설한다. 그렇다면 해법은 대화뿐이다. 저자는 북한이 그간 요구한 것은 '미국의 대북 적대시 정책 무력화'라며 국제법적 구속력이 있는 평화체제를 보장해야 북한이 비핵화를 받아들일 수 있다고 전망한다. 그는 '정상국가'로 나아가려는 북한에는 경제·군사 분야에서 중국으로부터 탈피, 미국이 주는 군사적 공포 해소가 필요하다고 분석하면서 이 지점에서 한국이 일국에 치우치지 않는 균형외교를 통해 일정한 역할을 할 수 있다고 주장한다. 저자는 한국이 균형외교의 길을 걸어야만 북한은 새로운 외교적 공간에서 자주외교를 할 수 있다며 여기에는 핵무장 해체를 포함하는 북한과 미국 간 대타협 가능성도 포함된다고 강조한다(『연합뉴스』, 2018년 4월 26일자). 북한의 평화 제스처가 기만적인 술책에 불과하기에 화답은 북한의 시간 벌기 전략에 넘어가는 것이라고 주장하는 이들은 이 책에 담긴 역사해석과 처방에 격렬하게 반대할 것이다. 하지만 저자는 북한은 이미 핵무장을 완성했다고 강조한다. 시간을 벌려고 하는 게 아니라 이미 완성한 핵무장과 장거리핵미사일 능력을 바탕으로 평화협상을 제기하고 있다는 것이다. 한·미 양국에게 군사행동의 리스크는 이제 더욱 커졌다. 회담에 응하는 것이 마치 북한을 타격할 얼마 남지 않은 절호의 기회를 포기하는 잘못인 양 비판하는 것은 사태 파악을 거꾸로 잘못하는 것이다. 또한 저자는 북한의 리더십 변화도 주목한다. 김정은에겐 김일성, 김정일과 중요한 다른 점이 있다는 것이다. 그의 할아버지와 아버지는 경제와 사회에 대한 완벽한 전체주의적 통제에 익숙하고 시장을 두려워했다. 김정은은 경제와 사회에 대한 완벽한 전체주의적 통제에 미련이 없다. 시장이라는 호랑이 등에 기꺼이 올라타려 하고 있다. 젊은 지도자답게 모험을 두려워하지 않는다. 전통적인 지도자들과 달리 김정은, 트럼프는 자유로운 스타일이다. 문재인 대통령은 과감하면서도 신중하게 관계를 조율하는 데 능한 성격이다. 결론적으로 저자가 분석하기에 대국적인 대타협을 이루어야 할 북한과 미국, 그리고 그것을 섬세하게 조율해내...야 할 한국, 이 세 나라의 지도자로서 김정은, 트럼프, 문재인은 절묘한 궁합을 이룬다. 그만큼 실기해서는 안 될 귀중한 역사적 조건이라는 말이다. 저자는 동아시아 차원에서도 북한 핵문제를 바라본다. 분단국가체제하의 한반도는 동아시아의 발칸으로 남을 수밖에 없다. 동아시아 다른 사회들에게도 미안한 일이다. 한반도가 분단을 극복하고 평화적 통합을 이루게 되면 태평양과 유라시아대륙을 연결하고 통합하며 이 지역의 공동안보를 구축하는 지적·외교적 균형자 역할을 실질적으로 확대할 수 있게 된다. 분단국가체제하의 한국은 경제적 성숙에서도 민주주의의 성숙에서도 근본적인 한계 상황에 갇힐 수 있다. 7,500만 한반도인 모두에게 평화적 통합은 그것 자체가 갈등과 전쟁의 위기를 끝낼 국가안보이며, 북한 인권 문제를 해결할 인간 안보다. 또한 한반도의 평화적 통합은 동아시아 공동안보에 이바지하는 획기적인 전기가 될 것이다(『중앙일보』는 2018년 4월 28일자).","['사회과학', '정치학/외교학/행정학', '외교정책/외교학']"
10353,전쟁을 평화로 바꾸는 방법,루이즈 암스트롱 글; 서애경 옮김; 서현 그림,평화를품은책:꿈교출판사,2020,349 암57ㅈ서,9791190000000,https://search1.kakaocdn.net/thumb/R120x174.q85/?fname=http%3A%2F%2Ft1.daumcdn.net%2Flbook%2Fimage%2F1623146%3Ftimestamp%3D20250110113812,"『전쟁을 평화로 바꾸는 방법』은 전쟁의 참상과 비극성을 알리기보다는, 그보다 먼저 전쟁이 왜 일어나는지를 질문하면서 동시에 평화에 이르는 길을 아이들과 함께 고민함으로써 전쟁 없는 세상에 대한 희망을 그리는 그림책이다. 저자 루이즈 암스트롱은 아이들 놀이 현장으로 곧장 들어가서, 싸우면서 노는 놀이를, 싸우지만 화해하면서 노는 놀이로 바꾼다. 더하여 어려운 한자어로 된 군사 용어에 대한 설명을 글 속에 풀어냄으로써 개념을 파악하도록 돕는다. 저자가 아이들에게 제안하는 평화로 이르는 해결책은 세 가지가 있다. 특히나 이 그림책 속에서 두 주인공 아이가 선택하는 해결책이 ‘평화 통일’이라는 점이, 세계에서 유일한 분단국으로 남아 있는 한국 독자들에게 각별히 의미 있게 다가온다.","['어린이', '동화/명작/고전', '외국창작동화']"
10354,갈색 아침,프랑크 파블로프 글; 레오니트 시멜코프 그림; 해바라기프로젝트 옮김,휴먼어린이,2020,863 파47ㄱ해,9788970000000,https://search1.kakaocdn.net/thumb/R120x174.q85/?fname=http%3A%2F%2Ft1.daumcdn.net%2Flbook%2Fimage%2F920814%3Ftimestamp%3D20240830112651,"『갈색 아침』은 민주 시민으로서 우리가 어떤 의식을 가지고, 주체적인 사고를 가져야 하는지 알려주는 그림책입니다. 흥미로운 이야기와 함께 민주주의를 배우고 민주주의의 소중함을 마음에 세길 수 있습니다. 민주주의를 지켜내지 못한다면 우리의 삶이 얼마나 망가지고 황폐해지는지 보여줌으로써 민주 시민의 역할을 지켜나가도록 안내해줍니다. 나와 내 친구 샤를리는 평범하고 즐겁게 살고 있었습니다. 그런데 어느 날 갈색이 아닌 개와 고양이를 모두 없애라는 법이 생겼습니다. 우리는 마음이 아팠지만 조용히 그 법을 따랐습니다. 아무도 법이 잘못 되었다고 말하지 않았습니다. 그러자 정부에서는 예전에 키우던 개와 고양이가 갈색이 아니어도 죄가 된다고 말하기 시작하는데….","['어린이', '초등 전학년', '그림책']"
10355,배를 돌려라,하승수 지음,한티재,2019,330.911 하57ㅂ,9791190000000,https://search1.kakaocdn.net/thumb/R120x174.q85/?fname=http%3A%2F%2Ft1.daumcdn.net%2Flbook%2Fimage%2F5110727%3Ftimestamp%3D20221011181728,"위기의 시대이고 격변을 앞두고 있는 시대이다. 기후위기는 날로 심각해지고, 불평등은 날로 심해지고, 불안은 커지고, 미래가 보이지 않는다. “있을지 없을지 모르는 미래를 위해 공부하는 것이 무슨 의미가 있는가”라는 스웨덴 청소년 그레타 툰베리의 말이 옳다. 지금과 같은 사회, 지금과 같은 삶의 방식이 그대로 유지될 수 있다고 생각하는 것은 환상이다. 그래서 큰 변화가 필요하다. ‘대전환’이 필요하다. 지구도 그렇고, 대한민국도 그렇다. 그런데 대한민국이라는 배는 지금 잘못된 방향으로 가고 있다. 배가 잘못된 방향으로 가고 있을 때 해야 할 일은 배의 방향을 돌리는 것이다. 배의 속도를 늦추는 것은 해법이 될 수 없다. 녹색당 공동운영위원장이자 비례민주주의연대 대표인 하승수는 이 책에서 대한민국이라는 배의 방향을 돌릴 방법을 제안한다.","['사회과학', '한국정치사정/정치사', '한국정치사정/정치사-일반']"
10356,영국 청년 마이클의 한국전쟁,이향규 지음,창비,2019,911.0723 이93ㅇ,9788940000000,https://search1.kakaocdn.net/thumb/R120x174.q85/?fname=http%3A%2F%2Ft1.daumcdn.net%2Flbook%2Fimage%2F5082734%3Ftimestamp%3D20231124174706,"한반도의 평화를 위해서뿐만 아니라 세대 간의 평화를 위해서도 한국전쟁은 ‘지긋지긋한 옛이야기’여서는 안 된다. 특히 한반도 정세가 중대한 국면에 접어들수록 이 전쟁은 우리 공동의 기억이 되어야 한다. 이주민?다문화 관련 활동가이자 연구자인 이향규가 한국전쟁에 참전한 병사들의 죽음을 애도하고 아버지세대의 전쟁경험을 돌아보는 책 『영국 청년 마이클의 한국전쟁』을 펴냈다. 실향민 아버지를 둔 분단국의 당사자이자 전쟁을 기억하고 추모하는 일을 연구하는 학자로서 한국전쟁이 우리 마음에 남긴 흔적과 우리 사회에 새긴 상처를 보듬는 글을 담았다. 남북정상회담이 성사되며 남북관계에 큰 진전이 있던 2018년 봄, 저자는 평화와 통일을 기원하고 전쟁세대를 애도하는 긴 여행을 시작했다. 그 여정에서 참전군인들이 남긴 오래된 사진과 사연, 부산 유엔군묘지에 묻힌 스무살 청년의 매장기록 그리고 전쟁 중 피난길에 나섰던 아버지가 당시에 남긴 일기를 살피면서, 아직 끝나지 않은 전쟁을 다시 써내려가기로 결심했다. 누렇게 바랜 오래된 기록 속에 감춰져 있던 전쟁의 기억을 들여다보고, 이 비극을 경유하며 송두리째 뒤집힌 삶의 세부를 어루만지며, 분단과 갈등의 역사가 평화로 이어지기를 바라는 마음을 진솔하게 전한다. 전쟁의 고통을 겪은 세대에 위로를 보내는 저자의 따뜻한 고백은 갈등을 끝내고 화해로 향하는 길에 나선 우리 모두에게 보내는 응원의 메시지이다. 유엔군으로 한국전쟁에 참전했으나 고국에 돌아가지 못하고 부산에 묻힌 영국 청년 마이클의 사연을 비롯해 수많은 전사자의 시신을 수습했던 기억을 평생 안고 살아가는 영국 노인 제임스, 그리고 북에 두고 온 가족을 끝내 만나지 못하고 세상을 떠난 저자의 아버지까지, 각각의 이야기를 찾아나서는 여정을 통해 세대를 뛰어넘는 새로운 평화를 이야기한다. 영국과 한국의 ‘노인’들이 들려주는 한국전쟁의 진실, 그것은 누군가에게는 그야말로 너무도 길었던 한 생이었음을 증언한다.","['사회과학', '사회학', '사회학 일반']"
10357,소년이 이어도로 간 까닭은,이어도연구회 지음,이어도연구회,2020,813.6 이64ㅅ,9791200000000,https://search1.kakaocdn.net/thumb/R120x174.q85/?fname=http%3A%2F%2Ft1.daumcdn.net%2Flbook%2Fimage%2F5502060%3Ftimestamp%3D20230325154801,20세기 말까지만 해도 아무도 본 적이 없는 ‘상상 속의 섬’이자 유토피아였던 이어도. 실제 이어도는 섬이 아닌 수중 암초이다. 그럼에도 우리 역사와 설화 속에서 유토피아로 그려진 이어도는 2003년 국내 최초 해양과학기지가 지어져 중요한 곳으로 다시 태어났다. 이에 따라 이어도연구회는 중·고등학교 청소년들에게 이어도에 대한 친숙함을 높이기 위해서 『소년이 이어도로 간 까닭은』을 펴냈다.,"['청소년', '청소년 문학', '청소년 소설']"
10358,(성공하려거든 인성을 길러야)맛있는 논어 콩지랑 읽어요,이준자 지음,역사인,2020,148.3 이76ㅁ,9791190000000,https://search1.kakaocdn.net/thumb/R120x174.q85/?fname=http%3A%2F%2Ft1.daumcdn.net%2Flbook%2Fimage%2F5506857%3Ftimestamp%3D20221209164715,"작가는 교직에 종사하면서 틈틈이 책을 읽고 글감을 모아 지난해 ‘논어, 감성으로 읽다’에 이어 ‘맛있는 논어, 콩지랑 읽어요’를 펴냈다. ‘논어’라는 텍스트가 다양한 색깔, 다양한 메시지를 전하고 있기에 딱 한권으로 담아낼 수 없다고 본 것이다. 이전 책은 ‘감성’이라는 키워드로 ‘논어’를 해체해서 본 것이라면 금번 책은 원 텍스트의 편명 그대로, 원문을 중심으로 해설한 것이다. ‘논어’의 내용이 자칫 어렵고 딱딱하다는 편견을 불식시키기 위해 아름다운 고궁 혹은 오늘의 멋진 호텔을 콩지와 함께 맛 기행 하는 형식을 빌어 가능하면 쉽게 접근하고자 한 작가의 의도가 엿보인다. 이것은 작가가 독단적으로 생각한 것이라기보다 공자님의 제자 자공이 스승의 가르침을 빗대어 웅대한 고궁으로 표현한 데서 착안한다. 마치 고궁의 높은 담장만큼이나 가르침의 깊이를 헤아릴 수 없고 들어갈 입구를 찾을 수 없을 만큼 여러 길, 만 길 깊이를 지니고 있다는 표현에 주목한 것이다. 이 책은, ‘논어’ 전체 20편을 다섯 편씩 묶어 맛있고 건강한 음식이 사람의 신체에 주는 효과를 연상하면서 구절구절 공자님의 진의에 가깝게 풀이하고 있다. 어린 학생부터 누구나 쉽게 접근할 수 있을 것이다. 좋은 글귀, 멋진 내용의 책을 읽으면 사람의 뇌신경이 반응을 한다는 점에 착안했다고 한다. 이 점은 오늘의 뇌과학 분야에서 많은 입증을 해 주고 있다. 작가는 교직에 발을 들여 놓음과 동시에 꾸준히 동양 사상을 공부해 왔다. 더욱이 최근 몇 년 사이 다양한 책 읽기 활동을 활발히 하면서 많은 글감을 쌓아왔다. 이와 같은 활동을 바탕으로 ‘논어’ 원전을 탐독하게 되었는 바, 또 하나의 ‘논어’ 해설서가 나오게 된 것이다.","['인문학', '동양철학', '유교철학/주역', '공자/논어']"
10359,먼 그대,서영은 지음,새움출판사,2018,813.6 서64ㅁ-새움,9791190000000,https://search1.kakaocdn.net/thumb/R120x174.q85/?fname=http%3A%2F%2Ft1.daumcdn.net%2Flbook%2Fimage%2F1640607%3Ftimestamp%3D20221011173515,"등단 50년, 한국 대표 여성 작가 서영은의 자선(自選) 작품집 『먼 그대』. 43년 전 원고 대대적 수정도…“삶과 인간에 대한 탐색에 끝은 없어” 지난 1983년 「먼 그대」로 이상문학상을 수상하며 조용하면서도 강인한, 전례가 없는 한국의 여성상을 독자들에게 각인시켰던 서영은의 대표 작품집이 새롭게 출간됐다. 올해로 등단 50년. 작가는 「먼 그대」를 포함한 7편의 중ㆍ단편을 직접 선정했다. 명실상부, 작가의 자선(自選) 대표 선집이라 할 『먼 그대』는 1975년 발표된 초기작 「사막을 건너는 법」부터 2015년 발표된 단편 「묘수」까지 아우른다. 특히 단편 「사막을 건너는 법」의 게재 과정에서 작가가 보여준 파격은, 이번 작품집에 쏟은 그의 애정을 짐작하게 한다. 작가는 지난 연말 편집부에서 초교 상태의 원고를 건네받은 뒤, 출간 일정을 늦춰달라고 주문했다. 「사막을 건너는 법」을 대대적으로 손보겠다는 뜻을 전해왔다. 30대 초반에 쓴 원고를, 70대 중반에 다시 쓰기로 한 것이다. 원로 작가가 40여 년 전의 원고를 개작하기로 마음먹은 이유는 무엇일까? ‘작가의 말’의 한 대목이다.","['소설/시/희곡', '한국소설', '2000년대 이후 한국소설']"
10360,스몰 데이터,마틴 린드스트롬 지음; 최원식 옮김,로드북,2017,325.581 린27ㅅ최,9789000000000,https://search1.kakaocdn.net/thumb/R120x174.q85/?fname=http%3A%2F%2Ft1.daumcdn.net%2Flbook%2Fimage%2F1492871%3Ftimestamp%3D20231124165305,tvN 비밀독서단에 소개되어 널리 알려진 《누가 내 지갑을 조종하는가》의 저자 마틴 린드스트롬의 최신작 『스몰데이터』. 세계에서 가장 존경받는 최고의 브랜딩 전문가인 그가 이번에는 고객행동에 관한 새로운 접근법을 제시하였다. 고객 속으로 들어가 사소해보이지만 결정적인 통찰을 줄 수 있는 작은 데이터(스몰데이터)에 집중하라는 것이다. 그가 수집한 스몰데이터가 어떻게 해석되어 비즈니스에 결정적 영향을 주었는지 수많은 사례와 실천적 방법에 관한 이야기가 가득하다. 이 책을 통해 고객을 이해하기 위해 소극적 통계 의존자가 아닌 적극적 관찰자로 바뀌길 바란다.,"['경제경영', '마케팅/세일즈', '마케팅/브랜드']"
10361,윤리학,"루이스 포이만, 제임스 피저 공지음; 박찬구, 류지한, 조현아, 김상돈 공옮김",울력,2010,190 포895ㅇ박,9788990000000,https://search1.kakaocdn.net/thumb/R120x174.q85/?fname=http%3A%2F%2Ft1.daumcdn.net%2Flbook%2Fimage%2F1297907%3Ftimestamp%3D20221108003817,『윤리학: 옳고 그름의 발견』은 매키의 비판의 중대함을 인정하고 그 비판에 답한 것이다. 도덕적 발견의 정신 하에 오늘날의 중요한 도덕 이론들을 고찰한다.,"['인문학', '서양철학', '윤리학/도덕철학']"
10362,잠옷을 입으렴,이도우 지음,위즈덤하우스:위즈덤하우스미디어그룹,2020,813.6 이25ㅈ,9791190000000,https://search1.kakaocdn.net/thumb/R120x174.q85/?fname=http%3A%2F%2Ft1.daumcdn.net%2Flbook%2Fimage%2F5227067%3Ftimestamp%3D20250209123720,"라디오 작가 공진솔과 PD 이건의 쓸쓸하고 저릿한 사랑 이야기를 그린 소설 『사서함 110호의 우편물』로 수십만 독자들에게 감동을 선사한 작가 이도우의 두 번째 장편소설. 모암마을 외가에서 만난 이종사촌 자매 수안과 둘녕의 성장과 추억을 그린 이야기인 『잠옷을 입으렴』은 우리가 잊고 살아온 유년의 기억을, 혹은 경험해보지 못한 시절에 대한 향수를 아련히 떠올리게 하는 아프고 아름다운 성장소설이다.","['소설/시/희곡', '한국소설', '2000년대 이후 한국소설']"
10363,"30대 흙수저, 기적의 강남 입성기","강남흙수저, 부동삶, 자수성부 지음",Tornado(토네이도),2020,327.87 강192ㅅ,9791160000000,https://search1.kakaocdn.net/thumb/R120x174.q85/?fname=http%3A%2F%2Ft1.daumcdn.net%2Flbook%2Fimage%2F5465144%3Ftimestamp%3D20221011182205,"내 집 마련조차 버겁던 30대 흙수저가 5년 만에 ‘강남 아파트 입성과 건물주’라는 목표를 이룰 수 있었던 비결을 담았다. VIP 전담 자산관리사인 저자 강남흙수저는 상위 1% 부자들을 만나면서 그들이 시장을 읽는 방법과 자세, 그리고 투자 원칙에 관한 핵심 비밀을 알게 됐다. 그건 바로 ‘투자의 본질은 확률을 높이는 것에 있다’는 사실이었다. 저자는 “공부만 하는 바보와 공부도 하는 부자의 차이는 오직 실행력에 있다”고 말한다. 성공할 확률을 높이고 실패할 확률을 줄이는 법을 배워 행동으로 옮기면 누구나 목표한 지점에 다다를 수 있다는 뜻이다. 목표 세우기, 굳어진 사고의 틀 깨기, 시장의 규칙과 흐름 이해하기 등 강남 입성 확률을 높이는 7단계 실전 로드맵을 따라가다 보면 어느 순간, 새로운 길과 방향이 명확하게 보일 것이다. 지금 서울에 집을 사도 될까? 부동산 공부는 어떻게 해야 할까? 비싼 부동산 강좌를 찾아다니거나 공인중개사 자격증을 공부하면 감이 생길까? 어디를 사야 할까? 언제 사야 할까? 왜 계속 오를까? 언제 떨어질까? 이러한 질문들에 명쾌한 답을 제시하는 단 한 권의 책. 시시각각 변하는 대책과 강력한 규제가 시행되는 시장에서도 흔들리지 않는 투자 전략이 절실한 독자들을 위한 최고의 필독서이다.","['경제경영', '재테크/투자', '부동산/경매']"
10364,시인과 나,조남웅 지음; 조명진 해설,쿰란출판사,2019,811.6 조192ㅅ,9791160000000,https://search1.kakaocdn.net/thumb/R120x174.q85/?fname=http%3A%2F%2Ft1.daumcdn.net%2Flbook%2Fimage%2F5136315%3Ftimestamp%3D20221025132504,세계전통시인협회에서 신인문학상으로 등단한 조남웅 목사의 첫 시집으로 신앙의 기초 위에 철학의 기둥을 세우고 그 위에 문학의 지붕을 덮어 써 내려간 시들을 한데 모았다. 팔순부터 시를 쓰기 시작한 저자는 삼라만상을 시의 대상으로 삼고 풍성한 하나님의 은혜와 사랑을 저자만의 시어로 표현했다. “시를 쓴다는 것은 만물과 대화하는 것이다”라고 표현한 저자의 시를 아들인 조명진 박사가 내레이션을 덧붙여 독자들에게 더 깊고 풍성한 감성으로 다가온다.,"['종교/역학', '기독교(개신교)', '기독교 문학']"
10365,죽음의 에티켓,롤란트 슐츠 지음; 노선정 옮김,Snowfox(스노우폭스북스),2020,126.5 슐85ㅈ노,9791190000000,https://search1.kakaocdn.net/thumb/R120x174.q85/?fname=http%3A%2F%2Ft1.daumcdn.net%2Flbook%2Fimage%2F5063258%3Ftimestamp%3D20221011174722,"한 번도 나 자신의 일이었던 적 없는 죽음. 그러나 누구나 겪을 죽음의 전 과정을 간접적으로 경험해 볼 수 있도록 기획된 『죽음의 에티켓』. 이 책에는 네 가지 방식으로 진행되는 죽음의 전개가 담겨 있다. 5살, 암으로 죽음을 맞이한 어린 아이, 인생 샷을 찍겠다며 건물 난간에 올랐던 29살 청년, 요양원의 80세 할머니, 그리고 가족들에 둘러싸인 채 집에서 죽음을 맞이한 당신. 이들 네 사람의 죽음의 단계를 매우 면밀하고 자세하게 다뤘다. ‘나, 그리고 당신’이라는 화법으로 독자를 죽음의 주인공으로 만들어 죽음을 옆에서 엿보는 게 아니라 바로 앞에서, 실제 나 자신이 겪고 있는 일로써 이해하도록 하며, 이를 통해 죽음이 실제 내게 일어날 일이라는 인식, 삶이 오직 나 자신의 방식대로 흘렀듯 죽음의 준비 또한 주도적이어야 한다는 생각, 후회 없는 오늘과 생을 살겠다는 찬란한 의지, 미뤄 둔 계획과 목표들, 더 나은 사람으로 살아야 할 분명한 이유, 내가 남기고 갈 사랑하는 사람들을 오늘 더 열렬히 사랑해야 한다는 사실을 깨닫게 한다.","['인문학', '교양 인문학']"
10366,뭉우리돌을 찾아서,김동우 글.사진,아카이브류가헌(Archive ryugaheon),2020,668.05 김25ㅁ,9791200000000,https://search1.kakaocdn.net/thumb/R120x174.q85/?fname=http%3A%2F%2Ft1.daumcdn.net%2Flbook%2Fimage%2F4889965%3Ftimestamp%3D20240122202222,"‘뭉우리돌’은 둥글둥글하게 생긴 큰 돌을 뜻하는 우리말이다. 지금은 사라지고 거의 쓰이지 않는 이 말은, 김 구 선생의 〈백범일지〉에 뚜렷한 상징으로 박여있다. 서대문형무소에 투옥된 김 구는 일제 순사로부터 “지주가 전답에서 뭉우리돌을 골라내는 것이 상례”라며 고문과 함께 자백을 강요받을 때 “오냐, 나는 죽어도 뭉우리돌 정신을 품고 죽겠고, 살아도 뭉우리돌의 책무를 다하리라” 다짐했다. 올해는 3.1운동과 임시정부수립 100주년이 되는 해이다. 더 이상 뭉우리돌이라는 단어가 일상에서 쓰이지 않듯이 겨우 100여년 밖에 지나지 않은 ‘나라 잃은’ 역사를 우리의 일상과 오관은 감각하지 못한다. 여행사진가로 세계 일주를 하던 청년 사진가 김동우는 인도 뉴델리 레드포트(Red Fort Complex)에서 문득 그와 같은 사실을 자각하고 부끄러웠다. 무굴제국의 요새로 알려진 레드포트가 임시정부의 독립운동사 중 빛나는 성과를 거둔 ‘인면전구공작대’가 훈련을 하던 곳임을 우연히 전해들은 그는, 중국 상해 임시정부를 주축으로 한 독립운동이 어떻게 이토록 먼 나라 인도와 연관되어있는지 의아했다. 의문을 쫓다보니 그동안 몰랐던 100년 전 역사의 여러 면면과 함께 유럽에서 중미까지 예상을 뛰어 넘는 범위로 독립운동유적지들이 산재해있다는 사실도 알게 되었다. 그는 세계 일주를 멈췄고, 그때부터 전 세계에 흩어져 있는 독립운동의 현장들을 홀로 찾아 헤매는 여정을 시작했다. 여행사진은 자신이 아니어도 누군가 할 수 있지만, 이 기록은 누군가 대신해줄지 알 수 없었기 때문이다. 홍범도 장군이 활약하던 연해주에서부터 사후에 한 기의 묘로 남은 카자흐스탄까지, 장군이 넘어야했던 7,000km를 사진가 김동우도 따라 넘었다. 독립운동을 하다 서른셋 나이에 처형된 ‘김알렉산드리아’가 처형 직전에 마지막 소원으로 우리나라 13도를 그리며 13발자국을 걸었던 러시아 하바롭스크의 ‘죽음의 계곡’ 무심한 바위 위를 김동우도 걸었다. 작가는 멕시코와 쿠바를 오가며, 독립운동자금을 임시정부로 보냈던 애니깽 농장의 노동자 ‘임천택’의 딸 ‘마르타 임’과 ‘이윤상’의 딸 ‘레오나르 이’를 비롯한 독립운동가의 후손들도 만났다. 사진가 자신이 ‘뭉우리돌’ 정신이 없었다면 하기 어려웠을 이 지난한 작업, 《뭉우리돌을 찾아서》는 3.1혁명 100주년을 맞아, 희미해져가는 우리 역사의 기억을 ‘기록’으로 분명히 할 것이다.","['역사', '문화/역사기행', '한국 문화/역사기행']"
10367,"다시, 책으로",매리언 울프 지음; 전병근 옮김,어크로스:어크로스출판그룹,2020,029.4 울897ㄷ전,9791190000000,https://search1.kakaocdn.net/thumb/R120x174.q85/?fname=http%3A%2F%2Ft1.daumcdn.net%2Flbook%2Fimage%2F4940990%3Ftimestamp%3D20250313131120,"“인류는 책을 읽도록 태어나지 않았다”고 단언하며 커다란 반향을 불러일으킨 매리언 울프가 다시 한 번 우리의 읽는 뇌에 대해 이야기하는 『다시, 책으로』. 과학적 연구와 문학적 상상력 위에서 읽기와 뇌의 상관관계에 대한 빛나는 통찰을 보여주는 책이다. 인간이 읽는 능력을 타고나지 않았으며, 문해력은 호모사피엔스의 가장 중요한 후천적 성취 가운데 하나임을 강조해 온 저자는 하루에 6~7시간씩 디지털 매체에 빠져 있는 청소년들을 목격하면서 그들 뇌의 읽기 회로가 어떻게 변형될 수 있는지를 탐색하기 시작했고, 방대한 연구와 조사 결과, 다양한 최신 자료들을 인용하며 오늘날 우리의 읽기 방식이 어떤 상태에 놓여 있는지를 적나라하게 보여준다. 쉴 새 없이 쏟아지는 디지털 세계의 엄청난 정보들은 새로움과 편리함을 가져다준 대신 주의집중과 깊이 있는 사고를 거두어갔다. 디지털 읽기에서는 훑어보기가 표준 방식이 되는데, 이런 방식은 세부적인 줄거리를 기억하거나 주장의 논리적 구조를 제대로 파악하는 데 어려움이 있다. 이처럼 쉴 새 없이 디지털 기기에 접속하며 순간접속의 시대를 살아가는 우리의 뇌가 인류의 가장 기적적인 발명품인 읽기(독서), 그중에서도 특히 ‘깊이 읽기’의 능력을 상실해가고 있는 것이다. 저자는 독자가 문장에 담긴 감정을 느낄 수 있게 해주고, 타인의 관점으로 옮겨가게 도와주며, 유추와 추론을 통한 비판적 사고를 가능하게 하는 중요한 능력인 ‘깊이 읽기’능력을 영영 잃어버릴지도 모른다는 긴급한 경고의 메시지를 보내며, 역사와 문학, 과학을 넘나드는 광범위한 자료와 생생한 사례를 토대로 오늘날 기술이 읽기에 어떤 영향을 미치는지, 그것이 인류의 미래에는 무엇을 의미하는지에 대한 깊이 있는 통찰을 제공한다.","['인문학', '교양 인문학']"
10368,보건교사 안은영,정세랑 지음,민음사,2020,813.6 정54ㅂ,9788940000000,https://search1.kakaocdn.net/thumb/R120x174.q85/?fname=http%3A%2F%2Ft1.daumcdn.net%2Flbook%2Fimage%2F541125%3Ftimestamp%3D20250315113540,"문학성과 다양성, 참신성을 기치로 한국문학의 미래를 이끌어 갈 신예들의 작품을 엄선한 「오늘의 젊은 작가」의 아홉 번째 작품 『보건교사 안은영』. 참신한 상상력과 따뜻한 이야기로 독자의 사랑을 받아 온 소설가 정세랑의 이번 작품은 수동적이지 않고 주체적이며, 감상적이지 않고 감각적인, 아는 형 삼고 싶은 사립 M고의 보건교사 안은영의 이야기를 담고 있다. 특별한 것 없는 직업과 평범한 이름의 안은영은 보통의 보건교사가 아니다. 복 중의 복, 일복 하나는 타고난 그녀는 직업으로 ‘보건교사’ 역할에 충실하면서 동시에 자신만이 볼 수 있는 것들을 처치하고 쫓아내며, 또는 위로하는 ‘퇴마사’의 운명을 받아들인다. 여기에 사립 M고의 한문교사이자 학교 설립자의 후손인 홍인표에게 흐르는 거대한 에너지는 안은영의 활약을 돕는 필수적인 영양제 역할을 한다. 에너지(기)를 보충하기 위해, 학교의 평화를 지키기 위해 둘은 내 거 아닌 내 것 같은 사이가 되어 힘을 합한다. 둘 앞에 나타나는 기이한 괴물들, 학생들에게 보이는 미스터리한 현상들, 학교 곳곳에 숨은 괴상한 힘들…… 사립 M고에는 어떤 비밀이 있는 것일까. 무엇보다 안은영과 홍인표의 썸(some)은 어떻게 마무리될까?","['소설/시/희곡', '한국소설', '2000년대 이후 한국소설']"
10369,일곱 해의 마지막,김연수 지음,문학동네,2020,813.6 김64ㅇㄱ,9788950000000,https://search1.kakaocdn.net/thumb/R120x174.q85/?fname=http%3A%2F%2Ft1.daumcdn.net%2Flbook%2Fimage%2F5396078%3Ftimestamp%3D20241207142732,"개인이 밟아나간 작품 활동의 궤적을 곧 한국소설의 중요한 흐름 가운데 하나로 만들어내며 한국문학의 판도를 뒤바꾼 작가 김연수의 신작 장편소설『일곱 해의 마지막』. 이번 작품은 청춘, 사랑, 역사, 개인이라는 그간의 김연수 소설의 핵심 키워드를 모두 아우르는 작품으로, 한국전쟁 이후 급격히 변한 세상 앞에 선 시인 ‘기행’의 삶을 그려낸다. 1930~40년대에 시인으로 이름을 알리다가 전쟁 후 북에서 당의 이념에 맞는 시를 쓰라는 요구를 받으며 러시아문학을 우리말로 옮기는 일을 하는 모습에서 기행이 우리에게 널리 알려진 시인 ‘백석’을 모델로 했음을 짐작할 수 있다. 1958년 여름, 번역실에 출근한 기행은 한 통의 편지봉투를 받게 된다. 누군가가 먼저 본 듯 뜯겨 있는 그 봉투 안에는 다른 내용 없이 러시아어로 쓰인 시 두 편만이 담겨 있다. 시를 보낸 사람은 러시아 시인 ‘벨라’. 작년 여름 그녀가 조선작가동맹의 초청을 받아 북한에 방문했을 때 기행은 그녀의 시를 번역한 인연으로 통역을 맡았었다. 그리고 그녀가 러시아로 돌아가기 전 기행은 그녀에게 자신이 쓴 시들이 적힌 노트 한 권을 건넸었다. 그런 만남이 있은 후 기행은 북한에서는 발표할 수 없는 시를 적어 러시아에 있는 벨라에게 보냈던 것인데, 그동안 어떤 회신도 없다가 일 년이 지나 답신이 온 것이었다. 봉투에 러시아 시 두 편만이 담긴 채로. 그 봉투를 먼저 뜯어본 건 누구였을까? 벨라라면 편지도 같이 보냈을 텐데 그건 누가 가져간 걸까? 벨라는 자신이 보낸 노트를 어떻게 했을까? 당의 문예 정책 아래에서 숨죽인 채 무기력하게 살아가던 기행의 삶은 벨라에게서 온 그 회신으로 인해 예상치 못한 방향으로 흘러가기 시작한다.","['소설/시/희곡', '한국소설', '2000년대 이후 한국소설']"
10370,빛의 과거,은희경 지음,문학과지성사,2019,813.6 은97ㅂ,9788930000000,https://search1.kakaocdn.net/thumb/R120x174.q85/?fname=http%3A%2F%2Ft1.daumcdn.net%2Flbook%2Fimage%2F5056598%3Ftimestamp%3D20250101133741,"은희경의 장편소설 『빛의 과거』. 《태연한 인생》 이후 7년 만에 선보이는 장편소설로, 깊이 숙고해 오랫동안 쓰고 고쳐 쓴 작품이다. 갓 성년이 된 여성들이 기숙사라는 낯선 공간에서 마주친 첫 다름과 섞임의 세계를 그려냈다. 기숙사 룸메이트들을 통해 다양하며 입체적인 여성 인물들을 제시하고 1970년대의 문화와 시대상을 세밀하게 서술한다. 2017년, 중년 여성 김유경은 오랜 친구 김희진의 소설 《지금은 없는 공주들을 위하여》를 읽으며 1977년 여자대학 기숙사에서의 한때를 떠올린다. 같은 시공간을 공유했으나 전혀 다르게 묘사된 김희진의 소설 속 기숙사 생활을 읽으며, 김유경은 자신의 기억을 되짚는다. 기숙사에서 가장 중요한 것은 룸메이트다. 타의에 의해 임의로 배정된 네 명이 한 방을 쓰는데, 임의의 가벼움에 비해 서로 주고받는 영향은 터무니없이 크다. 국문과 1학년 김유경의 322호 룸메이트는 화학과 3학년 최성옥, 교육학과 2학년 양애란, 의류학과 1학년 오현수다. 최성옥과 절친한 송선미의 방인 417호 사람들(곽주아, 김희진, 이재숙)과도 종종 모이곤 한다. 1977년의 이야기는 3월 신입생 환영회, 봄의 첫 미팅과 축제, 가을의 오픈하우스 행사 등 주요한 사건 위주로 진행된다. 김유경의 서사가 굵직하게 이어지는 사이사이, 322호와 417호의 룸메이트인 일곱 여성들의 에피소드도 다채롭게 전개된다. 김유경은 말더듬증이라는 약점 때문에 자신의 욕망을 내리누르며, 말과 행동이 필요한 순간 입을 다문다. 회피를 방어의 수단으로 내세우면서 자신을 끊임없이 세상의 어중간한 어디쯤에 위치시키려 한다. 한편 누군가는 자신의 욕망에 충실하다. 무리에 휩쓸리지 않고 번거로움을 감수하며 취향을 조용히 발전시키는 오현수, 남을 끌어내려 항상 주인공이 되길 바라는 김희진, 그와 비슷하지만 남의 눈이 아니라 무엇보다 자신의 욕구 충족이 중요한 양애란이 그렇다. 지향점과 실제의 삶에 괴리가 심한 사람도 있다. 최성옥처럼 자신이 선택한 남성에 의해 그 괴리가 발생하기도 하며, 끊임없이 다른 사람을 자신의 입맛에 맞추어 교정하려 하지만 아이러니하게도 자신이 매사 주요하게 지적했던 바로 그 지점에서 발을 헛디뎌버리는 곽주아 같은 경우도 있다. 그들은 치졸하고 나이브하며, 소탈하기도 섬세하기도 하다. 선량하고도 얄미우며 까칠하면서도 유약하다. 마치 오늘의 우리처럼. 회피를 무기 삼아 살아온 한 개인이 어제의 기억과 오늘을 넘나들면서 자신의 민낯을 직시하여 담담하게 토로하는 내밀한 문장들은, 삶에 놓인 인간으로서 품는 보편적인 고민을 드러내며 우리 자신을 바라보게 한다.","['소설/시/희곡', '한국소설', '2000년대 이후 한국소설']"
10371,"그림책, 교사의 삶으로 다가오다",김준호 지음,교육과실천,2020,370.4 김76ㄱ,9791200000000,https://search1.kakaocdn.net/thumb/R120x174.q85/?fname=http%3A%2F%2Ft1.daumcdn.net%2Flbook%2Fimage%2F5341560%3Ftimestamp%3D20231128171846,"“학생들에게 한 권의 책 같은 사람으로 기억되고 싶다. 내 안에 있는 한 줄의 진심으로 학생들을 만나고 싶다. 학생들에게 따뜻한 위로를 전해주는 교사가 되고 싶다.” 그림책을 사랑하는 현직 교사인 저자는 그림책으로 수업하며 학생들에게 생각하는 힘을 길러줄 뿐만 아니라, 학급을 운영하는 데도 그림책을 활용해 서로의 마음을 열어주고 관계를 꽃피우는 교실을 만들고 있다. 또한, 그림책을 사랑하는 교사들의 모임인 ‘그림책사랑교사모임’을 만들어 함께 공부하고 실천하며 그림책이 학교 교육에 스며들 수 있도록 많은 노력을 기울이고 있다. 그림책으로 더 나은 삶을 살고자 노력하는, 더 나은 교사가 되고자 하는 저자는 이 책 『그림책, 교사의 삶으로 다가오다』에서 개인적인 삶과 교사로서의 삶을 그림책을 통해 돌아보고 성찰한다. 학교와 교실, 학생과 동료 교사와의 관계 등 필요할 때마다 공감과 위로, 지혜와 통찰을 준 그림책이 자신에게 가져온 변화를 나누고자 한다.","['사회과학', '교육학', '교육 일반']"
10372,"평등, 헤아리는 마음의 이름",오준호 지음,생각과느낌,2019,342.12 오76ㅍ,9788990000000,https://search1.kakaocdn.net/thumb/R120x174.q85/?fname=http%3A%2F%2Ft1.daumcdn.net%2Flbook%2Fimage%2F5172423%3Ftimestamp%3D20240621132943,"청소년 논픽션 시리즈인 ‘이름앤솔로지’의 첫 번째 권 『평등, 헤아리는 마음의 이름』이 출간되었습니다. 『평등, 헤아리는 마음의 이름』은 내용은 물론, 형식, 디자인에서 모두 기존 도서들과 확연히 차별되는 지점에 이른 도서입니다. 새로운 내용의 이름 평등은 흔히 언급되지만, 대한민국 청소년 도서 중 ‘평등’을 독자적으로 다룬 책은 없다시피 합니다. 20여 년을 평등과 청소년의 곁에 있던 저자 오준호는 불행 배틀을 벌이는 ‘공정세대’에게 평등이라는 코드로 사회를 리부트하는 방식을 이야기합니다. 새로운 디자인의 이름 따뜻하게 독자의 품에 안기는 패브릭 커버 북입니다. 부드러운 촉감의 천에 하얀 박을 입혔습니다. 손끝으로 오톨도톨 만져지는 활자의 재미가 있고, 서로 다른 방향의 사선들이 조화를 이루는 헤링본 무늬는 평등을 떠올리게 합니다. 디지털 콘텐츠가 압도하는 시대에 책이 가진 물성을 재발견할 수 있을 것입니다. 새로운 형식의 이름 기존 도서의 주석은 한정된 지면 내에, 텍스트로 서술될 수밖에 없는 한계가 있습니다. 본 시리즈는 각주로 QR코드를 삽입하였습니다. 독자들은 종이책 단권의 한계를 넘어 다양한 매체가 담은 지식과 정보를 풍성히 접할 수 있습니다. 『평등, 헤아리는 마음의 이름』은 독자들이 ‘평등’에 관한 체계적이고 포괄적인 이해에 이를 수 있도록 하는 데에 더해, 책이 가진 새로운 가능성, 재미에 눈뜰 수 있도록 할 것입니다.","['청소년', '청소년 인문/사회']"
10373,가치를 가르칩니다,경기도중등독서교육연구회 지음,서해문집,2019,373.2 경18ㄱ,9788970000000,https://search1.kakaocdn.net/thumb/R120x174.q85/?fname=http%3A%2F%2Ft1.daumcdn.net%2Flbook%2Fimage%2F4987720%3Ftimestamp%3D20220826225111,"‘배움 중심, 학생 중심’의 살아 있는 수업을 꿈꾸다 지난 11년간 독서교육을 치열하게 실천해온 ‘경기도중등독서교육연구회’의 교사들이 함께 쓴 책으로, 《함께 읽기는 힘이 세다 1, 2》에 이은 세 번째 성취다. 이 책은 여러 교과 교사들이 하나의 ‘가치’(혹은 주제)를 중심으로, 교과 간의 벽을 허물고 융합하는 주제통합수업의 생생한 사례를 담고 있다. 세상을 교과로 분리하지 않고 종합적인 관점에서 바라보려는 혁신적인 수업 실천으로, 이를테면 물리 시간에 정책을 고민하고, 세계지리 시간에 에너지의 미래를 상상하며, 국어 시간에 국제분쟁 협상의 기술을 배우고, 과학 시간에 친환경 도시를 설계해본다. 아이들은 의미 있는 하나의 가치를 중심으로 여러 교과를 들락거리며 자신의 생각을 흩뜨리고, 서로의 생각을 모으며, 세상을 더 크고 깊게 보는 눈을 터득해나간다. 그리고 교사는 이러한 가치들이 각자의 수업 속에 스며들 수 있도록 세밀하게 단계와 단계를 이어붙이면서, 아이들이 한 걸음 더 들어갈 수 있도록 친절하게 안내한다. 무엇을 어떻게 가르쳐야 하는가에 대한 끊임없는 고민과 성찰은, 동료 교사들과 함께 수업의 가치와 목표를 공유하는 일에서 시작하여 교과의 특색에 맞는 수업 프로그램을 짜고, 아이들 한 명 한 명의 다채로운 빛깔을 드러내는 일까지 이어진다.","['사회과학', '교육학', '교육 일반']"
10374,여름을 지나가다,조해진 지음,민음사,2020,813.6 조93ㅇㄹ,9788940000000,https://search1.kakaocdn.net/thumb/R120x174.q85/?fname=http%3A%2F%2Ft1.daumcdn.net%2Flbook%2Fimage%2F5377405%3Ftimestamp%3D20250216130409,"■ 한국문학의 새로운 고전, 오늘의 작가 총서 5종 동시 출간! 민음사 〈오늘의 작가 총서〉가 새로운 시작을 알린다. 〈오늘의 작가 총서〉 시리즈는 김동리의 『무녀도ㆍ황토기』를 비롯해 손창섭의 『잉여인간』, 이문구의 『우리 동네』, 박완서의 『나목ㆍ도둑맞은 가난』, 한수산의 『부초』, 선우휘의 『불꽃』, 조성기의 『라하트 하헤렙』 등의 작품을 통해 해방 이후 한국 소설사를 대표하는 작가의 초상을 그려 왔다. 이는 과거를 통해 미래를 가늠하려는 문학의 현재적 질문이기도 한바, 2020년인 오늘날에도 그 질문의 무게는 유효할 것이다. 오늘의 독자와 끊임없이 재회해야 할 한국문학의 정수를 모은 〈오늘의 작가 총서〉가 갱신할 질문들에 기대가 모인다. 2000년대 이후 출간작 중, 문학적 가치와 소설적 재미가 풍부함에도 불구하고 여러 사정으로 독자를 만나기 어려웠거나, 다시 단장할 필요가 있는 5종의 소설을 동시에 선보임으로써 오늘의 독자에게 한국문학의 새로운 고전을 소개한다. 또한 새로 잇고 다시 읽어야 할 한국문학 작품을 꾸준하고 면밀하게 찾아 시리즈의 다음 자리에 초대할 예정이다. 예측 불가능의 시대, 기존의 관습과 가치관이 수정되는 시대에 고전은 더욱 빛을 발한다. 지난 시대를 살았던 구체적 인간과 다음 세대에 스몄던 총체적 세계가 그곳에 있기 때문이다. 〈오늘의 작가 총서〉는 먼 곳의 언어가 아닌, 지금 여기의 언어로 된 한국문학의 고전이다. 〈오늘의 작가 총서〉는 질문의 결을 다양하게 하고, 응답의 몸피를 두텁게 할 한국문학의 근간이자 좌표가 될 것이다.","['소설/시/희곡', '한국소설', '2000년대 이후 한국소설']"
10375,걷는 듯 천천히,고레에다히로카즈 지음; 이영희 옮김,문학동네,2018,838 고294ㄱ이,9788950000000,https://search1.kakaocdn.net/thumb/R120x174.q85/?fname=http%3A%2F%2Ft1.daumcdn.net%2Flbook%2Fimage%2F692294%3Ftimestamp%3D20240308112527,"《환상의 빛》으로 데뷔한 이래 《아무도 모른다》, 《그렇게 아버지가 된다》 등 발표하는 작품마다 국내외에서 높은 평가를 받아온 현대 일본 영화의 거장 고레에다 히로카즈 감독의 첫 에세이집『걷는 듯 천천히』. 저자가 2011년 니시니폰신문에 연재했던 글을 중심으로 홈페이지나 잡지 등에 쓴 글을 엮은 책이다. 고레에다 집안만의 독특한 가풍이나 지진이나 태풍에 대한 경험담, 친구들과의 모험담 등 알게 모르게 자신의 영화에 녹아들어간 어린 시절의 추억을 담아낸 이 책은, 가족의 이야기에서 그치지 않고 언론에 대한 비판, 오늘날 미디어의 역할이나 자세에 대해서 날카로운 질문을 던지며 311대지진 이후의 일상의 의미에 대해 되짚는다. 관객들이 영화를 보며 등장인물들의 미래를 상상하고 싶어 하도록 하는 연출을 지향한다는 고레에다 히로카즈 감독. 그는 영화감독으로서 캐스팅이나 각본 집필은 어떻게 진행하는지, 왜 현장에서 대사를 바꾸는 촬영 방식을 고수하는지 등 자신만의 연출관이나 작품 관을 진솔하게 전하며 일상에서 직접 건져 올린 기억과, 배우들의 관찰을 통해 등장인물의 결을 만들어가는 과정을 책을 통해 섬세하게 밝히고 있다.","['에세이', '외국에세이']"
10376,식물들의 사생활,이승우 지음,문학동네,2019,813.6 이57ㅅㅁ,9788950000000,https://search1.kakaocdn.net/thumb/R120x174.q85/?fname=http%3A%2F%2Ft1.daumcdn.net%2Flbook%2Fimage%2F691572%3Ftimestamp%3D20230518183658,"지난 20년간 문학동네를 통해 독자와 만나온 빛나는 작품들을 새롭게 선보이는 「문학동네 한국문학전집」 제7권 『식물들의 사생활』. 21세기 한국문학의 정전을 완성하고자 구성한 「문학동네 한국문학전집」의 일곱 번째 작품은 이루어지지 못한 사랑의 관계로 가득 찬 소설로 많이, 제대로 사랑하는 사람들의 이야기를 담고 있다. 심오한 주제를 다루면서도 인물 내면을 세세하게 묘사하고 풍성한 이야기를 들려주는 작가 이승우의 특징을 엿볼 수 있다. 두 다리를 잃은 형, 형의 애인을 사랑한 동생, 불구가 된 아들을 업고 사창가를 헤매는 어머니, 어머니의 마음을 평생 동안 지배한 한 남자, 그런 어머니를 그러 바라만 보는 아버지까지 한 가족 안에서 벌어지는 좌절된 사랑의 고통을 식물적 교감으로 승화시켜가는 과정을 그려냈다. 2006년 프랑스에서 번역 출간되어 대대적인 주목을 받기도 했다.","['소설/시/희곡', '한국소설', '2000년대 이후 한국소설']"
10377,1.5 그레타 툰베리와 함께,한재각 외엮음,한티재,2019,539.92 한73ㅇ,9791190000000,https://search1.kakaocdn.net/thumb/R120x174.q85/?fname=http%3A%2F%2Ft1.daumcdn.net%2Flbook%2Fimage%2F5059661%3Ftimestamp%3D20230216183411,"열여섯 살 스웨덴 청소년, 그레타 툰베리는 전 지구적으로 일어서는 기후정의운동의 최전선에 선 투사다. 학교라는 일상까지 위협하고 있는 기후위기 시대에, 그이는 2018년 8월 ‘학교파업’을 시작하면서 전 세계 청소년들, 그리고 나이 많은 시민들이 기후행동에 나서도록 촉구했다. 그 후 ‘기후를 위한 학교파업’ 시위는 눈덩이처럼 불어나 벨기에, 호주, 독일 등 전 세계를 휩쓸고 있다. 올해 3월 15일과 5월 24일, 전 세계적인 기후파업이 조직되어 수십만 명의 학생들이 학교 대신 거리를 메우고 온실가스 배출로 도둑맞은 미래를 돌려놓으라고 주장했다. 이 책은 그레타 툰베리가 지난 7월 23일 프랑스 국민의회(하원)에서 행한 연설과 그에 대한 한국 시민들의 화답의 목소리를 담았다. ‘기후위기 비상행동’을 조직하고 있는 한재각 소장(에너지기후정책연구소)의 기획으로, “행동해야 희망이 찾아온다”는 메시지를 우리 사회에서 공유하고 희망을 위한 행동을 촉구하고 있다. ‘청소년 기후행동’을 조직하며 정부를 상대로 ‘기후소송’을 준비하고 있는 청소년들, ‘기후결의’라는 이름으로 연구와 실천에 나선 청년을 비롯해 여성, 보건의료, 노동, 과학기술, 정치, 생태/교육, 농업, 인권 등 다양한 분야의 활동가, 전문가, 시민이 각자가 서있는 자리에서 그레타 툰베리의 호소에 화답하고 한국사회 동료 시민들에게 행동을 촉구하는 긴급 메시지를 담았다. 이 책의 인세는 저자들의 뜻을 모아 ‘기후위기 비상행동’에 후원한다.","['사회과학', '사회학', '사회학 일반']"
10378,옥상에서 만나요,정세랑 지음,창비,2020,813.6 정54ㅇ,9788940000000,https://search1.kakaocdn.net/thumb/R120x174.q85/?fname=http%3A%2F%2Ft1.daumcdn.net%2Flbook%2Fimage%2F4368397%3Ftimestamp%3D20250321130937,"신선한 상상력과 다정한 문장으로 정확한 위로를 건네는 작가 정세랑의 첫 번째 소설집 『옥상에서 만나요』. 장편소설 《이만큼 가까이》로 창비장편소설상을, 《피프티 피플》로 한국일보문학상을 수상하며 한국 장편소설에 새로운 활력을 더하고 있는 저자가 2010년 작품 활동을 시작한 이래 8년 만에 선보이는 소설집으로, 결혼과 이혼, 뱀파이어, 돌연사 등 다양한 소재를 통해 신선하고도 경쾌한 상상력을 펼쳐놓는다. 직장에서 부조리한 노동과 성희롱에 시달리며 늘 옥상에서 뛰어내리고 싶다는 충동을 느끼는 ‘나’가 회사 언니들의 주술비급서를 물려받고서 마침내 절망에서 빠져나오는 이야기를 담은 표제작 《옥상에서 만나요》, 한 벌의 드레스를 빌려 입고 결혼한 혹은 결혼할 44명의 여성들의 이야기를 44개의 짧은 에피소드 형식으로 담아 낭만적 신화가 아닌 제도로서의 결혼을 생생한 목소리로 들려주는 《웨딩드레스 44》 등의 작품을 통해 지금 이곳에서 함께 견디는 이들에게 따듯한 연대의 힘을 보여준다.","['소설/시/희곡', '한국소설', '2000년대 이후 한국소설']"
10379,두 방문객,김희진 지음,민음사,2019,813.6 김97ㄷ,9788940000000,https://search1.kakaocdn.net/thumb/R120x174.q85/?fname=http%3A%2F%2Ft1.daumcdn.net%2Flbook%2Fimage%2F5058519%3Ftimestamp%3D20250218130924,"문학성과 다양성, 참신성을 기치로 한국문학의 미래를 이끌어 갈 신예들의 작품을 엄선한 「오늘의 젊은 작가」의 스물두 번째 작품 『두 방문객』. 누구나 겪게 마련인 관계에 대한 문제를 기발한 상상력과 독특한 알레고리로 풀어내는 작품 활동을 꾸준히 해 온 김희진의 장편소설이다. 3년 전 의문의 교통사고로 아들 상운을 잃은 손경애는 매년 아들의 생일에 맞추어 조촐한 생일 식탁을 차린다. 언뜻 단순하면서도 숨은 공간이 많은 저택의 구조, 마당 가운데 자리한 깨끗하고 큰 수영장, 아직 미처 정리하지 못한 아들의 방까지 저택에는 아들의 손길이 묻어 있지 않은 곳이 없다. 8월 어느 날, 아들의 생일과 3주기를 기리기 위해 급히 귀국한 손경애는 초인종 소리에 잠에서 깬다. 손경애의 눈앞에는 생일 케이크를 손에 든 두 방문객이 서 있다. 상운에게 의뢰받아 저택 설계를 했던 친구 권세현, 그리고 권세현과 약혼한 사이이자 갤러리 큐레이터인 정수연. 세 인물은 각자 다른 목적을 가지고 저택에 모였다. 그들은 닷새 동안, 커다랗고 깨끗한 수영장을 갖춘 저택이라는 무대에서 각자의 진심을 조금씩 풀어놓는다. 그들이 함께 보내는 닷새의 시간 동안, 어떤 것이 지켜지고 또 어떤 것이 버려질까?","['소설/시/희곡', '한국소설', '2000년대 이후 한국소설']"
10380,에밀,장 자크 루소 지음; 김중현 옮김,한길사,2003,370.8 루55ㅇ c.2,8935654795,https://search1.kakaocdn.net/thumb/R120x174.q85/?fname=http%3A%2F%2Ft1.daumcdn.net%2Flbook%2Fimage%2F525105%3Ftimestamp%3D20240514113215,"인간성의 유지, 회복에 관한 루소의 이상적인 교육론. 고아 '에밀'이 태어나 결혼에 이르기까지, 현명한 가정교사의 이상적인 지도를 받으며 성장하는 과정을 담은 책으로, 자연에 순응하는 교육, 선한 본성을 잃지 않게 하는 교육에 대해 따뜻한 가슴과 재치 있고 번득이는 발상으로 설파하고 있다.","['인문학', '서양철학', '근대철학', '근대철학 일반']"
10381,(한 권으로 끝내는)지리 올림피아드,최선을다하는지리선생님모임 편,푸른길,2018,980 최54ㅈ,9788960000000,https://search1.kakaocdn.net/thumb/R120x174.q85/?fname=http%3A%2F%2Ft1.daumcdn.net%2Flbook%2Fimage%2F877669%3Ftimestamp%3D20240509112840,"『한 권으로 끝내는 지리 올림피아드』는 교내·지역·전국 지리 올림피아드를 준비하는 데 필요한 대부분의 지리학 개념들을 자세하게 수록하였고, 연습 문제를 통해 학습한 개념을 확인하며 실력을 키울 수 있게 구성되었다. 또한 현재 중·고등학교에서 다루는 한국지리와 세계지리의 내용을 모두 아우르고 있다. 따라서 이 한 권만으로도 학생들은 지리 올림피아드는 물론 학교 정기 고사와 수능 시험에도 충분히 대비할 수 있다.","['고등학교참고서', '고등-문제집', '사회탐구']"
10382,조지 오웰,피에르 크리스탱 글; 세바스티앵 베르디에 외 그림; 최정수 옮김,마농지,2020,843.5099 크298ㅈ최,9791200000000,https://search1.kakaocdn.net/thumb/R120x174.q85/?fname=http%3A%2F%2Ft1.daumcdn.net%2Flbook%2Fimage%2F5242349%3Ftimestamp%3D20240419151135,"《1984》 《동물농장》 《위건 부두로 가는 길》 《카탈루냐 찬가》의 작가. 식민지 경찰, 프롤레타리아, 민병대원, 저널리스트, 반항인, 괴짜, 사회주의자, 애국자, 정원사, 은둔자, 견자見者…. 어느 하나의 수식어로도, 수많은 이름의 총합으로도 가두기 어려운 다층적 인간 조지 오웰(1903. 6. 25~1950. 1. 21). 그는 오늘날에도 전 세계인들에게 널리 읽히고 호명되는 현재적 작가이다. 전쟁과 파시즘과 전체주의 등 인간을 억압하는 모든 것에 저항했으며, 빅브라더의 예언적 발명으로 감시와 통제의 디스토피아를 경고했던 그의 통찰은 동시대 어떤 작가보다도 첨예하다. 고통받는 이들 곁에서 밑바닥 삶을 경험하고 기록했으며, 일평생 민주적 사회주의자로 살았으나 혁명의 변질과 당파성을 비판한 단독자. 또한 거짓을 폭로하고 진실을 조명하기 위해 시대의 이슈에 거침없이 발언했던 저널리스트이기도 했다. “정치적 글쓰기를 예술로 만들고” 싶은 바람을 실현한 뛰어난 작품들은 그가 ‘작가들의 작가’로 사랑받는 또 하나의 이유다. 글과 행동이 일치하는 삶을 살고자 분투했던 정직한 인간, 조지 오웰을 우리는 얼마나 알고 있는가? 명성과 이미지를 걷어내면 그의 진짜 모습과 우리의 이해 사이에는 공백이 크다. 이 책은 조지 오웰 70주기를 맞아 프랑스를 대표하는 만화 작가들이 의기투합해 그의 삶과 시대와 작품세계를 재현한 그래픽 전기다. 삶과 사유의 핵심을 꿰뚫는 깊이 있는 글과 정교한 흑백 그림이 메인 스토리를 구축하고, 그의 작품의 결정적 장면들을 포착한 강렬할 컬러 그림이 적재적소에서 빛나며 인간 조지 오웰을 묘파하고 어루만진다. 마흔일곱 생애 동안 치열하게 쓰고 사유하고 행동했던 영원한 자유인, 조지 오웰의 입체적 초상이 여기 있다.","['인문학', '교양 인문학']"
10383,세상을 바꾼 기술 기술을 만든 사회,김명진 지음,궁리출판,2019,509 김34ㅅ,9788960000000,https://search1.kakaocdn.net/thumb/R120x174.q85/?fname=http%3A%2F%2Ft1.daumcdn.net%2Flbook%2Fimage%2F5134959%3Ftimestamp%3D20240726134415,"우리는 ‘낡은 기술’ 역시 세상에 처음 선을 보였을 때는 ‘최신의 첨단기술’이었다는 사실을 간과하고는 한다. 기술을 처음 접한 동시대 사람들은 그 속에 내포된 가능성과 잠재력에 종종 충격을 받거나 경이감을 느꼈고, 다양한 이유에서 이를 받아들이거나 거부했다. 복잡다단한 과정 속에서 기술은 변형과 수용을 거쳐 자리를 잡았고, 이후 사회 구성원의 능력을 신장시키거나 행동을 제약하는 요소가 되었다. 이러한 기술의 과거에 대한 이해는 첨단기술의 숲에서 길을 잃은 오늘날의 사람들에게 길잡이가 될 수 있다. 한때 새 기술이었던 낡은 기술에 예전 사람들이 어떤 반응을 보였고 그것이 몰고 온 기회와 위기를 어떻게 헤쳐나갔는지 살펴본다면, 오늘날 기술과 관련된 문제의 실마리를 찾을 수 있다. 과학기술사 저술가 김명진은 이러한 문제의식에 입각해 『세상을 바꾼 기술, 기술을 만든 사회』를 펴내었다. 근 20년 동안 대학에서 기술사 강의를 하며 학술 분야 집필과 번역을 해오던 저자가 자신의 전공인 서양 기술사를 살려 일반독자들을 대상으로 한 교양서를 쓴 것은 이번이 처음이다. 저자는 무엇보다 기술 등장의 배경이 되는 당대 사회의 맥락, 기술의 발전 및 확산 과정, 동시대 사람들이 보인 반응과 태도 등을 균형 있게 서술하고자 했다. 자칫 어렵고 지루할 수 있는 과학기술사를 대중의 눈높이에 맞추어 흥미롭고 재미있게 풀어내고자 한 저자의 필력이 돋보이는 책이다. 과학과 역사에 관심이 있는 독자는 물론, 기술의 미래에 대해 궁금한 독자라면 일독을 권한다. “여타의 강의를 하면서, 또 그 내용을 다시금 정리한 글을 쓰면서 염두에 두었던 점 중 하나는 기술과 사회의 관계가 어느 한쪽이 다른 한쪽에 일방적인 영향을 주는 것이 아니라 서로 영향을 주고받는 관계라는 점을 강조하는 거였습니다. 『세상을 바꾼 기술, 기술을 만든 사회』라는 제목에도 그런 문제의식이 반영돼 있습니다. 보통 사람들은 예전에 없던 새로운 기술들이 차례로 나타나서 세상을 바꾸는 서사에 익숙하지요. 이런 서사에서 기술은 마치 하늘에서 뚝 떨어지듯 갑자기 선을 보이고, 스스로 생명력을 지닌 것처럼 자라나 다양한 사회 구성원들에게 영향을 미치며 종국에는 사회를 바꿔놓는 역할을 합니다. 하지만 저는 이 책에서 그러한 기술이 다름 아닌 인간 활동의 산물이고, 따라서 그것이 선을 보인 당대 사회의 성격과 한계를 그 속에 각인한 존재였다는 점을 함께 강조하고자 했습니다.” - 저자 인터뷰 중에서","['과학', '공학', '공학 일반']"
10384,가짜뉴스의 시대,"케일린 오코너, 제임스 오언 웨더럴 공지음; 박경선 옮김",반니,2019,331.65 오875ㄱ박,9791200000000,https://search1.kakaocdn.net/thumb/R120x174.q85/?fname=http%3A%2F%2Ft1.daumcdn.net%2Flbook%2Fimage%2F5112873%3Ftimestamp%3D20230330173512,"민주주의를 위협하는 가짜 뉴스의 시대, 우리는 민주주의를 지키기 위해 거짓된 정보에 대처해야만 한다. 『가짜 뉴스의 시대』는 우리가 올바른 신념을 갖고 견지하기에는 너무나도 취약하다는 사실을 일깨워주며, 우리의 신념이 어떻게 형성되고 거짓 정보는 이 과정에 어떤 방식으로 교묘하게 파고드는지, 그 작동 방식부터 이해할 수 있도록 도와준다. 두 저자는 모든 시민이 다양한 정보를 기반 삼아 신념을 형성하고 그 신념이 모여 민의가 형성되는 민주주의 구조 아래서 가짜 뉴스를 비롯한 거짓된 정보는 올바른 민의를 형성하는 데 치명적일 수밖에 없다고 이야기하며 가짜 뉴스를 비롯한 오염된 정보에 맞설 수 있는 여러 방안을 이 책은 제시한다. 담배 산업계의 선전 전략, 트럼프와 힐러리의 대선을 앞두고 쏟아졌던 가짜 뉴스들과 러시아의 개입, 기후변화를 둘러싼 양극화된 대립을 따라가며 가짜 뉴스가 우리 사회를 오염시키는 상황들을 생생하게 보여주고, 눈앞에 너무도 명확한 증거가 있음에도 불구하고 눈앞에 증거를 보고 있는 자신보다 자신이 신뢰하는 사람들의 판단을 신뢰하는 경향이 나타나면 순식간에 모든 사회적 연결망에 거짓인 신념이 확산될 수 있음을 보여준다. 이처럼 거짓 정보가 우리 인간의 신념을 어떤 방식으로 조작하는지 적나라하게 파고드는 이 책에서 저자들은 우리가 무엇을 믿는가는 우리가 누구와 알고 지내는가에 달려있다는 사실을 과학적 근거를 바탕으로 설득력 있게 풀어내고, 우리는 주변의 정보로 신념을 형성하고 그 신념이 모여 민의가 되는 민주주의에 이러한 오염된 진실은 그 근본을 흔들 수 있다는 사실을 자각해야 한다는 깨달음을 전한다.","['사회과학', '언론/미디어', '언론학/미디어론']"
10385,20 VS 80의 사회,리처드 리브스 지음; 김승진 옮김,민음사,2020,332.61 리47ㅇ김,9788940000000,https://search1.kakaocdn.net/thumb/R120x174.q85/?fname=http%3A%2F%2Ft1.daumcdn.net%2Flbook%2Fimage%2F5054911%3Ftimestamp%3D20250328133541,"중상류층의 위선적인 태도와 불공정한 행위를 통렬하게 비판하며 불평등 논의의 큰 흐름을 바꾼 화제의 책 『20 VS 80의 사회』. 최상위 1퍼센트와 나머지 99퍼센트의 대결 구도를 고수하는 기존의 프레임에서 벗어나 상위 20퍼센트, 즉 중상류층(upper middle class)을 중심으로 불평등 구조를 분석하며, 불평등에 실제 책임이 있는 상위 20퍼센트가 어떻게 사회를 망치고 있는지 조목조목 비판한다. 저자는 현재의 불평등을 나타내는 지표들은 상위 20퍼센트와 나머지 80퍼센트 사이의 큰 격차를 드러내고 있으며, 이러한 상위 20퍼센트와 나머지 사이의 격차는 점점 더 커지는 추세이기 때문에 현재의 불평등 구조를 유의미하게 분석하려면 ‘중상류층’이라는 프레임을 통해 문제를 바라보아야 한다고 이야기한다. 불평등의 원인을 규명하고 해결책을 마련하기 위해서는 ‘20 VS 80’이라는 불평등의 구조를 인지하고, 논의의 초점을 상위 20퍼센트인 중상류층에 맞추어야 한다고 강조하며 하위 80퍼센트에게 가해지는 불평등의 실상을 생생하게 드러낸다. 총 8개의 장으로 구성된 이 책의 1장에서는 핵심적인 주장을 요약해서 전달한다. 2장부터 6장까지는 교육, 양육 격차, 계층 이동성, 취업 기회, 대입과 인턴제도 등 불평등의 실태와 이것이 유지되는 메커니즘을 차례로 다룬다. 7장과 8장에서는 이러한 문제들에 대한 현실적인 정책을 제안하고 변화를 위한 인식의 변화와 노력을 당부한다.","['사회과학', '사회문제', '빈곤/불평등문제']"
10386,나는 슈뢰딩거의 고양이로소이다,원종우 지음,아토포스,2020,813.6 원75ㄴ,9791190000000,https://search1.kakaocdn.net/thumb/R120x174.q85/?fname=http%3A%2F%2Ft1.daumcdn.net%2Flbook%2Fimage%2F5145442%3Ftimestamp%3D20250403133923,"누적 다운로드 1억을 돌파하며 과학 분야 팟캐스트 1위를 지키고 있는〈파토의 과학하고 앉아있네〉원종우 대표가 첫 소설집을 출간했다. SF 소설 《나는 슈뢰딩거의 고양이로소이다》가 바로 그 책이다. 그런데 대중에게 과학 커뮤니케이터로 널리 알려져 있고, TV 방송에도 자주 얼굴을 비추며, 과학책도 여러 권 집필한 그가 갑자기 SF 소설을 들고 독자들 앞에 나타난 이유는 무엇일까. 원종우 작가는 그 까닭에 대해 “나는 실제로 과학을 연구하는 연구자가 아니라 과학 자체에 관해서 이야기하는 데 한계가 있다”라고 고백한다. 그래서 때로는 전문가의 입을 빌릴 수밖에 없었는데, 소설이라는 형식으로 과학을 말하는 것은 그 한계를 넘어설 수 있는 굉장히 매력적인 방법이라고 힘주어 말한다. 또 조금 과장하면 자신을 키운 것의 절반은 SF인데, 초등학교 때 접했던 아이작 아시모프의 《로봇》 시리즈 동화책 버전부터 시작해서 수많은 SF 소설, 드라마, 영화, 애니메이션, 웹툰에 이르기까지 삶에서 결코 SF와 멀어졌던 적이 없었다고 밝힌다. 《나는 슈뢰딩거의 고양이로소이다》는 표제작 〈나는 슈뢰딩거의 고양이로소이다〉를 비롯하여 단편 SF 소설 8개를 묶은 단편 모음집이다. 형식 면으로는 종래의 소설에서 문법에서 벗어나 각 소설의 앞과 뒤에 해당 작품을 읽기 전에 알아 두면 도움이 될 수 있는 과학 지식과 작품의 배경 등을 친절하게 설명해 두었다. SF 소설에 익숙하지 않은 독자들이 더 흥미롭게 작품에 집중할 수 있도록 치열하게 고민한 흔적이 엿보이는 부분이다. 내용 면으로 원종우 특유의 입담과 빅뱅처럼 폭발하는 그의 상상력이 과학 지식과 한데 어우러져 있다. 게다가 윤리적, 철학적, 사회적으로 생각할 거리를 덧붙여 놓아 해당 작품이 던지는 메시지를 사색하면서 침잠하게 한다.","['소설/시/희곡', '과학소설(SF)', '한국 과학소설']"
10387,건강심리학,"김미리혜, 박예나, 최설, 김유리 공지음",시그마프레스,2018,180 김38ㄱ,9791160000000,https://search1.kakaocdn.net/thumb/R120x174.q85/?fname=http%3A%2F%2Ft1.daumcdn.net%2Flbook%2Fimage%2F1609573%3Ftimestamp%3D20240127155738,나를 변화시키는 방법 건강심리학에서 답을 찾다! 신체·심리·사회적으로 건강한 삶을 위한 심리학적 접근,"['대학교재/전문서적', '인문계열', '심리학']"
10388,수리암호학 개론,김명환 지음,경문사,2019,410 김34ㅅ,9791160000000,https://search1.kakaocdn.net/thumb/R120x174.q85/?fname=http%3A%2F%2Ft1.daumcdn.net%2Flbook%2Fimage%2F5094108%3Ftimestamp%3D20240529131956,"암호는 비밀 정보를 교환하기 위해 만들어진 것으로, 기원전 1900년경 이집트에서 사용한 것으로 추정되는 상형 문자 암호문이 알려진 가장 오래된 암호문이다. 그러나 비밀 정보를 교환하기 위한 수단이 암호라면, 암호는 그보다 훨씬 전부터 사용되었을 것으로 추정된다. 전쟁 중에 우리 부족만 이해할 수 있는 길 표시를 한다든지, 전령의 성별에 따라 플랜-B의 사용 여부가 정해져 있다든지, 결사 대원끼리만 통하는 수신호를 주고받는다든지 등등 인류는 실로 다양한 수단을 동원하여 비밀 정보를 교환해왔다. 그런데 언제부턴가 수학적 모형으로 설명할 수 있는 암호들이 등장했고, 암호의 해독, 더 나아가 분석에도 수학적 기법들이 도입되기 시작하였다. 특히 제2차 세계 대전 후부터 암호 이론의 수학화가 본격적으로 진행되었고, 그 결과 암호 이론은 수학의 한 분야로 분류되기에 이르렀다. 이제 현대 암호는 수학의 기초 지식 없이는 접근조차 어렵게 되었을 뿐만 아니라, 암호 체계의 개발과 분석을 위한 새로운 수학 이론들이 속속 발표되고 있을 정도로 암호는 수학의 바탕 위에서 놀라운 속도로 발전하고 있다. 그러한 발전에 힘입어, 현대 암호는 비밀 정보의 교환이라는 전통적인 기능에 더해 예전에는 상상조차 할 수 없었던 다양한 기능들을 갖추고 새로운 분야로 그 응용 범위를 획기적으로 넓혀가고 있다. 예를 들어 사전에 비밀키를 공유하지 않고도 암호를 주고받을 수 있는 공개키 암호 체계가 개발되어 디지털 서명이나 인증에 중요하게 쓰이고 있으며, 암호화된 데이터에 대한 연산을 수행할 수 있는 동형 암호가 개발되어 데이터에 담긴 정보의 노출 없이 데이터를 활용하는 것이 가능하게 되었다. 해시 함수가 블록체인과 비트코인과 같은 암호 화폐의 원천 기술로 각광받고 있으며, (초)경량 암호는 자율 주행 자동차나 지능형 로봇, 스마트 기기 등이 수집하고 처리하는 정보를 해킹으로부터 보호하는 핵심 기술로 떠오르고 있다. 불법 사용자를 추적하고 축출하는 기능을 가진 송출 암호가 개발되어 디지털 컨텐츠의 유료 송출 또는 인터넷 유통이 가능하게 되었으며, 디지털 기기에 저장된 범죄 증거를 복원하는 디지털 포렌식 기법이 개발되어 범죄 수사에 널리 활용되고 있다. 이 책은 서울대학교 융합과학기술대학원 수리정보과학과에 입학한 신입생들이 처음 수강하는 교과목인 ‘수리 암호’에서 저자가 강의해온 내용을 엮어 만든 책이다. 이 책의 목적은 수학에 대한 기초 지식이 없거나 부족한 학생들이 현대 암호에 대해 공부를 시작할 수 있도록 하는 것이다. 그런 이유로 암호 공부를 위해 필요한 최소한의 수학 지식이라고 할 수 있는 정수론과 대수학의 기초가 포함되었다.","['대학교재/전문서적', '자연과학계열', '수학']"
10389,그들 뒤에 남겨진 아이들,니콜라 마티외 지음; 이현희 옮김,민음사,2019,863 마888ㄱ이,9788940000000,https://search1.kakaocdn.net/thumb/R120x174.q85/?fname=http%3A%2F%2Ft1.daumcdn.net%2Flbook%2Fimage%2F5077927%3Ftimestamp%3D20250209123108,"2018년 공크루 문학상 수상작 『그들 뒤에 남겨진 아이들』. 1990년대 록 음악의 아이콘 그룹 너바나가 기성세대에 대한 냉소와 반항을 담아 부른 《Smells like teen spirit》과 더불어 2019년 현재 사십 대가 된 프랑스인들의 청춘의 추억을 소환하는 데 크게 한몫을 한 작품이다. 탈공업화 바람으로 경제적으로 폐허가 되다시피 한 프랑스 북부 로렌 지방의 작고 보잘것없는 가상 도시 에일랑주에서 벌어지는 네 번의 여름에 대한 이야기로, 1992년부터 육 년간 열다섯 살 청소년 앙토니가 중학교를 간신히 마치고 고등학생이 되고, 이후 군대에 자원입대했다가 의병 제대하고 나서 저소득층 사회인이 되는 과정을 네 장으로 나누어 그려냈다. 가난과 불신, 불만만이 팽배한 이곳에서도 아이들은 변함없이 자라고 청소년들은 점점 어른이 되며, 모두 이곳에서 벗어나 새로운 삶을 살기를 꿈꾼다. 한쪽 눈이 늘 반쯤 감겨 있으며 수줍음 많고 소심한 앙토니와 그의 사촌, 작품 초반부터 마지막 장까지 앙토니가 애절하게 사랑한 부잣집 스테파니와 그녀의 단짝 클레망스, 옆 동네 아랍 이민자 밀집 구역에 사는 하신은 성장하고, 무료해 하고, 사랑하고, 탈출을 꿈꾸었다가 번번이 되돌아오고, 절망하고, 훔치고 달아나며 각각 자신들이 태어난 배경에 따라 다른 이십 대를 맞는다. 세계화와 탈공업화 바람으로 내몰리고 황폐해지고 잊힌 프랑스 북동부의 작은 시에 사는 저소득층이 꾸역꾸역 살아 낸 시절에 대한 정치적이고 사회적인 소설로, 프랑스인과 이민자의 갈등, 고소득층과 저소득층의 갈등, 노년층과 청년층의 갈등, 회사와 노조의 갈등, 파리와 지방의 갈등, 남편과 아내의 갈등 등 프랑스 사회가 지닌 모든 종류의 갈등이 프레스코화처럼 세밀하게 그려진다. 이를 통해 우리는 신자유주의를 앓고 있는 전 세계 곳곳 우리의 이야기로 확대하여 공감대를 느낄 수 있을 것이다.","['소설/시/희곡', '프랑스소설']"
10390,"최악의 여성, 최초의 여성, 최고의 여성",나탈리 코프만 켈리파 지음; 이원희 옮김,작가정신,2019,990.94 켈298ㅊ이,9791160000000,https://search1.kakaocdn.net/thumb/R120x174.q85/?fname=http%3A%2F%2Ft1.daumcdn.net%2Flbook%2Fimage%2F4977864%3Ftimestamp%3D20240409131709,"인류 역사에 있어 중요한 여성 100인의 초상을 추적한 훌륭한 책. _ 『알자스l’alsace』 남성이 지배하는 사회에서 당당히 자기 삶의 주인으로 우뚝 섰던 여성 100인의 인생 여정을 되짚은 연대기 ㆍ 320만 년 전부터 21세기까지, 인류의 진보에 기여한 여성 100인의 삶을 고찰한 인물 도감 ㆍ 최악의, 최초의, 최고의 순간을 기록한 생생한 그림과 사진 올컬러 수록 ㆍ 과학, 정치, 예술, 패션, 스포츠 등 다양한 분야에서 최초로 인정받은 여성 인물의 삶 총망라 ㆍ 역사 교과서에서는 절대 알려주지 않는, 진보된 사회를 위해 노력해온 수많은 여성들의 아름다운 발자취 우리가 반드시 기억해야 할 당당한 여성 100인에 대한 헌정서 『최악의 여성, 최초의 여성, 최고의 여성』이 도서출판 작가정신에서 출간됐다. 저자 나탈리 코프만 켈리파는 프랑스의 예술사학자로, 최초의 여성 ‘루시’가 존재했던 320만 년 전부터 21세기 현재에 이르기까지 방대한 시간을 살펴 여성 100인의 이야기를 추려냈다. 서태후, 마리 퀴리, 시몬 드 보부아르, 마릴린 먼로, 말랄라 유사프자이 등 유명한 인물들 외에도 널리 알려지진 않았지만 자기 자리에서 빛나는 삶을 살았던 여성들의 이야기를 일목요연하고도 재미있게 풀어냈다. 그중 프랑스 예술사학자의 시선으로 바라본 신라의 선덕 여왕 이야기는 특히 우리에게 깊은 인상을 준다. 저자는 이 책의 한국어판 출간을 기념해 특별히 한국 독자들에게 전하는 서문을 보내왔다. “전 세계가 공유하는 통념이 있다면 바로 여성을 열등한 존재로 여기는 인식”이라면서 ‘고요한 아침의 나라에서 일어나고 있는 변화’에 대해 언급했다. ‘미투 운동’, ‘호주제 폐지’, ‘낙태죄 헌법 불합치’ 등의 한국 사회 변화를 지적하면서 평등과 민주주의에 의거한 사회 개혁에 박수를 보냈다. 또 “이제라도 여성으로부터 유래하는 모든 것, 여성들이 역사와 문화에 특별히 기여한 것 그리고 인류 공동체에 가져다준 모든 것에 대해서는 어머니의 유산상속이라고 하는 것이 어떨까”라는 위트 있는 제안을 던졌다. 여성 100인은 한때 어떤 사회 기준에서는 최악이라 평가받았고, 그럼에도 용기와 지성을 지니고 무언가를 최초로 시도했다. 성별로 인한 장애물에 굴복하지 않고 과감하게 뛰어 넘고자 했던 그들 모두가 최고의 여성이었다. 저자는 이들에 대해 “모든 분야에서 길이 막혀 있었던 때, 기존 질서를 뒤엎고 남녀 간의 새로운 관계를 위한 기틀을 세우면서 남성의 세계 에서 최초로 인정을 받았던 여성들”이라고 수식했다. 최초로 여성 외과의사가 되어 여성 병원을 열었던 엘리노어 데이비스 콜리, 최초로 남성 누드화를 그렸던 화가 쉬잔 발라동, 여성 최초로 랍비가 되어 성무일도를 집행했던 레지나 요나스, 여성 최초로 올림픽 경기에서 우승한 테니스 ...선수 샬롯 쿠퍼, 또 최초로 마라톤에 참가해 여성도 신나게 달릴 수 있음을 보여준 캐서린 스위처 등 ‘최초의 그녀들’은 후대 여성들이 다양한 분야로 나아가도록 물꼬를 터주었다. 심지어 최초의 여성 갱단 두목이었던 스테파니 세인트 클레어도 그 나름대로 여성에게 새로운 길을 열어주었다. 남성 위주의 역사 속에서 덜 중요하게 여겨지거나 아예 드러나지 못했던 이들의 이야기를 책으로 엮은 것은 성별의 대립을 유도하려는 목적이 아니다. 저자는 프랑스 월간지 『세렝고serengo』와의 인터뷰에서 “여성의 지위 변화야말로 민주적인 지표” 라며 “덜 발전된 사회일수록 여성의 지위가 낮아진다”고 말했다. 차별 없는 세상이 바로 우리 인류 전체가 진보한 모습이라는 메시지이다. 성별 문제를 떠나, 자기 삶을 주체적으로 개척해나가며 인류 진보에 기여한 이 여성 100인을 우리는 기억해야 한다. 저자는 여성들에게 “피해자에서 투사로 넘어가길”, “여성 100인의 삶을 본받아 대담해지고 변화하고 의식을 깨우길” 바라고 있다. 당당한 삶의 장면들이 담긴 이 책에서 우리는 인류가 더욱 아름답게 진보할 수 있다는 데 성찰과 확신, 용기를 얻을 수 있으리라.","['역사', '세계사 일반']"
10391,지적 대화를 위한 넓고 얕은 지식. 0,채사장 지음,Whale Books(웨일북),2020,001.2 채52ㅈ v.0,9791190000000,https://search1.kakaocdn.net/thumb/R120x174.q85/?fname=http%3A%2F%2Ft1.daumcdn.net%2Flbook%2Fimage%2F5145898%3Ftimestamp%3D20241214134742,"인문 분야 국내 작가로는 드물게 200만 부라는 더블 밀리언셀러를 기록한 작가, 출간하는 책마다 화제를 불러일으키며 베스트셀러를 달성한 작가, 강연마다 청중이 꽉 들어차고 끝난 지 2년 넘은 팟캐스트가 아직도 상위권을 달리며 많은 사람이 기다려온 작가. 채사장이 5년 만에 《지적 대화를 위한 넓고 얕은 지식》 신작으로 돌아왔다. 작가 특유의 유머와 필력으로 어려운 것을 쉽게 설명하고 지루한 것을 재밌게 정리하는 기술은 여전하다. 다만 이전 시리즈에서 그의 현실 감각이 빛을 발했다면, 이번 책에서는 오랜 기간의 사유와 통찰이 유감없이 발휘된다. 현대인은 여러 블랙미러를 통해 하루에도 수많은 지식과 접한다. 그런데 이런 파편적인 지식들은 대부분 금세 휘발되고, 삶에 자리 잡지 못한다. 왜일까? 그것은 이 지식들을 이해하기 위한 지식의 배경이 약하기 때문이다. 지식의 종류는 많겠지만, 어떤 지식을 알려면 꼭 필요한 선(先)지식이 있다. 이것은 나와 세계를 이해하게 하고, 개인의 관점과 세계관을 형성해주며, 일상에서 파생되는 지식들을 주체적으로 이해하게 한다. 이번 책 [제로] 편은 당신이 진정한 지적 대화를 하고 싶다면 제일 먼저 접해야 하는 가장 근본 지식을 담았다. 이 책이야말로 지식의 궁극적인 목표를 이루게 할 것이다. 나와 삶을 ‘나아지게’ 하는 바로 그 목표 말이다.","['인문학', '교양 인문학']"
10392,붕대 감기,윤이형 지음,작가정신,2020,813.6 윤68ㅂ,9791160000000,https://search1.kakaocdn.net/thumb/R120x174.q85/?fname=http%3A%2F%2Ft1.daumcdn.net%2Flbook%2Fimage%2F5174996%3Ftimestamp%3D20250328135512,"제5회, 제6회 젊은작가상, 제5회 문지문학상, 2019년 이상문학상을 수상한 작가 윤이형의 소설 『붕대 감기』. 소수자의 감각과 서사에 끈기 있게 천착해온 저자의 자각과 다짐의 연장선상에 있는 소설로서, 우정이라는 관계 안에서 휘몰아치는 복잡하고 내밀한 감정들을 첨예한 문제의식과 섬세한 문체로 묘파하며 저자가 현재 몰두하는 여성 서사라는 화두를 가장 적실하게 그려 보인 작품 가운데 하나다. 소설에서는 계층, 학력, 나이, 직업 등이 모두 다른 다양한 여성들의 개별적인 서사가 연쇄적으로 이어진다. 불법촬영 동영상 피해자였던 친구를 보고도 도움을 주지 못했던 미용사 지현, 영화 홍보기획사에 다니는 워킹맘이자 의식불명에 빠진 아들 서균을 둔 은정, 그런 서균과 한반인 딸 율아의 엄마 진경, 진경의 절친한 친구이자 출판기획자인 세연 등 바톤터치를 하듯 연결되는 이들 각자의 사연은 개인의 상처에서 나아가 사각지대에 자리한 우리 사회의 환부에까지 가 닿는다.","['소설/시/희곡', '한국소설', '2000년대 이후 한국소설']"
10393,세상의 봄. 하,미야베미유키 지음; 권영주 옮김,비채:김영사,2020,833.6 미63ㅅ권 v.하,9788930000000,https://search1.kakaocdn.net/thumb/R120x174.q85/?fname=http%3A%2F%2Ft1.daumcdn.net%2Flbook%2Fimage%2F5255281%3Ftimestamp%3D20220915023826,"“서른 살 무렵 데뷔해 서른 해 동안 글을 썼으니, 반생을 작가로 산 셈이네요. 그간 도중에 사라져버렸어도 이상하지 않은 일인데 저는 정말로 운이 좋았구나 싶습니다. ‘아아, 이 일을 해서 좋았구나. 작가가 되어 좋았구나. 이 인생이어서 좋았구나’ 지금까지 스쳐 지나간 크고 작은 인연의 모든 이들에게 감사의 마음을 전합니다. 앞으로 얼마나 더 용을 쓸 수 있을까 모르겠습니다만 글감을 몇 가지 준비해놓기도 했고 새로운 것에도 또 도전해보고 싶습니다.” _미야베 미유키(데뷔 30주년 기념 인터뷰에서) 1987년 단편 〈우리 이웃의 범죄〉로 ‘올요미모노 추리소설 신인상’을 수상하며 데뷔한 이래 긴 세월 독자들의 사랑을 받아온 미야베 미유키. 《세상의 봄》은 그가 등단 30주년을 맞는 해에 발표한 81번째 작품으로(단행본 기준), 원고지 3000매(번역본 기준)를 훌쩍 넘기는 대작이다. 에도시대 가상의 작은 번(藩)을 무대로, 정신착란을 이유로 연금된 청년 번주와 그를 지키고자 하는 사람들의 애틋한 충정과 사랑을 담고 있다. 의사 시로타를 비롯해 청년 번주의 회복을 위해 백방의 노력을 기울이던 사람들은 소년 연쇄 실종사건, 쿠리야 일족 몰살사건 등 과거의 상처와 맞닥뜨리게 되는데……. 《세상의 봄》은 발표 즉시 ‘소설사에 유례없는 작품’ ‘21세기 최강의 사이코&미스터리’라는 극찬과 함께 각종 도서 차트 상위를 장식하며 미야베 미유키 문학의 유효성을 당당히 증명했다. 밀도 있는 미스터리의 매력은 물론, 매력적인 등장인물들의 사연이 한데 어우러져 인정 넘치는 휴먼 드라마로서도, 청춘남녀의 아련한 봄빛 로맨스로서도 풍성한 이야기가 전개되며 잠시도 쉴 틈 없이 결말로 내달린다.","['소설/시/희곡', '추리/미스터리소설', '일본 추리/미스터리소설']"
10394,세상의 봄. 상,미야베미유키 지음; 권영주 옮김,비채:김영사,2020,833.6 미63ㅅ권 v.상,9788930000000,https://search1.kakaocdn.net/thumb/R120x174.q85/?fname=http%3A%2F%2Ft1.daumcdn.net%2Flbook%2Fimage%2F5255493%3Ftimestamp%3D20220925181423,"1987년 단편 〈우리 이웃의 범죄〉로 ‘올요미모노 추리소설 신인상’을 수상하며 데뷔한 이래 긴 세월 독자들의 사랑을 받아온 미야베 미유키. 《세상의 봄》은 그가 등단 30주년을 맞는 해에 발표한 81번째 작품으로(단행본 기준), 원고지 3000매(번역본 기준)를 훌쩍 넘기는 대작이다. 에도시대 가상의 작은 번(藩)을 무대로, 정신착란을 이유로 연금된 청년 번주와 그를 지키고자 하는 사람들의 애틋한 충정과 사랑을 담고 있다. 의사 시로타를 비롯해 청년 번주의 회복을 위해 백방의 노력을 기울이던 사람들은 소년 연쇄 실종사건, 쿠리야 일족 몰살사건 등 과거의 상처와 맞닥뜨리게 되는데……. 《세상의 봄》은 발표 즉시 ‘소설사에 유례없는 작품’ ‘21세기 최강의 사이코&미스터리’라는 극찬과 함께 각종 도서 차트 상위를 장식하며 미야베 미유키 문학의 유효성을 당당히 증명했다. 밀도 있는 미스터리의 매력은 물론, 매력적인 등장인물들의 사연이 한데 어우러져 인정 넘치는 휴먼 드라마로서도, 청춘남녀의 아련한 봄빛 로맨스로서도 풍성한 이야기가 전개되며 잠시도 쉴 틈 없이 결말로 내달린다.","['소설/시/희곡', '추리/미스터리소설', '일본 추리/미스터리소설']"
10395,숙명,히가시노게이고 지음; 권남희 옮김,소미미디어,2020,833.6 히12ㅅ권,9791170000000,https://search1.kakaocdn.net/thumb/R120x174.q85/?fname=http%3A%2F%2Ft1.daumcdn.net%2Flbook%2Fimage%2F5365628%3Ftimestamp%3D20250110142808,"유명 대기업 UR전산의 대표이사가 살해당했다. 장소는 묘지, 흉기는 이전 대표였던 우류 나오아키의 유품인 석궁. 해당 사건을 조사하게 된 형사 와쿠라 유사쿠는 우류 나오아키의 아들이자 의사인 우류 아키히코와 다시 마주치며 기묘한 운명을 느낀다. 어린 시절부터 경쟁의식을 느껴왔지만 끝까지 단 한 번도 이기지 못했던 바로 그 상대가 살인 사건에 연루된 것이다. 또한 아키히코의 아내이자 유사쿠의 옛 연인이며, 자신의 운명이 ‘실’에 조종당하고 있다고 믿는 미사코의 존재까지. 그들 세 사람 사이에 얽힌 끈질긴 숙명, 그 실체는 과연 무엇인가! 유명 대기업 사장이 화살로 살해된 충격적인 사건. 그 범인은 과연 누구인가……! 마지막 한 줄을 읽을 때까지 멈출 수 없는 미스터리 대작! 추리 소설을 읽을 때 독자들이 가장 집중해서 읽는 부분은 바로 범인이 누구냐는 것이다. 더 나아가서 그 동기는 무엇인지, 또한 살인사건에 사용된 트릭은 무엇인지를 유추해가며 지적 유희를 즐긴다. 그러나 히가시노 게이고는 단순히 거기서 멈추지 않는다. 얽히고설킨 두 남자의 운명을 통해, 숨겨진 과거의 비밀을 추적하며 범인이 밝혀진 이후에도 마지막 한 줄까지 멈추지 않고 읽어 내려가게 만든다. 단순한 추리소설이 아니라 메시지와 문학성을 동시에 잡는, 히가시노 게이고 스타일의 원점, 그것이 바로 이 《숙명》이다.","['소설/시/희곡', '추리/미스터리소설', '일본 추리/미스터리소설']"
10396,녹나무의 파수꾼,히가시노게이고 지음; 양윤옥 옮김,소미미디어,2020,833.6 히12ㄴ양,9791170000000,https://search1.kakaocdn.net/thumb/R120x174.q85/?fname=http%3A%2F%2Ft1.daumcdn.net%2Flbook%2Fimage%2F5264475%3Ftimestamp%3D20240807140444,"《나미야 잡화점의 기적》을 잇는 감동 소설을 들고 온 히가시노 게이고. 『녹나무의 파수꾼』은 소원을 들어주는 나무라는 다소 황당무계해 보이는 설정이지만 저자는 대가다운 솜씨를 발휘해서 그 나무의 능력을, 그리고 그 나무에 마음을 전하고 싶은 사람들의 사연을 설득력 있게 풀어낸다. 정말로 우리 주변에 있을 법한 사람들의 모습과 그들의 이야기를 읽고 있다 보면 어느새 마음속 어딘가에서 감동이 툭, 하고 번져오게 될 것이다. 천애고아, 무직, 절도죄로 유치장 수감 중. 그야말로 막장인생 그 자체인 청년 레이토. 그런 그에게 일생일대의 기묘한 제안이 찾아온다. 변호사를 써서 감옥에 가지 않도록 해줄 테니 그 대신 시키는 대로 하라는 것. 제안을 받아들인 레이토 앞에 나타난 사람은 지금까지 존재를 알지 못했던 이모라고 한다. 그녀는 레이토만이 할 수 있다며 ‘월향신사’라는 곳의 ‘녹나무’를 지키는 일을 맡긴다. 그 녹나무는 이른바 영험한 나무로, 많은 사람들이 기도를 하러 온다. 그러나 단순히 기도를 한다기엔 그 태도에는 무언가 석연찮은 것이 있다. 일한지 한 달 정도 지났을 무렵, 레이토는 순찰을 돌다 여대생 유미와 마주친다. 유미는 자신의 아버지가 여기서 도대체 무슨 기도를 하는지 파헤치려 뒤쫓아 온 것. 레이토는 반은 호기심에, 반은 어쩌다보니 유미에게 협력하게 된다.","['소설/시/희곡', '일본소설', '1950년대 이후 일본소설']"
10397,지도에 없는 마을,앨러스테어 보네트 지음; 방진이 옮김,북트리거:지학사,2019,980 보194ㅈ방,9791190000000,https://search1.kakaocdn.net/thumb/R120x174.q85/?fname=http%3A%2F%2Ft1.daumcdn.net%2Flbook%2Fimage%2F4972220%3Ftimestamp%3D20221011182300,"지도상의 빈칸을 새로운 시각으로 접근해 장소의 매력적인 조각을 솜씨 좋게 발굴해 낸 『지도에 없는 마을』. 국경이 와해되고 새로운 지역주의가 탄생하는 중동 지역의 지리를 비롯해, 작디작은 고립지로 영토가 분열되고, 새로운 섬들이 마구 솟아나고 있는 지구의 감춰진 구석구석을 살피는 등 지도 위의 빈틈을 찾아 나선 기록을 담고 있다. 공식적인 지도상에 나타나지 않는 놀라운 장소들을 탐험하며 찾아낸 독특한 장소 서른아홉 곳에 관한 이야기를 통해 장소에 대한 개념 자체에 도전을 제기하며, 지리학에 관한 고정관념을 여지없이 깬다. 1장 ‘제멋대로인 섬들’을 통해 본토의 안정감에 균열을 내는가 하면, 지구가 인간의 통제 밖에 있다는 사실을 환기시키고, 2장 ‘고립지와 신생국가들’에서는 언어 고립지, 종교 고립지, 미완의 국가 등을 통해 전통적인 국경의 개념으로 설명할 수 없는 세계를 그려 보인다. 3장 ‘유토피아의 장소들’에서 소개하는 우리가 일부러 꿈꿨기에 탄생한 장소들, 장소에 대한 격렬한 사랑과 집착의 산물인 지상의 유토피아들은 우리가 얼마나 장소에 의존하며 살아가는지 상기시켜 준다. 4장 ‘유령과 환영이 떠도는 장소들’, 5장 ‘감춰진 장소들’에서 저자는 낯설게 보기를 통해 속속들이 알려진 세계에서 어떻게 탐험이 가능한지 몸소 보여 준다. 도시의 흉물로 남은 고가 보도는 개발계획의 잔재를 되짚어 볼 수 있는 색다른 산책로가 되고, 구글 스트리트뷰가 먹통이 되는 회색 구역은 첨단 기술의 빈틈을 생각해 볼 수 있는 좋은 소재가 된다. 장소를 철학적 사유의 재료로 삼는 저자는 이러한 이야기를 통해 장소에 대한 인간의 원초적인 관심을 되살려 내고, 더 나아가 상상력을 동원한다면 얼마든지 평범한 풍경을 뒤집고 탈환해, 그 풍경에 흥미와 새로운 차원을 더할 수 있음을 보여 준다.","['인문학', '교양 인문학']"
10398,사서함 110호의 우편물,이도우 지음,시공사,2020,813.6 이25ㅅㅅ,9788950000000,https://search1.kakaocdn.net/thumb/R120x174.q85/?fname=http%3A%2F%2Ft1.daumcdn.net%2Flbook%2Fimage%2F647282%3Ftimestamp%3D20240420113849,"13주년을 맞아 새롭게 선보이는 이도우의 장편소설 『사서함 110호의 우편물』. 30대 초중반, 어느덧 익숙해진 평범한 일상 속에서 사랑에 대한 설렘을 마음 한 자락 조용히 접어버린 이들의 이야기를 조금 느리게 그려낸 이 작품은 2004년 발표된 이래 수많은 독자들의 뜨거운 지지와 입소문으로 변함없이 사랑받고 있다. 여기 우리와 크게 다르지 않은, 적당히 외로워하며 살아가는 그들이 있다. 9년 차 라디오 프로그램 작가 공진솔과 피디이자 시인인 이건. 사소한 일에 상처받지 않을 만큼 어른이 됐다고 느끼는 진솔은 개편으로 바뀐 담당 피디가 시인이라는 말에 진솔은 원고에 트집이나 잡지 않을지 걱정스럽다. 이건과의 첫 미팅 자리, 무심코 펼쳐놓은 진솔의 다이어리에 적힌 글을 본 그가 소리 내어 읽고 만다. “올해의 목표 ‘연연하지 말자’. 어디에 연연하지 말잔 거예요?” 성숙한 어른이라는 겉보기와 달리 약점도 단점도 여전히 많은 그들에게 사랑은 흔해빠진 감정이고 때로는 부질없어서 환멸이 느껴질 때도 있다. 그럼에도 불구하고 ‘다시 한 번 사랑해보기로 한’ 그들의 이야기를 담담하면서도 깊이 있는 문장으로 담아내며 삶 속에서 어떤 것들은 포기할 수밖에 없는 우리를 위로해준다. 서툴지만 성실하게 사랑을 맞이하는 진솔과 건의 이야기에 FM 라디오, 오랜 창가(唱歌) 등 아날로그적인 감성이 더해져 더욱 애틋하게 독자의 마음을 두드린다.","['소설/시/희곡', '로맨스소설', '한국 로맨스소설']"
10399,돌이킬 수 있는,문목하 지음,아작,2020,813.6 문35ㄷ,9791190000000,https://search1.kakaocdn.net/thumb/R120x174.q85/?fname=http%3A%2F%2Ft1.daumcdn.net%2Flbook%2Fimage%2F4817340%3Ftimestamp%3D20241128131143,"촉망받는 신입 수사관 윤서리, 하지만 부패경찰을 도와 일하게 된 그녀는 건드리지 말아야 할 범죄조직을 건드리고, 비공식 명령을 받아 어느 암살 작전에 투입된다. 작전구역은 대형 싱크홀 발생으로 폐쇄된 유령도시, 4만여 명의 시민이 목숨을 잃은 참혹한 재해의 상흔이 가시지 않은 그곳에 보내진 그녀는 아무도 없어야 할 도시에서 수백 명의 사람들을 발견하고, 그보다 더 놀라운 그들의 초능력을 목격하게 되는데…. 부패경찰과 정체불명의 불법 조직 사이에서 벌어지는 첩보와 배신, 초능력물과 누아르를 매력적인 캐릭터와 대사로 녹여낸 소설다운 소설! 작품 속 세계에 최적화된 문장과 군더더기 한 톨 없는 대사가 준비된 장인의 솜씨다. 초능력 전투물의 기시감을 너끈히 지우고 한 걸음 더 나아간, 장르 고전 자리를 예약한 데뷔작. - 김창규, SF작가","['소설/시/희곡', '과학소설(SF)', '한국 과학소설']"
10400,단순한 진심,조해진 지음,민음사,2020,813.6 조93ㄷ,9788940000000,https://search1.kakaocdn.net/thumb/R120x174.q85/?fname=http%3A%2F%2Ft1.daumcdn.net%2Flbook%2Fimage%2F4991515%3Ftimestamp%3D20240929131209,"신동엽문학상, 이효석문학상 수상 작가 조해진의 장편소설 『단순한 진심』. 꾸준히 역사적 폭력에 상처를 입은 개인에 주목하는 작품을 선보여 온 저자는 이번 작품에서 역시 특유의 감수성으로 해외입양 문제와 기지촌 여성의 존재를 틔워 올린다. 서로가 서로에게 점등의 순간, 구원의 순간이 될 수 있다는 빛의 소설로 많은 독자들에게 위로를 전한 저자는 이번 작품을 통해 삶에 등장한 우연한 타인을 외면하지 않고 기꺼이 이름을 부르고 껴안으려는 곁의 소설을 선보인다. 35년 전 프랑스로 해외입양이 되어 파리에서 배우이자 극작가로 살고 있는 ‘나나’. 그는 어느 날, 자신의 삶에 중요한 갈림길이 될 두 가지 소식을 받아들게 된다. 하나는 자신이 헤어진 애인의 아이를 임신했다는 사실. 또 하나는 그를 주인공으로 영화를 찍고 싶다는 한국의 대학생 ‘서영’의 이메일이다. 서영은 나나가 해외로 입양되기 전, 그를 보호했던 한 기관사가 지어 준 ‘문주’라는 이름의 의미를 찾아가는 과정을 영화에 담고 싶다며 나나를 설득하고, 결국 나나는 배 속의 작은 생명에게 ‘우주’라는 이름을 붙이고, 서영의 제안을 따라 이름의 기원을 알기 위해 한국행을 결심한다. 스크린 바깥의 인물들이었던 이들을 만나기 위해 인생에서 접힌 페이지였던 나라로 온 나나는 몇 달, 그 여름 동안 어떤 관계보다 끈끈하게 얽히며 서로를 알기 위해 애쓰는데…….","['소설/시/희곡', '한국소설', '2000년대 이후 한국소설']"
10401,오직 한 사람의 차지,김금희 지음,문학동네,2019,813.6 김17ㅇㅈ,9788950000000,https://search1.kakaocdn.net/thumb/R120x174.q85/?fname=http%3A%2F%2Ft1.daumcdn.net%2Flbook%2Fimage%2F5040197%3Ftimestamp%3D20221011190736,"《너무 한낮의 연애》, 《경애의 마음》 등으로 사랑받으며 독자들이 뽑은 2019 한국문학의 미래가 될 젊은 작가로 선정된 김금희의 세 번째 소설집 『오직 한 사람의 차지』. 일상 속에서 마주치는 흥미로운 장면, 멀거나 가까운 사람들에게서 어쩌다 발견하게 되는 낯선 모습을 예리하게 관찰하여 아주 내밀하면서도 누구나 공감할 수 있는 작품세계를 펼치는 저자의 9편의 소설을 엮은 것으로, 제62회 현대문학상 수상작 《체스의 모든 것》과 제8회 젊은작가상 수상작 《문상》이 수록되어 있다. 아내와 장인의 눈치를 보며 힘들게 1인 출판사를 운영하다 사업을 정리해야 했던 ‘나’의 모욕감과 상실감을 그린 표제작 《오직 한 사람의 차지》, 예민한 기질을 지녔지만 의외로 여린 마음으로 누군가를 짝사랑하는 ‘사장’과, 사장의 비밀을 눈치채버린 아르바이트생 ‘나’의 교감이 점차 진해지는 과정을 따라가는 《사장은 모자를 쓰고 온다》, 최선을 다해 서로를 사랑하려 한 두 소녀의 맑은 마음과 그 시절 순수했던 만큼 쉽게 깨어져버리곤 했던 관계의 기적 같은 불행을 하나의 화폭 위에 절묘하게 겹쳐 보이는 《레이디》 등 우리가 살아가는 바로 이곳을 무대로 삼아 개성 넘치는 인물들이 품고 있는 복합적인 마음의 결을 섬세하게 어루만지는 작품들을 만나볼 수 있다.","['소설/시/희곡', '한국소설', '2000년대 이후 한국소설']"
10402,산 자들,장강명 지음,민음사,2019,813.6 장12ㅅ,9788940000000,https://search1.kakaocdn.net/thumb/R120x174.q85/?fname=http%3A%2F%2Ft1.daumcdn.net%2Flbook%2Fimage%2F4983654%3Ftimestamp%3D20250122125806,"장강명의 연작소설 『산 자들』. 2015년부터 2019년까지 여러 문예지에서 발표된 10편의 단편소설로 구성된 연작소설로, 우리 삶의 현장에서 익숙하게 발생하는 일화를 발췌해 거대하고 흐릿한 적의 실체를 또렷하게 보여주는 10편의 이야기들로 구성되어 있다. 2010년대 한국 사회의 노동과 경제 문제를 드러내는 소설들은 각각 ‘자르기’, ‘싸우기’, ‘버티기’ 총 3부로 나누어 수록되었다. 한국 사회의 억압 구조 안에서 가해자나 피해자가 분리되지 않고 서로가 서로를 억압하는 양상을 절묘하게 포착한 《공장 밖에서》, 어느 중견 기업에서 더 이상 필요가 없어진 한 부서의 직원들을 구조 조정하는 이야기를 담은 《대기발령》, 목 좋은 어느 지하철역 근처에 차례로 들어선 빵집들의 무한경쟁기 《현수동 빵집 삼국지》 등의 소설을 통해 취업, 해고, 구조조정, 자영업, 재건축 등을 소재로 한국 사회의 노동 현실과 그러한 현실을 빚어내는 경제 구조를 동시에 보여 준다.","['소설/시/희곡', '한국소설', '2000년대 이후 한국소설']"
10403,짓기와 거주하기,리처드 세넷 지음; 김병화 옮김; 임동근 해제,김영사,2020,331.47 세194ㅈ김,9788930000000,https://search1.kakaocdn.net/thumb/R120x174.q85/?fname=http%3A%2F%2Ft1.daumcdn.net%2Flbook%2Fimage%2F5165194%3Ftimestamp%3D20250312134739,"노동과 도시화 연구의 세계적 석학 리처드 세넷의 오랜 작업인 「호모 파베르 프로젝트」3부작의 완결편 『짓기와 거주하기』. 《장인》, 《투게더》에 이어 이번 책에서 호모 파베르는 넓고 깊은 지식과 섬세한 통찰력을 발휘하여 닫힌 도시, 즉 건축적 분리와 사회적 불평등이 서로를 강화해주는 도시가 어떻게, 얼마나 증가했는지를 살펴보고, 그 대안으로 열린 도시를 제안한다. 파리, 바르셀로나, 뉴욕이 어떻게 지금의 형태를 갖게 되었는가를 돌아보면서 제인 제이콥스, 루이스 멈퍼드를 비롯하여 하이데거, 발터 벤야민, 한나 아렌트 등 주요 사상가들의 생각을 살펴보는가 하면, 남미 콜롬비아 메데인의 뒷골목에서 뉴욕의 구글 사옥, 한국의 송도에 이르는 상징적 장소를 돌아다니며 물리적인 도시가 사람들의 일상 경험을 얼마나 풍부하게 하고 사회적 유대를 강화시킬 수 있는지, 혹은 그 반대일 수 있는지를 보여준다.","['사회과학', '사회학', '사회학 일반']"
10404,우리가 빛의 속도로 갈 수 없다면,김초엽 지음,동아시아출판사:허블,2019,813.6 김84ㅇ,9791190000000,https://search1.kakaocdn.net/thumb/R120x174.q85/?fname=http%3A%2F%2Ft1.daumcdn.net%2Flbook%2Fimage%2F4966995%3Ftimestamp%3D20250206132731,"바이오센서를 만드는 과학도에서 이제는 소설을 쓰는 작가 김초엽. 어디에도 없는 그러나 어딘가에 있을 것 같은 상상의 세계를 특유의 분위기로 손에 잡힐 듯 그려내며, 정상과 비정상, 성공과 실패, 주류와 비주류의 경계를 끊임없이 질문해온 그의 첫 소설집 『우리가 빛의 속도로 갈 수 없다면』. 《관내분실》로 2017년 제2회 한국과학문학상 중단편부문 대상을, 《우리가 빛의 속도로 갈 수 없다면》으로 가작을 동시에 받으며 작품 활동을 시작한 저자의 이야기를 만나볼 수 있다. 신인소설가로서는 드물게 등단 일 년여 만에 《현대문학》, 《문학3》, 《에피》 등 여러 지면을 통해 발표한 작품으로 펴낸 첫 소설집으로, 근사한 세계를 그려내는 상상력에서 한 발 더 나아가, 우리를 돌아보게 하는 질문을 던지는 일곱 편의 작품이 수록되었다.","['소설/시/희곡', '과학소설(SF)', '한국 과학소설']"
10405,지구에서 한아뿐,정세랑 지음,난다,2019,813.6 정54ㅈ,9791190000000,https://search1.kakaocdn.net/thumb/R120x174.q85/?fname=http%3A%2F%2Ft1.daumcdn.net%2Flbook%2Fimage%2F4993444%3Ftimestamp%3D20240110165948,"외계인 경민과 지구인 한아의 아주 희귀한 종류의 사랑 이야기 『지구에서 한아뿐』. 창비장편소설상, 한국일보문학상 수상 작가 정세랑의 두 번째 장편소설이다. 10년 전 쓴 작품을 다시 꺼내어 과거의 자신에게 동의하기도 하고 동의하지 않기도 하며 다시 한 번 고쳐 펴낸 다디단 작품이다. 칫솔에 근사할 정도로 적당량의 치약을 묻혀 건네는 모습에 감동하는 한아는 저탄소생활을 몸소 실천하는 의류 리폼 디자이너다. '환생'이라는 작은 옷 수선집을 운영하며 누군가의 이야기와 시간이 담긴 옷에 작은 새로움을 더해주곤 하는 한아에게는 스무 살 때부터 좋아한, 만난 지 11년 된 남자친구 경민이 있다. 늘 익숙한 곳에 머무르려 하는 한아와 달리 자유분방하게 살아가는 경민은 이번 여름에도 혼자 유성우를 보러 캐나다로 훌쩍 떠나버린다. 자신의 사정을 고려해주지 않는 경민이 늘 서운했지만 체념이라고 부르는 애정도 있는 것이라 생각하던 때, 캐나다에 운석이 떨어져 소동이 벌어지고, 경민은 무사히 돌아왔지만 어딘지 미묘하게 낯설어졌다. 팔에 있던 커다란 흉터가 사라졌는가 하면 그렇게나 싫어하던 가지무침도 맛있게 먹는다. 그리고 무엇보다도 한아를 늘 기다리게 했던 그였는데 이제는 매순간 한아에게 집중하며 조금 더 함께 있는 듯한 기분을 준다. 달라진 경민의 모습과 수상한 행동이 의심스러운 한아는 무언가가 잘못되어간다고 혼란에 빠지는데…….","['소설/시/희곡', '한국소설', '2000년대 이후 한국소설']"
10406,공정하지 않다,"박원익, 조윤호 공지음",지와인,2019,331.234 박66ㄱ,9791200000000,https://search1.kakaocdn.net/thumb/R120x174.q85/?fname=http%3A%2F%2Ft1.daumcdn.net%2Flbook%2Fimage%2F5064964%3Ftimestamp%3D20231026163619,"“그들을 모르면 세상을 모르는 것이다!” 90년대생들이 원하는 6가지 공정함과 6가지 삶의 무기 각계각층의 주요 전문가들이 적극 추천한 화제작! 한 사회와 한 시대의 성격을 결정하는 건 결국 20대들이다. 그들이 어떤 가치관과 행동방식을 갖고 있느냐에 따라 그 사회 전체의 미래가 결정된다. 사회, 정치, 문화, 경제 등 모든 분야에서 90년대생들을 이해하려고 애쓰고 있다. 그들은 과연 어떤 가치관과 행동방식을 갖고 있는가. 그들은 무엇을 원하는가. 이기주의, 혐오주의, 경쟁주의로 오해되는 90년대생들. 기성세대의 관점에서 벗어나 변화의 관점에서 이들을 보자. 팩트주의, 중립주의, 평등주의를 바탕으로 이들을 원하는 ‘새로운 공정함의 기준’이 무엇인지 이해하자. 이들의 욕망이 어떻게 움직이고 있으며, 어떻게 해결될 수 있는지 제대로 관찰하자. 이 책은 90년대생들의 겉모습을 뚫고, 그들이 놓인 구조의 핵심을 촘촘하게 파헤친다. 기존 세대론의 한계를 넘는 과감한 제안을 말한다. 90년대생들이 원하는 6가지 공정함과 혼돈의 세상을 살아가는 이들에게 필요한 6가지 삶의 무기를 알려주는 책. 달라진 세대를 이해하지 못하는 것은 달라진 시대를 이해하지 못하는 것과 같다. 이 책은 우리 사회의 내일을 이해하기 위해 꼭 필요한 지침서이다.","['사회과학', '사회학', '사회학 일반']"
10407,나는 뉴욕의 초보 검사입니다,이민규 지음,생각정원,2019,367.204 이38ㄴ,9791190000000,https://search1.kakaocdn.net/thumb/R120x174.q85/?fname=http%3A%2F%2Ft1.daumcdn.net%2Flbook%2Fimage%2F5056132%3Ftimestamp%3D20230413161741,"꿈과 희망과 기회의 땅, 뉴욕. 늘 화려한 성공과 대박을 노리는 사람들의 세속적인 욕망들로 가득하고, 수많은 사람들의 욕망이 서로 충돌하고 화학반응을 일으키며 기형적으로 변해가는 이곳, 뉴욕주 검찰청 사회정의부 소속의 한국인 검사 이민규의 정의 분투기 『나는 뉴욕의 초보 검사입니다』. 300명의 직원으로부터 25억 원의 임금을 약탈한 자수성가의 신화, 매일 200명을 죽음으로 몰아가는 노블레스 오블리주의 실체까지 저자가 마주한 법전 너머 현실은 추악하기 그지없다. 법의 한계에 좌절하고 정의란 과연 무엇인지에 대해 고민하면서도 저자는 세상을, 사람을 포기하지 않으며 우리가 최소한 인간답게 살기 위해 가져야 할 생각들에 대해 질문을 던진다.","['사회과학', '법과 생활', '법률이야기/법조인이야기']"
10408,"닥터 셰퍼드, 죽은 자들의 의사",리처드 셰퍼드 지음; 한진영 옮김,갈라파고스,2019,517.96 셰894ㄷ한,9791190000000,https://search1.kakaocdn.net/thumb/R120x174.q85/?fname=http%3A%2F%2Ft1.daumcdn.net%2Flbook%2Fimage%2F5134931%3Ftimestamp%3D20250205133853,"대중에게 알려지지 않은 특이한 삶을 기록한 『닥터 셰퍼드, 죽은 자들의 의사』. 죽은 자는 말이 없지만 시신은 많은 것을 말해준다. 보통 의사들과 달리 법의관들의 환자는 모두 죽은 사람들이다. 헝거포드 총기 난사 사건으로 명성을 얻고 9·11 테러, 발리 폭탄 테러, 다이애나 비 사망사건 등 굵직한 사건에 참여한 영국 최고의 법의학자 리처드 셰퍼드가 이 책에서 법의학자는 어떤 수련 과정을 거치며 어떤 일을 하는지를 비롯하여, 그들이 어떤 어려움과 심적 곤경을 겪고 고민하는지를 솔직하게 이야기한다. 법의관들은 의심스러운 죽음이 생기면 밤이든 낮이든 언제든 불려간다. 그들의 임무는 경찰이 범죄사건을 해결하도록 시신을 의학적으로 철저히 검사하는 것이다. 자신의 의학 지식으로 살인사건을 재구성하고, 풀리지 않던 문제를 풀도록 도와주고, 무고한 사람을 구원해주고, 법정 증언으로 가해자를 처벌하는 데 기여하는 것이 법의학자의 삶이다. 저자는 그동안 갑작스럽고 설명할 수 없는 죽음의 진실을 찾아내어 사건을 해결해왔고, 죽음과 함께하는 삶은 명성을 안겨주었지만 그와 함께 공황도 안겨주었다. 30년의 법의관 생활에 대해 솔직하게 털어놓은 이 회고록에서 저자는 자연사와 수상한 죽음, 살인사건과 정당방위, 아동학대와 돌연사 등 다양한 사건과 사례를 통해 인간의 삶과 죽음, 그 의미를 강렬하게 증언한다.","['사회과학', '사회문제', '범죄문제']"
10409,나를 지키는 노동법,청년유니온 지음,한겨레출판,2018,368.11 청194ㄴ,9791160000000,https://search1.kakaocdn.net/thumb/R120x174.q85/?fname=http%3A%2F%2Ft1.daumcdn.net%2Flbook%2Fimage%2F4811746%3Ftimestamp%3D20220820184410, 노동법에 관한 내용을 담은 전문서적입니다.,"['사회과학', '사회문제', '노동문제']"
10410,영혼 있는 노동,"이철수, 이다혜 공지음",스리체어스,2019,368.11 이83ㅇ,9791190000000,https://search1.kakaocdn.net/thumb/R120x174.q85/?fname=http%3A%2F%2Ft1.daumcdn.net%2Flbook%2Fimage%2F5061960%3Ftimestamp%3D20221011174955,"저성장 시대와 글로벌 불평등 구조, 기술 혁신 속에서 노동은 달라지고 있다. 우리는 일자리를 찾고, 지키기 위한 고민을 넘어 새로운 형태의 일은 물론 노동의 종말까지도 고려해야 하는 상황에 처했다. 한국을 대표하는 노동법 학자인 이철수 교수와 변화에 주목하는 젊은 학자 이다혜 박사는 유연성과 안전성, 노동조합의 기능과 역할, 최저임금, 균열 일터, 돌봄노동과 일·가정 양립, 외국인 노동자 차별, 플랫폼 노동, 기본소득 도입 등 우리가 직면하고 있는 다양한 일의 문제를 노동법의 시각에서 분석하고 전망한다. 지속 가능한 사회, 포용적 성장을 위해 우리의 노동은 어떻게 보호되어야 할까. 미래 세대에게 필요한 자유와 해방의 ‘영혼 있는 노동’을 말한다. 북저널리즘은 북book과 저널리즘journalism의 합성어다. 우리가 지금, 깊이 읽어야 할 주제를 다룬다. 단순한 사실 전달을 넘어 새로운 관점과 해석을 제시하고 사유의 운동을 촉진한다. 현실과 밀착한 지식, 지혜로운 정보를 지향한다.","['사회과학', '사회문제', '노동문제']"
10411,온라인 수업 어떻게 할까,"김현수, 백규철, 권용호, 윤재덕, 홍현정 공지음",교육과학사,2020,373.33 김94ㅇ,9788930000000,https://search1.kakaocdn.net/thumb/R120x174.q85/?fname=http%3A%2F%2Ft1.daumcdn.net%2Flbook%2Fimage%2F5359705%3Ftimestamp%3D20240227142756,"이 한 권의 책 속에 온라인 수업을 하기 위한 방법과 노하우가 모두 담겨 있다. 지금처럼 코로나 19로 인해 모든 선생님들이 온라인 수업을 할 수밖에 없는 상황에서 정말 긴요한 책이다. 고교학점제와 공동교육과정이 진행되면서 온라인 수업이 점차 필요해질 것이므로 『온라인 수업 어떻게 할까』는 우리 선생님께 한 줄기의 빛이 될 것이다. 비단 온라인 수업뿐만 아니라 보통의 수업, 학생 지도 등에 활용할 수 있어 모든 선생님들에게 진심으로 추천드린다(천년수, 경북과학고등학교 물리 교사).","['대학교재/전문서적', '사범계열', '교육공학/수업설계']"
10412,창조하는 뇌,"데이비드 이글먼, 앤서니 브란트 공지음; 엄성수 옮김",쌤앤파커스,2019,181.53 이17ㅊ엄,9788970000000,https://search1.kakaocdn.net/thumb/R120x174.q85/?fname=http%3A%2F%2Ft1.daumcdn.net%2Flbook%2Fimage%2F4999018%3Ftimestamp%3D20250408130550,"세계적으로 촉망받는 뇌과학자 데이비드 이글먼, 그리고 예술과 과학을 접목해 인간 정신을 연구해온 작곡가 앤서니 브란트가 뇌와 창의성의 비밀을 밝혀가는 지적이고 흥미진진한 여정을 담은 『창조하는 뇌』. 뇌의 작동 원리를 공통의 연구 주제로 삼아 로봇, 컴퓨터, 건축, 인공지능부터 문학, 음악, 미술에 이르기까지 500만 년 인류 역사를 종횡무진하며 창조하는 뇌의 비밀을 쉽고 명쾌하게 알려준다. 고대인들의 농업 혁명부터 21세기 커뮤니케이션 혁명까지, 르네상스 시대의 천재 다빈치부터 현대 미술의 새 장을 연 피카소까지, 현대 물리학 혁명에 지대한 영향을 끼친 아인슈타인부터 현대인의 생활상을 완전히 바꾼 잡스까지, 지구를 벗어난 위대한 첫 걸음이었던 달 탐사부터 누구나 우주여행을 꿈꾸는 시대까지, 각 분야를 초월하는 혁신의 실마리를 찾아낸다.","['과학', '뇌과학', '뇌과학 일반']"
10413,빙하여 잘 있거라,피터 와담스 지음; 이준호 옮김,경희대학교 출판문화원,2018,453.9 와22ㅂ이,9788980000000,https://search1.kakaocdn.net/thumb/R120x174.q85/?fname=http%3A%2F%2Ft1.daumcdn.net%2Flbook%2Fimage%2F4855217%3Ftimestamp%3D20220818025930,"20~30년 후에는 지금과 전혀 다른 세상이 찾아올지도 모른다 인류를 구원할 수 있는 길은 어디에 있는가 이 책은 북극 얼음의 중요성과 그 붕괴에 따른 재앙을 심도 있게 논한다. 얼음의 물리적 특성, 지구의 기후 역사를 짚어보며 얼음의 역할을 조명하고, 수많은 과학적 연구 결과를 토대로 북극의 위기를 추적한다. 40년 넘게 극지 해빙을 연구한 저자의 전문 지식이 상세히 담겨 있으며 오랜 연구 활동에서 비롯된 개인적 에피소드가 곁들여져 있다. 과학적 배경지식을 최대한 쉽게 설명하는 저자의 배려도 돋보인다. 지구온난화 및 기후변화 입문서로도 손색없는 책이다.","['사회과학', '환경/생태문제', '환경문제']"
10414,선택이라는 이데올로기,레나타 살레츨 지음; 박광호 옮김,후마니타스,2014,181.91 살294ㅅ박,9788960000000,https://search1.kakaocdn.net/thumb/R120x174.q85/?fname=http%3A%2F%2Ft1.daumcdn.net%2Flbook%2Fimage%2F900103%3Ftimestamp%3D20230606155132,"현대 자본주의 사회는 모든 것을 자기 뜻대로 선택할 수 있으며 상품을 선택하듯이 직업과 배우자, 결혼, 출산, 사랑, 스트레스 등의 자기 정체성까지 모두 선택의 연속이라고 가르치고 배우고 있다. 이러한 ‘선택 이데올로기’는 다양한 형태의 자기계발 열풍을 불러일으켰다. 과연 수많은 멘토들의 방법과 조언에 둘러싸인 우리는 만족하며 행복한가? 『선택이라는 이데올로기』는 라캉주의적 정신분석학 입장에서 현대 자본주의 사회를 분석하는 저자 레나타 살레츨이 ‘선택의 자유’가 불러일으키는 불안과, 죄책감 등을 불러일으키고 있음을 주장한다. 소비주의나 긍정 이데올로기에 대한 현상적 불석을 넘어 후기 자본주의사회 인간 조건에 일어난 근본적 변화를 이야기한다. 선택 이데올로기는 해방적으로 보인다. 하지만 선택 이데올로기의 역설은 끊임없이 더 나은 선택을 부추기며 결과에 엄청난 무게를 지운다. 또 이로 인해 개인은 잘못된 선택을 했다는 죄책감과 강박에 시달리게 된다는 것이다. 저자는 이러한 선택의 불안으로 인해 방대한 자기계발서 시장이 생겨나고 소비 이데올로기를 조장하고 있다고 이야기한다. 더불어 선택 이데올로기는 끊없이 자기 내면을 들여다보고 자신을 자기 삶의 전적인 주인이라고 생각하면서 정작 사회를 변화시키는 선택들을 잊게 만들고 있다고 지적한다.","['사회과학', '사회학', '사회학 일반']"
10415,질문하는 미술관,"이만열, 고산 공지음",앤길,2019,601.3 이32ㅈ,9791190000000,https://search1.kakaocdn.net/thumb/R120x174.q85/?fname=http%3A%2F%2Ft1.daumcdn.net%2Flbook%2Fimage%2F5110745%3Ftimestamp%3D20240816142807,"현대를 살아가기 위해서 필요한 것은 방대한 정보가 아니라 정보를 연결하여 자신만의 지식으로 만드는 일이다. 차별, 혐오, 불평등, 위선, 중독, 탐욕, 반지성, 환경오염 등 8가지 사회문제를 그림과 연결해서 설명한 이 책은 그림에 대한 높은 안목과 사회에 대한 날카로운 인식을 함께 배울 수 있다. 그림을 보는 이유는 저마다 다르겠지만 사고의 확장과 통찰력을 기르기 위해서라면 사회와 연결해서 보는 시선이 중요하다. 그림과 사회는 서로를 투영시키고 미래로 나아가게 만들었기 때문이다. 특히 현대 사회를 가로지르는 주요 키워드와 함께한 이 책을 따라가면 자연스럽게 생각하는 힘이 길러질 것이다.","['사회과학', '사회문제', '사회문제 일반']"
10416,알지 못하는 아이의 죽음,은유 지음; 임진실 사진,돌베개,2020,321.5411 은66ㅇ,9788970000000,https://search1.kakaocdn.net/thumb/R120x174.q85/?fname=http%3A%2F%2Ft1.daumcdn.net%2Flbook%2Fimage%2F4973206%3Ftimestamp%3D20250323122739,"어떤 사람들은 왜 죽음을 통해야만 겨우 보이게 되는 것일까? 장시간 노동과 사내 폭력으로 스스로 목숨을 끊은 현장실습생 김동준 군의 죽음으로부터 출발해, 김동준의 어머니, 사건 담당 노무사부터, 사고로 목숨을 잃은 현장실습생 아들을 둔 아버지, 교육·노동 담론에서 배제되는 직업계고(특성화고·마이스터고 등) 재학생·졸업생들의 인터뷰를 엮었다. 이 책은 한 사람의 죽음을 규명하고 애도하는 작업에서 나아가, 그와 직간접적으로 얽힌 사람들의 삶과 일, 그들이 붙들려 있는 슬픔과 분노, 기억과 희망을 생생하게 담아냈다. 일상의 폭력에 무감각한 사회, 청(소)년 노동자에게 위험노동과 죽음이 집중되는 사회를 ‘겸손한 목격자’ 은유가 섬세하게 증언하며, 이 격렬하고 깊은 감정의 풍경들을 포착한 임진실의 사진이 울림을 증폭시킨다.","['사회과학', '사회문제', '청소년문제']"
10417,정주진의 평화 특강,정주진 지음,철수와영희,2019,349.81 정76ㅈ,9791190000000,https://search1.kakaocdn.net/thumb/R120x174.q85/?fname=http%3A%2F%2Ft1.daumcdn.net%2Flbook%2Fimage%2F5127178%3Ftimestamp%3D20250215132333,"이 책은 가짜뉴스, 난민, 국가 폭력, 민족주의, 환경 등 다양한 주제를 통해 우리 사회와 세계를 평화의 눈으로 살펴보며 평화가 무엇인지, 평화로운 세상을 이루기 위해 어떤 노력을 해야 하는지, 평화와 관련해 꼭 알아야 할 이야기를 청소년 눈높이에서 쉽게 알려주고 있다. 폭력 없는 사회가 가능할지, 가짜뉴스는 무엇을 노리는지, 난민은 우리 사회에서 왜 밉상이 되었는지, 한반도에 평화가 올지, 팔레스타인의 고통에 우리는 책임이 없는지 등 사회적 쟁점과 사건을 평화의 눈으로 관찰하고 재해석한다. 이를 통해 평화란 과연 무엇인지, 평화로운 세상을 이루기 위해 사회 환경을 어떻게 바꾸고 새로 만들어야 할지 살펴본다. 사회 현상을 바라 볼 때 현상의 뒤에 숨겨진 사실이 누군가의 삶을 망가뜨리거나 삶의 질을 떨어뜨리는 일은 아닌지, 가장 힘없는 사람들에게 폭력이 되는 것은 아닌지 평화의 관점에서 생각해 봐야 한다고 말한다. 우리 사회와 세계의 다양한 상황과 사건을 평화의 눈으로 바라보고 분석해야 평화롭지 않고 정의롭지 않은 상황을 중단시키고 평화롭고 바람직한 상황으로 바꿀 수 있다는 것이다. 저자는 평화에 관심을 가지는 것은 평화로운 삶을 빼앗긴 사람에게 관심을 가지는 것이며, 불공정하고 억압적인 삶의 문제와 그 원인을 해결해 그들이 평화로운 삶을 회복하도록 돕는 것이라고 강조한다. 우리 모두가 함께 사는 평화로운 세상을 상상하고 그것을 위해 무엇을 해야 할지 생각해보라고 권한다.","['청소년', '청소년 인문/사회']"
10418,지리는 어떻게 세상을 움직이는가?,옥성일 지음,맘에드림,2019,980 옥54ㅈ,9791190000000,https://search1.kakaocdn.net/thumb/R120x174.q85/?fname=http%3A%2F%2Ft1.daumcdn.net%2Flbook%2Fimage%2F4966113%3Ftimestamp%3D20221209173143,"‘지리학’ 하면 무엇이 떠오르는가? 아마 ‘이해’보다는 ‘암기’라는 인식이 다분할 것이다. 예컨대 지역별 특성과 기후, 자원, 지도와 관련된 온갖 복잡한 기호들이 넘쳐나는 지루한 과목, 또는 머리에 쥐가 날 만큼 외우고 또 외워도 끝이 없는 괴로운 과목으로 생각하는 청소년들도 있을 것이다. 책만 펼쳐도 잠이 쏟아진다며 ‘지리’라면 몸서리를 칠지도 모르겠다. 하지만 이는 우리가 알고 있는 지리학의 모습 중 지극히 일부에 불과하다. 실제로 지리학은 지표공간에 나타나는 자연환경과 인문현상 및 인간과 자연 간의 상호관계를 탐구하는 자연과학과 사회과학의 성격을 겸비한 매우 역동적인 학문이다. 즉 지리학은 이미 그 자체로 여러 학문을 포괄하는 융합적 성격을 띠고 있다는 뜻이다. 그리고 이 책은 ‘지리학’ 중에서도 ‘지정학’이라는 주제로 세계열강들의 치열한 패권전쟁에 관해 이야기한다.","['청소년', '청소년 인문/사회']"
10419,대한민국을 발칵 뒤집은 헌법재판소 결정 20,김광민 지음,현암사,2019,362.116 김15ㄷ,9788930000000,https://search1.kakaocdn.net/thumb/R120x174.q85/?fname=http%3A%2F%2Ft1.daumcdn.net%2Flbook%2Fimage%2F5058639%3Ftimestamp%3D20221011171831,"민주항쟁의 결실, 헌법재판소 설립 30년 1987년 민주항쟁의 결과로 탄생한 헌법에 따라 설립된 헌법재판소는 헌정사상 처음으로 대통령을 파면하는 결정을 내리는 등 한국 현대사의 주요 변화를 이끌어왔다. 설립 이후 30년이란 시간 동안 헌법재판소는 민감한 정치적 사안에 대해 최종 법적 판단을 내리고 당대의 가장 민감한 논쟁을 헌법으로 해석하는 역할을 수행해왔다. 그렇기 때문에 헌법재판소의 결정은 작게 보면 사건 당사자에게 영향을 미치지만 크게 보면 우리 사회를 뒤흔들 정도로 파급력을 지닌다. 헌법재판소 결정문은 단순히 몇 장 또는 몇십 장의 문서로 남는 헌법재판관 9명의 의견에 머물지 않는다. 그 안에는 헌법재판소 결정의 변화 과정과 그와 관련한 우리 사회 구성원의 다양한 생각과 합의 과정이 고스란히 담긴 그야말로 당대 역사의 응축이라고 할 수 있다. 이 책에서는 헌법재판소가 내린 역사적 결정과 그 결정이 불러온 우리 사회의 변화에 대해서 이야기한다. 헌법을 수호하고 국민의 기본권을 보장하기 위한 고민의 흔적을 따라가다 보면 우리 사회 전반에 대해 깊이 이해하고 소통할 수 있는 기회를 제공해줄 것이다.","['사회과학', '법과 생활', '법률이야기/법조인이야기']"
10420,원숭이도 이해하는 공산당 선언,"임승수 지음; 카를 마르크스, 프리드리히 엥겔스 공원작; 정재윤 옮김",시대의창,2018,340.25 임57ㄱ,9788960000000,https://search1.kakaocdn.net/thumb/R120x174.q85/?fname=http%3A%2F%2Ft1.daumcdn.net%2Flbook%2Fimage%2F803918%3Ftimestamp%3D20250207113152,"새로운 시대를 준비하는 교양서 〈원숭이도 이해하는〉 시리즈, 이번에는 고전 명저 《공산당 선언》 해설이다! 많은 독자들이 사랑한 2010년대 인문 사회 분야의 특별한 스테디셀러, 자본주의 너머 새로운 시대를 준비하는 교양서 ‘〈원숭이도 이해하는〉 시리즈’의 세 번째 책이 출간되었다. 《자본론》, 《마르크스 철학》에 이어 이번에는 《공산당 선언》을 다뤘다. 저자 임승수는 원전의 핵심을 찌르는 경쾌하면서도 쉬운 특유의 해설로 1848년 출간 이래 지금까지도 전 세계 수많은 독자들에게 읽히는 역사적인 고전을 강의했다. 《공산당 선언》은 평생 ‘남이야 뭐라든 제 갈 길을 갔던’ 마르크스와 엥겔스가 청년 시절 작성한 정치 팸플릿이다. 몇몇 구절을 외우는 것이야 쉬울지 몰라도, 특유의 필치로 방대한 사상을 모두 녹여 박력 있게 압축적으로 쓴 이 글을 ‘온전히’ 이해하는 것은 쉽지 않다. 인류의 역사를 개괄하고 자본주의의 형성과 몰락을 분석하며 그 이후를 예상한 글을 제대로 읽고 싶은 초심자 및 독자 들을 위해, 저자 임승수는 “친절한 과외 교사”의 마음으로 노력했다. 《공산당 선언》 원문을 제대로 이해했을 때만 맛볼 수 있는 지적 충격과 성취감을 전달하는 것을 목표로 독자들의 이해를 돕기 위해 짝수 쪽에 원문(번역판), 홀수 쪽에 해설을 배치했다. 핵심 키워드 65개를 선별했고 장별 내용 및 주요 내용을 요약했으며 다양한 당대 그림 및 이미지 자료를 수록했다. 지난 10년 동안 세계 자본주의에 끝없는 위기와 침체와 균열이 이어지면서 세계 각국은 그것이 어떤 형태이든 자기 나름의 처방을 모색하기 시작했다. 촛불 항쟁 이후에도 실업, 해고, 빈곤, 부동산 문제 등 ‘자본주의’적 모순이 여전히 심각한 우리 역시 절박한 상황에 놓여 있다. 확실한 건 마르크스와 엥겔스의 인류 역사와 자본주의에 대한 분석과 그 너머에 대한 지식과 통찰이 우리가 새로운 역사를 상상하는 데에 여전히 많은 영감을 제공한다는 점이다. 바로 이것이 ‘알아두면 쓸데 많은’ 고전 명저를 쉽게 해설한 이 책을 지금 독자들에게 권하는 이유다.","['사회과학', '사회사상/사회사상사', '마르크스주의', '마르크스주의 일반']"
10421,법에도 심장이 있다면,박영화 지음,행성비(행성B),2019,360.04 박64ㅂ,9791160000000,https://search1.kakaocdn.net/thumb/R120x174.q85/?fname=http%3A%2F%2Ft1.daumcdn.net%2Flbook%2Fimage%2F5035152%3Ftimestamp%3D20240717131940,"‘정의란 무엇인가’는 언제나 우리 사회를 뜨겁게 달구는 화두다. 최근 사법농단 등으로 인해 가장 정의롭다고 믿어온 사법계에 많은 이가 실망을 감추지 못했고, 법적 판단의 공정성에도 의문을 제기하기 시작했다. 그러나 우리는 정작 법과 진정한 정의에 대해 얼마나 많이, 또 깊이 알고 고민해보았을까. 《법에도 심장이 있다면》은 16년을 판사로, 16년을 변호사로 살아온 저자가 법정에서 만난 사람과 사건을 중심으로 진정한 법과 정의가 무엇인지 생각해보게 하는 책이다. 이 책을 읽다 보면 판사와 변호사의 실제 삶과 법정에서 펼쳐지는 또 다른 세상을 생생히 마주하게 된다. 그 과정을 통해 우리는 그동안 잘 몰랐거나 오해한 법의 진면목을 살펴볼 수 있다. 법조인임에도 불구하고 저자는 꼭 필요할 때만 법을 선택적으로 활용해야 한다고 강조한다. 무엇보다 저자는 엘리트주의와 심지어 ‘쉬우면 법이 아니다’라는 식의 인식이 만연해 있는 법조계에서, 시민에게 다가가는 법의 체온을 위해 항상 노력해왔다. 만약 누군가 법이 권위적이고 우리와 동떨어진 것으로만 여겼다면, 이 책이 그런 생각을 바꿀 계기를 마련해줄 것이다.","['사회과학', '법과 생활', '법률이야기/법조인이야기']"
10422,생애의 발견,김찬호 지음,문학과지성사,2020,309.111 김82ㅅ,9788930000000,https://search1.kakaocdn.net/thumb/R120x174.q85/?fname=http%3A%2F%2Ft1.daumcdn.net%2Flbook%2Fimage%2F495447%3Ftimestamp%3D20230526164230,"우리 삶에는 연습이 없다. 매일 새로운 날들의 연속이다. 유년기라고 해서 삶에 대한 고민이 없지 않으며, 불혹의 나이를 지났다고 해서 자기 삶에 흔들림이 없지 않다. 태어나서 죽을 때까지 우리는 저마다 알 수 없는 미래 앞에서 암중모색하고 고군분투하며 좌충우돌한다. 『모멸감』 『눌변』 『돈의 인문학』 『문화의 발견』 『사회를 보는 논리』 등의 유수한 책들을 펴내며, 그동안 꾸준히 한국인과 한국 사회를 빚어내는 일상의 문법을 추적해온 사회학자 김찬호. 그가 이번에는 유년기부터 노년기에 이르기까지 세대?성별?시대를 아우르며 한국인의 생애 경로를 폭넓게 조망한 책을 펴냈다. 바로 문학과지성사에서 출간된 『생애의 발견―한국인은 어떻게 살아가는가』가 그것. 이 책은 한국이라는 사회적 지평 속에서 남녀노소의 다양한 삶을 모두 열다섯 장면으로 포착해 조망한다. 저자는 우선 ‘유년기’ ‘사춘기’ ‘공부’ ‘20대’ ‘30대’를 키워드로 한국인의 성장 및 자립 과정을 흥미롭게 펼쳐 보인다. 그다음으로 ‘연애’ ‘싱글’ ‘결혼식’ ‘부부’ ‘외도’를 키워드 삼아 성별에 따른 서로 다른 경험 세계를 다루는 한편, ‘어머니’ ‘아버지’ ‘중년 여성’ ‘중년 남성’ 그리고 ‘노년’에 이르기까지 한국인의 전반적인 생애 경로를 폭넓은 시선으로 아우른다. 그를 통해 지나온 세월을 재해석하고 미지의 경험을 상상하면서 인생 항로의 얼개와 좌표를 잡아보는 것이다. 그러나 이 책은 발달심리학에서 방대하게 연구해온 생애 주기 이론이나, 사회학에서 종종 내놓는 세대론과는 궤를 달리한다. 저자는 한국인의 생애 주기에 관한 단순한 이론적 접근을 뛰어넘어, 보다 구체적인 삶의 목소리들을 이 책에 담고 있다. 수많은 인터뷰와 자료를 비롯해 그가 현장에서 겪은 다년간의 경험들, 신문기사 및 영화와 소설, 연구서와 논문들의 인용 등 다양한 실례들을 이 책에 실어 독자들에게 더욱 생생하고도 흥미진진한 ‘생애의 발견’을 가능하게 한다. 이 책이 말하는바 무릇 “모든 세대의 현존은 앞 세대의 발자취이거나 다음 세대의 가능성이다. 지금 이 순간에 수많은 사람들의 일생을 경험하거나 상상할 수 있다면, 그만큼 존재의 부피는 커질 것이다. 다른 삶에 대한 관심을 통해 자기 삶을 새롭게 해석하면서, 향후 생애 경로를 폭넓게 구상할 수 있다.” 비록 연습도 정답도 없는 불안한 삶이지만, 세대·성별·시대를 아우르며 남녀노소의 생애 스펙트럼을 흥미롭게 펼쳐 보이고 있는 이 책을 통해 독자들은 다양한 인생사를 경험할 수 있을 것이다.","['사회과학', '사회학', '현대사회문화론']"
10423,이수정 이다혜의 범죄 영화 프로파일,"이수정, 이다혜, 최세희, 조영주 공지음",민음사,2020,364.45 이56ㅇ,9788940000000,https://search1.kakaocdn.net/thumb/R120x174.q85/?fname=http%3A%2F%2Ft1.daumcdn.net%2Flbook%2Fimage%2F5340447%3Ftimestamp%3D20240328145911,"네이버 오디오클립 문화 예술 분야 1위 『이수정 이다혜의 범죄 영화 프로파일』이 민음사에서 단행본으로 출간되었다. 방송에서 다 다루지 못한, 우리가 잊지 말아야 할 굵직한 범죄 사건 정보가 새로이 수록되었고 이수정 박사, 이다혜 기자, 그리고 방송 제작진들이 직접 밝힌 진행과 제작에 관한 방송 비화가 더해져 우리 사회의 약자 문제를 더욱 깊게 논의해 볼 수 있는 한 권으로 탄생했다. 대한민국 최고의 범죄 심리학자 이수정 박사는 “범죄를 엔터테인먼트로 소비하는 매체는 관심 없습니다. 여성이나 아동 같은 피해자의 입장에서 범죄 영화를 다룬다면 모르겠습니다만.”라고 말하며 방송의 방향성을 '피해자 중심’으로 확고히 했다. 그렇게 전원 여성 제작진의 의지와 분투가 모여 ‘우리 같은 약자를 위한 방송’이 시작되었다. 그리하여 이 책은 범죄 영화를 분석하고 끝나는 책이 아니다. 범죄 영화에 얼마나 많은 여성과 아이들이 피해자로 소비되고 마는지, 지금 우리 주변의 소외된 사각지대가 어디인지를 주의 깊게 살피며 ‘우리 같은 약자를 위해’ 사회가 나아가야 할 지점을 함께 논의하게 만든다.","['사회과학', '사회문제', '범죄문제']"
10424,특권,셰이머스 라만 칸 지음; 강예은 옮김; 엄기호 해제,후마니타스,2019,377.04212 칸54ㅌ강,9788960000000,https://search1.kakaocdn.net/thumb/R120x174.q85/?fname=http%3A%2F%2Ft1.daumcdn.net%2Flbook%2Fimage%2F5127135%3Ftimestamp%3D20240621132708,"미국의 뉴햄프셔 주, 콩코드에 위치한 명문 사립고 세인트폴 스쿨은 오랫동안 부유층 자제들만이 다니는 배타적 영역이었다. 500명 남짓의 아이들이 2000에이커에 달하는 부지에 늘어선 150년 넘는 역사를 자랑하는 100개 이상의 고딕 양식 건물들에서 최고의 교육을 받는다. 이 학교의 연간 학비는 4만 달러, 학생 1인당 책정된 학교 예산은 8만 달러, 한 학생당 기부금은 100만 달러에 달한다. 가난한 파키스탄 이민자였지만 외과의사로 성공한 아버지 덕에 이 사립학교에서 3년을 보낼 수 있었던 저자는, 그러나 그 시간이 “행복하지만은 않았다”고 고백한다. 졸업 당시 동문회장에 뽑힐 정도로 학교생활에는 잘 적응했지만, 실은 “엘리트 친구들 사이에서” 그는 내내 “불편”했다. 이런 “특권층들만의 세상”에서 벗어나고 싶다고 생각한 그는 졸업 후 아이비리그로 직행한 동기들과 달리 작은 리버럴아츠 칼리지를 선택한다. 그리고 이와 같은 경험은 그에게 지울 수 없는 의문을 남긴다. “왜 누구는 이런 학교에 들어오는 게 당연한데, 누구는 죽도록 노력해 성취해야 하는 일이 되는가? 왜 어떤 애들은 학교생활이 너무 편하고 쉬운데, 어떤 애들에겐 악전고투해야 하는 일이 될까? 왜 이런 엘리트 학교의 대다수는 여전히 부잣집 애들인가? 이들은 어떻게 기존의 특권을 그대로 수호하면서도 타고난 재능과 끊임없는 노력으로 그 자리까지 오른 ‘능력자’로 자리매김할 수 있는 걸까?” 이 의문을 풀기 위해 그는 졸업 후 9년 만에, 이번엔 선생이자 연구자로서, 모교로 돌아간다.","['사회과학', '사회학', '사회학 일반']"
10425,분쟁의 세계지도,"이정록, 송예나 공지음",푸른길,2019,349.9 이74ㅂ,9788960000000,https://search1.kakaocdn.net/thumb/R120x174.q85/?fname=http%3A%2F%2Ft1.daumcdn.net%2Flbook%2Fimage%2F5058501%3Ftimestamp%3D20240914152941,"세계의 분쟁을 이해하고 세계시민으로 나아갈 수 있는 디딤돌이 되어 줄 책! 『분쟁의 세계지도』는 지리학적·지정학적 관점에서 세계 각지에서 발생한 분쟁과 갈등의 배경·원인·전개 등을 종합적으로 정리한 책이다. 저자는 1997년부터 무려 23년 동안이나 분쟁 관련 내용을 강의해 온 전문가이다. 또한 글로벌 사회에서 다른 나라를 이해하고 차별적인 문화를 존중하는 세계시민 양성에 일정한 역할을 해야 한다는 학자로서의 의무감을 가지고 1997년부터 분쟁 관련 책을 여러 권 펴냈다. 이 책은 대표저자로서 내는 4번째 분쟁 교양서이다. 이 책에는 90여 개의 정밀한 지도가 들어가 있다. 분쟁과 갈등의 양상 및 흐름을 잘 파악할 수 있게 절마다 앞쪽에 각 나라의 기본 지도를 배치한 후 그 나라의 민족·종교 분포, 자연환경 등을 개관했다. ‘오슬로 협정 II(1995년)에 의해 구분된 자치 구역’, ‘카슈미르 문제 해결을 위한 7가지 해법’ 등 글로만 써져 있으면 정리가 잘 되지 않는 복잡한 내용을 정교한 지도로 나타내어 독자들의 이해를 돕는다. 게다가 각 대륙별 분쟁을 다루기에 앞서 “제1장 세계의 분쟁과 갈등 지역”에서 인종, 민족 등의 기본 개념들을 설명하고 민족과 언어의 관계, 민족과 종교의 관계 등 분쟁을 이해하기 위한 토대를 마련해 놓았다.","['사회과학', '지리학/지정학', '지리학']"
10426,발해제국 연대기,우재훈 지음,Book Lab(북랩),2017,911.0369 우73ㅂ,9791160000000,https://search1.kakaocdn.net/thumb/R120x174.q85/?fname=http%3A%2F%2Ft1.daumcdn.net%2Flbook%2Fimage%2F1595243%3Ftimestamp%3D20221011171223,"동북아 역사 최대의 논쟁거리인‘발해’를 발해인의 시각으로 재조명하다! 『연개소문 전쟁』, 『개혁군주 광종』의 저자 우재훈이 통사적 방식으로 조망한 발해제국 흥망사 발해의 역사는 과연 어느 나라의 것인가? 발해는 제국인가, 왕국인가? 왜 발해인들은 200년이 넘는 세월이 지나서도 다시 나라를 세우려고 했을까? 『강조의 난』, 『연개소문 전쟁』, 『개혁 군주 광종』을 통해 한국사의 문제적 인물들을 파헤쳐온 저자 우재훈이 동북아시아 역사 최대의 논쟁거리인 ‘발해’를 재조명한다. 당시 발해인의 눈으로 발해의 역사를 조감한 이 책은, 고구려인이나 말갈인이라는 차별 없이 하나의 발해인으로 통합된 역사적 사실과 국가 멸망 200년 이후까지도 유지된 발해인의 정체성에 대한 근본적 동인을 탐구한다. 독자는 역사 속에서 사라졌던 대국 발해의 역사가 연대별로 펼쳐진 이 책을 통해 막연히 알던 발해의 본모습을 새롭게 배우고 오늘날 한반도의 절반에 치우쳐 있는 우리의 현실을 넘어서 동북아시아 전체를 폭넓게 조망해보면서 역사를 잃어버린 이들의 치열했던 삶을 통해 가슴속이 뜨거워지는 경험을 하게 될 것이다.","['역사', '한국고대~고려시대', '한국고대사', '발해']"
10427,발해 사회문화사 연구,송기호 지음,서울대학교출판문화원,2016,911.0369 송18ㅂ,9788950000000,https://search1.kakaocdn.net/thumb/R120x174.q85/?fname=http%3A%2F%2Ft1.daumcdn.net%2Flbook%2Fimage%2F632232%3Ftimestamp%3D20221011172620,"한국 발해사 연구의 최고 권위자인 서울대학교 국사학과 송기호 교수의『발해 사회문화사 연구』. 이 책은 저자가 30여 년간 연구해온 발해사 연구의 두 번째 결과물로, 고고 자료를 활용하여 발해의 사회구조 및 문화사와 고구려 계승성에 대한 연구를 중점적으로 다루고 있다. 총 4부로 구성하여 발해사의 전개 과정을 세밀하게 복원하고, 발해의 지배세력과 지방세력, 불교사 및 문화사 등의 실상을 실증적으로 규명하고 있다. 또한 발해가 내부적으로 황제체제를 유지했다는 사실을 밝히고, 발해의 고구려 계승성을 명확히 증명하고 있다.","['역사', '한국고대~고려시대', '한국고대사', '발해']"
10428,평양 자본주의 백과전서,주성하 지음,북돋움:오토북스,2018,309.1111 주54ㅍ,9791190000000,https://search1.kakaocdn.net/thumb/R120x174.q85/?fname=http%3A%2F%2Ft1.daumcdn.net%2Flbook%2Fimage%2F3755342%3Ftimestamp%3D20230119154122,"김일성종합대학 출신 탈북 기자 주성하가 들려주는 평양의 생생한 이야기 『평양 자본주의 백과전서』. 현재 평양에 거주하는 주요 인사들과 긴밀하게 연락했고, 최근까지 평양에 살다 온 탈북 청년들의 이야기를 들은 저자가 현지인들이 말하는 평양을 글로 옮긴 것으로, 남쪽에 와서도 계속 북한을 취재해온 저자의 지식과 경험이 함께 만든 책이다. 북한, 특히 평양은 지금 시장경제로 급격히 진화하고 있다. 거리만 달라진 것이 아니라 사람들의 사고방식도 크게 변했고, 경제 활동 방식도 바뀌고 있는데 저자는 양에서 꿈틀대는 엄청난 욕망이 어떤 배경과 힘으로 무엇을 만들어내고 있는지 알아야 북한의 앞날도 볼 수 있다고 이야기하며 돈주(신흥 자본가)들의 호화 일상부터 랭천동 빈민층의 어두운 삶까지, 평양 시민이 애용하는 치맥 배달 서비스부터 통일 시대 창업 아이템까지, 세세하게는 지금 핫한 음식점의 위치와 맥주 한 병 값까지 상상을 초월한 북한 사회의 모습을 생생하게 보여준다.","['사회과학', '통일/북한관계', '북한학 일반']"
10429,평화의 지정학,"나콜라스 존 스파이크먼 지음; 김연지, 모준영, 오세정 옮김 및 해제",섬앤섬,2019,340.98 스892ㅍ김,9789000000000,https://search1.kakaocdn.net/thumb/R120x174.q85/?fname=http%3A%2F%2Ft1.daumcdn.net%2Flbook%2Fimage%2F4877085%3Ftimestamp%3D20250216122005,"“림랜드를 통제하는 자가 유라시아를 지배하고, 유라시아를 지배하는 자가 세계의 운명을 통제한다.” 미래 아시아의 질서는 어떻게 구성될 것인가, 그리고 한국의 운명은 어떻게 결정될 것인가? 향후 미국과 중국의 패권 경쟁 결과는 어떻게 될 것인가, 한국은 어떠한 외교정책 노선을 선택해야 하는가? “지리는 한 국가의 정책 형성에서 가장 기본적인 결정 요소를 이룬다. 왜냐하면 지리는 가장 영속적이기 때문이다. 국가의 지리적 성격은 비교적 안정되어 있고 변할 수 없기 때문에, 지리적 열망 역시 수세기 동안 동일하다. 세계는 국가 간의 욕구가 갈등을 빚지 않는 행복한 상황에 아직 도달하지 못했기 때문에, 이런 열망은 여전히 마찰의 근원이 된다. 정부와 왕조는 바뀌어도 역사를 통해 영속되는 수많은 투쟁의 근원은 ‘지리’에 있다.”","['사회과학', '정치학/외교학/행정학', '외교정책/외교학']"
10430,1의 들러리,김선희 지음; 박혜림 일러스트,소원나무,2019,813.6 김54ㅇㅇ,9791190000000,https://search1.kakaocdn.net/thumb/R120x174.q85/?fname=http%3A%2F%2Ft1.daumcdn.net%2Flbook%2Fimage%2F4954412%3Ftimestamp%3D20240905131511,"겉으로 보기에 평범하기만 한 H고등학교. 하지만 H고는 빈부 격차에 따라 암묵적인 계급이 형성되어 있다. 중심지에 사는 아이들이 귀족에 속한다면 변두리에 사는 아이들은 주로 노예나 천민에 속했다. 변두리 아이들은 아무리 공부를 잘하고 싸움을 잘해도 노예나 천민 계급을 벗어나지 못했다. 가끔 귀족 계급 아이들은 변두리 아이들을 진짜 노예처럼 부리기도 했다. 평소와 다름없던 어느 날, H고에 뜻밖의 사건이 일어난다. 그 사건으로 인해 모범생으로 여겨지던 박잉걸이 그동안 감춰 왔던 부정행위가 서서히 수면 위로 올라온다. 학교는 해당 사건을 무마하기 위해 노력하지만, 여론은 잉걸을 향한 반발심을 키워 가고 급기야 아이들은 수업을 거부하기에 이르는데…….","['청소년', '청소년 문학', '청소년 소설']"
10431,가까이서 보는 미술관,이에인 잭젝 지음; 유영석 옮김,미술문화,2019,653.2 잭74ㄱ유,9791190000000,https://search1.kakaocdn.net/thumb/R120x174.q85/?fname=http%3A%2F%2Ft1.daumcdn.net%2Flbook%2Fimage%2F4865894%3Ftimestamp%3D20250404130844,"그림 앞에서 당신의 시선은 어디에 머물러 있나요? 미술관에 가면 눈을 어디에 두어야할지 모르겠다고 호소하는 사람들이 많다. 갈 곳 잃은 눈길은 그림 위를 정처 없이 배회하고… 명작이라고 칭송받는 위대한 작품임이 분명한데 멍하니 바라보다 아무런 감흥 없이 돌아오기 일쑤다. 위대한 예술작품 앞에서 황홀경에 빠진다는 스탕달 신드롬은 고사하고 도무지 아무것도 느낄 수가 없다. 그림은 어떻게 ‘감상’하는 걸까? 그림을 보고 감동받는다는 게 가능한 일일까? 가까이에서 들여다보는 명화 속 숨은 장치들 『가까이서 보는 미술관』은 큰맘 먹고 미술관에 갔으나 작품 앞에 멍하니 서 있다 아무런 소득 없이 돌아오곤 했던 모두를 위한 그림 감상의 개론서다. 본서에서는 미술사의 흐름을 주도한 60개 명화들을 세 단계에 걸쳐 소개한다. 도입부에서는 그림이 그려졌을 당시의 시대적 분위기와 그림이 탄생하기까지의 경위를 이야기한다. ‘양식과 기법’은 명화 속 구석구석을 확대해 보여주며 화가가 배경에 은밀하게 숨겨놓은 의미를 낱낱이 파헤친다. <아르카디아의 목자> 속 낫의 형상을 만들어내는 한 사람의 팔 그림자, <계약 결혼>의 창밖으로 언뜻 보이는 공사 중인 호화 저택, <절규> 속 전방의 일그러진 인물과는 달리 평온해 보이는 두 행인의 모습… 실제 미술관에선 파악하기 힘든 명화 속 숨은 장치들은 시공간을 뛰어넘어 화가의 메시지를 우리에게 전달한다. 종교화와 르네상스, 로코코와 바로크, 표현주의와 팝아트 등 60점의 명화 속에서 도출해낸 60가지 주제들은 명화를 이해하는 마지막 열쇠가 되어줄 것이다. 실제 미술관에선 그림을 멀리서 관망할 수밖에 없었다. 따라서 명화는 익숙하지만 동시에 낯설고 이해하기 어려운 것이었다. 하지만 그림을 구석구석 들여다볼 수 있는 『가까이서 보는 미술관』에서, 명화는 보다 명쾌하고 흥미로운 것이 된다. 60개 명화 속 숨은 이야기 조각을 맞추다보면 미술사의 흐름이 보인다 위아래가 거꾸로 뒤집힌 글자, 거울에 비친 사람의 형상, 큰 소리로 짖거나 다른 곳을 쳐다보는 개들… 명화의 이미지는 우리에게 익숙하다. 하지만 명화 속에 숨겨진 이러한 장치들을 아는 사람은 몇이나 될까? 화면의 중심에만 초점을 맞추느라 우리의 눈은 번번이 화가가 배경 속에 숨겨놓은 다양한 상징을 스쳐 지나간다. 설사 이러한 디테일을 어떻게 발견한다고 하더라도, 그것이 그림에 대한 이해로 이어지지는 않는다. 그림을 둘러싼 사회적 합의가 이미 소실된 현대에 그림 속 상징을 알아차리기란 쉽지 않기 때문이다. 그림 자체가 아니라 그림을 둘러싼 주변 상황, 시대적 분위기와 화가의 생애에 대한 이해가 선행되어야 하는 이유다. 물론 예술에 정답은 없다. 명화의 감상과 해석 또한 오로지 개인의 몫...이다. 하지만 감상의 단계에 도달하기 위해, 특정 시기에 탄생한 명화를 현대의 우리와 결합시켜주는 최소한의 안내는 필수적일 것이다. 『가까이서 보는 미술관』은 두고두고 꺼내 읽는 나만의 도슨트와도 같다. 60개 명화 속 숨은 이야기 조각을 맞추다보면 응시의 단계에서 나아가 그림을 이해하고 미술사의 총체적인 그림을 그릴 수 있을 것이다.","['예술/대중문화', '미술', '미술사']"
10432,송기원의 포스트 게놈 시대,송기원 지음,사이언스북스,2019,476.1 송18ㅅ,9791190000000,https://search1.kakaocdn.net/thumb/R120x174.q85/?fname=http%3A%2F%2Ft1.daumcdn.net%2Flbook%2Fimage%2F3778153%3Ftimestamp%3D20250410114123,"생명의 정보를 속속이 읽어 낼 수 있게 된 게놈 시대를 넘어 생명체를 편집하고 창조하는 포스트 게놈 시대로 생명 공학의 거침없는 질주 앞, 변화의 최전선으로 우리를 데려간다. ―노정혜(서울 대학교 생명 과학부 교수) 창조자를 꿈꾸는 우리 자신에 대한 성찰, 이 책을 읽고 시작해도 늦지 않다. ―장대익(서울 대학교 자유 전공학부 교수) 우리는 과학 기술과 인간에 어떤 질문을 던져야 할까? 우리는 이제 우리 자신의 유전체를 임의로 교정할 수 있는 능력을 가지는 새로운 시대로 넘어가고 있다. 생명 과학 기술은 우리 자신을 포함한 생명체를 대상으로 하므로 그 파급 효과나 윤리적, 사회적 중요성이 크다. 과학자만이 아니라 일반 시민들도 “먹어서 안전한가” 이상의 질문을 던져야 할 필요가 있다.―본문에서 21세기 초, 인간 유전체의 정보를 읽어내겠다는 인간 유전체 계획(Human Genome Project, 인간 게놈 프로젝트)이 완료된 이후 생명 과학 기술은 놀라운 속도로 진보를 거듭하고 있다. 2016년 5월 합성 생물학의 세계적 대가들이 하버드 의과 대학에 모여 인간의 유전체를 합성하는 프로젝트를 진지하게 논의한 바 있고, 2017년 8월에는 우리나라와 미국 공동 연구 팀이 크리스퍼(CRISPR-Cas9) 유전자 가위를 이용해 인간 배아의 유전체 교정에 성공했다는 결과를 발표했다. 그리고 2018년 여름, 중국 과학 아카데미의 합성 생물학 연구 그룹과 뉴욕 대학교의 제프 보에케 교수 연구팀은 효모의 염색체 16개를 각각 1개, 2개의 염색체로 이어 붙여 재설계했고 이 효모들이 문제없이 생명 현상을 유지하고 있음을 보고했다. 이렇듯 인간이 직접 유전체를 합성하여 인간을 비롯한 생명체를 창조할 수 있는 가능성이 열린 ‘포스트 게놈 시대’를 우리는 살고 있다. 생명 과학 기술은 인간의 사유가 쉽게 따라가지 못할 정도로 인간의 사상과 가치관을 빠른 속도로 앞질러 가고 있다. 그러나 인간 배아의 유전체 편집이 실제로 일어난 일임에도 불구하고, 유전체가 무엇인지조차 제대로 들어보지 못한 이들은 자세한 내용을 이해하고 싶어도 복잡한 과학적 개념의 장벽 때문에 무슨 일이 일어나고 있는지를 잘 이해하지 못하는 경우가 많다. 실제 생명 과학 기술 연구가 상당히 급진적으로 진행되고 있지만 그 연구 결과들은 대중에게 현실로 다가가지 못하고 유리되고 있는 것이다. 생명 공학이라는 학문 분야는 생명의 정체성과 인간성에 예리한 질문을 던지며 우리 자신의 존재 인식에 첨예한 갈등을 일으키는 논쟁적인 분야이다. 생명 과학이 생명체 창조라는 꿈을 꾸고 있는 현재, 이 학문이 가진 사회·윤리적 의미만으로도 현대를 살아가는 사람들 모두와 함께 공유되고 토론될 필요가 있다. 이번...에 ㈜사이언스북스에서 나오는 『송기원의 포스트 게놈 시대: 생명 과학 기술의 최전선, 합성 생물학, 크리스퍼, 그리고 줄기 세포』는 생명 과학을 대중 앞으로 가지고 나와 논의의 장을 열고자 하는 시도의 결과물이다. 이 책은 합성 생물학, 크리스퍼 가위, 세포 치료제 등 생명 과학의 최전선에 있는 지식을 체계적이고 밀도 높게 담아내며 입문자와 전공자 모두에게 유익한 개괄서이다. 장별로 제공되어 있는 상세한 일러스트와 컷 만화들은 독자의 이해를 깊게 하고 즐거운 독서 경험을 제공할 것이다.","['과학', '생명과학', '생명과학']"
10433,정글을 달리는 소년,이병승 지음,뜨인돌출판,2017,813.6 이44ㅈㄱ,9788960000000,https://search1.kakaocdn.net/thumb/R120x174.q85/?fname=http%3A%2F%2Ft1.daumcdn.net%2Flbook%2Fimage%2F771981%3Ftimestamp%3D20240228113342,"이병승의 소설『정글을 달리는 소년』. 중학생 수오의 눈에 비친 아프리카의 내전, 밀렵, 소년병, 난민 문제 등을 생생하게 그려 냈다. 스펙을 위해 구호단체의 경비행기를 타고 봉사활동을 간 수오는 비행기 추락 사고로 말그레브 마을에 발이 묶여 루카네 집에서 머물게 된다. 엄마가 있는 호텔로 가고 싶은 수오의 단순한 바람은 정부군과 반군의 내전 때문에 죽음을 각오해야 하는 모험이 된다. 누가 아프리카를 슬픔의 땅으로 만들었을까? 행복을 다시 되찾을 방법은 없을까? 수오와 루카의 활약 속에 그 답이 있다.","['청소년', '청소년 문학', '청소년 소설']"
10434,우리가 사랑했던 정원에서,파스칼 키냐르 지음; 송의경 옮김,Franz(프란츠),2019,863 키193ㅇ송,9791200000000,https://search1.kakaocdn.net/thumb/R120x174.q85/?fname=http%3A%2F%2Ft1.daumcdn.net%2Flbook%2Fimage%2F4990041%3Ftimestamp%3D20250409131058,"『우리가 사랑했던 정원에서』는 국내에서 소개된 파스칼 키냐르의 작품 중 희곡 형식으로 쓰인 첫 작품이다. 내레이터와 사제 시미언, 그리고 딸 로즈먼드가 최소한의 소도구만 놓인 널찍한 무대에서 고요하고 느리게 움직이며 전개되는 이야기는, ‘부름’이라는 행위로 연결되어있다. 키냐르가 19세기의 사제 시미언을 불러냈듯이, 노 사제는 오래전 죽은 아내를 목 놓아 부른다. 이른바 이중의 초혼극이, 섬세하게 직조된 아름다운 언어로 펼쳐진다.","['소설/시/희곡', '프랑스소설']"
10435,핀란드 사람들은 왜 중고 가게에 갈까?,박현선 지음,헤이북스,2019,331.5 박94ㅍ,9791190000000,https://search1.kakaocdn.net/thumb/R120x174.q85/?fname=http%3A%2F%2Ft1.daumcdn.net%2Flbook%2Fimage%2F5134169%3Ftimestamp%3D20240618133201,"1990년대의 ‘경제 대공황’을 만나며 자연스레 탄생한 핀란드의 중고 문화. 경제적, 물질적 빈곤을 마주해야 했기 때문이지만, 30여 년이 지나 다시 풍요로운 삶을 되찾은 지금에 이르기까지 사라지기는커녕 오히려 유기적인 발전을 거듭해오고 있다. 거기에는 소비와 꾸밈을 죄로 여기는 그들의 겸손과 검소라는 국민성이 더해지면서 보편적인 문화로 자리매김한 이유도 있지만, 끊임없이 생산되는 물건과 제대로 쓰이지 않고 버려지는 물건 사이에서 지속 가능한 미래를 위한 환경문제의 대안 중 하나로 여러 세대의 공감과 관심을 얻은 것도 한몫했다. 『핀란드 사람들은 왜 중고 가게에 갈까?』에서 저자는 핀란드 중고 문화의 성격을 잘 보여주는 기부형 중고 가게, 판매 대행 중고 가게, 빈티지 상점, 벼룩시장 및 중고 거래 행사 등을 저자의 경험과 함께 현지 관련 인물들의 인터뷰를 통해 자세히 소개한다. 이를 통해 핀란드의 중고 문화가 던지는 소비와 환경에 대한 메시지를 살펴보고, 물건의 가치를 고민하고 재발견할 수 있는 기회와 더불어 더 나은 미래를 위해 소비자와 생산자 모두가 더 건강한 선택을 고민해야 함을 알린다.","['사회과학', '사회학', '사회학 일반']"
10436,나의 반려동물도 나처럼 행복할까,데이비드 미치 지음; 추미란 옮김,불광출판사,2019,527.386 미88ㄴ추,9788970000000,https://search1.kakaocdn.net/thumb/R120x174.q85/?fname=http%3A%2F%2Ft1.daumcdn.net%2Flbook%2Fimage%2F4920397%3Ftimestamp%3D20221011090602,"언젠가는 내 곁을 떠날 반려동물을 생각하면 슬퍼지는 사람들을 위한 책 ‘나만 반려동물 없어!’ 1인 가구의 증가와 더불어 개, 고양이 등 반려동물과 함께 살아가는 사람이 빠르게 늘고 있다. 가족만큼이나 소중한 존재로, 관계가 깊어갈수록 반려인들은 많은 물음들을 갖게 된다. SNS에 등장하는 예쁜 모습의 반려동물처럼 그저 나에게 기쁨을 주는 존재로만 살아야 할까? 우리가 주는 사료를 먹고, 함께 산책하는 것, 이것 말고 반려동물이 살아야 할 다른 이유는 없는 것일까? 반려동물은 인간과 똑같은 감정과 마음을 지녔을까? 그들은 안락사를 원할까? 죽으면 어디로 갈까? 영혼은 있는 것일까? 누구도 명쾌하게 답하지 못하는 질문들이다. 오랫동안 불교 수행을 해 온 세계적인 베스트셀러 작가 데이비드 미치는 이런 물음의 답을 불교에서 찾았다. 그 역시 어린 시절 기니피그, 토끼 등 반려동물을 키우며 그들의 내면의 삶을 궁금해하고, 영원히 함께 할 수 없음에 큰 슬픔을 느꼈다. 인간과 다른 존재들을 차별하지 않는 불교의 시선으로 어린 시절의 물음에 대한 답을 찾은 그는 그 깨달음을 이 책에 담아냈다. 반려동물과 일상을 함께 나누는 법, 반려동물이 바라는 진짜 행복, 함께 치유하는 법, 반려동물을 평화로운 죽음으로 이끄는 법, 함께 영적으로 성장해 가는 법 등. 반려동물과 우리가 함께 행복하게 살아가는 방법들은 구체적이고 실용적이며 감동적이다. 그런데 이 책의 도움을 받으려면 꼭 불교를 믿어야 할까? 저자는 말한다. “아무것도 믿을 필요가 없다. 열린 마음이면 충분하다.”","['건강/취미', '반려동물']"
10437,(완역 정본)택리지,"이중환 지음; 안대회, 이승용 외 옮김",Humanist:휴머니스트출판그룹,2019,981.1 이76ㅌ-휴머니스트,9791160000000,https://search1.kakaocdn.net/thumb/R120x174.q85/?fname=http%3A%2F%2Ft1.daumcdn.net%2Flbook%2Fimage%2F3937772%3Ftimestamp%3D20250222124834,"『완역 정본 택리지』는 안대회 교수 팀이 국가가 국토지리에 대한 지식을 독점하던 시대, 개인이 18세기 이후 크게 변한 조선 사회의 산업과 교통, 문화의 구체적 현실과 변화된 실상을 고스란히 담아낸 독창적인 인문지리서 《택리지》의 선본 23종을 추려 교감한 내용을 바탕으로 정본 텍스트를 확정한 뒤 번역한 책이다. 당대의 산업과 교통, 문화의 구체적 현실과 변화된 실상을 담고 있을 뿐만 아니라 조선 팔도의 정치와 역사, 경제와 사회, 문화와 전설, 산수와 명승 등을 인문·사회·경제적 관점에서 평론한 이중환 개인의 독특한 관점이 잘 드러나 있어 인문지리의 명저로 꼽히는 《택리지》는 현재까지 수많은 이본이 전해져 그 인기와 가치를 입증한다. 이번 책에서는 원문의 의도에 맞게 서론, 팔도론, 복거론, 결론, 발문이라는 새로운 편목과 구성을 내세운다. 더불어 문장가로도 이름을 떨쳤던 이중환의 글맛을 살리는 데 집중하는 한편, 최대한 한자어를 풀어쓰고 이해하기 쉽게 부연 설명을 달아 보다 많은 독자가 택리지 본연의 텍스트를 접할 수 있도록 했다. 택리지의 저술 배경과 특징, 이중환의 삶 등을 꼼꼼히 정리한 해제를 붙여 이 책 한 권으로 택리지를 제대로 이해하는 데 부족함이 없도록 했다.","['역사', '조선사', '조선후기(영조~순종)']"
10438,아이들의 왕 야누시 코르차크,베티 진 리프턴 글; 홍한결 옮김,양철북출판사,2020,370.99 리897ㅇ홍,9788960000000,https://search1.kakaocdn.net/thumb/R120x174.q85/?fname=http%3A%2F%2Ft1.daumcdn.net%2Flbook%2Fimage%2F5254310%3Ftimestamp%3D20230519201136,"야누시 코르차크의 삶을 열정과 온정을 담아 복원하다『아이들의 왕 야누시 코르차크』. 야누시 코르차크는 한나 아렌트가 “어두운 시대”로 명명한 제1, 2차 세계대전을 건너며, 아이들을 어른 세상의 불의로부터 지키려 했고 아이들이라는 존재 속에서 인류의 미래를 믿었다. 교육자이자 소아과 의사, 작가, 심리학자, 아동인권 옹호의 선구자로, 1979년 유엔아동권리선언의 사상적 토대를 마련했다. 인간으로 살아간다는 것에 대한 연민으로 그가 치열하게 사유하고 실천에 옮긴 그 발걸음들이 곧 역사가 되었다. 어린 시절부터 유대인이자 폴란드인으로 살아야 하는 내적 분열을 겪으며 두 민족 간의 화해에 힘을 쏟았으나, 유대인이라는 이유로 역사는 그의 삶을 모조리 불태워버렸다. 정치적 이유로 오랫동안 묻힌 존재가 되어야 했다. 저자는 사라진 공간에서, 사라진 사람을 찾아 묻혀 있는 폴란드어 자료 원전을 뒤지고 생존한 코르차키안들을 만나 사라지고 흩어진 조각들을 찾았다. 대중에게 알려진 그의 죽음 혹은 업적만이 아니라 유대인이자 폴란드인으로서의 정체성과 책임감, 정신이상에 대한 불안 같은 그의 복잡한 내면세계까지 담아내 깊은 파장을 남긴다. 그 시대의 공기마저 담아낸 듯 보기 드문 깊이와 넓이를 가진 이 전기를 통해, 이제야 야누시 코르차크를 온전히 만나게 된 것이 다행스러우면서도 안타까울 뿐이다.","['인문학', '사상가/인문학자']"
10439,지리학자의 인문여행,이영민 지음,아날로그:글담출판사,2020,980 이64ㅈ,9791190000000,https://search1.kakaocdn.net/thumb/R120x174.q85/?fname=http%3A%2F%2Ft1.daumcdn.net%2Flbook%2Fimage%2F4955365%3Ftimestamp%3D20240525130122,"여행하는 지리학자가 인문지리학적 관점으로 장소와 그곳 사람들을 바라보는 여행기입니다. 저자는 홍매화로 유명한 선암사에서 인증샷만 남기는 여행이 아니라 고유의 향기와 소리를 즐기는 여행을 권합니다. 수많은 서부영화의 촬영지인 미국 모뉴먼트밸리를 해 질 녘에 찾아서는 지리를 알고 간다면 여행의 즐거움이 어떻게 달라지는지를 보여 줍니다. 여행의 이동 수단으로만 생각되던 기차로는 어떻게 색다른 여행을 떠날 수 있는지도 알려 줍니다. 여행에 정답은 없지만 여행의 즐거움을 좀 ‘더’ 끌어올리는 데 지리가 유용하다는 점은 분명합니다. 남들과 다른, 깊이 있고 색다른 여행을 원하는 사람에게 이 책은 유용합니다. 지리는 길찾기 지식이 아닙니다. 장소와 인간의 관계에 대한 지식입니다. 독특한 자연환경과 그 속에서 살아가는 사람들이 펼치는 역동적인 삶의 이야기입니다. 그렇기 때문에 지리를 알고 떠나는 여행자는 단순한 구경꾼이 아닌 참여자로서 여행지를 들여다보고, 세상을 바라보는 시각을 넓힐 수 있습니다. 사진만 찍고 마는 여행이 아니라 깊이 있는 여행을 떠나고 싶은 사람, 이전과는 다른 여행을 떠나고 싶은 사람 등 여행을 준비하는 모든 사람에게 이 책이 필수 준비물인 이유입니다.","['인문학', '교양 인문학']"
10440,여전히 휘둘리는 당신에게,박진영 지음,시공사,2019,189.2 박78ㅇ,9788950000000,https://search1.kakaocdn.net/thumb/R120x174.q85/?fname=http%3A%2F%2Ft1.daumcdn.net%2Flbook%2Fimage%2F643541%3Ftimestamp%3D20250403113657,"수많은 독자들의 공감과 사랑을 받았던 박진영 작가의 첫 책, 《눈치 보는 나, 착각하는 너》가 전면개정판으로 돌아왔다. 이번 개정판에서는 독자들이 바로 지금 고민하고 있는 문제들에 다가갈 수 있도록 사회심리학 분야에서 새롭게 발견된 연구들을 추가하고, 최근 시류에 맞도록 내용을 교체하는 등 전면적인 수정과 보완이 이루어졌다. 더불어 박진영 작가 특유의 쉽고 공감 가는 사례, 유쾌하고 시원시원한 글쓰기를 그대로 만나볼 수 있다. 인간관계 때문에 스트레스 받고, 고민하고, 괴로워하는 사람이라면 누구든 이 책에서 유용한 심리학 지식뿐만 아니라 가슴이 뻥 뚫리는 해결책까지 얻어갈 수 있을 것이다.","['인문학', '심리학/정신분석학', '교양 심리학']"
10441,예술하는 습관,메이슨 커리 지음; 이미정 옮김,걷는나무:웅진씽크빅,2020,600.99 커298ㅇ이,9788900000000,https://search1.kakaocdn.net/thumb/R120x174.q85/?fname=http%3A%2F%2Ft1.daumcdn.net%2Flbook%2Fimage%2F5174748%3Ftimestamp%3D20231104171216,"모두 똑같은 24시간을 사는데, 왜 어떤 사람들은 더 많은 것을 이루는 것일까? 『예술하는 습관』의 저자 메이슨 커리는 이 질문에 대한 답을 위대한 성취를 이룬 예술가들의 보통의 하루에서 찾고자 했다. 충동적이고 즉흥적인 영감으로 일할 것 같은 예술가 대부분은 지독하리만치 규칙적이고 성실했으며 그 누구보다 더 엄격하게 습관을 유지했다. 책은 버지니아 울프에서 프리다 칼로까지, 지난 400년간 이름을 알린 여성 예술가 131명의 일상적인 루틴과 작업 습관들을 소개한다. 몇 시에 일어나서 몇 시에 잠에 드는지, 하루에 몇 시간 동안 책상에 앉아 있는지, 산책과 목욕, 이웃과의 티타임이 창의적 활동에 어떤 활력을 주는지 등 사소할지 모르지만 더없이 결정적인 습관들이다. 영업기밀과도 같은 각자의 ‘일하는 방식’은 위대한 인물들의 습관을 엿봄으로써 동기부여를 얻고 싶은 독자에게 매우 흥미로운 안내서가 되어줄 것이다.","['인문학', '교양 인문학']"
10442,소년은 멈추지 않는다,필립 후즈 지음; 김충선 옮김; 류은숙 해제,돌베개,2020,695.104 후77ㅅ김,9788970000000,https://search1.kakaocdn.net/thumb/R120x174.q85/?fname=http%3A%2F%2Ft1.daumcdn.net%2Flbook%2Fimage%2F5264332%3Ftimestamp%3D20250406133105,"『소년은 멈추지 않는다』는 인종차별이 판치던 1950년대에 흑인 학교 최초로 ‘인디애나주 고등학교 농구 토너먼트 대회’에서 우승한 크리스퍼스 애틱스 고등학교 농구부의 위대한 도전을 그린 논픽션이다. 역사 속에 묻혀 있던 청소년들의 의미 있는 활약을 발굴해 온 필립 후즈의 신작으로, 로자 파크스보다 먼저 버스 내 인종 분리에 저항했던 소녀 클로뎃 콜빈의 이야기 『열다섯 살의 용기』, 침묵하는 어른들을 대신해 덴마크 최초의 레지스탕스 조직을 만들었던 소년들의 투쟁기 『소년은 침묵하지 않는다』에 이어, 또다시 ‘청소년의 참여’와 ‘용기’에 대해 말한다.","['청소년', '청소년 인문/사회']"
10443,"열사, 분노와 슬픔의 정치학",임미리 지음,오월의봄,2017,340.13 임38ㅇ,9791190000000,https://search1.kakaocdn.net/thumb/R120x174.q85/?fname=http%3A%2F%2Ft1.daumcdn.net%2Flbook%2Fimage%2F1641713%3Ftimestamp%3D20220907180127,"『열사, 분노와 슬픔의 정치학』은 열사의 죽음이 고유한 의미를 잃고 형해화된 현재의 상황에서 ‘열사 호명구조’라는 문제의식을 통해 다시 한 번 그 죽음들을 탐구하고자 한다. 흔히 열사는 죽음으로써 저항운동의 기폭제 역할을 한 존재로 숱하게 언급되었지만 정작 이들의 죽음 자체를 면밀히 들여다보는 시도는 거의 없었다. 우리에게 알려져 있는 것은 ‘열사’라는 사회적 호칭 내지는 호명이지 결코 그 죽음 자체는 아니다. 저자는 하이데거의 관점을 따라 죽음을 삶의 한 방식으로, 그 중에서도 자살을 자살자가 스스로의 생을 마감하는 실존적 결단으로 바라본다. 다시 말해 죽음은 자살자가 살아온 삶과 무관하지 않으며 세상과 관계하는 한 방식이라고 할 수 있다. 따라서 열사의 죽음을 탐구한다는 것은 열사들이 끝내 죽음을 감행하면서까지 말하려고 한 것이 무엇이지, 또한 살아 있는 사람들에게 이들의 메시지가 어떻게 읽히는지를 살펴보는 것이다.","['사회과학', '사회운동', '노동운동']"
10444,기후와 식량,몰리 E. 브라운 지음; 이승호 외 옮김,푸른길,2018,522.7 브292ㄱ이,9788960000000,https://search1.kakaocdn.net/thumb/R120x174.q85/?fname=http%3A%2F%2Ft1.daumcdn.net%2Flbook%2Fimage%2F877721%3Ftimestamp%3D20231214165926,"기후변화가 농업 생산과 식량가격, 그리고 식량보장에 미치는 영향에 대한 융ㆍ복합적 분석 오늘날 ‘기후변화’라는 말은 모두가 상식적으로 알고 있어야 하는 수준의 익숙한 용어가 되었다. 이를 뒷받침이라도 하듯, 최근 기후변화와 관련된 저서나 연구 결과가 수없이 쏟아지고 있다. 대부분의 저서는 기후변화의 위험성을 지적하고, 더 나아가 기후변화로 인한 빙하의 축소와 이로 인한 해수면의 상승, 생태계의 변화 등에 초점을 맞추고 있다. 생태계의 변화는 우리가 예상할 수 있는 것보다 훨씬 많은 부분에 영향을 미치기 때문에 이 분야의 연구나 저술을 위해서는 다분히 융ㆍ복합적인 지식과 사고가 필요하다. 이 책의 저자인 몰리 E. 브라운은 대학에서 생물학을 전공했고 대학원에서는 지리학 석ㆍ박사 학위를 취득하면서 지리적 사고를 키웠다. 이 책의 전반에 걸쳐서 융합적인 사고가 밑바탕을 이루고 있는 이유이다. 지리학은 학문 자체가 다양한 사고를 기초로 하는 다분히 융합적인 학문이다. 특히 자연현상과 인문ㆍ사회적 현상을 이어 주는 가교 역할을 하는 대표적인 연계 학문이다. 기존의 기후변화와 관련된 저서가 대부분 여러 학자에 의해서 구성되거나 편집되어 개별적인 내용을 묶어 놓은 것에 비하여, 이 책은 기후변화와 농업 생산 및 식량보장에 관한 저자의 생물학적 기초가 유감없이 반영되어 깊이가 남다를 뿐만 아니라, 지리학적 안목으로 미래 식량보장에 대한 향후 과제까지 제시해 주고 있어서 기후변화라는 주제가 편안하게 다가온다. 다양한 사례지역을 구체적으로 제시한 것도 이 책의 중요한 특징이다. 여기에는 저자가 10년 동안 조기기근경보 시스템 네트워크(FEWS NET)에 근무한 경력이 일조하였다. 이 뿐만 아니라 45컷의 그림과 20개의 표, 23컷의 삽화 등 다양한 시각 자료를 제시하고 있으며, 각 장마다 70여 편이 넘는 풍부한 참고문헌을 활용하여 이해를 돕고 있다. 날씨와 관련된 생산의 변동성은 농부들의 소득을 불확실하게 만드는 주요 원인이며, 식량가격의 변화나 농가 생산에 차질이 생기면 하루 세끼를 걱정해야 할 가구가 증가하게 된다. 식량의 가격이 오르는 것은 누구에게나 걱정거리이지만, 가격이 낮을 때조차도 식량을 구입하기 어려운 가난한 사람들에게는 더욱 힘든 일일 것이다. 기후변화가 상식 수준이 된 오늘날 기후와 식량에 관한 진지한 고민을 시작하는 데 이 책 한 권이면 충분하다.","['사회과학', '지리학/지정학', '지리학']"
10445,삶의 무기가 되는 심리학,레온 빈트샤이트 지음; 장혜경 옮김,심플라이프,2019,180 빈887ㅅ장,9791190000000,https://search1.kakaocdn.net/thumb/R120x174.q85/?fname=http%3A%2F%2Ft1.daumcdn.net%2Flbook%2Fimage%2F4998183%3Ftimestamp%3D20221216211414,"인간관계부터 돈 버는 기술까지 일상에서 마주치는 다양한 문제와 갈등을 해결할 수 있는 50가지 심리 기술을 담은 『삶의 무기가 되는 심리학』. 독일의 퀴즈쇼 ‘누가 백만장자가 될 것인가?’에 출연해 우승 상금 100만 유로(한화 약 14억)를 거머쥔 심리학자 레온 빈트샤이트. 그가 자신의 경험담과 전문적인 심리 이론을 적절하게 잘 섞어 쉽고 재밌게 읽을 수 있도록 펴낸 책이다. 저자는 퀴즈쇼에서 우승한 비결이 심리학이었다고 이야기하며, 심리학을 이용해 백만장자가 된 과정, 자신이 세 달간 하루 10시간씩 훈련한 심리 기술, 더 나아가 우리가 일상에서 가장 자주 사용하고 가장 자주 속아 넘어가는 심리 현상, 그 심리 현상을 역이용해 자신에게 유리한 쪽으로 활용하는 방법 등을 들려준다.","['인문학', '심리학/정신분석학', '교양 심리학']"
10446,어웨이크,피터 홀린스 지음; 공민희 옮김,포레스트북스,2019,189 홀298ㅇ공,9791190000000,https://search1.kakaocdn.net/thumb/R120x174.q85/?fname=http%3A%2F%2Ft1.daumcdn.net%2Flbook%2Fimage%2F5064857%3Ftimestamp%3D20221227160629,"《혼자 있고 싶은데 외로운 건 싫어》, 《자제력 수업》으로 인간의 내밀한 심리를 통찰하고, 자신의 한계를 극복하는 방법을 전하며 세계적인 베스트셀러 작가로 거듭난 심리학자 피터 홀린스가 우리가 그동안 안전지대에서 벗어나지 못했던 이유를 밝히고, 이를 근거로 미지에 대한 두려움을 없애기 위한 열두 가지 심리 법칙을 제시하는 『어웨이크』. 저자가 이 책에서 이야기하는 ‘어웨이크’란 익숙하고 안정감을 느끼게 해주는 환경, 즉 안전지대(comfort zone)를 벗어나 새로운 세상으로 깨어나는 힘을 뜻한다. 저자는 세계적으로 성공한 사람들의 공통점을 살펴본 결과, 어웨이크는 단순한 시도가 아니라 삶을 변화시키는 유일한 방법임을 깨달았다. 결국 새로움에 대한 두려움을 극복하는 차이가 삶의 방향을 결정하게 되는 것이다. 저자는 자신의 잠재력을 최대로 끌어올리고 가능성을 극대화하기 위해서는 불안감이 어떻게 생겨났는지를 살피고, 어웨이크하기 위해 갖춰야 할 요소와 버려야 할 것들이 무엇인지 객관적으로 살필 수 있도록 도와준다. 인생의 터닝 포인트를 맞이하려면 미지에 대한 두려움을 극복하고 과감한 결정을 내려야 한다. 저자는 우리의 뇌를 설득하기 위해 성공한 사람들이 실제로 도전에 앞서 스스로 적용했던 법칙과 심리 기술을 소개하며 자신을 움직이게 하는 동기가 무엇인지 살피고 관성에서 벗어날 수 있도록 이끌어준다.","['인문학', '교양 인문학']"
10447,(성교육 시간에도 알려 주지 않는)십대를 위한 사랑 인문학,마라 안데크 지음; 콘스탄체 구어 그림; 정지현 옮김,우리교육,2018,182.2 안24ㅅ,9788980000000,https://search1.kakaocdn.net/thumb/R120x174.q85/?fname=http%3A%2F%2Ft1.daumcdn.net%2Flbook%2Fimage%2F1122087%3Ftimestamp%3D20240713113259,"『십 대를 위한 사랑 인문학』은 역사, 과학, 통계 자료를 바탕으로, 어떻게 사랑이 시작되고, 다른 이들은 어떻게 사랑하는지, 사랑이 진전되는 과정에서 우리 몸과 심리에 어떤 변화가 나타나는지를 설명했다. 이제 막 사랑에 관심이 생기기 시작한 청소년과 한창 연애 중인 청소년이 스스로 사랑에 관해 자신의 생각을 정리할 기회를 제공한다.","['청소년', '청소년 인문/사회']"
10448,통행금지,박상률 지음,서해문집,2019,813.6 박52ㅌ,9788970000000,https://search1.kakaocdn.net/thumb/R120x174.q85/?fname=http%3A%2F%2Ft1.daumcdn.net%2Flbook%2Fimage%2F1049074%3Ftimestamp%3D20250101114401,"1980년 5월, 광주 외곽에서 딸기농사를 짓는 광민이네 가족. 중학교 1학년 광민이는 농구와 진돗개 찐돌이를 좋아한다. 그런 광민이에게 아버지는 딸기를 팔아서 농구공을 사 준다. 그리고 얼마 뒤 다시 딸기를 팔기 위해 광주 시내로 갔던 아버지가 군인들이 쳐 놓은 바리케이드와 통행금지 명령 때문에 집으로 돌아오지 못하는 일이 벌어지는데…….","['청소년', '청소년 문학', '청소년 소설']"
10449,대학기초물리학,"윤진희, 차동우 공지음",테크미디어,2020,420 윤78ㄷ,9791200000000,https://search1.kakaocdn.net/thumb/R120x174.q85/?fname=http%3A%2F%2Ft1.daumcdn.net%2Flbook%2Fimage%2F1661745%3Ftimestamp%3D20220930215541, 이 책은 기초물리학을 다룬 이론서입니다. 기초물리학의 기초적이고 전반적인 내용을 학습할 수 있습니다.,"['대학교재/전문서적', '자연과학계열', '물리학']"
10450,킬링 이브. 2: 노 투모로,루크 제닝스 지음; 황금진 옮김,Arte(북이십일 아르테),2019,843 제198ㅋ황 v.2,9788950000000,https://search1.kakaocdn.net/thumb/R120x174.q85/?fname=http%3A%2F%2Ft1.daumcdn.net%2Flbook%2Fimage%2F4918703%3Ftimestamp%3D20221108011141,"골든글로브 여우주연상을 수상한 산드라 오 주연의 BBC 인기 드라마 《킬링 이브》의 원작 소설 『킬링 이브』 제2권 《노 투모로》. 평범한 사람들의 감정을 조금도 느끼지 못하는 사이코패스이자 천부적인 재능을 타고난 킬러 빌라넬과 언뜻 평범한 사람처럼 보이지만 누구보다 끈질기고 번뜩이는 지략을 갖춘 영국정보부 요원 이브의 쫓고 쫓기는 싸움을 빠른 속도감과 번뜩이는 위트로 풀어낸 작품이다. 암살범 빌라넬의 정체를 밝히기 위해 흔적을 쫓던 이브는 예전 상사이자 현 영국정보부 고위 간부인 크레이들이 비밀결사조직 ‘12사도’로부터 돈을 받고 있다는 사실을 알아내고 그를 심문하러 찾아간다. 그러나 크레이들을 추궁하던 중 빌라넬로 추정되는 여성이 이브의 집을 무단 침입했다는 연락을 받게 되고, 설상가상으로 경찰로 위장한 빌라넬에게 크레이들을 넘겨주고 만다. 실의에 빠져 집으로 돌아온 이브는 빌라넬이 남긴 단서를 발견하고 단서가 가리키는 대로 런던과 베니스, 모스크바 등지를 누비며 한 발짝씩 위험한 진실에 다가선다. 한편, 그 누구와도 진정한 관계를 맺을 수 없는 빌라넬은 다만 자신의 욕망을 채우기 위해 화려하고 난잡한 생활을 하며 보다 어려운 임무를 요구하여 거듭 조직과 갈등을 빚는다. 마침내 빌라넬이 흡족해할 만한 고난이도의 암살 임무를 받고 외부로부터 격리된 은밀한 장소로 향한다. 하지만 언제나처럼 순조롭게 진행되는 듯하던 임무는 예상치 못한 난관에 부딪히게 되고, 그 사이 이브는 한층 더 빌라넬과 조직의 정체에 가까이 다가온다. 한 치의 실수도 감정도 사랑까지도 용납하지 않던 빌라넬은 이브에게만은 무모한 작전을 강행하고, 이브 또한 남편과 동료들의 만류에도 집요하게 추적을 계속한다. 새를 노리는 고양이처럼 서로를 유혹하고 유혹 당하며 싸움은 걷잡을 수 없이 대담해지고, 술래만 있는 술래잡기를 멈추기 위해서는 누군가 방아쇠를 당겨야만 하는데…….","['소설/시/희곡', '액션/스릴러소설', '외국 액션/스릴러소설']"
10451,킬링 이브. 1: 코드네임 빌라넬,루크 제닝스 지음; 황금진 옮김,Arte(북이십일 아르테),2019,843 제198ㅋ황 v.1,9788950000000,https://search1.kakaocdn.net/thumb/R120x174.q85/?fname=http%3A%2F%2Ft1.daumcdn.net%2Flbook%2Fimage%2F4853520%3Ftimestamp%3D20221011174118,"골든글로브 여우주연상을 수상한 산드라 오 주연의 BBC 인기 드라마 《킬링 이브》의 원작 소설 『킬링 이브: 코드네임 빌라넬』. 평범한 사람들의 감정을 조금도 느끼지 못하는 사이코패스이자 천부적인 재능을 타고난 킬러 빌라넬과 언뜻 평범한 사람처럼 보이지만 누구보다 끈질기고 번뜩이는 지략을 갖춘 영국정보부 요원 이브의 쫓고 쫓기는 싸움을 빠른 속도감과 번뜩이는 위트로 풀어낸 작품이다. 어려서부터 평범한 아이는 아니었던 옥사나는 매우 똑똑하지만 다른 사람의 감정을 조금도 이해하지 못하는 소시오패스다. 러시아 특수부대 교관 출신 아버지가 거래하던 폭력 조직에게 살해당했을 때, 옥사나는 아버지의 복수를 위해 조직원 세 사람을 잔인하게 죽이고 그 죄로 열악한 환경의 교도소에 갇힌다. 사형 당할 처지에 놓인 옥사나 앞에 암살범으로서의 재능을 알아본 정체불명의 남자가 나타나고, 옥사나는 혹독한 훈련 끝에 뛰어난 암살범 ‘코드네임 빌라넬’로 다시 태어난다. 영국정보부 요원 이브는 ‘MI5 소속 P3 부서장’이라는 거창한 직함과 달리 하는 일은 세계 주요 인물들의 경호 리스트를 작성하는 사무직에 가깝다. 안정적인 직장과 사랑하는 남편이 있는 평범한 삶에 만족하면서도 지루한 일상에 어딘가 공허함을 느끼고 있다. 하지만 자신이 경호를 검토했던 러시아 유력 정치가가 정체불명의 암살범에 의해 살해당했을 때, 그녀는 모든 것을 잃을 위기에 처한다. 살인범이 여자일지도 모른다는 단서를 잡은 이브의 앞에 영국정보부 MI6의 러시아 총국장이 나타나 비밀리에 범인을 쫓아줄 것을 요청하고, 이브는 익숙한 사무실을 벗어나 위험한 세계로 발을 들인다. 한편 배후에서 은밀하게 세계를 조종하는 비밀 조직의 명에 따라 각국의 유력한 정치인, 사업가, 권력자들을 제거하고, 그 대가로 화려하고 부유한 삶, 자유로운 섹스를 즐기며 살아가는 빌라넬은 처음으로 자신의 존재를 눈치 챈 인물인 이브에게 관심을 갖게 되는데…….","['소설/시/희곡', '액션/스릴러소설', '외국 액션/스릴러소설']"
10452,조식,이다혜 지음,세미콜론,2020,818 이22ㅈ,9791190000000,https://search1.kakaocdn.net/thumb/R120x174.q85/?fname=http%3A%2F%2Ft1.daumcdn.net%2Flbook%2Fimage%2F5327874%3Ftimestamp%3D20230628163600,"민음사 출판그룹의 만화ㆍ예술ㆍ라이프스타일 브랜드 ‘세미콜론’에서 새롭게 론칭하는 ‘띵’ 시리즈는 한마디로 ‘음식 에세이’이다. 앞으로 각 권마다 하나의 음식이나 식재료, 혹은 여러 음식을 하나로 아우르는 데 모두가 납득할 만한 주제를 가급적 선명하게 선정해나갈 계획이다. 이때 기본 원칙은 각자의 애정을 바탕으로 할 것. 우리는 좋아하는 것을 이야기할 때 더욱 할 말이 많아지고 마음이 분주해지니까. “내가 좋아하는 것을 함께 좋아하고 싶은 마음”을 캐치프레이즈 삼아 이 시리즈는 꾸려질 예정이다. 그 시작은 ‘조식’을 주제로 한 『아침을 먹다가 생각한 것들』로 시리즈의 문을 연다. 첫 번째 주제가 ‘조식’으로 선정된 것은 가히 운명적이기까지 하다. 하루의 첫 끼니. 시리즈의 1번. 세상의 가장 앞줄에 놓인 단어들은 언제나 기분 좋은 흥분으로 우리를 데리고 간다. 아침밥에는 한 사람의 인생이 고스란히 담겨 있다. 그것은 여행지 호텔에서 몰려오는 잠을 무릅쓰고 내려가 먹은 조식이기도 하고, 어린 시절 소풍날이면 할머니가 이른 아침부터 싸주시던 김밥이기도 하고, 지각이 확실시되는 등굣길 길거리 노점에서 사 먹던 토스트이기도 하고, 매년 영화제 취재차 방문하는 부산의 대구탕과 전주의 콩나물국이기도 하다.","['에세이', '한국에세이']"
10453,"덜미, 완전범죄는 없다. 2: 범죄 현장에서 쫓고 쫓기는 두뇌 싸움",한국일보경찰팀 지음,북콤마,2019,351.176 한16ㄷ v.2,9791190000000,https://search1.kakaocdn.net/thumb/R120x174.q85/?fname=http%3A%2F%2Ft1.daumcdn.net%2Flbook%2Fimage%2F4866207%3Ftimestamp%3D20240628124528,"한국일보는 2017년 3월 7일자 ‘춘천 시신 없는 살인 사건’을 시작으로 ‘범인 잡는 과학’ 연재를 선보였다. 6개월여 분량이 끝나고 새로운 연재가 이어졌다. 2017년 8월 29일 ‘고급 전원주택 연쇄 강도 사건’을 시작으로 2019년 1월 15일 ‘제주 보육교사 피살 사건’까지 ‘완전범죄는 없다’는 총 34회에 걸쳐 연재됐다. ‘범인 잡는 과학’까지 합하면 총 46건 사건이 2주에 한 번씩 독자에게 소개된 것이다. 기획 연재 ‘완전범죄는 없다’는 완전범죄를 노린 지능범들의 범죄 행태와 그 맞선 수사기관 사이의 치열한 두뇌싸움에 중점을 두고 사건 전모를 그렸다. 용의주도하게 증거를 인멸하며 완전범죄를 꿈꿨던 범인, 이를 잡기 위해 분투하는 일선 경찰 간의 치열한 싸움이 녹아 있다. 행적을 감추고, 범행을 감추려고 서슴없이 시신을 토막 내버리는 잔혹한 범인들을 쫓아 결국은 수갑을 채우는 일선 경찰들의 활약상이 곳곳에 담겨 있다. 이번에 연재가 마감되면서 두 권의 시리즈로 발간되었다. 책 1권은 연재 ‘범인 잡는 과학’과 ‘완전범죄는 없다’ 1부까지, 2권은 이어서 ‘완전범죄는 없다’ 2부와 3부까지 묶었다. 검찰과 경찰 통계를 살펴보면 아직까지 범인을 잡지 못한 사건이 20만 건이 넘는다. ‘화성 연쇄 살인 사건(1980년대 후반)’ ‘대구 개구리 소년 실종 사건(1991년)’ ‘서울 이형호 군 유괴 살인 사건(1991년)’의 범인은 수십 년이 지난 지금까지 잡히지 않고 있다. “살인에도 저마다 이유가 있다. 치미는 화를 참지 못해, 혹은 원한이 깊고 깊어 누군가는 또 다른 누군가의 목숨을 노린다. 하루가 멀다 하고 뉴스에 등장하는 살인범을 보면서, 우리는 질문하곤 한다. ‘도대체 왜, 무슨 이유로, 그랬을까?’” 어떻게 쓸까?: 상세한 사연, 정확한 묘사, 스토리텔링 독자들이 찾아 읽는 사건 기사. 경찰청의 통계에 따르면 2016년 한 해 동안 강력 범죄가 총 2만 5760건가량 발생했다. 매일 70건 이상 사건이 벌어진다는 얘기다. 그런데 연쇄살인같이 잔혹함이 도를 넘거나 독자들의 눈길을 끌 만한 가해자와 피해자가 아니라면 대부분은 보도되지 않는다. 연재를 준비하면서 저자들이 독자들에게 그럴듯하게 읽히는 사건 기사를 고민했던 이유다. 알려진 사건을 재구성하는 글이라 자연히 글의 형식과 문체를 고민할 수밖에 없었다. 어떻게 기존의 보도와 차별화해 사건을 풀어낼 수 있을까. 또 읽을 맛 나는 글 속에 현장의 생생한 냄새를 담고 싶었다. 이야기하듯 전하는 게 효과적일 것 같았다. 저자들은 스토리텔링으로 사건을 풀어내서 실감을 더하기로 했다. 최대한 재미있게, 글로 읽는 영화처럼 전달해보려는 시도였다. 우선 재구성하는 과정에서 소설 같은 흐름을 염두에 두고 플롯을 잡았다. 단순히 사건 개요를 담는 사건 스케치가 아니라 긴 분량의 연재인 이상, 최대한 많...은 팩트를 확보해야 자세히 쓸 수 있었다. 저자들은 사건이 발생한 현장과 담당 경찰들을 찾아다니며 전국을 누볐다. 사건을 해결한 경찰의 입장에서 들여다봐야 제대로 이야기할 수 있을 것 같다는 생각이었다. 경찰이 어떤 방법으로 얼마나 노력했는지 듣기 위해서는 품이 들더라도 직접 현장을 찾아야 했다. 수많은 재판 기록과 수사 자료를 살폈고 학술대회 자료까지 뒤졌다. 상세한 사연과 정확한 묘사를 쓰기 위해서다. 그런 과정을 거쳐, 격주 화요일마다 새로운 사건이 소개될 때마다 온라인 조회수 상위에 올랐고, ‘기사라기보다 단편소설 같다’는 평을 듣기도 했다. 하나의 사건 해결은 지독한 머리싸움의 결과물이다: 지능화하는 범죄 위장하는 자와 쫓는 자, 그들의 심리와 직관뿐 아니라 현대 수사 기법의 최첨단까지 더하면, 그곳은 가장 치열한 현재 공간이다. 책은 그 자리에서 출발한다. “범인과 수사기관 사이 머리싸움의 승패는 범인의 사소한 실수와 이를 그냥 흘려보내지 않는 수사기관의 집념과 피땀 어린 노고에서 갈리는 경우가 대부분이었다.”","['사회과학', '사회문제', '범죄문제']"
10454,"덜미, 완전범죄는 없다. 1: 범죄 현장에서 쫓고 쫓기는 두뇌 싸움",한국일보경찰팀 지음,북콤마,2019,351.176 한16ㄷ v.1,9791190000000,https://search1.kakaocdn.net/thumb/R120x174.q85/?fname=http%3A%2F%2Ft1.daumcdn.net%2Flbook%2Fimage%2F1643936%3Ftimestamp%3D20240316112832,"『덜미, 완전범죄는 없다』는 완전범죄를 노린 범죄 행태와 이를 뛰어넘는 수사기관의 노력, 양자의 치열한 수 싸움을 담은 책이다. 사건이 발생하고 범인을 잡기 위해 동분서주하는 경찰 모습을 조명해보면서, ‘쫓고 쫓기는 자’의 치열한 두뇌 싸움을 그려냈다. 부검, 화재 감식, DNA 감식, 현장 감식, 시신 감식, 혈흔 형태 분석, 검시, 프로파일링, 법 최면, 지문 감식, 지리 프로파일링, 해외 현장 감식 등 12개의 키워드를 통해 사건 전말을 전개하면서 그 사건 해결에 결정적인 단서를 제공한 최신 과학수사 기법을 함께 소개했다.","['사회과학', '사회문제', '범죄문제']"
10455,식사에 대한 생각,비 윌슨 지음; 김하현 옮김,어크로스,2020,381.75 윌57ㅅ김,9791190000000,https://search1.kakaocdn.net/thumb/R120x174.q85/?fname=http%3A%2F%2Ft1.daumcdn.net%2Flbook%2Fimage%2F5251267%3Ftimestamp%3D20240619134321,"고기 아니면 채소, 탄수화물 아니면 지방, 슈퍼푸드 아니면 정크푸드. 우리는 왜, 그리고 어떻게 지금처럼 먹게 되었을까 전작 《포크를 생각하다》, 《식습관의 인문학》을 통해 세계인의 식탁과 식문화에 대한 논쟁적이고 대담한 이야기를 전해준 비 윌슨이 이번에는 ‘우리 식사의 명암’을 집중 조명한다. 『식사에 대한 생각』은 세상은 부유해졌지만 매일의 식탁은 가난해진 오늘날, 우리가 정말로 무엇을 먹고 있는지 근본적인 질문을 던지고 세계적 관점에서 대답한다. 저자는 오늘날 전 세계인이 마주한 식사의 현장을 생생하게 보여주고 비판적 관점에서 분석한다. 혁명에 가깝게 급속도로 그리고 광범위하게 변화한 식문화, 식산업 속 음식이 우리 몸과 생활 그리고 세상을 어떻게 변화시켰는지 다양한 사례와 통계를 통해 보여준다. 인류의 식사에 일어난 이 커다란 변화에 대응하기 위해서 개개인의 ‘현명한 선택’을 촉구하는 동시에 사회경제적 ‘시스템’ 변화의 필요성 또한 논리적으로 제안한다. 우리의 선입견 그리고 직관을 배반하는 통찰력 가득한 이 책이 당신의 식사 그리고 당신의 인생을 바꿀 것이다.","['인문학', '교양 인문학']"
10456,(박대훈의)사방팔방 지식 특강,"박대훈, 최.지.선(최선을 다하는 지리 선생님 모임) 공지음",휴먼큐브(문학동네),2019,980.4 박23ㅅ,9788950000000,https://search1.kakaocdn.net/thumb/R120x174.q85/?fname=http%3A%2F%2Ft1.daumcdn.net%2Flbook%2Fimage%2F692590%3Ftimestamp%3D20221011181326,"세상을 품은 지리, 지리를 품은 지식 이야기를 들려주는 [박대훈의 사방팔방 지식특강]. 책은 우리에게 친근한 주제를 뽑고, 지리와 얽힌 이야기를 풀어나감으로써 지식은 확장되고 ‘지리’의 눈으로 본 세상을 알려줍니다. 평범한 일상의 장면들을 신선한 ‘지식’으로 튜닝해줄 새로운 지적 여행을 떠나보자.","['인문학', '교양 인문학']"
10457,크리스 조던,크리스 조던 지음; 인디고 서원 엮음,인디고서원,2019,668 조24ㅋ인,9789000000000,https://search1.kakaocdn.net/thumb/R120x174.q85/?fname=http%3A%2F%2Ft1.daumcdn.net%2Flbook%2Fimage%2F4881026%3Ftimestamp%3D20240123195338,"이 시대의 현실을 직시할 용기가 있습니까? 깊이 공감하고 스스로 변혁하여 우리의 미래를 바꿀 수 있겠습니까? 이 여정에 함께 하시겠습니까? 아름다움의 눈을 통해, 절망의 바다를 지나 그 너머로. 1974년,프랑스 소설가 로맹 가리는 나날이 심각해지는 환경 오염과 생태계 파괴를 보며 “얼마나 많은 경고가 필요하고 얼마나 많은 아름다움이 사라져야 하는가”라고 물었습니다. 인간은 마치 모든 것을 합리적으로 생각한다고 믿고 또 행동하지만 실제로는 아름답고 귀한 것들을 잃고 나서 후회하는 경우도 많습니다. 현실을 들여다보지 않아 생긴 무지와 오만은 아름다움의 감각과 생명에 대한 경외를 잃어버리게 했고,그것은 인간이 저지른 가장 큰 과오 중 하나일 것입니다. 그로부터 45년이 지난 지금, 우리는 여전히 무지의 장벽을 허물지 못했습니다. 수십 년 전 이미 지구가 더 이상 견디지 못할 위기에 놓여있다고 말했지만 여태껏 잘살고 있으니 오히려 안도할지도 모릅니다.지금 느끼는 이 위기 역시 곧 아무 탈 없이 지나갈 것이라고 말입니다.?하지만 그러는 사이 이미 이 땅에서 영원히 사라져버린 생명은 어떻게 생각해야 할까요??죽음과 멸종을 눈앞에 두고 있는 무수히 많은 생명에게도 이 또한 지나갈 것이라고 말해주면 되는 것일까요?","['사회과학', '환경/생태문제', '환경문제']"
10458,나는 운동화가 없어도 달릴 수 있습니다,볼프강 코른 글; 브리기트 얀센 그림; 유혜자 옮김,꿈꾸다:꿈터,2019,326 코297ㄴ유,9791190000000,https://search1.kakaocdn.net/thumb/R120x174.q85/?fname=http%3A%2F%2Ft1.daumcdn.net%2Flbook%2Fimage%2F5074277%3Ftimestamp%3D20240813135829,"매년 실시되는 마라톤 대회에서 묘하게 생긴 한 켤레의 운동화가 발견되면서 취재를 위한 기자의 달리기가 시작된다. 그 운동화를 누가 신었는지, 운동화가 어디에서 생산되었고, 누가 디자인한 것인지 밝혀내야 한다. 조사를 하면서 세계적으로 유명한 운동화 회사들의 역사, 중국 온주에 있는 생산 기지, 적은 돈을 받고 일하는 아프리카 아디스 출신 아베베까지 만나게 된다. 그밖에 원자재 확보를 위한 싸움, 어려운 생산공정, 복잡한 세계무역에 대해서도 알게 쉽게 풀어낸 이야기이다.","['청소년', '청소년 인문/사회']"
10459,나는 매주 시체를 보러 간다,유성호 지음,북이십일 21세기북스,2019,517.96 유54ㄴ,9788950000000,https://search1.kakaocdn.net/thumb/R120x174.q85/?fname=http%3A%2F%2Ft1.daumcdn.net%2Flbook%2Fimage%2F4866106%3Ftimestamp%3D20230823135508,"역사, 철학, 과학, 의학, 예술 등 각 분야 최고의 서울대 교수진들이 2017년 여름부터 매월 펼쳐온 다양한 주제의 강의들을 책으로 옮긴 「서가명강 시리즈」. 살아가는 데 필요한 지식과 교양을 선사하는 시리즈의 제1권 『나는 매주 시체를 보러 간다』는 서울대학교 의과대학 법의학교실의 교수이자, 《그것이 알고 싶다》에서 자문을 담당하고 있는 유성호 교수의 교양강의를 바탕으로 한 책이다. 20년간 1500건의 부검을 담당하며 누구보다 많이 죽음을 만났고, 누구보다 깊이 죽음을 고찰한 저자는 죽음을 가까이 할 때 역설적으로 삶의 가치를 발견할 수 있다는 사실을 깨달았다. 저자는 이 책에서 법의학과 관련된 폭넓은 경험들, 죽음을 둘러싼 수많은 논제들, 죽음에 관한 정의들을 소개하며 우리 모두 피할 수 없지만, 결코 떠올리고 싶어 하지 않는 죽음을 오히려 먼저 준비할 것을 권한다. 삶에 명확히 마감이 있다는 것을 아는 순간 자신이 추구하려는 가치관에 따라 살려고 노력하기 때문이다. 1부 ‘죽어야 만날 수 있는 남자’에서는 법의학자는 무슨 일을 하는지, 법의학적으로 죽음은 어떻게 구분되는지 소개하고, 다양한 매체에서 소개되었던 부검 사례를 살펴본다. 평범한 사람들의 억울한 죽음, 갑작스러운 죽음 은 죽음이 우리 삶의 뒷면에 항상 존재하고 있다는 점을 다시금 떠올리게 한다. 2부 ‘우리는 왜 죽는가’에서는 생명과 죽음의 정의, 과거부터 오늘날까지 죽음관의 변천, 죽음의 원인을 밝히고, 죽음이 스스로에 의해, 타인에 의해 선택될 수 있는 것인가에 대한 질문에 명쾌한 해답과 따듯한 조언을 제시한다. 3부 ‘죽음을 공부해야 하는 이유’에서는 죽음을 예감하고 남겼던 유언들을 소개하며, 삶의 마지막 순간에 반드시 준비가 필요하다는 점을 시사한다. 그리고 죽음 앞에 놓인 인간은 어떻게 사고하는지, 다른 사람들은 죽음을 어떻게 준비하는지 여러 사례들을 소개한다. 이처럼 죽음에 관한 폭넓은 경험과 다양한 논제들을 전해 죽음을 좀 더 쉽고 자주 떠올릴 수 있게 하고, 죽음을 고민하는 과정을 통해 오늘 그리고 삶이 갖는 의미를 되새기게 한다.","['인문학', '교양 인문학']"
10460,(할 수 있다는 믿음)무기력상자,따돌림사회연구모임교실심리팀 지음; 뭉덩 그림,마리북스,2019,183.3 마298 v.03,9791190000000,https://search1.kakaocdn.net/thumb/R120x174.q85/?fname=http%3A%2F%2Ft1.daumcdn.net%2Flbook%2Fimage%2F5081539%3Ftimestamp%3D20230919174009,"무기력의 다른 이름은 포기 오늘의 이 정체가 계속될 것만 같을 때 무기력은 언제 우리에게 올까? 마음이 움직이지 않을 때다. ‘10대들의 건강한 자아쌓기’를 위한 마리i 마음상자 세 번째 《할 수 있다는 믿음, 무기력상자》. 책의 서두에서는 매일 똑같은 하루, 힘든 나날들이지만 내일은 오늘보다 나아질 거라는 기대가 조금만 있어도 무기력에 빠지지 않는다, 오늘의 이 정체가 내일도 모레도 계속될 것만 같을 때 무기력이 온다고 말한다. 무기력의 무는 ‘없다’, ‘기력’은 ‘기운, 힘’을 뜻한다. 그러니까 무기력은 기력이 없다, 의욕이 떨어진다, 아무것도 하기 싫다라는 뜻이다. 어떠한 이유나 계기로든 자신의 마음 저 깊은 곳에 스스로를 가두고 꼼짝하지 않은 채 움직일 생각을 하지 않는 것이다. ‘해보겠다’는 의지 대신 ‘포기’를 택하는 것이다. 무기력의 다른 말은 ‘포기’라고 할 수 있다. 이런 무기력 바이러스가 무서운 것은 전염성이 강하기 때문이다. 한 사람이 무기력하면 그 사람을 바라보는 가족, 함께 있는 사람에게도 무기력 바이러스가 빠르게 침투한다. 10대 무기력의 대표적인 증상은 학교에서 잠자는 거다. 교실에서 한 아이가 자면, 옆에 아이가 자고, 앞뒤 아이도 잔다. ‘잠자는 학교’가 지금 심각한 사회 문제로 떠오르고 있는 이유이기도 하다. 따돌림사회연구모임 교실심리팀 선생님들은 다음과 같이 말하며 책을 연다. “세상의 모든 엄마, 아빠, 선생님들이 기대하는 건 잘난 너희가 아니야. 지금 자신이 어떻든 ‘변화’하려는 마음을 가진 너희지. 그 변화가 좋은 쪽이든 안 좋은 쪽이든 말이야. 설령 안 좋은 쪽이더라도 ‘움직이는 마음’을 가지고 있는 한, 사람에게는 생명의 에너지가 꿈틀거려 절대 무기력에 빠지지 않아.” 《무기력상자》에서는 먼저 우리에게 무기력이 어떻게 다가오는지 그 원인과 배후, 내 안의 무기력을 심플하게 바라보고 벗어나는 법을 안내하고 있다. 자아가 싹 트기 시작하는 10대들이 보면 더욱 좋지만, 자신의 무기력과 마음을 심플하게 들여다보고 싶은 사람 누구에게나 소개한다. 전체 5장으로 구성되어 있다. 1장에서는 ‘잠자는 학교’를 통해서 본 무기력의 증상, 2장에서는 일상적 무기력, 일시적 무기력, 중독, 실존적 무기력 등의 다양한 무기력의 종류를 다루고 있다. 3장에서는 무기력에 빠지게 되는 무기력 공식, 즉 무기력에 빠지는 근본적인 원인, 4장에서는 무기력의 강력한 배후인 인생각본 이야기, 5장에서는 항상 내 곁에 있는 나, ‘자기우정’으로 무기력을 벗어나 나를 바로 세우는 이야기들을 담았다.","['청소년', '청소년 인문/사회']"
10461,(나의 벽을 넘어서는)불안상자,따돌림사회연구모임교실심리팀 지음; 최다은 그림,마리북스,2018,183.3 마298 v.02,9788990000000,https://search1.kakaocdn.net/thumb/R120x174.q85/?fname=http%3A%2F%2Ft1.daumcdn.net%2Flbook%2Fimage%2F4819759%3Ftimestamp%3D20221011190141,"‘10대들의 건강한 자아 쌓기’를 위한 마리i 마음상자 02 내 마음에 불안을 차단하는 스위치가 있다면…. 불안, 도대체 왜? 10대라서 더욱 불안한 우리 ‘불안이라는 감정은 왜 생기고, 어떻게 받아들이고 대처해야 할까?’ ‘10대라서 더욱 크게 느끼는 불안의 특징은 무엇이고, 주목해야 할 것은 무엇인가?’ 10대들의 주요 불안 요소인 시험, 성적, 가족, 친구, 이성, 외모, 미래 등에 대한 이야기를 펼치며 불안의 실체, 원인, 나름의 탈출 방법을 제시한다. 선생님들이 학교에서 직접 조사한 ‘10대의 불안 요소’도 재미있다. 여학생은 ‘친구관계, 외모, 성적, 미래, 휴대폰, 흑역사’ 순이었다면, 남학생은 ‘시험, 미래, 엄마, 친구, 게임, 연애’ 순으로 나왔다. 무엇보다 남학생에게 ‘엄마’가 상당한 불안 요소라는 사실은 놀랍다. 하지만 선생님들은 불안이라는 감정이 위험한 것은 불안하기 때문이 아니라 ‘불안이라는 감정에 사로잡히기 때문이다’라고 지적한다.","['청소년', '청소년 인문/사회']"
10462,(진짜 나를 만나는)혼란상자,따돌림사회연구모임교실심리팀 지음; JUNO 그림,마리북스,2017,183.3 마298 v.01,9788990000000,https://search1.kakaocdn.net/thumb/R120x174.q85/?fname=http%3A%2F%2Ft1.daumcdn.net%2Flbook%2Fimage%2F1413696%3Ftimestamp%3D20230520151736,"사춘기의 터널을 반드시 거쳐야 하는 10대의 마음을 들여다보는 「마리i(마리아이) 마음상자」제1권 『진짜 나를 만나는 혼란상자』. 앞으로 마리아이가 들려줄 모든 이야기의 바탕이 되는 정체성 찾기에 대한 이야기를 담은 책이다. 학교 선생님들이 심리학 이론을 바탕으로 정체성 이야기를 10대의 언어와 눈높이에 생생하게 들려준다. 파트 1에서는 정체성이 무엇인지, 파트 2에서는 사춘기의 정체성, 파트 3에서는 마샤의 정체성 확립이론을 바탕으로 한 나의 정체성 단계 알아보기, 파트 4에서는 정체성을 찾기 위한 세 가지 방법 공부, 진로, 인생 서사에 대한 이야기, 파트 5는 정체성의 확립인 성숙에 대한 이야기가 펼쳐진다. 정체성, 즉 진짜 나를 만나는 과정은 머나먼 혼란의 길이 될 수도 있다. 관찰력 뛰어난 선생님들이 10대 시절에 꼭 고민해보아야 할 정체성에 대해 들려주는 이야기를 통해 진짜 나를 마주하게 된다.","['청소년', '청소년 인문/사회']"
10463,도시 아틀라스,"폴 녹스 엮음; 손정렬, 박경환, 지상현 공옮김",푸른길,2019,331.47 녹57ㄷ손,9788960000000,https://search1.kakaocdn.net/thumb/R120x174.q85/?fname=http%3A%2F%2Ft1.daumcdn.net%2Flbook%2Fimage%2F4874435%3Ftimestamp%3D20220925180833,"“도시는 흔적이 지워진 곳에 덧쓴 고대 문서와 같다.” 도시가 끊임없이 변화하면서 과거의 흔적은 그 속의 건조 환경, 관습, 정치 제도에 흘러 들어간다. 유럽의 도시에서는 제2차 세계대전이 일어난 당시 폭탄에 의한 상흔과 후기 산업사회의 브라운필드 가운데에서 고대 로마식의 격자형 가로망을 볼 수 있다. 또한 예배를 드려 온 지 1000년이 지난 교회 옆에 초현대식 건축물이 치솟아 있는 곳이 도시이며, 이러한 도시는 마치 흔적이 지워진 곳에 덧쓴 고대 문서와 같다. 세계인구의 절반 이상이 도시에 살고 있다는 말은 이미 진부한 표현이 되어 버렸지만, 그렇다고 해서 그러한 사실이 희석될 수는 없다. 도시화는 범세계적 현상이지만, 도시가 발전해 가는 방식, 도시에서의 삶과 경험, 도시의 미래에 대한 전망 등은 지역마다 크게 다르다. 『도시 아틀라스』는 이러한 도시를 분류하는 독창적인 방식을 소개하면서 이들 도시의 물리적, 경제적, 사회적 및 정치적 구조의 다양한 측면, 도시들 간의 그리고 도시와 배후지들 간의 상호작용, 도시들이 드러내는 도전과 기회, 장래에 이들 도시가 나아갈 방향 등을 관찰하고 있다.","['사회과학', '지리학/지정학', '지리학']"
10464,서울 선언,김시덕 지음,열린책들,2018,911.6 김58ㅅ,9788930000000,https://search1.kakaocdn.net/thumb/R120x174.q85/?fname=http%3A%2F%2Ft1.daumcdn.net%2Flbook%2Fimage%2F507868%3Ftimestamp%3D20250108114058,"문헌학자 김시덕 교수가 서울 답사에 나섰다. 40여 년간 살고 생활했던, 특별할 것 없고 역사가 없어 보이는 곳들을 걸으며 조금은 다른 서울의 역사를 읽어 내는 『서울 선언』을 통해 그 속에 담긴 이야기들을 만나고, 진짜 서울의 역사를 만나볼 수 있다. 이 책에 등장하는 장소들은 아파트 단지와 상가와 골목, 공단과 종교 시설, 주택가와 빈민가, 유흥가와 집창촌, 서울 안의 농촌 지대 등 얼핏 봐선 볼품없는 곳들이다. 이들 장소의 공통점은 크게 두 가지다. 하나는 그곳이 바로 시민의 생활 터전이라는 점, 또 하나는 이 장소들이 서울의 변두리라는 점이다. 저자는 서울이 어떤 도시인지 파악하려면 서울의 중심이 아니라 변두리를 걸어야 한다고 이야기하면서 더 많은 시민이 자신의 도시를 걷기를 권한다. 우리가 사는 주변부를 걸음으로써 뭔가를 얻으려면 준비가 필요한데, 저자의 노하우는 같은 장소를 시간 간격을 두고 반복해서 걷는 것, 여럿이 걷는 것이다. 저자는 이처럼 우리가 사는 주변부를 걷는 것이 바로 자신의 도시를 가치 있게 만드는 길이라고 강조한다.","['인문학', '인문 에세이']"
10465,도시재생과 젠트리피케이션,한국도시연구소 엮음,한울아카데미:한울엠플러스,2018,539.73 한16ㄷ,9788950000000,https://search1.kakaocdn.net/thumb/R120x174.q85/?fname=http%3A%2F%2Ft1.daumcdn.net%2Flbook%2Fimage%2F4941088%3Ftimestamp%3D20250121125829,"도시재생은 노후하여 쇠퇴한 지역을 물리적으로뿐만 아니라 사회문화적으로 개선하고 지역 주민들의 참여를 전제로 도시의 활력을 되찾도록 한다는 점에서 긍정적인 효과가 있다. 그러나 다른 한편 젠트리피케이션으로 인해 도시의 원주민이 내몰리고 그 대신 중산층이 이 자리를 차지하는 심각한 부정적 효과를 초래하기도 한다. 최근 새롭게 부각되는 도시재생은 과거와는 달리 소규모로, 지역 주도로 추진되고 있지만, 결국 개발업자의 이윤 추구와 도시 중산층의 이해관계를 우선하지 않을까 우려된다. 이러한 점에서, 도시재생과 젠트리피케이션에 따른 문제들을 해소하면서 도시인들의 인간다운 삶의 터전으로 ‘도시를 되살리기’ 위한 개선책과 대안의 마련이 절실하다. 이러한 취지에서 (사)한국도시연구소는 도시재생과 젠트리피케이션의 개념과 이론을 재정리하고, 관련된 정책 동향을 살펴보면서, 이에 관한 경험적 사례들을 연구하고, 나아가 그 대안과 전망을 모색하는 글들을 모아 책을 펴냈다. 이 책은 도시재생과 젠트리피케이션에 관한 새로운 개념적·정책적·경험적 이해와 대안적 도시 정책의 추구에 이바지하고자 한다.","['사회과학', '사회학', '사회학 일반']"
10466,(새롭게 본)발해 유민사,임상선 편,동북아역사재단,2019,911.0369 임52ㅂ,9788960000000,https://search1.kakaocdn.net/thumb/R120x174.q85/?fname=http%3A%2F%2Ft1.daumcdn.net%2Flbook%2Fimage%2F5036413%3Ftimestamp%3D20211031150224, 한국사에 관한 내용을 담은 전문서적입니다.,"['역사', '한국고대~고려시대', '한국고대사', '발해']"
10467,사고실험,조엘 레비 지음; 전현우 옮김,이김,2019,101 레48ㅅ전,9791190000000,https://search1.kakaocdn.net/thumb/R120x174.q85/?fname=http%3A%2F%2Ft1.daumcdn.net%2Flbook%2Fimage%2F5081999%3Ftimestamp%3D20221001000113,"고전적인 것부터 비교적 최근에 이야기되고 있는 논의까지 40가지의 사고실험을 다섯 주제에 걸쳐 다룬 『사고실험』. 고대 자연철학자부터 현대 물리학자까지 그들이 바라본 ‘자연세계’에 관한 역설에서 시작해, 의식이라는 형이상학적 영역이 두뇌와 신체라는 물리적 영역으로부터 어떻게 발생하고 상호작용하는지에 대한 ‘심리철학’, 훌륭한 삶을 살 수 있는 최선의 방법은 무엇인지, 무엇이 옳고 그름을 규정하는지를 탐구하는 ‘도덕철학/윤리학’, 우리가 정말 무엇을 알 수 있기는 한 것인지, 앎에 대해 탐구하는 ‘인식론’, 마지막으로 동일성과 변화, 진정성 등 우리를 인간으로 존재하게 하는 것들에 대한 ‘존재론’적인 탐구에 나선다.","['인문학', '철학 일반', '교양 철학']"
10468,대학생은 처음이라,고준우 글; 임지이 그림,빨간소금,2019,377.25 고76ㄷ,9791200000000,https://search1.kakaocdn.net/thumb/R120x174.q85/?fname=http%3A%2F%2Ft1.daumcdn.net%2Flbook%2Fimage%2F4897220%3Ftimestamp%3D20220915025013,"대학생이 말하는 대학생, 그리고 대학 생활! 대학 재학생이 쓴 대학생과 대학 생활 이야기다. 대부분 타자의 목소리와 이미지로 묘사되던 대학 생활을 학생의 입장에서 그려내고 있다. 인간관계, 놀이, 생활과 노동, 공부, 졸업 등 대학 생활이 ‘처음’일 학생들을 위한 ‘꿀팁’들이 가득하다. 예컨대 이런 내용들이다. 한동안 서울대에서 학점을 높게 받는 학생들이 토씨 하나 틀리지 않고, 교수의 농담 하나 놓치지 않고 수업 필기를 한다는 이야기가 돈 적이 있다. 창의력을 죽이는 태도라며 미디어에서 난리도 아니었다. 강의 내용 대부분을 받아 적는 저자는 이것이 그다지 잘못된 공부 방법은 아니라고 생각한다. 창의적인 아이디어는 엉성한 상상이 아니라 잘 갖춘 배경지식에서 나오기 때문이다. 대학의 본질과 대학생으로서의 정체성에 대한 성찰 또한 책 곳곳에 스며들어 있다. 저자는 대학을 사회로 나아가기 위해 거치는 ‘정거장’ 정도로 인식하는 태도에 문제를 제기한다. 대학은 학생들의 ‘삶의 현장’으로서, 그 공간을 현장으로 삼아 더욱 자유롭고 평등하게 만들기 위한 학생들의 오랜 노력 속에 자리하고 있다. 《말이 칼이 될 때》를 쓴 홍성수 교수는 이것이 이 책의 “진가”라고 추켜세웠다. 또한 책에는 1996년 대학에 입학해 IMF를 관통한 임지이 작가의 대학 시절 이야기가 그림으로 담겨 있다. 요즘 대학생들의 삶과 비슷한 면도 있고 다른 면도 있다. 비교하며 읽는 재미가 쏠쏠할 것이다. <처음이라> 시리즈의 두 번째 책. <처음이라> 시리즈는 무엇인가 처음 시작하는 이들에게 격려와 위로, 매뉴얼을 드리고자 한다.","['사회과학', '교육학', '교육 일반']"
10469,공학자의 시간 여행,서승우 지음,특별한서재,2019,530 서57ㄱ,9791190000000,https://search1.kakaocdn.net/thumb/R120x174.q85/?fname=http%3A%2F%2Ft1.daumcdn.net%2Flbook%2Fimage%2F5060373%3Ftimestamp%3D20250125131552,"매일 새로운 기술들이 쏟아져 나오고 세상이 하루가 다르게 변하는 것은 어떻게 하면 인간의 삶을 조금이라도 더 편리하게 만들 수 있을까를 고민하는 사람들, 바로 공학자들이 있기 때문이다. 국내 최초 자율주행자동차 ‘스누버’를 만들어낸 서울대 전기정보공학부 서승우 교수는 우리나라에서 자율주행자동차를 가장 오래 연구해온 권위자다. ‘공대생들의 멘토’라고도 불리는 그가 평생을 공학자로 살아온 경험과 철학을 담은 책 『공학자의 시간 여행』을 출간했다.","['청소년', '청소년 인문/사회']"
10470,"빌트, 우리가 지어 올린 모든 것들의 과학","로마 아그라왈 지음; 윤신영, 우아영 공옮김",어크로스출판그룹,2019,540 아17ㅂ윤,9791190000000,https://search1.kakaocdn.net/thumb/R120x174.q85/?fname=http%3A%2F%2Ft1.daumcdn.net%2Flbook%2Fimage%2F5039005%3Ftimestamp%3D20240929132734,"주목받는 여성 구조공학자 로마 아그라왈이 고대 로마의 아파트 인술라부터, 세계에서 가장 높은 빌딩 부르즈 할리파까지, 거대한 건축물에 숨겨진 은밀한 이야기를 들려주는 『빌트, 우리가 지어 올린 모든 것들의 과학』. 수다스럽다는 말이 어울린만큼 이야기꾼인 저자는 능숙하게 우리를 이끌며, 위대한 건축물 속으로 초대한다. 열정적인 강연자이기도 한 저자는 과학적 원리를 우리의 일상에 대한 스케치와 작은 실험을 통해 알기 쉬운 방식으로 설명한다. 건축과 구조의 기본 원리를 수식이나 물리 법칙 하나 없이 간단한 모형과 그림만 사용해서 이해 가능하게 한다. 건축물에 가해지는 힘, 건축물의 뼈대를 이루는 기둥, 보, 가세, 바람과 지진으로부터 건축물을 단단하게 고정하는 코어와 외골격, 화재를 방지하기 위한 건축자재와 설비 등 건축의 구조와 설계에 관심 가지지 않았던 대다수의 일반인들의 궁금증을 자극하며 이해하기 쉽게 설명한다. 고대 로마부터 중세 건축, 그리고 근현대의 고층 빌딩에 이르기까지 각 시대의 기술적 도전들을 극복해낸 유명한 건물들에 얽힌 이야기를 통해 고층 건물, 다리, 터널 같은 건축물이 중력, 바람, 물의 영향으로부터 우리를 지켜주고 이어주는 일이 가능했던 것은 수백, 수천 년간 기술자와 공학자들이 발견하고 발전시킨 노력의 결과라는 사실을 알려준다.","['과학', '기초과학/교양과학']"
10471,다크호스,"토드 로즈, 오기 오가스 공지음; 정미나 옮김",21세기북스:북이십일 21세기북스,2020,325.211 로77ㄷ정,9788950000000,https://search1.kakaocdn.net/thumb/R120x174.q85/?fname=http%3A%2F%2Ft1.daumcdn.net%2Flbook%2Fimage%2F5032345%3Ftimestamp%3D20240122201805,"《평균의 종말》을 통해 평균의 허상을 폭로한 바 있는 선두적인 사상가 토드 로즈와 신경과학자 오기 오가스. 그동안 하버드 교육대학원의 다크호스 프로젝트를 통해 혜성처럼 등장해 인상적인 성공을 이뤄낸 사람들인 다크호스들을 연구해온 두 사람은 『다크호스』를 통해 성공에 이르는 새로운 개념을 보여준다. 우리는 대체로 생계 문제에서 좋아하는 일과 해야 하는 일 중 하나를 선택해야 한다고 생각한다. 그러나 이 책에서 만나게 될 다크호스들을 보면 그것이 잘못된 선택임을 느끼게 된다. 그들은 개개인성을 활용해서 실력과 즐거움을 둘 다 얻었기 때문이다. 표준 공식을 따르지 않고 자신만의 길을 개척해 행복이 충만한 삶을 누리고 있는 다크호스들의 여정을 살펴보면 실질적인 성공 법칙이 숨겨져 있다. 이 책에서는 스티븐 스필버그 밑에서 조감독으로 일했던 인물, 올림픽 투포환 대표 선수, 스티브 잡스가 처음 고용한 직원 중 한 명, 백악관 정치 책략가였다가 옷장정리 전문가로 변신한 사람, 돈 잘 버는 직장을 걷어차고 서퍼클럽(고급 나이트클럽)을 개업한 경영 컨설턴트 등 무명 다크호스들의 성공담을 바탕으로 다크호스형 사고방식의 4대 요소를 소개한다. 다크호스들의 성공 법칙은 개인성을 활용해 충족감을 추구하면서 우수성을 획득하려는 사고방식에 근거하고 있다. 이 책에서 알려주는 다크호스형 사고방식의 4대 요소를 잘 활용하면 나만의 고유한 관심사, 능력, 환경에 맞는 선택을 내릴 수 있는 자율권을 가질 수 있다. 꿈도 희망도 없는 일에 매여 있거나, 사회생활의 첫 발을 떼려는 중이거나, 방향을 못 잡고 떠도는 기분을 느끼고 있는 사람들에게 이 책은 삶 전체에서 최고의 내가 될 수 있도록 이끌어준다.","['인문학', '교양 인문학']"
10472,교육은 왜 교육하지 않는가,"프랭크 푸레디 지음; 박형신, 이혜경 공옮김",한울아카데미:한울엠플러스,2019,370.924 푸294ㄱ박,9788950000000,https://search1.kakaocdn.net/thumb/R120x174.q85/?fname=http%3A%2F%2Ft1.daumcdn.net%2Flbook%2Fimage%2F4891980%3Ftimestamp%3D20211014161602,"교육을 도구적 수단으로 삼는 관행에서 탈피하고 지식 중심 교육으로 돌아갈 것을 제안하다 오늘날 교육은 경제발전에 잠재적으로 기여한다는 점에서 높이 평가받고 있지만, 더 이상 교육 자체를 중요하게 여기지는 않는다. 영국의 사회학자 프랭크 푸레디는 교육이 제대로 교육하기 위한 방안을 교육 그 자체에서 찾는다. 그는 이 책에서 학교의 역할을 사회화, 동기부여, 실용성 등에 한정하는 이론들을 반박하고 교육을 정치적 또는 사회적 어젠다에 종속시키려는 경향을 비판하며 교육은 그 자체로 중요하다고 강조한다. 푸레디는 교육이 다른 목적을 달성하기 위한 수단으로 활용되어온 여러 사례와 그 폐해를 꼬집어 비난하는 한편, 학습 자체의 가치와 무관하게 이루어지고 있는 교과과정 및 교육 논쟁의 공허함을 꿰뚫어본다. 또한 고대 그리스인들에서부터 현대의 비평가들에 이르기까지 여러 사상가들의 이론을 바탕으로 학교가 우리에게 무엇을 해주어야 하는지를 설명한다.","['사회과학', '교육학', '교육 일반']"
10473,산책자의 인문학,문갑식 지음; 이서현 사진,다산초당:다산북스,2019,001.3 문12ㅅ,9791130000000,https://search1.kakaocdn.net/thumb/R120x174.q85/?fname=http%3A%2F%2Ft1.daumcdn.net%2Flbook%2Fimage%2F5071431%3Ftimestamp%3D20250409133630,"삶에 휴식과 충전이 필요할 때, 우리는 어딘가로 여행을 떠난다. 특히 유럽은 문화와 예술의 본고장으로 불리며, 한 번쯤 꼭 여행해야 하는 곳으로 많은 사랑을 받는 대표적인 여행지다. 그러면 우리는 어떤 방식으로 유럽을 여행하고 있을까? 혹시 대부분 비슷한 장소를 방문하고, 비슷한 사진을 남기는 ‘관광’만 하고 있던 것은 아닐까? 사진작가인 아내와 함께 세계 곳곳을 여행하는 문갑식 기자는 좀 더 품격 있고 알찬 유럽 여행을 위해서는 무엇보다 예술에 대한 안목을 길러야 한다고 말한다. 박물관이나 미술관뿐 아니라 수많은 고성과 교회, 골목골목마다 예술의 체취가 깊이 배어 있는 곳이 바로 유럽이기 때문이다. 바로 이 책 『산책자의 인문학』은 유럽 여행을 떠나는 이들을 위해 르네상스부터 현대에 이르는 위대한 예술가 15인의 삶과 예술을 펼쳐놓으며, 그들이 살았던 생생한 삶의 현장까지 소개하는 최고의 교양 예술서다. 『산책자의 인문학』은 예술가의 이름을 잔뜩 나열하거나 미술 사조나 기법 따위를 늘어놓지 않는다. 그저 도시와 마을을 천천히 거닐며, 독자와 대화를 나누듯 작품의 탄생 비화와 작가의 은밀한 사생활 등을 흥미진진하게 풀어놓는다. 누구보다 뜨겁게 자기 삶을 살아갔던 예술가들의 이야기에 흠뻑 빠져 있다 보면, 어느새 남들 다 하는 뻔한 관광이 아닌 일상에서 잃어버린 나를 발견하고 삶을 다시 사랑하는 법을 배우는 진짜 여행을 하게 된다.","['인문학', '교양 인문학']"
10474,과정중심평가란 무엇인가,"강대일, 정창규 공지음",에듀니티,2018,374 강23ㄱ,9791190000000,https://search1.kakaocdn.net/thumb/R120x174.q85/?fname=http%3A%2F%2Ft1.daumcdn.net%2Flbook%2Fimage%2F1626070%3Ftimestamp%3D20240222000604,"‘평가의 관점을 바꾸다’ 과정중심평가의 정의와 의미, 실천을 위한 현장 적용 사례와 제언 최근 교육 현장의 이슈 중 하나가 ‘과정중심평가’이다. 결과만이 아니라 과정도 살펴야 한다는 의도는 좋으나, 현장에서는 많은 오해와 혼선이 일고 있다. 현직 초등교사이자 『평가란 무엇인가』를 함께 쓴 두 저자는 오랫동안 평가 컨설턴트로 활동을 해온 ‘평가 전문가’로서, 이 책에서 ‘과정중심평가’가 무엇인지, 과정중심평가를 하려면 어떻게 해야 하는지 등을 보여준다.","['사회과학', '교육학', '교육 일반']"
10475,공부의 배신,윌리엄 데레저위츠 지음; 김선희 옮김,다른,2015,377.042 데294ㄱ김,9791160000000,https://search1.kakaocdn.net/thumb/R120x174.q85/?fname=http%3A%2F%2Ft1.daumcdn.net%2Flbook%2Fimage%2F1562471%3Ftimestamp%3D20241009114642,"예일대학 영문학 교수였던 이 책의 저자 윌리엄 데레저위츠는 오랫동안 자신을 몹시 괴롭혔던 무언가를 발견했다. 그가 가르친 학생들은 전국에서 내로라하는 수재들이었으나 비판적이며 창조적으로 사고하는 법, 목적의식을 찾는 법 등에 관한 중대한 질문을 받으면 어찌할 바를 몰라 했다. 도대체 왜 그럴까? 저자는 완벽한 점수를 요구하는 학부모를 비롯해 예일대학 입학심사위원회에서 그가 직접 경험한 편향된 선발제도와 강압적인 교육 시스템을 날카롭게 해부한다. 그 결과, ‘좋은 대학’이 학생들을 ‘바보 같은 착한 양’으로 만들고 있다고 주장한다. 교육 시스템이 애초에 주체적인 삶을 영위할 수 있는 능력을 거세하는 시스템이라는 것이다. 이 책은 이러한 교육 시스템 안에서 치열하게 경쟁하는 청년들의 트라우마를 들춰내고, 깨우치게 한다. 후회 없는 삶을 위해 대학에서 무엇을 해야 할지, 학교와 교수는 학생들을 위해 어떤 역할을 해야 하는지, 또 자녀를 엘리트로 키우고 싶은 부모라면 반드시 알아야 할 이야기가 실려 있다. 독자들이 이 책에서 ‘똑똑한 양떼’의 고해성사를 통해 얻게 되는 건 위로와 자기발견일 것이다.","['사회과학', '비평/칼럼', '교육비평']"
10476,진짜 그런 책은 없는데요,젠 캠벨 지음; 더 브러더스 매클라우드 그림; 노지양 옮김,현암사,2019,847 캠44ㅈ노,9788930000000,https://search1.kakaocdn.net/thumb/R120x174.q85/?fname=http%3A%2F%2Ft1.daumcdn.net%2Flbook%2Fimage%2F4947330%3Ftimestamp%3D20240510131211,"영국 런던의 작은 책방에서 일하는 젠 캠벨이 서점에서 만난 별난 손님들의 이야기를 한데 엮은 《그런 책은 없는데요…》의 두 번째 이야기 『진짜 그런 책은 없는데요』. 서점을 찾아온 엉뚱한 손님들의 일화로 책을 좋아하는 사람들에게 웃음과 공감을 산 전작에 이어 이번에는 서점뿐 아니라 도서관, 저자 사인회로 장소를 넓혀 전편을 뛰어넘는 진짜 황당한 손님들의 행렬이 이어진다. 1장에는 저자가 오랜 시간 일한 런던 북부의 리핑 얀스 고서점에서의 일화들을 소개한다. 다양한 손님 가운데 어린이 손님들의 기발한 상상력이 눈길을 끈다. 서점의 책을 지키기 위해 용을 키우라는 조언부터 자신의 슈퍼파워를 은밀히 털어놓는 아이도 있다. 2장은 여러 나라의 서점 직원과 도서관 사서가 보내온 손님들과의 황당한 사건을 소개한다. 3장에는 1편을 출간한 뒤 저자 사인회를 하게 된 저자가 겪게 된 일들도 짧게 실렸다. 단순히 서점이라는 공간을 넘어 아르바이트생, 직장인, 자영업자 등 누구나 공감할 만한 작은 책방 속 갖가지 사연을 만나볼 수 있다.","['에세이', '외국에세이']"
10477,불행은 어떻게 질병으로 이어지는가,네이딘 버크 해리스 지음; 정지인 옮김,심심:푸른숲,2019,516.938521 해298ㅂ정,9791160000000,https://search1.kakaocdn.net/thumb/R120x174.q85/?fname=http%3A%2F%2Ft1.daumcdn.net%2Flbook%2Fimage%2F5116605%3Ftimestamp%3D20241227132854,"의사이자 공중보건 전문가인 네이딘 버크 해리스가 신체 건강과 정신적 고통을 둘러싼 의문들을 해결하기 위해 뇌 과학, 신경과학, 면역학, 임상의학 등 최신 과학을 동원해 실질적인 증거를 찾고 아동기의 부정적 경험이 주는 영향을 줄일 수 있는 방법을 임상에서 확인한 과정을 담은 『불행은 어떻게 질병으로 이어지는가』. 2007년 샌프란시스코의 가난한 동네인 베이뷰 헌터스 포인트에 진료소를 열고 그곳에서 심상치 않은 증상을 안고 진료실을 찾아오는 수많은 어린 환자를 만난 저자는 학대, 무시, 방임, 부모의 알코올 및 약물 중독, 정신 질환, 이혼으로 아이들이 받은 정신적 상처가 몸에 극렬한 질병으로 나타나는 것을 생생하게 목격했다. 일반적인 치료법으로는 쉽게 건강을 회복하지 못하는 아이들을 만나서면서 저자는 아동기에 겪은 부정적인 경험이 정신 건강뿐만 아니라 면역계와 뇌 발달에 심각한 영향을 미쳐 신체 건강에 까지 영향을 끼치는 것이 아닌가하는 강한 의문을 품게 되었고, 아동기의 불행과 손상된 건강 사이에 생물학적 연관성이 존재할지도 모른다는 가능성을 염두하며 성장 정지 문제를 살펴보던 중 아동기 트라우마와 신체 건강의 연관성을 객관적으로 입증한 논문을 만나게 되었다. 이후 저자의 삶은 더 큰 바다를 향해 급물살을 탔다. 바로 자신을 찾아오는 어린 환자들을 돕고 그들이 겪을 미래의 고통에서 벗어날 실질적인 방법을 찾기로 결심한 것이다. 저자는 진료 현장의 경험과 지식을 바탕으로 왜 아동기 트라우마 문제가 일어나는 것인지, 어린 시절 스트레스에 노출된 경험이 왜 중년기나 은퇴기에 건강 문제로 나타나는 것인지, 이에 대한 효과적인 치료법은 있는지, 우리와 우리 아이들의 건강을 지키기 위해서는 어떻게 해야 할지에 대한 물음들에 차근차근 이야기한다.","['인문학', '심리학/정신분석학', '교양 심리학']"
10478,히틀러의 음식을 먹는 여자들,로셀라 포스토리노 지음; 김지우 옮김,문예출판사,2020,883 포57ㅎ김,9788930000000,https://search1.kakaocdn.net/thumb/R120x174.q85/?fname=http%3A%2F%2Ft1.daumcdn.net%2Flbook%2Fimage%2F5138981%3Ftimestamp%3D20240717133819,"로셀라 포스토리노의 장편소설 『히틀러의 음식을 먹는 여자들』. 한국에 처음 소개되는 로셀라 포스토리노의 소설로, 실제 히틀러의 시식가이자 유일한 생존자였던 실존인물 마고 뵐크의 고백을 바탕으로 2차 세계대전 당시 히틀러의 음식에 독이 들었는지를 감별하기 위해 끌려간 여자들에 관한 이야기를 담고 있다. 평범한 인간인 로자가 스스로 악을 행하는 자와 악의 없이 악한 임무를 수행하는 인간의 틈바구니에서 생존해 나가는 과정을 그리고 있다. 소설 속 이야기는 1943년 가을 무렵부터 시작된다. 스물여섯의 로자 자우어는 베를린에서 폭격으로 부모를 모두 잃고, 전장으로 떠난 남편 그레고어의 고향인 그로스-파르치에 홀로 오게 된다. 당시 그로스-파르치에서 멀지 않은 곳에는 히틀러의 동부전선 본부인 ‘볼프스샨체(늑대소굴)’가 있었다. 적에게 독살당할 것을 의심했던 히틀러는 그 근처의 여성들을 모아 자신의 음식을 미리 먹어보게 했고, 로자는 그중 한 명으로 선택된다. 이렇게 소집된 열 명의 여성들은 매일 히틀러의 음식을 먹으며 하루에 세 번씩 음식이 주는 희열과 죽음의 위협을 함께 느끼는데……. 히틀러가 시킨 일을 하면 음식을 먹다 죽고, 히틀러를 추종해도 전쟁 종결 후엔 나치 추종자란 명목으로 죽어야 한다. 히틀러에 반대하면 그 역시 죽어야 한다. 이러지도 저러지도 못하는 상황에서 주인공 로자는 삶의 커다란 모순을 경험한다. 내가 살기 위한 일이 어떻게 모두 내가 죽기 위한 일이 될 수 있을까. 시대의 격류에 휩쓸려 스스로 자신의 생존을 결정할 수 없는 평범한 삶을 산 로자. 지금 이 시대에는 로자가 없다고 할 수 있을지 생각해보게 하는 작품이다.","['소설/시/희곡', '역사소설', '외국 역사소설']"
10479,금색 공책. 2,도리스 레싱 지음; 권영희 옮김,창비,2019,843 레58ㄱ권 v.2,9788940000000,https://search1.kakaocdn.net/thumb/R120x174.q85/?fname=http%3A%2F%2Ft1.daumcdn.net%2Flbook%2Fimage%2F5145905%3Ftimestamp%3D20231124175857,"2007년 노벨 문학상 수상자 도리스 레싱의 대표작 『금색 공책』 제2권. 저자의 탄생 100주년을 맞아 「창비세계문학」 특별판으로 발간된 책으로, 페미니즘 문학의 경전이자 20세기 문학사를 통틀어 가장 중요한 작품 중 하나이다. ‘제2의 페미니즘 물결’이 본격적으로 도래하기 전인 1962년에 출간된 소설로, 거대한 이념의 시대에 균열이 감지되던 1950년대에서 격동의 1960년대로 이행하는 과정을, 자유를 갈구하는 한 여성 작가의 구체적인 일상과 분열된 자아상을 통해 그려냈다. 큰 줄기는 ‘자유로운 여자들’이라는 제목의 골격 또는 틀 아래 원어로 6만 단어 남짓한 통상적인 중편소설로, 1950년대 후반 런던을 배경으로 전 공산당원이자 싱글맘 들인 애나와 그녀의 친구 몰리의 이야기가 현재 시점에서 진행된다. 이 ‘자유로운 여자들’을 총 다섯 장으로 나누고, 그 사이사이에 주인공인 애나가 작성해나가는 네 가지 색 공책, 즉 검은색, 빨간색, 노란색, 파란색 공책이 후렴구처럼 반복된다. 분량 면에서 압도적인 검은색 공책에는 소설 속 소설인 애나의 데뷔작이자 유일한 발표작 《전쟁의 접경지대》에 관한 내용이 담겨 있다. 소설의 재료가 된, 애나가 2차대전 전과 전쟁 기간 동안 영국의 중앙아프리카 식민지에서 만난 사람들과 경험한 일, 소설을 패러디한 영화 시놉시스 등과 더불어 소설로 벌어들인 수입 내역, 영화나 텔레비전 드라마 각색을 제안한 이들과의 만남 등에 대한 내용이 기록되어 있다. 빨간색 공책은 애나의 정치적 활동과 관련된 내용을 담고 있다. 노란색 공책은 《제삼자의 그림자》라는 제목으로 애나가 쓰는 소설 원고이다. 파란색 공책은 애나의 기억과 꿈, 감정 등을 풀어낸 내밀한 일기로, 정신분석 상담가인 마크스 부인과 나눈 상담 내용, 일기 대신 스크랩해 붙여둔 각종 신문 기사 등이 담겨 있다. 그리고 맨 마지막 금색 공책에서 애나는 이 분열된 자신의 조각들을 하나로 엮어낸다.","['소설/시/희곡', '영미소설']"
10480,금색 공책. 1,도리스 레싱 지음; 권영희 옮김,창비,2019,843 레58ㄱ권 v.1,9788940000000,https://search1.kakaocdn.net/thumb/R120x174.q85/?fname=http%3A%2F%2Ft1.daumcdn.net%2Flbook%2Fimage%2F5145917%3Ftimestamp%3D20231124181554,"2007년 노벨 문학상 수상자 도리스 레싱의 대표작 『금색 공책』 제1권. 저자의 탄생 100주년을 맞아 「창비세계문학」 특별판으로 발간된 책으로, 페미니즘 문학의 경전이자 20세기 문학사를 통틀어 가장 중요한 작품 중 하나이다. ‘제2의 페미니즘 물결’이 본격적으로 도래하기 전인 1962년에 출간된 소설로, 거대한 이념의 시대에 균열이 감지되던 1950년대에서 격동의 1960년대로 이행하는 과정을, 자유를 갈구하는 한 여성 작가의 구체적인 일상과 분열된 자아상을 통해 그려냈다. 큰 줄기는 ‘자유로운 여자들’이라는 제목의 골격 또는 틀 아래 원어로 6만 단어 남짓한 통상적인 중편소설로, 1950년대 후반 런던을 배경으로 전 공산당원이자 싱글맘 들인 애나와 그녀의 친구 몰리의 이야기가 현재 시점에서 진행된다. 이 ‘자유로운 여자들’을 총 다섯 장으로 나누고, 그 사이사이에 주인공인 애나가 작성해나가는 네 가지 색 공책, 즉 검은색, 빨간색, 노란색, 파란색 공책이 후렴구처럼 반복된다. 분량 면에서 압도적인 검은색 공책에는 소설 속 소설인 애나의 데뷔작이자 유일한 발표작 《전쟁의 접경지대》에 관한 내용이 담겨 있다. 소설의 재료가 된, 애나가 2차대전 전과 전쟁 기간 동안 영국의 중앙아프리카 식민지에서 만난 사람들과 경험한 일, 소설을 패러디한 영화 시놉시스 등과 더불어 소설로 벌어들인 수입 내역, 영화나 텔레비전 드라마 각색을 제안한 이들과의 만남 등에 대한 내용이 기록되어 있다. 빨간색 공책은 애나의 정치적 활동과 관련된 내용을 담고 있다. 노란색 공책은 《제삼자의 그림자》라는 제목으로 애나가 쓰는 소설 원고이다. 파란색 공책은 애나의 기억과 꿈, 감정 등을 풀어낸 내밀한 일기로, 정신분석 상담가인 마크스 부인과 나눈 상담 내용, 일기 대신 스크랩해 붙여둔 각종 신문 기사 등이 담겨 있다. 그리고 맨 마지막 금색 공책에서 애나는 이 분열된 자신의 조각들을 하나로 엮어낸다.","['소설/시/희곡', '영미소설']"
10481,선인장의 기나긴 일생에서 아주 잠깐 스쳐 지나가는,더스티 볼링 글; 홍지연 옮김,봄볕,2018,843 볼298ㅅ홍,9791190000000,https://search1.kakaocdn.net/thumb/R120x174.q85/?fname=http%3A%2F%2Ft1.daumcdn.net%2Flbook%2Fimage%2F4846710%3Ftimestamp%3D20230411185732,이 세상에 무의미한 존재는 없어! “다름에 관한 이야기가 아닌 자신과 타인의 차이를 받아들이는 것에 대한 이야기” 청소년과 어린이들이 뽑은 ‘칠드런스 북 리뷰 2017 최고의 청소년책’ 마이티 걸이 선정한 2017 올해의 책 뱅크 스트리트 2018 올해 최고의 청소년책 미국 공공도서관 및 20개 매체에서 선정된 올해의 책,"['청소년', '청소년 문학', '청소년 소설']"
10482,열일곱살의 비밀,바하니 나이두 지음; 하혜주 옮김,봄볕,2017,843 나68ㅇ하,9791190000000,https://search1.kakaocdn.net/thumb/R120x174.q85/?fname=http%3A%2F%2Ft1.daumcdn.net%2Flbook%2Fimage%2F1643575%3Ftimestamp%3D20241101113943,"《열일곱 살의 비밀》은 단짝 친구 에이미의 죽음을 극복하기 위해 자신과 싸우는 열일곱 살 엘라의 이야기이다. 에이미가 뛰어 내렸던 그 마지막 날 밤 엘라, 에이미, 페탈, 마크는 모두 함께 있었다. 그러나 엘라는 그날 밤 무슨 일이 있었는지 기억하지 못한다. 단지 친구들이 그녀에게 거짓말을 하고 있다고 느낄 뿐. 엘라는 에이미가 죽은 이유를 알기 위해, 그날 밤을 떠올리기 위해 어둡고 위험한 기억 속으로 뛰어든다.","['청소년', '청소년 문학', '청소년 소설']"
10483,희망을 여행하라,"임영신, 이혜영 공지음",소나무,2018,980.24 임64ㅎ,9788970000000,https://search1.kakaocdn.net/thumb/R120x174.q85/?fname=http%3A%2F%2Ft1.daumcdn.net%2Flbook%2Fimage%2F984282%3Ftimestamp%3D20250330120239,"""희망을 여행하라"" 그 후 10년 초판 출간 이후 10년의 시간 동안, 이 책은 새로운 여행을 찾아나서는 많은 독자들을 만나면서 ‘공정여행’이라는 새 길을 스스로 만들어 왔다. 그 사이 15개가 넘는 공정여행 사회적기업이 생겨났고, 공정여행이 교과서에 소개되기도 하였다. 또한 그림책으로, 다큐멘터리로, 마을공동체 교육부터 세계시민 교육까지 곳곳에 깃들어 새로운 세상의 지도를 그려 왔다. 이처럼 공정여행은 이제 하나의 캠페인이나 프로그램을 넘어 우리 사회의 관광 구조와 정책을 바꾸어 가는 새로운 가치로 자리 잡아 가고 있다. 10년 전 저자는 낯설고 새로운 여행을 처음 소리 내어 우리 사회에 이야기했다. 그 후로 그간 걸어온 길을 살피며, 저자의 주장에 부족한 점은 무엇이었는지, 관광의 그늘 속에서 어떤 변화가 있었는지 또 저자가 여행하며 만난 소중한 벗들과 현장에는 어떤 변화와 성장 혹은 소멸이 있었는지를 다시 찾아가 묻고 들었다. 큰 판형으로 바꾸어 새롭게 펴내는 ?희망을 여행하라? 개정증보판에서 현장과 사람들 사이에 일어난 변화를 점검하는 일과 더불어 가장 중요했던 작업은 바뀐 통계와 수치를 확인하고, 그 의미와 맥락을 짚어내는 일이었다. 통계가 바뀌면서 전달하는 의미가 변화된 내용들은 덜어냈고, 숫자는 바뀌었지만 여전히 그 의미가 유효한 사례는 남기거나 이야기를 보태었다. 특별히 이번 개정증보판에는 몰디브 여행에 관한 글과 〈여행과 나눔〉 챕터를 새롭게 추가하여 공정여행에 대한 새로운 질문들을 한층 더 깊고 풍성하게 전달한다.","['사회과학', '사회운동', '사회운동 일반']"
10484,한번의 죽음으로 천년을 살다,"김태빈, 전희경 공지음; 이지은 일러스트",레드우드,2018,911.063 김883ㅎ,9791190000000,https://search1.kakaocdn.net/thumb/R120x174.q85/?fname=http%3A%2F%2Ft1.daumcdn.net%2Flbook%2Fimage%2F4838487%3Ftimestamp%3D20250403130230,"일제 지배로부터의 독립, 모든 독재적 권력으로부터의 해방을 지향한 아나키스트 우당 이회영. 우당 이회영은 열린 사고로 시대 변화에 적절히 대응하고, 특권을 갖고 태어났음에도 이를 기꺼이 포기하고 평등을 실천하셨다. 그는 결과에 연연하지 않았기에 항일투쟁 내내 끝없는 기획과 도전을 할 수 있었다. 저자가 베이징에서 파견교사로 근무하면서 자금성 인근에 있는 이회영의 옛 거처를 찾았던 발걸음이 첫 답사가 되었다. 시간과 공간의 한계를 넘어, 이회영의 삶에 대한 존경, 뒤늦은 앎에 대한 송구함으로 일관된 답사는 5년 만에 드디어 한 권의 책으로 마침표를 찍는다. 일제 지배로부터의 독립, 모든 독재적 권력으로부터의 해방을 지향한 아나키스트 우당 이회영! 우당 이회영 선생은 열린 사고로 시대 변화에 적절히 대응하고, 특권을 갖고 태어났음에도 이를 기꺼이 포기하고 평등을 실천하셨다. 그는 결과에 연연하지 않았기에 항일투쟁 내내 끝없는 기획과 도전을 할 수 있었다. 외교를 통한 구국 운동과 백성을 깨치는 계몽운동, 나아가 독립운동을 위한 무관학교 운영과 직접행동에 나선 의열투쟁까지 거의 모든 독립운동 방략이 이회영 선생을 통해 시도됐다 해도 과언이 아니다! 저자가 베이징에서 파견교사로 근무하면서 자금성 인근에 있는 이회영 선생의 옛 거처를 찾았던 발걸음이 첫 답사가 되었다. 시간과 공간의 한계를 넘어, 이회영 선생의 삶에 대한 존경, 뒤늦은 앎에 대한 송구함으로 일관된 답사는 5년 만에 드디어 한 권의 책으로 마침표를 찍는다. 이성과 지혜를 바탕으로 불꽃처럼 살다간 이회영 선생의 흔적을 더듬는 답삿길은 우리의 헛헛함을 달래고 초심을 되찾는 순례길이 될 것이다. 항일투쟁의 별, 중국에서 지고 조국에서 빛나다! 백사 이항복 선생 이후 6명의 정승과 2명의 대제학을 낸 최고의 명문가 집안 출신으로 가족보다는 동포, 동포 개개인보다는 조선 민족 전체를 더 마음에 둔 이회영 선생의 위대한 삶이 1부에서 연대기적 서술이 아닌 역사적 사건, 중요한 인물, 핵심 공간의 조화로 펼쳐진다. 왜적이 차지한 땅에서는 단 하루라도 같은 하늘을 이고 살 수 없다는 의기로 이회영 선생이 선택한 것은 6형제 전체의 망명이었다. 그것은 기득권과 영광은 포기하고 의무와 고난은 감내하는 무섭고 무거운 여정이었다. 36년간 타국에서 풍찬노숙하다 결국 일제에 잡혀 뤼순감옥에서 비장하게 생을 마감한 이회영 선생은 그렇게 한 줌의 뼛가루가 되어 고국으로 돌아온다. 이회영 선생의 흔적을 더듬는 답삿길은 우리의 헛헛함을 달래고 초심을 되찾는 순례길이다! 이회영 선생 답사는 중국에서 시작돼 서울로 이어졌다. 베이징과 톈진의 이회영 선생 거처, 상하이 황푸강과 체포돼 고문을 당한 다롄 수상경찰서, 그리고 순국하신 뤼순감옥까지! 답사의 발걸음은 신흥강습소터를 찾아 서간도 추가가에 이르고, 신흥무관학교터의 흔적을 더듬어 고산자, 합...니하의 가도 가도 끝없는 옥수수밭에 닿았다. 해외 답사의 고단함을 이회영 선생을 뒤늦게 안 송구함으로 달래고, 흔적도 표지석도 없어 텅 빈 공간을 답사 일행들과 채우며 서글픔을 위로했다. 역사는 인물을 주체로 하지만 반드시 시간과 공간을 배경으로 한다. 역사적 시간은 경험할 수 없지만 역사적 공간은 지금도 답사할 수 있다. 2부에서는 1부에서 등장한 공간들을 더 구체적으로 소개한다. 이회영 서울 답사는 총 세 코스로 이루어진다. 1코스는 우당기념관-필운대-권율 장군 집터-서대문형무소역사관, 2코스는 중명전-한국은행 화폐박물관-상동교회-남산 백범과장 이시영 선생 동상, 3코스는 명동 집터-이재명 의사 의거터-나석주 의사 의거터-국립서울현충원 순이다. 우당 이회영 선생을 공부하기 10년, 선생 발자취를 따라 답사하기 5년, 원고를 한 권의 책으로 정리하기 3년, 저자의 바람은 딱 하나다! 2019년 대한민국임시정부 수립 100주년, 3.1운동 100주년을 맞아 많은 이들이 우당 이회영 선생의 사상과 삶만큼 아름다운 세 길을 반들반들 윤이 나게 걸어주는 것이다.","['역사', '문화/역사기행', '한국 문화/역사기행']"
10485,지쳤거나 좋아하는 게 없거나,글배우 지음,강한별,2019,818 글43ㅈ,9791200000000,https://search1.kakaocdn.net/thumb/R120x174.q85/?fname=http%3A%2F%2Ft1.daumcdn.net%2Flbook%2Fimage%2F5070789%3Ftimestamp%3D20250310130705,"무기력해진 마음에 다시 시작하고 싶은 의욕과 용기를 불러일으켜 주고, 잃어버린 삶의 의욕을 다시 찾을 수 있도록 도와주는 글배우의 이야기 『지쳤거나 좋아하는 게 없거나』. 무기력해진 나에게 혼자의 시간을 잘 보내며 재충전할 수 있는 방법과 내 삶에서 내가 좋아하는 것을 찾을 수 있는 방법을 말해주고, 저자가 직접 겪은 사연을 통해 잃어버린 행복을 찾아 새롭게 시작할 수 있는 용기를 준다. 지쳤거나 좋아하는 게 없다면 삶은 무기력해진다. 불안함, 공허함, 외로움, 감정 기복, 자존감 등 매년 수천 명의 고민을 마주하며 상담해온 저자는 지쳤거나 내가 좋아하는 게 뭔지 몰라 공허하고 삶에 의욕이 나지 않는다면 혼자의 시간을 갖고 잃어버린 나를 찾아야 한다고 조언한다. 이 책을 통해 연애뿐만 아니라 자존감과 인간관계, 직장, 도전하고 싶은 꿈 등 그동안 쌓인 걱정들의 대한 어떻게 나아가면 좋을지 방향을 찾을 수 있도록 도와주고, 다시 시작하고 싶은 열정, 희망을 전해준다.","['에세이', '한국에세이']"
10486,지금 이대로 좋다,법륜 지음; 박정은 그림,정토출판,2019,220.4 법296ㅈ,9791190000000,https://search1.kakaocdn.net/thumb/R120x174.q85/?fname=http%3A%2F%2Ft1.daumcdn.net%2Flbook%2Fimage%2F5111236%3Ftimestamp%3D20250308132537,"〈법륜스님의 희망편지〉는 2012년부터 2019년 현재까지 매일 180여 만 명의 구독자들에게 글과 그림, 영상으로 전달되고 있는 우리들의 삶과 사람에 대한 이야기입니다. 법륜스님이 국내외 1250회의 강연에서 7천여 명과 대화한 이야기를 바쁜 현대인들에게 맞는 짧은 글과 이미지로 구성하여 SNS채널에 발행해 왔습니다. 이 가운데 대중들의 높은 조회와 높은 공감을 받은 알찬 내용들만 모아 책으로 엮었습니다.   〈지금 이대로 좋다〉는 말합니다. 하루가 다르게 오르는 물가, 바늘구멍 같은 일자리, 치솟는 집값, 나만 오르지 않는 것 같은 월급, 내 마음 같지 않은 현실에 오늘도 힘 빠지는 하루를 보냈다면, 지금 당신에게는 인생을 바라보는 새로운 관점이 필요합니다.   직장 일에, 가사 일에, 학업에 지쳐 자신을 챙길 여유가 없는 당신에게, 잠시 멈추고 책을 들어 자신을 바라보라고 권합니다.   우울하고 불안한 마음을 잠재우려 책(힐링 에세이)을 들어보기도 하고, 어디서 들어본 좋은 말(인생에 도움 되는 명언)도 다시 찾아보지만, 정작 내 문제에는 눈앞이 깜깜해지는 당신에게 법륜스님의 명쾌한 해법이 담긴 〈지금 이대로 좋다!〉를 추천합니다.   얼핏 들으면 당연한 소리 같지만, 다시 한 번 곱씹어보면 지금 나에게 꼭 필요한 이야기들. 이제 우리 삶의 진솔한 고민들이 담긴 목소리에 귀 기울여 보세요.   〈지금 이대로 좋다〉에는 우리 삶의 고민들이 담겨 있습니다. 각자의 문제를 이야기 하지만, 어쩌면 나의 이야기일지도 모르는 질문에 대해 생각해보는 시간을 선물할 것입니다. 나를 돌아보고 문제의 본질을 고민하면서 진짜 내 모습은 어떤지, 진짜 문제는 무엇인지 새롭게 발견할 수 있습니다.","['에세이', '명사에세이', '기타 명사에세이']"
10487,마음이 살짝 기운다,나태주 글; 로아 그림,RHK(알에이치코리아),2019,811.6 나883ㅁ,9788930000000,https://search1.kakaocdn.net/thumb/R120x174.q85/?fname=http%3A%2F%2Ft1.daumcdn.net%2Flbook%2Fimage%2F4882532%3Ftimestamp%3D20241115130534,"《가장 예쁜 생각을 너에게 주고 싶다》, 《오래 보아야 예쁘다 너도 그렇다》 등 많은 이들의 공감을 불러일으키는 시집을 선보이며 큰 사랑을 받아온 시인 나태주의 신작 시집 『마음이 살짝 기운다』. 삶 곳곳에 놓여있는 아름다운 것들과 애틋한 사랑에게 안녕을 전하고 마음속에 고이 간직하고 있는 나의 사람들에게 안부를 묻는 신작 시 100편을 수록했다. 1장 ‘너를 생각하고 너를 사랑하는 일’에서는 언제나 보고 싶은 연인의 이야기를, 2장 ‘많이 예쁘거라 오래오래 웃고 있거라’에서는 생각만 해도 가슴이 뭉클해지는 부모님을 비롯해 모든 걸 주어도 아깝지 않을 가족들을 향한 애정을, 3장 ‘바람 한 점 나누어 먹고 햇살 한입 받아서 먹다가’에는 당연하게 여겨져 쉽게 지나쳤을 자연과 일상에 대한 감탄과 고마움을 담았다. 마지막으로 4장 ‘바람 부는 날이면 전화를 걸고 싶다’에서는 삶에서 마주했던 인연들에게 전하는 진심을 들을 수 있다.","['소설/시/희곡', '시', '한국시']"
10488,시인의 삶으로 역사를 읽다,김정남 지음,한권의책,2020,911 김74ㅅ,9791190000000,https://search1.kakaocdn.net/thumb/R120x174.q85/?fname=http%3A%2F%2Ft1.daumcdn.net%2Flbook%2Fimage%2F5239057%3Ftimestamp%3D20250319135217,"고려의 낡은 체제를 무너뜨리고 새로운 정치체제를 시험할 왕조를 세우려던 정도전, 신분의 벽을 허물고 능력에 따라 대우받는 세상을 꿈꾸었던 허균, 양반이 아닌 양민을 위해 부패한 기득권과 맞섰던 정약용, 가장 낮은 곳에서 가장 높은 가치를 지키려 한 전봉준, 독립을 위해 직접 행동으로, 때론 무기보다 더 날카롭게 벼려진 시詩로 맞서 싸운 한용운ㆍ이육사ㆍ신석정 시인들, 그리고 보잘 것 없이 흔들리고 짓밟히는 민초를 가장 강하고 아름다운 존재로 승화시킨 김수영, 누구보다 앞장서서 일생을 걸고 이 나라와 민중의 가치를 지켜낸 함석헌……. 이들의 발걸음 하나에, 써 내려간 문장 한 줄로, 한국사는 새롭게 쓰여졌다. 그리고 이들이 새로 쓰려 했던 역사는 길고 긴 시간을 거쳐 민중을 위해 헌신하는 참된 역사 정신으로 면면히 살아남았다. 말과 글은 곧 그 사람의 생각을 드러낸다. 그러나 말과 글을 넘어 생각한 것을 몸소 실천했기에 이들의 시詩는 문헌에만 갇히지 않고 역사에 생생히 아로새겨졌다. 한국사를 새롭게 써 내려간 이들의 시詩를 통해 우리 역사의 결정적 순간을 다시금 되새겨볼 수 있다.","['역사', '한국사 일반']"
10489,물이 깊은 바다,파비오 제노베시 지음; 최정윤 옮김,현대문학,2020,883 제195ㅁ최,9788970000000,https://search1.kakaocdn.net/thumb/R120x174.q85/?fname=http%3A%2F%2Ft1.daumcdn.net%2Flbook%2Fimage%2F5181691%3Ftimestamp%3D20240216181638,"2018년 이탈리아 비아레조상 수상작, 파비오 제노베시의 장편소설 『물이 깊은 바다』가 현대문학에서 번역 출간되었다. 우리나라에 처음 소개되는 작가 제노베시는 문학성과 대중성을 아우르는 작품으로 높이 평가받고 있으며 이탈리아 문학계를 이끌어갈 차세대 주자로 손꼽힌다. 2015년 청소년 심사단이 선정하는 젊은 스트레가상을 수상하기도 한 그의 작품 세계는 청소년부터 성인까지 폭넓은 세대의 독자에게 두루 사랑받고 있다. 그의 네 번째 장편소설인 『물이 깊은 바다』는 열 명의 괴짜 할아버지가 있는 특이한 대가족에서 자란 소년 파비오가 세상에 첫발을 내디디면서 겪는 예리한 성장통을 섬세하고도 위트 넘치는 필치로 그려낸다. 토스카나주의 작은 해안 지방인 베르실리아를 배경으로, 이탈리아 바닷가의 정취와 아름다운 자연이 생동감 있게 흘러넘치는 가운데 유머와 비극, 슬픔과 따뜻함이 공존한다. 제노베시는 비아레조상 수상 소감에서 우리 인생에는 웃고 우는 일들이 함께하기에 눈물을 자아내기만 하거나 웃음만 유발하는 소설이 아닌, 인생의 희비극적인 면을 오롯이 전할 수 있는 소설을 쓰고자 했다고 밝혔다. 작가 스스로 자전적 소설이라고 밝힌 이 책은 남들과 다르다고 느끼는 한 소년이 자신만의 특별함을 찾아가는 성장소설이자 가족에 대한 자부심과 소중함, 사랑을 깨닫는 가족소설 그리고 동심을 그리워하는 어른들을 위한 한 편의 동화 같은 이야기이다.","['소설/시/희곡', '세계의 소설', '이탈리아소설']"
10490,청소부 매뉴얼,루시아 벌린 지음; 공진호 옮김,웅진지식하우스:웅진씽크빅,2019,843 벌298ㅊ공,9788900000000,https://search1.kakaocdn.net/thumb/R120x174.q85/?fname=http%3A%2F%2Ft1.daumcdn.net%2Flbook%2Fimage%2F4992270%3Ftimestamp%3D20250328131258,"전설적 단편소설가 루시아 벌린의 수작을 모은 단편선집 『청소부 매뉴얼』. 무명작가에서, 2004년, 68세의 나이로 세상을 떠난 지 11년 만에 ‘잃어버렸던 천재’로 불리며 센세이션을 일으킨 단편소설의 대가, 루시아 벌린의 작품을 만나볼 수 있다. 비트 세대 작가였던 저자는 주변 환경에 대한 감정적 반응을 기록했고, 대부분의 남성 집단과 달리 자신의 절망적인 인생을 부어 사실적인 이야기를 만들었다. 이러한 내러티브는 현대 여성의 서사를 되찾기 위한 최근의 움직임과 자전소설의 인기와 어우러져 저자의 재발견을 이끌었다. 저자의 작품엔 주로 자신의 의지보다는 타인(남성)의 명령에 따르는 여성 화자들이 등장하는데, 그녀들의 이야기는 비극적인 동시에 유머와 멜랑콜리를 자아낸다. 감정은 극한이지만 언어는 꾸밈이 없으며, 문장은 단편적이면서도 글은 산뜻하다. 최소한의 단어로 복잡한 감정과 사소한 감정을 모두 드러낸다. 인간애와 공간, 음식, 냄새, 색채, 언어 등의 억제할 수 없는 속성과 연결되어 있고, 작중의 사건이나 감정이 명랑한가 아닌가 하는 것과 상관없이 독자에게 전달되는 느낌이 긍정적인 저자의 이야기를 만나볼 수 있다.","['소설/시/희곡', '영미소설']"
10491,종이 동물원,켄 리우 지음; 장성주 옮김,황금가지,2018,843 리66ㅈ장,9791160000000,https://search1.kakaocdn.net/thumb/R120x174.q85/?fname=http%3A%2F%2Ft1.daumcdn.net%2Flbook%2Fimage%2F4819660%3Ftimestamp%3D20250313130737,"SF에서부터 환상문학, 하드보일드, 대체 역사, 전기 소설에 이르기까지 켄 리우의 작품 세계를 한 눈에 볼 수 있는 작품집 『종이 동물원』. 총 14편의 중단편 소설로 구성된 이 책은 2017년 로커스 상 최우수 선집상을 수상하였다. 독특한 소재를 다루고 있음에도, 일반 대중이 누구나 실생활에서 생각해 볼 만한 소재들로 구성되어 있다. 미국인 아버지가 결혼 정보 카탈로그를 보고 선택한 여성이었던 잭의 어머니. 영어를 할 줄 아는 홍콩 출신이라고 했지만, 사실 모두 거짓이었다. 하지만 그녀에게는 특별한 한 가지가 있었다. 종이를 접어 동물을 만들고, 숨을 불어넣으면 살아움직였다. 어린시절의 잭은 어머니가 만들어준 종이 동물들, 특히 종이 호랑이를 무척 아꼈다. 성장하며 동양인의 눈을 가진 자신이 백인 아이들과 다르다는 걸 알면서부터 어머니와 닮은 모든 것이 싫었던 잭은 어머니가 만들어준 동물은 모두 상자에 넣어 치웠고, 영어로 말하지 않는 어머니에겐 대꾸조차 하지 않았다. 그리고 그렇게 성년이 될 때까지 어머니를 외면하며 자랐고, 그녀가 암으로 사망한 지 얼마 지나지 않아 종이 호랑이가 잭 앞에 다시 나타났다. 그리고 접힌 종이 호랑이에 적혀 있는 어머니의 편지엔, 그녀가 들려주고 싶어하던 오랜 이야기가 또박또박 적혀 있는데……. 어린시절, 선물 포장지를 사용해 종이 동물을 만들고 생명을 불어넣어주던 중국인 어머니와 그 아들에 관한 이야기를 통해 짧지만 가슴 찡한 감동을 전하며 저자를 베스트셀러 작가 반열에 올린 표제작 《종이 동물원》, 일본군의 731부대의 잔학성을 다큐 형식으로 그려낸 《역사에 종지부를 찍는 사람들》 등 중국계 미국인인 저자의 시선에서 바라보느 동북아시아의 역사적 굵직한 사건들을 SF 환상문학 장르에 녹여낸 작품들과, 장르적 재미와 완성도를 모두 갖춘 수작들까지 모두 만나볼 수 있다.","['소설/시/희곡', '과학소설(SF)', '외국 과학소설']"
10492,증언들,마거릿 애트우드 지음; 김선형 옮김,황금가지,2020,843 애887ㅈ김,9791160000000,https://search1.kakaocdn.net/thumb/R120x174.q85/?fname=http%3A%2F%2Ft1.daumcdn.net%2Flbook%2Fimage%2F5172687%3Ftimestamp%3D20240802143902,"2019 부커상 수상작 『증언들』. 1985년 출간 이후 디스토피아 소설의 교본으로 꼽히는 마거릿 애트우드의 소설 《시녀 이야기》의 후속작으로, 《시녀 이야기》로부터 15년 뒤의 이야기를 그리고 있다. 각기 다른 환경과 직업을 가진 아그네스, 리디아, 데이지 등 세 명의 각기 다른 여성의 증언을 바탕으로 전작에서 풀어내지 못한 이야기와 함께 길리어드 정권의 몰락 과정을 다루고 있다. 전작에서 악명 높은 교육자이자 철의 여인 리디아 ‘아주머니’가 증언자 중 하나로서 수기를 통해 길리어드의 부패한 권력자들의 민낯을 드러내는가 하면, ‘아주머니’ 계급이 만들어지게 된 과정부터 그들 간의 대립과 모략 등 치부를 상세히 기술한다. 길리어드의 마수에 삶이 통째로 흔들린 또 다른 증언자 데이지의 녹취록을 통해서는 길리어드 국외의 상황이 상세히 묘사된다. 길리어드 정권에 대한 반대 목소리를 높이는 학생들의 시위대, 그러나 국민들의 반대 정서에도 길리어드의 강력한 군사력 때문에 제 목소리를 못 내는 캐나다 정부 등이 묘사된다. 표지에 그려진 녹색의 소녀는 또 다른 증언자인 아그네스를 상징한다. 붉은 옷을 입은 ‘시녀’와 대비되는 녹색 옷은 결혼을 앞둔 소녀의 복장으로서, 사령관의 양녀로 키워지나 결국엔 팔려가듯 다른 사령관과 결혼해야 하는 위기에 처한다. 이와 함께 전작에서 독자들의 가장 큰 궁금증을 부른 주인공 오브프레드의 생사와 그녀의 빼앗긴 딸에 대한 이야기도 자연스럽게 녹아있다.","['소설/시/희곡', '과학소설(SF)', '외국 과학소설']"
10493,시녀 이야기,마거릿 애트우드 지음; 김선형 옮김,황금가지,2018,843 애887ㅅ김,9788980000000,https://search1.kakaocdn.net/thumb/R120x174.q85/?fname=http%3A%2F%2Ft1.daumcdn.net%2Flbook%2Fimage%2F1155103%3Ftimestamp%3D20220929045742,"「환상문학전집」은 인간의 상상력이 닿을 수 있는 가장 깊숙한 곳에서 나온 여러 작품들을 차례로 소개한다. 이 전집은 기존의 문학 작품들에 대해 새로운 시각을 제공하고, 그동안 문학의 주변부에서 소외받아 온 19, 20세기의 환상 소설, 고딕 소설, 공포 소설들뿐만 아니라 현대의 판타지, SF 문학 작품들까지 아우른다. 이 전집을 통해 문학을 바라보는 새로운 시각을 얻을 수 있으며, 동시에 처음으로 한국에 소개되는 세계의 걸작들을 읽는 즐거움을 맛볼 수 있다. 제 4권 『시녀 이야기』는 발표 당시 여성을 오직 자궁이라는 생식 기관을 가진 도구로만 본다는 설정 때문에 큰 충격을 불러일으켰던 작품이다. 출간한 지 20년이 되어가는 오늘날에는 성과 가부장적 권력의 어두운 이면을 파헤친 작가의 예리한 통찰력으로 인해 시대를 뛰어넘는 고전으로 평가받고 있다.","['소설/시/희곡', '과학소설(SF)', '외국 과학소설']"
10494,우주에서의 삶,팀 피크 지음; 이광식 옮김,들메나무,2019,558.95 피877ㅇ이,9791190000000,https://search1.kakaocdn.net/thumb/R120x174.q85/?fname=http%3A%2F%2Ft1.daumcdn.net%2Flbook%2Fimage%2F4944644%3Ftimestamp%3D20221001182940,"“당신도 우주여행을 하고 싶나요?” -지구인이 묻고 우주인이 답하다 우주선을 타고 대기권을 벗어나 10분 정도 우주 콧바람을 쐬려면 3억 원을 내야 한다. 벌써 700여 명이 예약했다. 국제우주정거장에서 6개월 미션을 끝내고 돌아와 쓴 이 책은 우주의 냄새, 우주의 분위기, 우주에서 살기, 일하기, 우주에서 보는 지구의 경이로운 모습 등이 너무나 실감나게 묘사되어 거의 우주여행을 한 듯한 기분을 느끼게 한다. 이 책은 6살 꼬마부터 물리학 박사에 이르기까지, 우주에서의 삶에 대해 궁금했던 수천 가지 질문들을 SNS로 받아 국제우주정거장(ISS)의 우주비행사 팀 피크가 직접 답변한 흥미진진한 우주 생활 가이드북이다.","['과학', '천문학', '우주과학']"
10495,전쟁 말고 커피,데이브 에거스 지음; 강동혁 옮김,문학동네,2019,919.3 에14ㅈ강,9788950000000,https://search1.kakaocdn.net/thumb/R120x174.q85/?fname=http%3A%2F%2Ft1.daumcdn.net%2Flbook%2Fimage%2F4966472%3Ftimestamp%3D20220909221053,"샌프란시스코 빈민가의 예멘 이민자 청년이 ‘세계 3대 스페셜티 커피 로스터’ 블루보틀의 파트너가 되기까지의 모험담을 베스트셀러 작가 데이브 에거스가 소설처럼 흡입력 있게 그려낸 책 『전쟁 말고 커피』가 출간되었다. 예멘 커피의 잃어버렸던 명예와 진가를 되살려낸 청춘의 성공담과 함께 커피의 역사, 커피 산업의 이면 등 흥미진진한 읽을거리가 영화처럼 펼쳐진다. 가난한 이민자 가정에서 태어나 빈민가 뒷골목을 누비며 성장해온 목타르 알칸샬리는 어느 날 우연히 예멘이 ‘원조’ 커피 수출국이라는 사실을 알게 된다. 목타르는 예멘산 커피 수입상이 되어 예멘에도 ‘테러와 드론’만 있는 게 아님을 알리고, 예멘의 커피 농부들에게도 정당한 이윤을 돌려주겠다는 원대한 꿈을 품는다. 그러나 예멘 커피는 들쑥날쑥한 품질과 불안정한 정치상황으로 커피 세계에서 존재감을 잃은 지 오래다. 블루보틀에서 커피의 맛과 향에 대해, 미국 최고 커피 전문가에게 ‘커피의 세번째 물결’에 대해 배운 목타르는 그냥 ‘예멘 커피’를 파는 게 아니라 ‘예멘의 명품 커피’를 팔겠다는 목표를 가지고 내전이 한창인 예멘으로 떠난다.","['역사', '이슬람/중동/이스라엘', '근현대사']"
10496,보라색 히비스커스,치마만다 응고지 아디치에 지음; 황가한 옮김,민음사,2019,843 아28ㅂ황,9788940000000,https://search1.kakaocdn.net/thumb/R120x174.q85/?fname=http%3A%2F%2Ft1.daumcdn.net%2Flbook%2Fimage%2F4984435%3Ftimestamp%3D20250409131101,"《우리는 모두 페미니스트가 되어야 합니다》, 《엄마는 페미니스트》로 세계적인 페미니스트 작가가 된 치마만다 응고지 아디치에의 야심찬 데뷔작 『보라색 히비스커스』. 나이지리아 상류층 가정의 십 대 소녀가 가부장제에 억압당하다 서서히 정신적 독립을 해 나가는 이야기를 그린 작품이다. 가부장제의 압력 속에 말없이 침묵해야만 하는 엄마와 딸의 모습을 통해 아주 사적인 공간인 가족 안에서 일어나는 말없는 폭력과 정신적 착취를 엿볼 수 있는 이 소설은, 무거울 거라 예상되는 주제에 비해 대중적인 플롯과 편안한 문체를 선택해 문학적인 성취와 동시에 세계 독자들에게 공감을 얻었다. 고등학생인 주인공 캄빌리는 나이지리아에서 식음료 사업체를 운영하며 진보 성향의 언론사도 소유했으며 사람들에게 항상 베푸는 성품으로 지역사회뿐 아니라 종교계에서까지 널리 추앙받는 아버지를 두었다. 그렇기 때문에 그녀의 주위 사람들은 그녀가 누리는 넉넉한 사회경제적 환경에 감사함을 느껴야 한다고 말한다. 하지만 사실 캄빌리의 일상은 다른 사람들은 아무도 모를 만큼 두려운 상황으로 가득 차 있다. 그녀의 아버지는 가난한 부모님 아래 태어나 무지막지한 고생 끝에 자수성가를 한 동시에, 가톨릭교로 귀의해 원리주의자로서 엄청난 고집을 가진 인물로, 가족 내에서 권위와 폭력을 일삼으며 가족 구성원에게 고분고분한 순종을 요구한다. 캄빌리의 어머니 역시 끊임없는 가정폭력으로 인해 심지어 아이를 유산하기도 하지만 아무에게도 그것을 드러내지 않으며, 아직 학생인 캄빌리 역시 꼼짝없이 아버지의 말이라면 무엇이든 따라야만 하는 처지다. 어느 날, 캄빌리의 오빠 자자가 아버지의 명령인 주일에 영성체 받기를 거부하면서 사건은 시작된다. 캄빌리의 일상은 이 사건 이후로 뒤죽박죽되기 시작하면서, 차차 자신이 처한 현실을 똑바로 직시하기 시작한다. 다른 도시에 사는 고모네 가족을 만나게 된 캄빌리는 그녀의 가족보다 가난한 지역에서 물과 기름도 없이 어렵게 살지만, 자신과는 사뭇 다른 자유롭고 지적이며 자주적인 사촌들의 모습을 보고 겪으면서, 그녀는 자신 역시 엄격한 가족을 벗어나 새로운 삶을 꿈꾸기 시작하는데…….","['소설/시/희곡', '세계의 소설', '아프리카소설']"
10497,약국에 없는 약 이야기,박성규 지음,MID(엠아이디),2019,518.04 박54ㅇ,9791190000000,https://search1.kakaocdn.net/thumb/R120x174.q85/?fname=http%3A%2F%2Ft1.daumcdn.net%2Flbook%2Fimage%2F5077912%3Ftimestamp%3D20250306132250,"인류를 치료하고 살리는 약은 약국과 병원에 있다. 하지만 어떤 약들은 약국에 없다. 이유는 다양하다. 위험해서, 쓸모없어서, 이젠 약이 아니라서, 그리고 수상해서. 약국에 없는 약들은 다 어디에 있는걸까? 『약국에 없는 약 이야기』는 훌륭하고 안전한 약이 아닌, 약의 역사의 절반을 차지했던 약들이 모인 ‘비밀 약장’ 같은 책이다. 책에선 좋고 훌륭한 약에 가려져 있던 나쁘고 수상한 약들의 속사정이 흥미진진하게 펼쳐진다. 가짜 약이 주는 진짜 효과, 만병통치약의 진실, 끔찍한 약의 재료 그리고 마약 이야기까지. 인류의 욕망이 만든 좌충우돌 파노라마는 ‘약이란 무엇인가’라는 하나의 질문으로 경쾌하게 흘러간다.","['역사', '세계사 일반']"
10498,바람이 불면 바람이 부는 나무가 되지요,문태준 지음,마음의숲,2019,814.6 문883ㅂ,9791160000000,https://search1.kakaocdn.net/thumb/R120x174.q85/?fname=http%3A%2F%2Ft1.daumcdn.net%2Flbook%2Fimage%2F4952152%3Ftimestamp%3D20250211130039,"한국 대표 서정 시인 문태준이 10년 만에 선보이는 두 번째 산문집 『바람이 불면 바람이 부는 나무가 되지요』. 동서문학상, 노작문학상, 유심작품상, 미당문학상, 소월시문학상, 서정시학작품상, 애지문학상, 2018년 목월문학상에 이어 2019년 정지용문학상을 수상한 저자가 10년이라는 세월 동안 느릿하고 고집스러운 집념으로 세심히 보듬어 키워낸 글들을 만나볼 수 있다. 빠른 보폭으로 직선의 길을 걷는 삶보다 느린 걸음으로 에둘러 가는 삶의 속도를 이야기했던 저자는 이번 책을 통해서는 자신의 내면을 새로운 풍경, 새로운 감각으로 채우는 일에 대해 이야기한다. 이 책에는 ‘삶’이라는 풍경을 구성하는 다양한 면면들이 저마다의 향기를 품은 채 책의 면 위에 놓여 있다. 저자의 깊은 속내를 한층 풍부하고 세밀하게 들여다볼 수 있는 순도 높은 단상들이 다섯 갈래의 주제 안에 조화롭게 어우러진다. 어제의 통증과 신열을 오늘의 새로운 탄생으로 받아들이는 일, 일상의 자질구레함 속에서 작지만 단단한 깨달음을 발견하는 일, 자신의 마음자리를 돌아보는 일, 자연과 생명, 혹은 존재와 존재 간의 관계 의미를 성찰하는 일 등 시인 특유의 지극한 시선, 삶의 정수에 닿아 있는 순도 높은 문장들로 가득 채워진 101개의 단상을 엮었다.","['에세이', '한국에세이']"
10499,어른답게 삽시다,이시형 지음,특별한서재,2019,818 이58ㅇ,9791190000000,https://search1.kakaocdn.net/thumb/R120x174.q85/?fname=http%3A%2F%2Ft1.daumcdn.net%2Flbook%2Fimage%2F5003662%3Ftimestamp%3D20240617124403,어떻게 나이를 들어갈 것인가? 나잇값에 대한 예의 『어른답게 삽시다』의 저자 이시형 박사는 ‘화병(Hwa-byung)’을 세계 최초로 정신의학 용어로 만든 정신의학계의 권위자이다. 그는 첫 저서 『배짱으로 삽시다』 이후 끊임없이 우리 사회에 건강한 정신과 자연체로 살아가는 법에 대한 화두를 던져오며 ‘국민 의사’라고 불렸다. 그런 그가 올해 86세의 나이로 새롭게 ‘나이듦’에 대한 진솔한 이야기를 들고 나왔다.,"['에세이', '명사에세이', '기타 명사에세이']"
10500,오전을 사는 이에게 오후도 미래다,이국환 지음,산지니,2019,814.6 이16오,9788970000000,https://search1.kakaocdn.net/thumb/R120x174.q85/?fname=http%3A%2F%2Ft1.daumcdn.net%2Flbook%2Fimage%2F5070303%3Ftimestamp%3D20250228131801,"“살면서 어쩔 수 없이 마주해야 하는 불안, 고통, 슬픔. 지치고, 지겨운 삶 속에서도 견뎌야 하는 이유, 살아야 하는 이유는 무엇일까.” 이 책은 매일매일 살아가는 이들에게 삶을 지키고 자신을 지키게 하는 글들이 담겨 있다. 예술과 철학에 찾은 삶의 무게, 독서와 글쓰기에 대한 애정, 고통과 불안 속에 버티는 삶의 가치, 사람들과 부대끼며 살아가는 의미를 저자의 단단한 사유와 새로운 시선으로 만나볼 수 있다. 정해진 길보다 흔들리고 고민하며 걸어온 곳곳에 삶의 의미는 존재할 수 있다. 책은 흔들리고 고민하며 불안을 안은 채, 그러나 성실하게 살아가는 이들에게 곧 다가올 오후도 미래가 될 수 있다고 다독인다. “세계는 의미로 가득 차 있다. 삶의 의미는 내가 애써 걸어 도달하는 지점에 있지 않고 걸어가는 길 곳곳에 존재한다. 단지 스스로 이를 발견하지 못할 뿐이다. 오전을 사는 이에게 오후도 미래다. 성실하게 산 하루하루가 모여 인생이 된다. 불안하지 않은 삶은 이미 죽은 삶이다. 불안을 끌어안고 우리는 뚜벅뚜벅 나아가야 한다. 그 불안 속에 삶의 의미는 어두운 터널 끝의 빛처럼 또렷하게 나타날 것이다.” _132쪽","['에세이', '독서에세이']"
10501,단 하나의 눈송이,사이토마리코 지음,봄날의책,2018,811.6 사68ㄷ,9791190000000,https://search1.kakaocdn.net/thumb/R120x174.q85/?fname=http%3A%2F%2Ft1.daumcdn.net%2Flbook%2Fimage%2F1631125%3Ftimestamp%3D20241226113540,"사이토 마리코의 시집은 한국문학이 외국인에게 처음으로 발급한 ‘비자’다. 모국어는 우리만의 것이라며 모국어의 가장 안쪽에서 그 결과 무늬를 다듬어온 한국 시인들에게 그의 ‘입국’은 하나의 충격이었다. 그녀의 시집은 경계에 선 자가 바라본 한국과 한국인이다. 동해도 아니고 일본해도 아닌 그저 있는 그대로의 바다를 바라보려고 하는 ‘무국적’의 시각이다. ‘문의 입장은 중립적이다’라고 그녀가 썼듯이, 출구도 아니고 입구도 아닌 문과 같은 자리, 즉 ‘사이(間)’에 시인은 서 있다(이문재 시인).","['소설/시/희곡', '시', '외국시']"
10502,내가 하늘에서 떨어졌을 때,율리아네 쾨프케 지음; 김효정 옮김,흐름출판,2019,858 쾨897ㄴ김,9788970000000,https://search1.kakaocdn.net/thumb/R120x174.q85/?fname=http%3A%2F%2Ft1.daumcdn.net%2Flbook%2Fimage%2F5080022%3Ftimestamp%3D20231102164816,"1971년 12월 24일 크리스마스이브, 92명의 승객이 탑승한 비행기가 페루 밀림에 추락했다. 저자의 엄마를 비롯한 승객 모두가 사망했지만, 열일곱 살 소녀 율리아네 쾨프케는 11일간의 사투 끝에 홀로 살아남았다. 『내가 하늘에서 떨어졌을 때』는 비행기 추락 사고에서 홀로 살아남은 한 소녀의 영화 같은 생존 실화를 담은 책으로, 죽음을 이겨내고 살아남기 위해 고군분투한 11일간의 여정과 그 이후의 삶을 이야기하며 의지와 노력이 인생을 어떻게 변화시키는지 생생하게 보여준다. 생환 후 죽은 자들에 대한 부채감과 고통에 시달렸고, 평생의 반려자를 잃은 채 절망에 빠진 아빠와는 서먹해졌고, 왜 밀림 전문가인 엄마 대신 자신이 살아남았는지를 끊임없이 물으며 살아야 할 이유를 찾아야 했던 저자는 다른 부상자들을 챙기지 않고 혼자만 살아남았다는 루머 속에서 스스로를 단단히 일으켜 세워야 했고, 하루아침에 원치 않는 유명세를 얻으며 스토커처럼 일거수일투족을 담으려 하는 언론에 대한 염증까지 겪어내야 했다. 이처럼 죽음을 이겨낸 저자가 자신이 겪은 두려움을 극복하고 스스로를 잃지 않기 위해 노력하며 성장하기까지의 이야기와 함께 생물학자였던 부모님을 이어 동물학자로 활동하며 자신이 떨어졌던 밀림의 일부이자 정신적 고향인 팡구아나를 지키기 위해 평생을 바치기까지의 이야기를 만나볼 수 있다.","['에세이', '외국에세이']"
10503,근데 사실 조금은 굉장하고 영원할 이야기,성석제 지음,문학동네,2019,814.6 성54ㄱ,9788950000000,https://search1.kakaocdn.net/thumb/R120x174.q85/?fname=http%3A%2F%2Ft1.daumcdn.net%2Flbook%2Fimage%2F5127206%3Ftimestamp%3D20250107133745,"자타가 공인하는 우리 시대 해학의 아이콘이자 타고난 재담꾼 성석제의 산문집 『근데 사실 조금은 굉장하고 영원할 이야기』. 그간 저자가 신문과 잡지 등 여러 지면에 발표한 원고를 엄선해 다듬은 산문집으로, 저자의 유머와 입담이 여실히 발휘된 산문들을 만나볼 수 있다. 한동안 사진 에세이, 음식 에세이 등을 주로 펴낸 저자가 오랜만에 선보이는 본격 인생 에세이로, 소설가 성석제로서, 자연인 성석제로서 살아오면서 느낀 문학에 대한 깊이 있는 사유와 세상사에 대한 통찰을 특유의 거침없는 화법으로 전개한 글들이 담겨 있다. 이 책은 모두 4부로 이루어져 있다. 1부 ‘소설 쓰고 있다’에서는 저자가 어린 시절 처음으로 문학 작품을 접했을 때의 경이로운 순간과 소설가 성석제가 탄생하기까지의 과정, 그리고 작가로 살아오면서 정리한 문학에 대한 사유를 담고 있다. 2부 ‘나라는 인간의 천성’은 자연인 성석제에 대한 이야기를 들려준다. 3부 ‘실례를 무릅쓰고’에는 사회에 대한 저자의 성찰이 돋보이는 글들이 들어 있다. 파괴되어가는 자연, 훼손되어가는 언어, 관계의 본질을 잊어가는 현시대에 날카롭지만 유머를 잃지 않는 풍자로 응수한다. 4부 ‘여행 뒤에 남은 것들’은 세상을 둘러보며 깨달은 것들과, 일상에서는 만나기 힘든 생경한 풍경에서 느낀 경이를 감동적으로 그려낸다.","['에세이', '한국에세이']"
10504,그쪽의 풍경은 환한가,심보선 지음,문학동네,2019,814.6 심45ㄱ,9788950000000,https://search1.kakaocdn.net/thumb/R120x174.q85/?fname=http%3A%2F%2Ft1.daumcdn.net%2Flbook%2Fimage%2F4953706%3Ftimestamp%3D20221011092022,"등단 14년 만인 2008년, 첫 시집 《슬픔이 없는 십오 초》를 펴낸 이래 대중과 문단의 폭넓은 사랑과 주목을 받아온 심보선 시인이 처음으로 펴낸 산문집 『그쪽의 풍경은 환한가』. 첫 시집 출간 직전인 2007년부터 2019년 현재까지 써온 산문을 가려 뽑고, 때로는 지금의 시점에서 반추한 코멘트를 덧붙이기도 하며, 77개의 글을 한 권에 담았다. 시인이자 사회학자의 눈으로 사회적 문제를 타인의 문제로 외면하지 않고 우리의 문제로 생각하는 자세에 대해 써내려간 글들을 모두 세 개의 부로 나누어 수록했다. 제1부에서는 삶과 사람, 가족, 일상과 관계를 소재 삼아 일용직 노동자, 아버지, 택시 기사, 시인, 활동가, 친구와의 대화와 일화에서 마주한 영혼의 목소리에 귀를 기울인다. 제2부에서는 사회학적으로 문화 자본이 결여된 집안에서 자라 시인이 될 확률이 지극히 낮았던 저자의 유년으로 시작되는 글들을 만나볼 수 있다. 책 속에 끼워진 아버지의 육필 메모와 관련된 내밀한 고백과 함께 다양한 예술가와 작품들을 레퍼런스 삼아 예술이라는 수수께끼를 풀어간다. 제3부에서는 그동안 사회적 갈등과 운동의 현장에서 구체적으로 목소리를 내온 저자가 공동체라는 수수께끼, 공동체라는 애틋한 이름에 대한 자신의 생각을 들려준다.","['에세이', '한국에세이']"
10505,헬렌 니어링의 소박한 밥상,헬렌 니어링 지음; 공경희 옮김,디자인하우스,2018,594.5 니64ㅎ공,9788970000000,https://search1.kakaocdn.net/thumb/R120x174.q85/?fname=http%3A%2F%2Ft1.daumcdn.net%2Flbook%2Fimage%2F3754718%3Ftimestamp%3D20250408113706,"이 책에는 없는 것이 많습니다. 열 줄이 훌쩍 넘는 복잡한 레시피도 찾아볼 수 없습니다. 그나마 짧은 레시피에는 육류, 생선은 물론이고 흰 설탕, 흰 밀가루도 들어가지 않습니다. 그 대신 신선한 야채와 과일, 건강에 좋은 곡물로 만드는 간소하고 맛좋은 음식이 한 상 차려집니다. 《헬렌 니어링의 소박한 밥상》은 말 그대로 反 요리책입니다. ‘요리법’을 기대하는 독자에게 ‘요리하지 않는 법’을 가르쳐 주는 책, 혀를 즐겁게 하는 음식이 아니라 몸이 진정 바라는 음식을 가르쳐주는 책입니다. 더불어 근 한 세기 동안 헬렌 니어링, 스코트 니어링 부부의 육체와 정신을 건강하게 살려준 조화로운 음식의 참모습을 볼 수 있습니다. 먹을거리와 먹는 행위에 대한 헬렌 니어링의 철학은 우리로 하여금 삶에 대한 근원적 미각을 일깨워줄 것입니다. 2001년 한국 독자에게도 소개되어 큰 반향을 일으킨 《헬렌 니어링의 소박한 밥상》을 2018년, 특별개정판으로 다시 만납니다. 보다 정연한 본문 디자인으로 가독성을 높이고, 화가 김시문의 그림을 표지로 내세워 책의 격조를 높였습니다. 특히 인생과 세상에 대한 깊은 시선을 담은 디자인하우스의 'LIfe 시리즈' 도서로 새롭게 묶어 선보입니다. 《헬렌 니어링의 소박한 밥상》, 《슬로 라이프》를 시작으로, 쉽고 깊게 읽는 세상 이야기 'LIfe 시리즈'가 계속 출간될 예정입니다.","['에세이', '외국에세이']"
10506,(있는 그대로)참 소중한 너라서,김지훈 지음,진심의꽃한송이,2018,818 김78ㅊ,9791200000000,https://search1.kakaocdn.net/thumb/R120x174.q85/?fname=http%3A%2F%2Ft1.daumcdn.net%2Flbook%2Fimage%2F4816728%3Ftimestamp%3D20250403130304,"2년이 넘도록 전국 서점 베스트셀러였던, 스테디셀러 『참 소중한 너라서』의 전면 개정판이 출간이 되었다. 오래도록 수많은 독자들에게 사랑받을 수 있었던 것은 이 책에서 느낄 수 있는 김지훈 작가만의 진심 때문이 아니었을까. 작가는 이번 개정판을 통해서 처음 이 책을 냈을 당시의 부족한 점을 채우고 자신이 글에 실은 감정들을 독자들이 더욱 고스란히 느낄 수 있도록 하는 것에 가장 큰 신경을 썼다고 한다. 그때의 진심에 더해진 새로운 진심, 하여 그 따스한 무게를 가득 느끼며 위로받아보자. 이 책은 내가 왜 있는 그대로 소중한 사람인지, 내가 소중한 것에 왜 다른 사람의 인정이나 납득이 필요하지 않은지, 그 이유를 알게 해주는 책이다. 지금이 힘든 당신에게 힘들지 말라고 막연하게 위로를 건네기보다 지금의 아픔을 바라보는 당신의 시선이 변할 수 있도록 가슴 절절한 위로의 말들을 전해준다. 프롤로그부터 에필로그까지, 그 시선의 변화를 위하여 작가의 진심이 느껴지지 않는 페이지가 없을 만큼 독자들을 생각하는 작가의 마음을 고스란히 느낄 수 있다. 가장 소중하고 아름다운 것은 가장 나다운 것이라고 말하는 이 책을 통해 상처받았던 지난 시간들을 위로받고 더욱 높아진 자존감으로 내일을 마주할 수 있을 것이다.","['에세이', '한국에세이']"
10507,땅의 문명,남영우 지음,문학사상,2018,909 남64ㄸ,9788970000000,https://search1.kakaocdn.net/thumb/R120x174.q85/?fname=http%3A%2F%2Ft1.daumcdn.net%2Flbook%2Fimage%2F3943329%3Ftimestamp%3D20241027123936,"《총, 균, 쇠》의 뒤를 잇는 인류 문명사의 대작! 땅은 어떻게 인류의 문명을 바꾸어왔는가 땅은 문명을 만드는 자궁인 동시에 문명을 담는 그릇이다. 그런데 어떤 땅은 문명을 잉태했고, 또 어떤 땅은 그렇지 못한 불임의 상태였다. 그 이유는 무엇인가? 그것은 바로 문명이 땅의 생김새와 관련이 있기 때문이다!","['역사', '세계사 일반']"
10508,"한국 지리 컬러링북, 지식을 입히다",조지욱 글; 김미정 그림,사계절,2018,981.1 조78ㅎ,9791160000000,https://search1.kakaocdn.net/thumb/R120x174.q85/?fname=http%3A%2F%2Ft1.daumcdn.net%2Flbook%2Fimage%2F4819781%3Ftimestamp%3D20220902185531,"한국의 위치, 4극, 역사별 영토 변화 과정, 영해와 배타적 경제 수역, 한반도 종단 철도, DMZ, 남북한 경제 특구, 원산 관광 특구, 문재인 대통령 부부와 김정은 위원장 부부의 백두산 방문 컬러링 등 18개의 주제별 컬러링은 물론 13개의 세분화된 지형도, 7개의 내부구조도, 22개의 행정구역도, 20개의 특산물 등을 칠할 수 있는 한국 지리 컬러링북이다. 각 지역에 대한 문화, 역사, 지리, 경제, 정치 등 사회 전반을 아우르는 정보와 지식이 담겨 있어 이 한 권이면 우리나라의 모든 것을 파악할 수 있을 정도로 알차게 구성하였다. 사회과 보조 교재로도 안성맞춤이다.","['청소년', '청소년 인문/사회']"
10509,"진이, 지니",정유정 지음,은행나무,2019,813.6 정66ㅈ,9791190000000,https://search1.kakaocdn.net/thumb/R120x174.q85/?fname=http%3A%2F%2Ft1.daumcdn.net%2Flbook%2Fimage%2F4949903%3Ftimestamp%3D20230201170358,"「악의 3부작」이라고도 불리는 《7년의 밤》, 《28》, 《종의 기원》을 통해 인간 내면의 어두운 숲을 탐색하는 고도의 긴장감과 극한의 드라마를 그려온 정유정이 3년 만에 선보이는 신작 장편소설 『진이, 지니』. 인간과 가장 흡사한 DNA를 가진 영장류 보노보와 영장류연구센터 사육사가 주고받는 교감을 깊이 있게 그려낸 작품이다. 처음으로 여성을 주인공으로 내세우고, 판타지 장르를 차용하여 이제껏 선보여온 것과는 확연히 다른 방식으로 이야기를 풀어가며 한 편의 감동 서사를 만들어냈다. 유인원 책임사육사로서 마지막 출근을 한 진이는 예상치 못한 침팬지 구조 요청을 받고 스승 장 교수와 함께 인동호 주변에 있는 한 별장으로 향한다. 구조 작업 중 나무 꼭대기에 매달린 짐승이 침팬지가 아니라 보노보임을 알게 되고, 진이는 마취 총을 맞고 의식을 잃은 보노보를 품에 안은 채 장 교수가 운전하는 차에 오른다. 장 교수는 아이에게 이름을 붙여주는 것이 어떠냐며 ‘지니’라는 이름을 제안한다. 평소 같지 않은 말에 그녀는 다소 뜨악해하지만, 입속말로 지니의 이름을 가만히 읊조린다. 진이, 지니……. 그때, 갑자기 도로로 튀어나온 고라니를 피하려다 사고가 나고, 그 순간 믿을 수 없는 일이 벌어진다. 갑작스러운 교통사고 직후 진이와 보노보 ‘지니’가 하나가 되어버린 것이다. 두 개의 영혼이 교차하는 혼돈과 혼란 속에서 진이는 진짜 자신에게로 돌아가기 위한 지난한 여정을 시작한다. 지니의 무의식을 통해 그녀는 마치 영상을 보듯 지니의 과거를 들여다보게 되고, 지니의 몸을 더 이상 통제할 수 없게 된다. 마비된 이성과 통제 불가능한 상황이 이어지는 가운데, 진이는 서른 살 청년 백수 민주를 우연히 만나 도움을 청한다. 믿음직스럽지는 않지만 본래의 모습을 되찾기 위해선 반드시 그가 필요하다. 허락된 시간은 단 사흘. 과연 진이는 진짜 자신의 모습을 되찾을 수 있을까? 그리고 지니에게 온전한 삶을 되돌려줄 수 있을까?","['소설/시/희곡', '한국소설', '2000년대 이후 한국소설']"
10510,아직 멀었다는 말,권여선 지음,문학동네,2020,813.6 권64ㅇ,9788950000000,https://search1.kakaocdn.net/thumb/R120x174.q85/?fname=http%3A%2F%2Ft1.daumcdn.net%2Flbook%2Fimage%2F5229888%3Ftimestamp%3D20240608132657,"“한국문학의 질적 성장을 이끈 대표적 작가 가운데 하나”(문학평론가 소영현)라는 평에 걸맞게 발표하는 작품마다 동료 작가와 평단의 비상한 관심을 모으며 한국문학의 품격과 깊이를 더하는 작가 권여선의 여섯번째 소설집 『아직 멀었다는 말』이 출간되었다. 제47회 동인문학상 수상작이자 ‘소설가들이 뽑은 올해의 소설’ 1위에 선정되며 여전히 많은 사랑을 받고 있는 『안녕 주정뱅이』(창비, 2016) 이후 4년 만에 선보이는 이번 소설집에는 “권여선 특유의 예민한 촉수와 리듬, 문체의 미묘한 힘이 압권”이라는 평과 함께 제19회 이효석문학상을 수상한 「모르는 영역」을 포함해 8편의 작품이 실려 있다. 『안녕 주정뱅이』로 ‘주류문학’의 한 경지를 이룬 권여선 작가에게 우리가 기대하는 것이란 무엇일까. 술을 마실 수밖에 없는 상황 속에서도 안간힘을 쓰며 인간다움의 위엄을 보여준 그에게 또하나의 주류문학을 기대하는 건 자연스러운 일일 것이다. 하지만 그는 이번 소설집에서 새로운 변화로의 이행을 감행한다. 소설집이 출간되기 전 진행한 한 대담에서 “술을 먹이지 말아야지 결심을 하고, 술을 안 먹는 인물들을 하이에나처럼 찾아다녔고(…). 뭐 하나를 딱 막아놓으니까 딴 쪽으로 퍼져나간 식입니다”(『문학동네』 2019년 가을호)라고 언급한 것처럼 권여선 작가는 소설을 쓸 때 어쩔 수 없이 이끌리게 되는 ‘익숙한 것’에서 벗어나 자신이 ‘모르는 영역’으로 한 발 한 발 걸어들어간다. 스물한 살의 스포츠용품 판매원인 ‘소희’(「손톱」)에서부터 레즈비언 할머니인 ‘데런’과 ‘디엔’(「희박한 마음」)에 이르기까지, 기존의 익숙한 것을 금지시킴으로써 어느 때보다 다양한 인물들을 향해 뻗어나가는 이번 소설집은 권여선 소설의 전환을 보여주는 작품으로 우리에게 “한 번도 먹어본 적 없는 생선의 맛처럼 부드러운 놀람”(「전갱이의 맛」)을 선사할 것이다.","['소설/시/희곡', '한국소설', '2000년대 이후 한국소설']"
10511,우리 마음속에는 저마다 숲이 있다,황경택 지음,샘터사,2018,480.4 황14ㅇ,9788950000000,https://search1.kakaocdn.net/thumb/R120x174.q85/?fname=http%3A%2F%2Ft1.daumcdn.net%2Flbook%2Fimage%2F4847971%3Ftimestamp%3D20230329171542,“다음 세대에 전하고 싶은 한 가지는 무엇입니까?” 다음 세대가 묻다 “왜 자연의 이야기에 귀 기울여야 하나요?” 황경택이 답하다 “숲속 생물들의 삶의 전략과 가치는 결코 우리와 동떨어진 이야기가 아닙니다. 숲에 나가 오감을 열고 자연에 기대보세요. 세상을 보는 방식이 훨씬 더 근사해진답니다.” 각계 명사에게 ‘다음 세대에 꼭 전하고 싶은 한 가지’가 무엇인지 묻고 그 답을 담는 인문교양 시리즈 ‘아우름’의 서른다섯 번째 주제는 ‘자연 관찰을 통해 숲속 생물들에게서 배우는 삶의 지혜’다.,"['인문학', '교양 인문학']"
10512,나는 나를 돌봅니다,박진영 지음,우리학교,2019,189.2 박78ㄴㄴ,9791190000000,https://search1.kakaocdn.net/thumb/R120x174.q85/?fname=http%3A%2F%2Ft1.daumcdn.net%2Flbook%2Fimage%2F5059645%3Ftimestamp%3D20250313133333,"바야흐로 ‘자존감 테라피’ 권하는 시대다. 온갖 심리적 문제를 해결하는 만병통치약처럼 자존감 높이기를 강조한다. 그러나 나를 사랑하기 어려운 상태에서는 불가능한 미션이다. 오히려 그놈의 자존감 때문에 자존감이 낮은 자신을 탓하며 자기 비난의 회로를 빙빙 돌기도 한다. 십 대는 몸과 마음의 변화를 겪으며 자아가 새롭게 형성되는 시기다. 또래 집단의 평가와 비교에 민감하고, 가정과 학교 등 주어진 환경에서 벗어나기 어렵기에 나를 바라보는 시각 역시 주변과의 관계에서 영향을 받을 수밖에 없다. 그래서 더욱 자기를 아끼고 돌보는 힘을 키우는 연습이 필요하다. 나를 긍정할 수 없어 힘이 들 때, 조금 더 너 자신에게 친절해도 괜찮다고 가만히 등을 토닥여 주는 누군가가 곁에 없다면 어떻게 해야 할까? 스스로 자신을 너그럽게 바라보고 자기에게 친절해지는 방법을 알게 되면 이전보다 훨씬 편안해진 ‘나’와 만날 수 있다. ‘자기 자비’(self-compassion)로 마음 돌보기를 이야기하는 이 책은 쓰디쓰게 성장의 시간을 통과하고 있는 십 대들에게, 지금 이 순간에도 자그맣게 숨 쉬며 고독하게 자라고 있는 우리 주위의 청소년들에게 다정하고 따뜻한 위로가 되어 줄 것이다.","['청소년', '청소년 자기계발']"
10513,아우성 빨간책. [2]: 여자 청소년 편,푸른아우성 지음; 구성애 지음,올리브엠앤비,2018,598.55 푸297ㅇ v.2,9788990000000,https://search1.kakaocdn.net/thumb/R120x174.q85/?fname=http%3A%2F%2Ft1.daumcdn.net%2Flbook%2Fimage%2F1333506%3Ftimestamp%3D20250109113236,"『아우성 빨간책(여자 청소년 편)』은 여성이 자기 성의 진정한 주인이 되어야 한다고 말한다. 또한 데이트 폭력, 채팅앱, 성폭력의 위험에 노출되어 있는 여자 청소년들이 그런 피해를 예방하는 방법을 알려 주는 동시에, 그 어떤 경우에도 그것은 ‘피해자의 탓이 아니다’라고 강조한다. 이 책은 여자 청소년 자신도, 또한 이 책을 청소년들과 함께 읽는 학부모와 교사들의 생각에도 변화가 일어나도록 북돋우는 균형 잡힌 성교육 지침서다.","['청소년', '청소년과 성(性)']"
10514,아우성 빨간책. [1]: 남자 청소년 편,푸른아우성 글; 구성애 감수,올리브엠앤비,2017,598.55 푸297ㅇ v.1,9788990000000,https://search1.kakaocdn.net/thumb/R120x174.q85/?fname=http%3A%2F%2Ft1.daumcdn.net%2Flbook%2Fimage%2F1326347%3Ftimestamp%3D20250407113245,"오늘, 우리의 성이 나아갈 방향 『아우성 빨간책: 남자 청소년 편』. 청소년 스스로가 본인의 성 의식을 굳건히 하는 것은 어려운 일이다. 이 책은 미성숙한 청소년들에게는 그 눈높이에 맞는 조언을 전하고, 거기에 가장 중요한 부모의 역할도 놓치지 않는다. 사춘기 청소년들이 부모와의 대화에서 가장 상처받는 부분은 ‘부모들이 자신들의 세대에서 멈춰 버린 성 의식으로 자녀들을 대하는 것’이다. 제대로 된 성교육과는 거리가 먼 부모 세대들은 자녀의 성적인 고민이나 문제 앞에서 그것을 ‘10대들이 쉽게 빠질 수 있는 유혹’임을 이해하기 이전에 ‘충격’을 받고 ‘질책’을 하기 일쑤다. 그렇기에 푸른아우성에 상담을 요청한 부모들이 가장 많이 하는 말 가운데 하나는 ‘이해하려고 노력하지만 쉽지 않다’는 것이다. 푸른아우성은 성교육이 없던 시대, 가부장적인 성 의식이 팽배하던 시대를 살아 온 부모들이 자녀를 이해하려고 하는 노력을 격려하되 요즘 청소년들이 처한 시대를 이해해야 한다고 충고한다. 동시에 청소년들에게 ‘부모 세대가 자라 온 시대의 미진한 성 의식’을 이해해 달라고 부탁한다. 그렇게 함으로써 부모 세대와 자녀 세대가 서로를 이해하는 자리를 마련하고 함께 성숙해 가기를 바라는 마음이 이 책 곳곳에 스며들어 있다.","['청소년', '청소년과 성(性)']"
10515,일의 기쁨과 슬픔,장류진 지음,창비,2019,813.6 장296ㅇ,9788940000000,https://search1.kakaocdn.net/thumb/R120x174.q85/?fname=http%3A%2F%2Ft1.daumcdn.net%2Flbook%2Fimage%2F751445%3Ftimestamp%3D20221108002658,"일터에서 발견한 지성과 특수성, 아름다움과 두려움을 노래하는 에세이 『일의 기쁨과 슬픔』. 생생한 취재를 바탕으로 새로울 것 없어 보이는 우리의 일상, 즉 ‘일’을 알랭 드 보통만의 신선한 시각으로 이야기한다. 특히 노동의 현장에서 직접 마주친 생생한 취재를 바탕으로 한 이번 에세이는 에세이인 동시에 ‘포토 르포르타주’로 사진작가 리처드 베이커의 흑백 사진들을 수록했다. 《여행의 기술》, 《불안》, 《행복의 건축》 등을 통해 많은 이들의 사색하는 감성을 깨워온 알랭 드 보통은 이번엔 우리의 일상에 대해서 탐색한다. 현대인에게 일이란 무엇일까를 시작으로 일하는 세계의 아름다움과 권태, 기쁨, 가끔씩 느껴지는 공포를 다루고 있다. 특히 ‘사랑’과 유사한 ‘일’의 다양한 면을 새로운 시각으로 세밀하게 탐색하고 생생한 묘사로 그려낸다. 독창적인 방식으로 현대적 일상의 가치를 발견해온 알랭 드 보통은 이번 에세이에서 총 10장에 걸쳐 구체적인 직업 영역부터 산업에 이르기까지 날카로운 시각을 펼쳐낸다. 화물선, 비스킷 공장, 직업상담, 로켓과학, 회계, 창업, 항공 등 일의 종류에 관계없이 다양한 ‘일’의 영역을 알랭 드 보통 특유의 위트와 통찰을 담아 아름다운 문체로 보여준다. [양장본]","['에세이', '외국에세이']"
10516,피프티 피플,정세랑 지음,창비,2020,813.6 정54ㅍ,9788940000000,https://search1.kakaocdn.net/thumb/R120x174.q85/?fname=http%3A%2F%2Ft1.daumcdn.net%2Flbook%2Fimage%2F532462%3Ftimestamp%3D20250117113740,"정세랑의 장편소설 『피프티 피플』. 2016년 1월부터 5월까지 창비 블로그에서 연재되었던 작품으로 수도권의 한 대학병원을 중심으로 느슨하게, 또는 단단하게 연결된 50명의 이야기를 담고 있다. 50개의 장으로 구성된 소설 속에서 병원 안팎의 한 사람 한 사람이 처한 곤경과 갑작스럽게 겪게 되는 사고들, 그들이 안고 있는 고민들이 흥미진진하면서도 감동적으로 펼쳐진다. 의사와 환자로, 환자의 가족으로, 가족의 친구로 긴밀하고 짜임새 있기도 하지만 전혀 관계가 없는 50명의 인물들이 서로를 마주치는 순간의 경이로움을 그려냈다. 꼼꼼한 취재와 자문을 통해 의사와 간호사뿐 아니라 보안요원, 이송기사, 임상시험 책임자, 공중보건의 등의 사연과 함께 응급실, 정신과, 외과 등으로 찾아드는 환자들의 사연까지 더해 입체적이고 풍성한 이야기를 들려준다. 이 작품 속 주인공들이 가진 고민은 현재 사회가 맞닥뜨리고 있는 현안과 멀지 않다. 가습기 살균제 피해자 유가족의 사연, 성소수자의 사연, 층간소음 문제, 낙태와 피임에 대한 인식, 씽크홀 추락사고, 대형 화물차 사고 위험 등 2016년의 한국 사회를 생생하게 담아냈고, 특유의 섬세함과 다정함으로 50명의 주인공들의 손을 하나하나 맞잡아주며 그들이 겪는 아픔과 고통이 혼자만의 것이 아니며 우리 사회가 같이 이겨내야 한다는 메시지를 전한다.","['소설/시/희곡', '한국소설', '2000년대 이후 한국소설']"
10517,정세현정청래와 함께 평양 갑시다,"정세현, 황재옥, 정청래 공지음",푸른숲,2018,340.4 정54ㅈ,9791160000000,https://search1.kakaocdn.net/thumb/R120x174.q85/?fname=http%3A%2F%2Ft1.daumcdn.net%2Flbook%2Fimage%2F4812881%3Ftimestamp%3D20220915004755,"평생 통일을 생각해온 최고 전문가들이 그린 통일 한국의 청사진이자 평화의 한반도에서 신나고 새로운 일을 해보고 싶은 사람들을 위한 충실한 안내서 『정세현 정청래와 함께 평양 갑시다』. 한반도에 평화가 오면 일어날 재미난 일들을 소개하고, 통일 한국의 비전을 제시하기 위해 한반도 문제 최고 전문가 정세현, 외교안보전문가 황재옥, 남북통일의 염원을 안고 정치를 시작한 정청래가 뭉쳤다. 이 책은 모두 4부로 구성되어 있다. 1부에서는 평양 시내를 ‘국빈 코스’로 안내하고, 정청래의 시베리아 횡단열차 여행기를 통해 기차를 타고 국경을 넘는 색다른 경험을 전한다. 2부에서는 평양에서 치킨집을 운영했던 사업가와 남북경협 실무자를 인터뷰해 사업 북한에서 사업해서 성공한 사례와 앞으로의 가능성을 엿보았다. 3부에서는 평양에서 나고 자란 사람에게 듣는 ‘평양 시민이 사는 법’과 남북공동연락사무소 김창수 사무처장이 말하는 남북 교류의 생생한 이야기로 꾸몄다.","['사회과학', '통일/북한관계', '통일문제']"
10518,지방분권이 지방을 망친다,마강래 지음,개마고원,2018,359.11 마12ㅈ,9788960000000,https://search1.kakaocdn.net/thumb/R120x174.q85/?fname=http%3A%2F%2Ft1.daumcdn.net%2Flbook%2Fimage%2F4816737%3Ftimestamp%3D20231229193223,"‘지방소멸’로 가는 길은 ‘지방분권’으로 포장되어 있다 『지방도시 살생부』로 지방도시의 소멸을 경고하고 ‘압축도시’라는 새로운 대안을 제시한 도시계획학 학자 마강래. 그가 이 시대의 중요한 화두인 지방분권과 관련해 강력한 메시지를 내놓았다. 전작이 스러져가는 지방 중소도시들을 살릴 방안이었다면, 이번 책에서는 보다 거시적인 시각에서 전국토를 조망하는 균형발전 계획을 제시한다. 이 책은 우리 모두가 무심코 받아들이고 있는 고정관념을 깨뜨리면서 시작한다. 지방분권이 곧 지방을 살리는 길이라는 믿음. “지방분권을 해야 경제가 살아난다”(김만수 부천시장), “지방분권 없이는 지방의 일자리 증진도 인구감소로 인한 지방소멸도 막을 수 없다. 국가의 운명이 걸린 지방분권에 대통령과 정치권이 적극 나서야 한다”(경북일보 사설), “지방분권을 통한 지방의 경쟁력 강화와 균형발전을 통한 지역 간 격차 완화의 시너지 효과”(김부겸 행정안전부 장관) 같은 말들이 이런 믿음을 잘 보여준다. 문재인 대통령도 “자치권과 분권을 확대해나간다면 지방정부는 주민들을 위해서 보다 밀착하면서 많은 일들을 할 수 있을 테고, 그것은 또 지방을 균형 있게 발전시키는 길이기도 합니다”라면서 지방분권에 대한 신념을 분명히 하며 현 정부는 ‘연방제에 준하는 지방분권’까지 추진하려 하고 있다. 그러나 이 책은 그것이 위험한 착각이라고 이야기한다. 지금과 같은 상황에서 지방분권은 균형발전을 가져오지 못하며, 오히려 지역 간 격차를 더 심하게 만들고 파산하는 지자체까지 나오게 할 수 있다고 말이다. 지방분권과 균형발전의 딜레마가 아닐 수 없다.","['사회과학', '비평/칼럼', '한국사회비평/칼럼']"
10519,아무것도 하고 싶지 않은 나에게,문지현 지음,뜨인돌,2017,199.5 문78ㅇ,9788960000000,https://search1.kakaocdn.net/thumb/R120x174.q85/?fname=http%3A%2F%2Ft1.daumcdn.net%2Flbook%2Fimage%2F772254%3Ftimestamp%3D20230406160727,"우리 등에 올라탄 거대한 무기력 코끼리를 쫓아내는 핵심 비법은 다른 누군가가 아닌 자기 자신 안에 있다. 무기력 코끼리의 정체를 정확히 알고 자기 자신 안에 있는 힘을 믿는다면 어떤 육중한 무기력 코끼리라도 거뜬히 쫓아낼 수 있다. 무기력에 대한 새로운 접근, 현실을 그대로 옮겨 놓은 듯 생생한 사례들과 쉽고 명쾌한 솔루션까지 십대들의 삶을 건강하고 생기 있게 되돌려 놓기에 충분하다.","['청소년', '청소년 자기계발']"
10520,왜 우리는 생각대로 행동하지 않을까,외르크 베르나르디 지음; 린다 뵐펠 그림; 이수영 옮김,시금치,2019,100 베297ㅇ이,9788990000000,https://search1.kakaocdn.net/thumb/R120x174.q85/?fname=http%3A%2F%2Ft1.daumcdn.net%2Flbook%2Fimage%2F5091760%3Ftimestamp%3D20240403144543,"이 책은 ‘나, 인간, 자연, 동물, 우정, 언어, 사랑, 사회, 미디어, 의미’에 대해 철학자, 사회학자, 예술가, 언어학자 들의 다양한 이론과 통찰을 연결시키면서 자신의 생각과 경험으로 철학하는 법을 소개한다. “인생의 고갱이가 무엇인지를 찾는 일은 헛되지 않다. 인간의 본질이 무엇인지부터 밝혀야 ‘제대로 사는 인생’이 무엇인지가 가늠 되지 않겠는가. 나아가 삶의 의미를 끊임없이 곱씹는 작업은 생각하는 힘을 튼실하게 만드는 ‘정신의 체조(mental gymnastic)’이기도 하다. 이 책에 등장하는 수많은 질문들을 놓고 틈날 때마다 생각을 정리하다 보면, 어느덧 깊고 정교한 사고를 펼치고 있는 자신을 발견하게 될 것이다. 이 책은 정신의 근육을 키우는 데 최적화 된 ‘철학교과서’라 할 만 하다. ‘다르게 생각하고 행동하는 용기’가 필요한 이들에게 적극 권하고 싶다.” - 안광복(철학박사, 중동고 철학교사) 추천의 글(p.162)에서","['청소년', '청소년 철학']"
10521,지리교사의 서울 도시 산책. [3],이두현 지음,푸른길,2019,981.1602 이26ㅈ v.3,9788960000000,https://search1.kakaocdn.net/thumb/R120x174.q85/?fname=http%3A%2F%2Ft1.daumcdn.net%2Flbook%2Fimage%2F5033228%3Ftimestamp%3D20220917080336,"서울이라는 공간 속 숨은 매력을 찾아 촘촘히 기록한 책 『지리교사의 서울 도시 산책』의 저자 이두현이 ‘역사 보전의 공간’, ‘미래 창조의 공간’에 이어서 이번에는 세 번째 책 ‘도시 재생의 공간’을 소개했다. 이 책에서 등장하는 여섯 공간은 단순히 요즘 ‘뜬다’고 하는 유행의 장소가 아니다. 지역성을 거스르지 않으면서도 다시 일어서기 위해 노력함으로써 활기를 되찾은 재생의 공간이다. 오래된 삶의 현장인 을지로, 한옥을 정성스레 손질하여 새로운 옷으로 갈아입은 익선동, 신구의 조화를 이뤄 낸 해방촌, 재생의 실험 무대가 된 성수동, 봉제 박물관을 방불케 하는 창신동, 철공과 예술이 만난 문래동이 그 주인공이다. 도시 탐험가라 자처하는 저자가 자신 있게 내놓은 서울의 보물이다. 이곳들은 빠르게 변화하는 주변 환경 속에서도 묵묵히 제 할 일을 해내며 산업 도시 서울의 정체성을 보여 주고 있다. 세 편에 걸친 도시 산책을 마무리하기에 더없이 좋다.","['역사', '문화/역사기행', '한국 문화/역사기행']"
10522,지리교사의 서울 도시 산책. [2],이두현 지음,푸른길,2018,981.1602 이26ㅈ v.2,9788960000000,https://search1.kakaocdn.net/thumb/R120x174.q85/?fname=http%3A%2F%2Ft1.daumcdn.net%2Flbook%2Fimage%2F3751511%3Ftimestamp%3D20220917062959,"열정과 도전이 만든 서울 속 핫 플레이스 우리가 사랑하는 공간 서울이라는 공간 속에서 숨은 매력을 찾아 촘촘히 기록한 책 『지리교사의 서울 도시 산책』의 저자 이두현이 첫 번째 책 ‘역사 보전의 공간’에 이어서 이번에는 ‘미래 창조의 공간’을 공개했다. 전편과 같은 형식을 유지하고 있지만 느낌은 많이 다르다. 전편의 주인공이 서울 5대 궁궐 옆 작은 마을이었다면 이 책에서 소개할 곳은 서울에서도 가장 ‘핫’한 장소들이기 때문이다. 창조적 패션과 디자인의 발상지 동대문 패션거리, 높은 관용성이 보여 주는 다양성의 실험 공간 이태원, 젊은 열정이 만들어 낸 창조 문화의 공간 홍대거리, 그리고 세계적인 명품 문화 공간으로 탈바꿈하고 있는 강남거리가 그 주인공이다. 각기 다른 모습들을 지니고 있지만 네 곳은 모두 활기찬 에너지를 발산하며 창조적 문화를 선도해 가는 공간이다. 늘 많은 사람들이 붐비는 곳으로 고층 빌딩의 스카이라인에 압도되는 것만 같고, 다람쥐 쳇바퀴 돌 듯 바쁘게만 돌아가는 경직된 일상이 숙명인 듯한 이곳에서 어떤 산책을 해야 할까 싶다. 그러나 저자는 마치 과거는 적응하지 못하고 도태되어 버리고 현재만이 존재하는 듯한 이곳들을 애처롭게 바라보면서도 열정과 도전이 이뤄 낸 현재의 모습에 감탄하고 밝은 미래를 전망한다. 이처럼 애정어린 시선 때문인지 시장이나 거리뿐만 아니라 상가의 탄생 배경과 성장 과정까지도 들려주는 그의 발길을 따라가다 보면 많은 사람을 불러 모으는 이 장소들을 우리가 어떻게 대해야 할지 자연스럽게 알게 된다.","['역사', '문화/역사기행', '한국 문화/역사기행']"
10523,(테마와 스토리가 있는)세계여행. [2]: 유럽편,권미혜 외 지음,푸른길,2018,980.24 권38ㅅ v.2,9788960000000,https://search1.kakaocdn.net/thumb/R120x174.q85/?fname=http%3A%2F%2Ft1.daumcdn.net%2Flbook%2Fimage%2F878009%3Ftimestamp%3D20221003225552,"선생님들이 모여 재미있는 세계여행 이야기를 들려주는 『테마와 스토리가 있는 세계여행』. 세계여행 혹은 배낭여행이라 하면 누구나 한 번쯤 꿈꿔 보았을 법한 유럽 여러 나라를 두루 여행하고 기록한 선생님들의 체험담이다. 유럽편에는 영국 및 잉글랜드에 속한 웨일스와 스코틀랜드, 프랑스 및 남부 코트다쥐르의 휴양지 니스와 에즈, 생폴드방스, 스위스, 오스트리아, 독일, 베네룩스 3국, 스페인, 포르투갈, 이탈리아, 모나코, 크로아티아, 그리스, 체코, 헝가리, 러시아, 터키에 이르기까지 유럽의 중심지를 아우르고 있다. 특히 여러 명소의 역사와 문화, 지리적 특징과 풍습 등을 소개할 뿐만 아니라, 다른 곳에 사는 누군가에겐 평범한 일상생활 공간에 불과할 수 있는 장소의 사람들이 살아가는 생활 모습을 보여 주며 다르지만 하나의 공감대를 느낄 수 있는 교훈을 얻는 여행지에서의 경험과 에피소드, 소회를 들려준다.","['여행', '유럽여행', '유럽여행 에세이']"
10524,(테마와 스토리가 있는)세계여행. [1]: 세계편,권미혜 외 지음,푸른길,2018,980.24 권38ㅅ v.1,9788960000000,https://search1.kakaocdn.net/thumb/R120x174.q85/?fname=http%3A%2F%2Ft1.daumcdn.net%2Flbook%2Fimage%2F878014%3Ftimestamp%3D20220925192424,"선생님들이 모여 재미있는 세계여행 이야기를 들려주는 『테마와 스토리가 있는 세계여행』. 우리나라와 가까운 이웃 나라부터 지구 반대편의 먼 나라까지, 유럽 외의 다섯 대륙을 모두 다룬다. 규슈, 오사카, 교토, 베이징, 상하이, 타이완, 인도, 네팔, 베트남, 라오스, 말레이시아, 싱가포르 등의 아시아와 모로코, 이집트, 남아프리카 공화국 등의 아프리카, 시드니, 멜버른, 뉴질랜드 등의 오세아니아를 거쳐 하와이, 워싱턴, 라스베이거스 등의 미국뿐만 아니라 페루, 브라질의 남아메리카까지! 도시와 국가를 막론하고 우리가 궁금해하고 흥미를 가질 만한 지역을 두루 여행한다. 세계 곳곳의 문화를 직접 경험한 선생님들이 독자들과 함께 손잡고 걸으며 그 지역을 소개해 주듯, 쉽고 재미있는 설명이 어우러진 여행 이야기가 펼쳐진다.","['여행', '세계일주여행', '세계일주여행 에세이']"
10525,자리의 지리학,이경한 지음,푸른길,2018,980 이14ㅈ,9788960000000,https://search1.kakaocdn.net/thumb/R120x174.q85/?fname=http%3A%2F%2Ft1.daumcdn.net%2Flbook%2Fimage%2F3761057%3Ftimestamp%3D20220421174305,"이 책의 저자인 지리학자 이경한은 지리가 우리와 동떨어지지 않도록 일상 친화적인 주제로 지리 교양서를 집필하며 지리의 대중화에 힘써 온 지리 러버(lover)이자 선구자이다. 저자는 전작 『일상에서 장소를 만나다』, 『골목길에서 마주치다』, 『일상에서 지리를 만나다』에서 우리가 미처 의식하지 못하고 지나쳐 버릴 수 있는 일상의 지리적 세계로 독자를 인도해 주었다. 신간 『자리의 지리학』도 전작들과 같이 일상적인 지리를 다루지만, 이번에는 ‘자리’라는 개념으로 여러 주제를 한데 묶었다는 점에서 조금 더 특별하다. 이 책에서는 자리라는 개념을 적용하여 지리 현상을 새로운 관점으로 해석한다. 자리는 위치(position), 입지(location), 장소(place) 등을 아우르는 우리말 개념이다. 사람이든 사물이든 자리를 뛰어넘어 존재하기란 불가능하며 우리는 각자 자신의 분량만큼 자리를 차지하고 일정한 역할과 기능을 한다. 또한 자리는 마음의 경관이 머무는 곳이며, 삶을 담아내는 그릇이다. 이런 자리의 특성과 자리와 삶 사이의 상호작용을 살펴보는 것이 바로 ‘자리의 지리학’이다. 그렇기 때문에 일상의 삶 속에서 만나는 자리를 살펴봄으로써 삶을 살아가는 지혜를 얻을 수 있다.","['사회과학', '지리학/지정학', '지리학']"
10526,(지리쌤과 함께하는)우리나라 도시 여행. 2,전국지리교사모임 지음,폭스코너,2019,981.1 전16ㅇ v.2,9791190000000,https://search1.kakaocdn.net/thumb/R120x174.q85/?fname=http%3A%2F%2Ft1.daumcdn.net%2Flbook%2Fimage%2F5080168%3Ftimestamp%3D20240516132909,"우리나라 도시의 기준은 읍 단위(인구 2만 명 이상) 이상이다. 우리나라 인구의 90퍼센트 이상이 도시 인구이다. 도시는 하나의 공간일 뿐 아니라, 역사와 삶의 흔적을 아로새긴 채 끊임없이 성장하고 쇠락하며 변화하는 속성을 지니고 있다. 그런 도시들을 제대로 알면 대한민국의 지리와 역사, 문화를 한눈에 읽을 수 있다. 전국지리교사모임 선생님들이 집필한 《지리쌤과 함께하는 우리나라 도시 여행 2》는 우리나라 대표 도시들의 지리와 역사, 문화를 친절하고 재미있게 소개해주어 주목받았던 《우리나라 도시 여행》에 이은 두 번째 책이다. 이번 2권에서는 서울(북촌과 익선동, 신촌과 홍대, 이태원과 대림동), 부천, 성남, 여주, 원주, 철원, 삼척, 청주, 당진, 대전, 전주, 남원, 광주, 안동, 대구, 거제, 울릉도와 독도 등 17개 도시의 지리와 역사와 문화를 다룬다. 시리즈의 기조를 이어 현역 지리교사들이 직접 답사하며 해당 도시의 공간적 속성과 역사적 변천사, 그리고 그 과정에서 형성된 지역 특유의 문화까지 상세하고 친절하게 설명해준다. 대한민국을 대표하는 도시들을 소개하기 때문에, 책을 읽다 보면 자연스럽게 대한민국을 일주하게 된다. 공간적으로도 그렇지만, 과거와 현재, 나아가 미래까지 조망할 수 있어 시간적인 일주도 가능하다. 특히 2권은 서울 북촌에서 우리나라 최동단의 독도까지 찾아가는 여정이므로 일본의 망언들이 쏟아지는 현시점에서 더욱 뜻깊은 여행이 될 것이다. 각 도시 특유의 자연환경, 도시가 형성되고 변화한 지리적 ? 역사적 과정, 꼭 가보아야 할 명소들의 의미와 가치, 각 도시가 안고 있는 현안 등을 두루 다루고 있다. 대한민국의 역사와 지리, 문화에 대한 인문학적 교양은 물론, 충실한 지역 소개가 되어 있어 여행 가이드로도 손색이 없다.","['사회과학', '지리학/지정학', '지리학']"
10527,백두대간 눈으로 그리다. 1,김태연 지음,산악문화,2018,981.102 김883ㅂ v.1,9788990000000,https://search1.kakaocdn.net/thumb/R120x174.q85/?fname=http%3A%2F%2Ft1.daumcdn.net%2Flbook%2Fimage%2F1217588%3Ftimestamp%3D20240926114755,"이 책은 고등학교 지리 교사인 저자가 본인은 물론 학생들에게 우리의 지리 인식을 제대로 알리고자 하는 열정과 사명감으로 2년에 걸쳐 백두대간을 직접 완주한 기록을 담고 있다. 백두대간 전체 구간 안내도, 거리, 시간 등 세부 정보는 물론이고 직접 찍은 전 구간의 사진들이 산별로 일목요연하게 정리돼 있다. 특히 백두대간 주능선에서 바라본 겹겹이 펼쳐진 조망산에 대한 설명은 타의 추종을 불허한다. 손수 찍은 사진마다 봉우리에 대한 조망점을 표시해놔서 백두대간에서 보이는 산들에 정보를 한눈에 알아볼 수 있다. 또한 각 구간별 안내도가 충실하게 그려져 있어 이 책 한권이면 백두대간을 종주하는 데도 충분하다. 백두대간에 대한 많은 정보를 담다보니 분량이 방대해 2권으로 나눠 출간될 예정이다. 이번에 나온 제1권은 지리산부터 조령산 구간을 실었다. 비록 산에 가지 않아도 조망점 사진을 통해서 백두대간을 엿볼 수 있는 친절한 가이드가 아닐 수 없다.","['여행', '국내 여행가이드', '전국여행 가이드북']"
10528,지리 창문을 열면,"서태동, 하경환, 이나리 공지음",푸른길,2018,980 서883ㅈ,9788960000000,https://search1.kakaocdn.net/thumb/R120x174.q85/?fname=http%3A%2F%2Ft1.daumcdn.net%2Flbook%2Fimage%2F3770142%3Ftimestamp%3D20240815113155,"오늘날 아이들이 학교에서 배우는 지리 수업은 지리에 대한 이해보다는 시험을 위한 암기 과목에 그치는 실상이다. 아이들 역시 방대한 지리 교과서 앞에 갈피를 잡지 못하고 흥미를 잃어버리고 있다. 지리란 무엇이며 학생들은 왜 지리를 배워야 하는가? 이 책은 이러한 질문에서 시작되어, 학생들이 좀 더 재밌고 쉽게 읽을 수 있는 지리책에 대한 필요에 의해 만들어졌다. 이를 위해 세 명의 지리 교사는 지리의 핵심 개념을 일상생활에 적용한 뒤 학생들 눈높이에 맞춰 쉽게 풀어 썼다. 또한 8가지 주제(지리, 입지, 공간, 장소, 이동, 지역, 스케일, 지도)를 지도, 표, 영상으로 넘어가는 QR코드 등 다양한 시각 자료를 통해 한눈에 알아볼 수 있도록 구성했다. 내용 이해를 돕기 위해 저자가 직접 그린 아기자기한 삽화는 이 책이 가진 매력 중 하나다. 무엇보다 한 손에 쏙 들어오는 사이즈로 들고 다니며 어디서든 읽기 편하다. 작은 판형에도 불구하고 ‘글쓰기 주제’, ‘더 읽으면 좋을 책’ 등 심화 학습을 위한 구성까지 놓치지 않았다.","['청소년', '청소년 인문/사회']"
10529,(독일 지리학자가 담은)한국의 도시화와 풍경,에카르트 데게 지음; 김상빈 옮김,푸른길,2018,981.1 데14ㅎ,9788960000000,https://search1.kakaocdn.net/thumb/R120x174.q85/?fname=http%3A%2F%2Ft1.daumcdn.net%2Flbook%2Fimage%2F4811869%3Ftimestamp%3D20230207184135, 한국의 도시화와 풍경에 관한 내용을 담은 전문서적입니다.,"['사회과학', '지리학/지정학', '지리학']"
10530,여행기의 인문학,한국문화역사지리학회 지음,푸른길,2018,980 한16ㅇ,9788960000000,https://search1.kakaocdn.net/thumb/R120x174.q85/?fname=http%3A%2F%2Ft1.daumcdn.net%2Flbook%2Fimage%2F4369902%3Ftimestamp%3D20231206151748, 세계문화답사에 관한 내용을 담은 전문서적입니다.,"['사회과학', '지리학/지정학', '지리학']"
10531,경제를 읽는 쿨한 지리 이야기,성정원 지음,맘에드림,2019,320.98 성74ㄱ,9791190000000,https://search1.kakaocdn.net/thumb/R120x174.q85/?fname=http%3A%2F%2Ft1.daumcdn.net%2Flbook%2Fimage%2F5076316%3Ftimestamp%3D20240327140235,"얼마 전 뉴스에서 한때 화려한 명성을 자랑했던 ‘경리단길’의 쓸쓸한 현주소를 집중 조명한 바 있다. 경리단길은 불과 수년전만 해도 사람들의 발길이 끊이지 않던 소위 서울의 핫 플레이스 중 한곳이었다. 그런데 어찌된 영문인지 사람들의 발길은 점차 뜸해졌고, 이제는 곳곳에 임대를 알리는 빈 상가들이 즐비하다. 솟구칠 대로 솟구친 임대료 때문에 빈 가게를 임대하겠다며 선뜻 나서는 사람들도 거의 없는 형편이다. 대체 왜 이런 일이 생긴 걸까? 비단 경리단길뿐만이 아니다. 이미 서울 곳곳에 경리단길의 전처를 밟는 곳들이 속속 나타나고 있다. 경제와 지리의 역동적 상호작용이 만들어낸 흥미진진한 세상 이야기 속으로... 경리단길을 포함해 도시의 핫 플레이스에서 종종 나타나는 젠트리피케이션 현상은 지리와 경제의 상호작용을 보여주는 대표적인 사례 중 하나이다. 사실 지리는 경제의 이모저모를 파악하는 데 매우 유용한 학문이다. 경제와 지리는 서로 떼려야 뗄 수 없는 밀접한 관계를 이루며, 상호작용을 통해 다양한 사회 현상들을 만들어낸다. 이 책은 지리라는 렌즈를 통해 세상 구석구석을 살펴보는데, 특히나 경제에 초점을 맞추고 있다. 그저 달달 외우기 바쁜 지루한 암기과목으로서의 지리가 아니라, 지리의 각 요인과 경제 사이의 역동적 상호작용이 만들어낸 흥미진진한 결과들을 살펴봄으로써 자연스럽게 경제를 이해할 수 있을 것이다.","['청소년', '청소년 인문/사회']"
10532,답사 소확행,"정은혜, 오지은, 황가영 공지음; 노시학 감수",푸른길,2019,980.24 정67ㄷ,9788960000000,https://search1.kakaocdn.net/thumb/R120x174.q85/?fname=http%3A%2F%2Ft1.daumcdn.net%2Flbook%2Fimage%2F5059685%3Ftimestamp%3D20220915203927,"서점에 가면 프랑스 파리처럼 유명한 도시부터 잘 알려지지 않은 곳까지 다양한 지역과 종류의 여행서를 심심치 않게 찾아볼 수 있다. 일상을 벗어난 여행을 통해 느끼는 즐거움이 그만큼 크기 때문이다. 여기서 더 나아가 일과 삶의 균형을 뜻하는 워라밸이 중시되는 요즘에는, ‘소확행’이나 ‘가심비’처럼 일상 속에서도 작은 행복과 만족을 추구하는 트렌드가 떠오르고 있다. 이러한 때에 출간된 『답사 소확행』은 지리학을 공부하는 사람들의 답사와 여행을 담은 책으로, 단조로운 일상을 충만한 여행의 순간으로 물들이는 ‘답사’라는 ‘소확행’을 보여 준다. 각종 여행기가 범람하는 속에서 과연 지리학을 공부하는 사람들의 여행과 답사는 어떠할까? 지표 위의 모든 것을 배운다는 지리학의 관점에서 여행지는 단순히 공간의 물리적 변화만을 이야기하지 않는다. 장소를 보는 방식의 변화, 즉 장소와 인간의 관계를 묻고 그것이 어떻게 변해 왔는지를 살핀다. 그저 로마에 가 봤다고 로마를 안다고 할 수 없는 것처럼, 사람들이 찾는 여행지에는 그 지역만의 특별한 경관이 있고 그 속에 숨겨진 사람의 이야기가 있다. 이 책에서는 이렇듯 지리학이라는 색다른 시선으로 각 여행지가 품은 풍성한 이야깃거리를 찾아낸다. 신비한 얼음골의 비밀을 간직한 경남 밀양부터 자유와 불평등이 혼재하는 도시 터키 이스탄불까지, ‘지리학’이라는 공통분모 아래 펼쳐지는 답사 이야기는 보는 이의 오감을 절로 자극한다. 설화, 예술작품, 도시·문화·관광, 자연환경이라는 네 가지 테마를 가지고 국내외를 넘나들며 답사한 내용들은 지리학 교수와 그의 제자들이 함께 쓴 글로 담겨졌다. 스승과 제자라는 세대를 아울러 쓰인 글 곳곳에서는 세상을 바라보는 이들의 넓고 깊은 이해가 그대로 묻어난다. 여기에 오랜 시간 지리학을 연구한 명예교수의 감수까지 더해져 이 책은 단순히 흥미를 넘어선 내용의 깊이까지 갖췄다. 그동안 여행을 하며 여행지에 대한 지적 목마름을 느껴 본 독자라면 필시 이 책을 통해 그 열망을 채울 수 있을 것이다. 여기에 책을 통해 만나게 될 다채로운 매력의 여행지들은 우리의 일상에 작지만 커다란 행복감을 선사해 줄 것이다.","['역사', '문화/역사기행', '동서양 문화/역사기행']"
10533,우리집에 화학자가 산다,김민경 지음,Humanist(휴머니스트 출판그룹),2019,430 김38ㅇ,9791160000000,https://search1.kakaocdn.net/thumb/R120x174.q85/?fname=http%3A%2F%2Ft1.daumcdn.net%2Flbook%2Fimage%2F4892864%3Ftimestamp%3D20240807130455, 화학에 관한 내용을 담은 전문서적입니다.,"['과학', '기초과학/교양과학']"
10534,가기 전에 쓰는 글들,허수경 지음,난다,2019,814.6 허56ㄱ,9791190000000,https://search1.kakaocdn.net/thumb/R120x174.q85/?fname=http%3A%2F%2Ft1.daumcdn.net%2Flbook%2Fimage%2F5092066%3Ftimestamp%3D20221107225239,"2018년 10월, 우리의 곁을 떠난 허수경 시인의 1주기를 맞아 펴낸 유고집 『가기 전에 쓰는 글들』. 끝끝내 죽음에 당황하지 않고, 끝끝내 죽음에서 삶의 명징함을 찾으려한 시인 허수경이 세상을 떠나기 전까지 남긴, 특히나 시와 관련한 글들을 그 기본 뼈대로 한 유고집이다. 이 책은 총 3부로 이루어져있다. 1부는 저자가 2011년부터 2018년까지 ‘글들’이라는 폴더 안에, 제각각 폴더 이름은 ‘2011 작은 글’, ‘2012 NOTE’, ‘2013 글들’, ‘2014 희망들’, ‘2015 Schriften’, ‘2016 SH’, ‘2017 병상일기’, ‘2018 가기 전에 쓰는 시들’로, 근 7년간 써내려간 시작 메모를 시기별로 담아냈다. 2부는 저자가 2016년 시집 《누구도 기억하지 않는 역에서》를 출간한 이후 타계하기 전까지 각종 문예지에 발표한 시의 모음, 3부는 저자가 자신의 시에 부친 작품론과 시론, 이 두 편을 담았다. 저자가 직접 그 제목을 써서 정리해나간 생의 마지막 노트이자 속내인 이 책에 담긴 삶 안팎을 성찰하고 뱉어낸 사유들이 깊고도 뜨거우면서도 넓고도 서늘하다.","['에세이', '한국에세이']"
10535,"친애하는 인간에게, 물고기 올림",황선도 지음,동아시아,2019,477.3 황54ㅊ,9788960000000,https://search1.kakaocdn.net/thumb/R120x174.q85/?fname=http%3A%2F%2Ft1.daumcdn.net%2Flbook%2Fimage%2F5064193%3Ftimestamp%3D20250301130237,"생물다양성 보존을 위해서 일하고 있는 황선도 국립해양생물자원관 관장. 20년 이상을 우리나라 해양생물 연구에만 매진한 그가 경향신문 《전문가의 세계》에 연재한 ‘漁! 뼈대 있는 가문, 뼈대 없는 가문’ 원고와, 계약이 끝나 표류하던 《멸치 머리엔 블랙박스가 있다》 원고를 재구성하여 엮어낸 『친애하는 인간에게, 물고기 올림』. 《자산어보》에 기록된 조선시대의 식문화와 물고기들의 생태에서부터 최신의 연구 성과에 이르기까지, 생태학적 정보에서부터 해양생물에 얽힌 각종 재미난 이야기까지 경계를 자유자재로 넘나드는 흥미진진한 이야기들을 만나볼 수 있다. 이를 통해 우리의 삶에 해양생물들의 존재가 깊이 뿌리박혀 있음을, 그리고 앞으로도 자연과의 공존을 위해서 그들의 삶에서 눈을 돌려서는 안 된다는 것을 깨닫게 된다.","['과학', '기초과학/교양과학']"
10536,포스트휴먼 오디세이,홍성욱 지음,Humanist(휴머니스트출판그룹),2019,331.54 홍54ㅍ,9791160000000,https://search1.kakaocdn.net/thumb/R120x174.q85/?fname=http%3A%2F%2Ft1.daumcdn.net%2Flbook%2Fimage%2F5115605%3Ftimestamp%3D20221011191122,"지금 우리에겐 휴머니즘을 넘어선 새로운 감수성이 필요하다! 포스트휴먼 시대에 관한 연구를 주도하고 있는 과학기술학자 홍성욱은 포스트휴머니즘이라는 인간과 세상에 대한 새로운 ‘감수성’이 어떻게 만들어졌는지 추적한다. 더 이상 휴머니즘만으로 세계를 이해할 수 없는 현재, 신인류가 갖추어야 할 새로운 감수성으로 포스트휴머니즘을 조명한 것이다. 포스트휴먼 감수성을 가진 사람은 타인, 공동체, 동물, 자연 같은 외부 세상을 다르게 보고, 다르게 느낀다. 저자에 따르면 “포스트휴머니즘은 인간의 이성과 과학기술의 진보에 대해 겸손한 태도를 견지하면서, 인간과 동물, 인간과 환경, 인간과 인공지능 로봇이 서로를 형성하고 서로 의존하는 관계”임을 인지한다는 것이다. 인간중심주의를 벗어나 동물, 자연, 사이보그, 기계 등의 비인간과 인간이 건강한 관계를 맺어나가기 위해서 우리는 무엇을 성찰해야 할까?","['과학', '기초과학/교양과학']"
10537,세상은 온통 화학이야,마이 티 응우옌-킴 지음; 배명자 옮김; 김민경 감수,한국경제신문:한경BP,2019,430 응66ㅅ배,9788950000000,https://search1.kakaocdn.net/thumb/R120x174.q85/?fname=http%3A%2F%2Ft1.daumcdn.net%2Flbook%2Fimage%2F5077734%3Ftimestamp%3D20250409133642,"화학은 딱딱하고 지루하다? 이 책은 이런 편견을 여지없이 깨버린다. 화학에 대한 정보를 주는 책은 많지만 가벼운 마음으로 화학에 끌리도록 만드는 책은 이 이상 나오기 어려울 듯싶다. -[추천사] 팟태스트 <파토의 과학하고 앉아있네> 원종우 대표 대부분의 사람들에게 ‘화학’은 몸에 해롭고, 독성을 포함하며, 인위적인 것으로 통한다. 학교에서조차 학생들에게 어렵다는 이유로 외면당하는 과목일 뿐이지만, 그것은 화학이 무엇인지 제대로 알지 못하기 때문이다! 저자 마이 티 응우옌 킴 박사는 못생긴 아이를 최대한 남들에게 예쁘게 보이게 하려는 엄마의 마음으로, 화학이 무엇인지를 일반 독자들에게 쉽고 재미있게 소개한다. 모닝콜 소리에 잠에서 깨어 와인 한 잔 후 잠들 때까지, 하루 일과를 화학자의 시선으로 바라보고 풀어나가는 신기한 경험으로 독자들을 초대한다. . 아침에 모닝콜이 울리면 왜 짜증이 날까? . 모닝커피는 언제 마시는 게 가장 효과적일까? . 충치 예방을 위해서는 어떤 치약을 써야 할까? . 천연 비누는 정말 몸에 더 좋을까? . 술에 취하면 왜 속마음을 그대로 말하게 될까? 살면서 한 번쯤은 궁금증을 가져본 적 있을 법한 일상 속 현상들을 화학 원소로 쪼개어, 어떤 화학 반응이 우리 안에서 그리고 우리 주변에서 은밀하게 진행되는지 기발하면서도 재밌게 풀어낸다. 저자의 하루를 따라 정신없이 읽다보면 어느새 화학을 취미처럼 재미있게 즐기고 있는 자신을 발견하게 될 것이다. 《세상은 온통 화학이야》는 총 80만 명 이상의 구독자를 보유한 독일의 유명 유튜버이자 젊은 화학자, 저널리스트인 마이 티 응우옌 킴 박사가 유튜브 채널 <The Secret Life Of Scientists(과학자의 은밀한 삶)>과 <maiLab(마이랩)>에서 다룬 화학 주제들을 저자의 하루 일과로 구성한 책이다. 마이 티 응우옌 킴 박사는 화학의 재미에 매료되는 것을 ‘화학 스피릿’이라는 단어로 표현하며, 화학 스피릿을 전염병처럼 많은 사람들에게 퍼트리는 미션을 수행하고 있다. 이 책을 통해 부디 당신도 화학 스피릿에 전염되어 세상을 바라보는 새로운 시각을 갖게 되길 바란다. 책을 다 읽고 나면 정말로 세상은 온통 화학임을 깨닫게 될 것이다!","['과학', '화학', '쉽게 배우는 화학']"
10538,괜찮아 돌아갈 수 없어도.,이찬호 지음,새잎,2019,818 이82ㄱ,9791190000000,https://search1.kakaocdn.net/thumb/R120x174.q85/?fname=http%3A%2F%2Ft1.daumcdn.net%2Flbook%2Fimage%2F4856329%3Ftimestamp%3D20231014153200,"2017년 8월 18일 강원도 철원에서 K-9자주포 폭발 사고가 발생했다. 이찬호 병장은 전신 55% 화상을 입었고, 청와대 국민청원 이후 여전히 해결되지 않은 문제와 싸우고 있다. 『괜찮아 돌아갈 수 없어도』는 사고 후 수도 없이 죽음을 생각했던 이찬호 병장이 상처를 당당히 드러내며, 유쾌하게 아픔을 극복했음을 알리는 글과 사진이 담긴 책이다. 많은 이들의 관심과 도움으로 용기를 얻었기에 뜨거움을 따뜻함으로 나누는 삶을 살고자 한다. 이 책은 첫 번째 프로젝트이며, 저자의 수익은 모두 화상 환자나 필요한 곳에 기부된다.","['에세이', '사진/그림 에세이']"
10539,땜장이 의사의 국경 없는 도전,김용민 지음,오르골,2019,510.4 김65ㄸ,9791200000000,https://search1.kakaocdn.net/thumb/R120x174.q85/?fname=http%3A%2F%2Ft1.daumcdn.net%2Flbook%2Fimage%2F4987696%3Ftimestamp%3D20230217201504,"예비 의사들이 시험 족보보다 먼저 챙겨봐야 할 책. 의대 교수에서 국경없는의사회 활동가로 변신한, 자칭 ‘땜장이 의사’의 도전 이야기. 35년 차 의사가 말하는 의사의 존재 이유, 그리고 어떤 인생을 살 것인가. 서울대 출신 정형외과 전문의인 저자가 국립대 의대 교수라는 안정적인 직위와 명예를 내려놓고 새로운 도전에 나서기까지의 여정이 담겨 있다. 저자는 환자의 치유를 돕거나 누군가의 부족한 부분을 메꿔주는 땜장이 역할을 할 때 보람을 느낀다고 말한다. 아울러 의사에게 무엇보다 중요한 것은 ‘봉사 정신’임을 강조한다. 이 책은 4개의 장에 40편의 글과 사진이 실려 있다. 1장에는 현재의 저자를 있게 한 개인의 역사, 2장에는 교수로서 제자를 양성하는 과정, 3장에는 구체적인 예로 살펴본 봉사의 의미, 4장에는 다양한 구호활동 및 국경없는의사회 소개를 포함하여 생의 의미를 찾아가는 내용을 담았다. 한때 국어교사를 꿈꾸던 저자의 글답게 편하게 술술 읽힌다. 글 뒤에는 시대상을 보여주는 1970년대 교복 입학식, 소록도의 마리안느와 마가렛, 국경없는의사회 등 관련 사진이 곁들여져 친근감을 더한다. 저자는 소록도에서 공중보건의 근무를 계기로 이타적인 삶을 지향하게 되었다고 밝힌다. 전공도 ‘한센병 환우’에게 도움이 되고자 정형외과를 선택했으며, 의대 교수로 재직하는 동안 학생 눈높이에 맞는 선생, 환자 입장을 헤아리는 의사가 되기 위해 노력했다. 아이티 지진 구호단으로 활동한 이후 ‘자신을 더 필요로 하는 곳’에 가겠다고 결심, 6년 일찍 조기 퇴직한 뒤 국경없는의사회 구호활동가가 되어 팔레스타인 가자 지구 및 아프리카 오지 감벨라 등을 누비고 있다. 이와 같은 저자의 모습은 일상에 안주하며 늘 ‘하지 않을 이유’를 찾느라 바쁜 우리의 삶을 돌아보게 한다. * 우리는 어떤 도전을 앞두었을 때, 가진 것을 잃을까 봐 선뜻 뛰어들지 못하거나, 굳이 귀찮은 수고를 하지 않을 이유를 찾느라 급급하다. 그럼에도 불구하고 적극적으로 도전하는 것이야말로 우리 인생을 더 아름답고 의미 있게 만든다._250쪽, ‘하지 않을 이유는 많지만’ 중에서","['에세이', '한국에세이']"
10540,파란하늘 빨간지구,조천호 지음,동아시아,2019,453.9 조83ㅍ,9788960000000,https://search1.kakaocdn.net/thumb/R120x174.q85/?fname=http%3A%2F%2Ft1.daumcdn.net%2Flbook%2Fimage%2F4910044%3Ftimestamp%3D20250321131411,"조천호 전 국립기상과학원 원장은 일반인의 눈높이에서 기후변화 시대의 본질을 설명하는 『파란하늘 빨간지구』. 우리가 누리고 있는 문명은 인간의 능력으로 이룩한 것 같지만, 사실 특정한 기후 조건에서 가능했던 우연의 산물이다. 현대 문명도 마찬가지다. 기술이 발달하면서 인간이 모든 것을 통제하고 있는 것처럼 보이지만, 해수면 상승이나 생태계 파괴 같은 대규모 환경 재앙이 일어나면 인간이 할 수 있는 일은 그리 많지 않을 것이다. 우리는 기후변화 문제를 생태 문제로 인식하지만 기후변화는 모든 곳에서 치명적인 문제를 일으킨다. 2018년 다보스 포럼에서 전문가 745명을 대상으로 한 설문조사를 실시했는데, 여기서 극한(재해성) 날씨는 대량살상 무기 다음으로 인류가 직면할 가장 영향력이 큰 위험에 뽑혔다. 그렇다면 기후변화는 우리 삶을 어떻게 바꾸는가? 저자는 이 책에서 과학적 데이터를 제시하며 기후변화가 일어난 원리를 설명하고, 앞으로는 어떻게 될 것이며, 기후변화가 일상이 된 지구에서 살아갈 수 있는지, 새로운 시대에 적응하기 위해 우리는 어떤 일을 해야 하는지 기후변화와 관련된 여러 사안을 알기 쉽게 풀어놓고, 과학적으로 지금 어떤 일이 일어나는지 설명하면서 그 일에 담긴 의미와 파급 효과에 대해 고민할 수 있는 기회를 전한다.","['과학', '지구과학', '기상학/기후']"
10541,섬,정현종 지음,문학판,2020,811.62 정94ㅅ,9788970000000,https://search1.kakaocdn.net/thumb/R120x174.q85/?fname=http%3A%2F%2Ft1.daumcdn.net%2Flbook%2Fimage%2F969024%3Ftimestamp%3D20221025114538,"4대에 걸친 여인들의 아름답고 애절한 사랑 이야기 『섬』. 지중해 푸른 바다 위에 떠 있는 외로운 섬 스피나롱가를 배경으로 사랑과 한과 애증이 뒤엉킨 가족사가 펼쳐진다. 고고학자인 아버지와 그리스 크레타 섬 출신인 어머니 사이에서 태어난 아름다운 영국 아가씨 알렉시스. 어머니가 감추어온 과거의 삶이 궁금해진 그녀는 엄마의 고향인 크레타 섬으로 여행을 떠나고, 어머니의 옛 친지인 포티니를 통해 숨겨진 가족사의 비밀을 듣게 된다. 나병환자들이 수용되어 죽음을 기다리던 섬, 스피나롱가. 그리고 외증조할머니와 외할머니와 이모할머니, 비극적인 병과 전쟁, 그 모든 것을 묵묵히 이겨낸 외증조할아버지와 나병 완치를 위해 애쓴 이모할아버지, 이모할머니의 순수하고 아름다운 사랑 등이 펼쳐지는데….","['소설/시/희곡', '영미소설']"
10542,오늘은 잘 모르겠어,심보선 지음,문학과지성사,2020,811.6 심45ㅇ,9788930000000,https://search1.kakaocdn.net/thumb/R120x174.q85/?fname=http%3A%2F%2Ft1.daumcdn.net%2Flbook%2Fimage%2F495409%3Ftimestamp%3D20231005195409,"사회학자이자 시인인 심보선의 세 번째 시집 『오늘은 잘 모르겠어』. 《슬픔이 없는 십오 초》와 《눈앞에 없는 사람》으로 대중과 문단의 주목을 한 번에 모아온 저자가 6년 만에 묶어낸 시집이다. 평론가의 해설을 덧붙이는 대신 저자가 선별한 에세이 《당나귀문학론》을 덧붙였다. 그동안 갈등이 첨예하게 대립하는 사회 운동의 현장에 자주 모습을 드러내왔던 저자의 모습은 시집 속에도 고스란히 투영되곤 하는데, 구의역에서 스크린도어 정비 중 사망한 소년에 대한 시 《갈색 가방이 있던 역》, 쌍용차 해고 노동자 문제를 다룬 《스물세번째 인간》 등에서 잘 드러나 있다. 끊이지 않는 삶의 슬픔과 고통, 어둠이 파노라마처럼 이어지는 가운데 저자는 슬픔 사이 찰나의 순간, 눈앞에 없는 것들의 존재를 포착해내고 불행한 현실을 부정하지 않으면서, 동시에 그 안에서 긍정적 결말을 끌어낼 수 있는 언어를 풀어놓는다. 불행이 꼬리를 물고 따라와도 우리가 서로에게 바통을 쥐여주듯 서로에게 가닿을 수 있다면 아주 작은 움직임으로 서로가 서로의 말에 닿을 수 있다면, 우리의 삶이 불행으로만 점철되지는 않을 수 있다는 어떤 가능성은 여전히 존재할 수 있음을, 저자는 자신의 시를 통해 전하고 있다.","['소설/시/희곡', '시', '한국시']"
10543,우울하면 좀 어때,김승기 지음,문학세계사,2019,189.1 김57ㅇ,9788970000000,https://search1.kakaocdn.net/thumb/R120x174.q85/?fname=http%3A%2F%2Ft1.daumcdn.net%2Flbook%2Fimage%2F4897236%3Ftimestamp%3D20221025160935,"매일 진료실에서 아주 많은 삶과 만나는 정신건강의학과 전문의 김승기 시인의 자존감 처방전 『우울하면 좀 어때』. 살아가면서 미처 읽어내지 못하고 ‘그냥 지나쳐 버린', '지나치고 있는’, '지나칠지도 모르는' 우리 삶의 순간들을 유심히 들여다볼 수 있다. 타인의 삶을 통해 보이지 않았던 나의 창을 들여다보게 될 수도 있다.","['에세이', '한국에세이']"
10544,하고 싶은 대로 살아도 괜찮아,윤정은 지음; 마설 그림,애플북스:비전비엔피,2018,818 윤74ㅎ,9791190000000,https://search1.kakaocdn.net/thumb/R120x174.q85/?fname=http%3A%2F%2Ft1.daumcdn.net%2Flbook%2Fimage%2F1633770%3Ftimestamp%3D20240426113143,"그동안 자기계발과 글쓰기 강사로 독자들과 소통한 윤정은 작가의 신작 에세이 ≪하고 싶은 대로 살아도 괜찮아≫가 출간됐다. 저자는 사회가 강요하는 고정관념에 매몰되지 않고 자유로운 나로 살기 위해서 필요한 ‘나를 돌보는’ 방법들을 이야기하며, 이 시대를 살아가는 여성에게 남을 위해 애쓰기보단 나를 돌아보고 행복한 나를 찾는 것이 중요하다고 말한다. 누군가에게 휘둘리지 않고 자유로운 나로 살기 위한 저자의 이야기를 읽고 있자면 마음이 따뜻해짐을 느낀다. 자기 자신으로 자립해가는 성숙의 과정이 마치 내 모습과도 같아 때론 눈물겹고 때론 기특하다. 이 책은 오롯이 자신에게 집중하며, 있는 그대로의 나를 사랑하고 싶은 사람들에게 위로와 공감을 불러일으킬 것이다. 완벽하지 않아도 괜찮다는 저자의 이야기들을 통해 타인의 말에 흔들리지 않고 자신만의 길을 가는, 나답게 사는 진짜 나를 찾는 여정을 떠나보자.","['에세이', '한국에세이']"
10545,"그래, 잠시만 도망가자",이종범 지음,위즈덤하우스:위즈덤하우스 미디어그룹,2018,818 이75ㄱ,9791160000000,https://search1.kakaocdn.net/thumb/R120x174.q85/?fname=http%3A%2F%2Ft1.daumcdn.net%2Flbook%2Fimage%2F1604503%3Ftimestamp%3D20250117113756,"인기 심리 웹툰 [닥터 프로스트] 이종범 만화가의 첫 번째 에세이.『그래, 잠시만 도망가자』는 팍팍한 삶 속에서 위로 받고 싶을 때, 아무리 열심히 살아도 행복하지 않을 때, 하고 있는 일에 의미를 찾지 못할 때, 자신의 인생을 고민하는 보통 사람들을 위한 책이다. 이 시대를 살아가는 젊은이라면 누구나 공감할만한 정체성과 일, 자존감, 관계, 행복에 관한 고민과 갈등의 흔적을 고스란히 담았다. 부끄럽고 찌질했던 자신의 어린 시절 이야기부터 웹툰 작가의 삶까지 담담하게 풀어낸 그의 고백은 그 어떤 현답이나 건설적인 조언보다 따뜻한 위로와 힘을 준다.","['에세이', '한국에세이']"
10546,그날이 우리의 창을 두드렸다,416세월호참사작가기록단 지음,창비,2019,818 사68ㄱ,9788940000000,https://search1.kakaocdn.net/thumb/R120x174.q85/?fname=http%3A%2F%2Ft1.daumcdn.net%2Flbook%2Fimage%2F4919422%3Ftimestamp%3D20231124170925,"세월호 참사 이후 5년. 이제 그만 잊으라고 말하는 목소리들 사이에서 세월호 참사란 과연 무엇이었는지, 그 사건은 과연 종결된 것인지, 현재를 살아가는 우리는 그것으로부터 얼마나 안전한지, 우리는 과연 그들의 고통과 무관한지 성찰하게 하는 『그날이 우리의 창을 두드렸다』. 《금요일엔 돌아오렴》, 《다시 봄이 올 거예요》를 통해 세월호 희생자 유가족들과 생존학생의 육성을 기록하고 이를 널리 알림으로써 참사에 대한 사회적 기억과 공감을 확산해온 416세월호참사 작가기록단의 세 번째 책이다. 세월호 참사를 겪은 한 사람 한 사람의 삶은 어떤 궤적을 그렸는지 추적하는 이 책은 유가족이 겪은 지난 5년의 경험과 감정을 생생히 기록한 절절한 증언집이자 세월호 참사를 둘러싼 한국사회의 민낯을 폭로하면서 기억과 고통, 권력의 작동 문제를 파헤친다. 1장 고통의 단어 사전에서는 여느 사람에게는 지극히 평범한 일상어들을 통해 무너진 일상의 결을 하나씩 살핌으로써 세월호라는 사회적 참사가 개인에게 남긴 고통을 구체적으로 보여준다. 2장 세월호의 지도는 세월호의 공간에 새겨진 기억에 대해 말하고, 3장 416가족의 탄생은 지난 5년간 세월호 참사의 진상규명과 안전사회 건설을 위한 운동을 견인해온 416 가족협의회가 어떤 변화의 과정을 밟았는지 담았다. 4장 가족의 재구성은 재난이 가족을 어떻게 뒤흔들고, 우리 사회에서 가족이 어떻게 구성되는가를 되묻게 한다. 5장 다시 만난 세계는 사회적 관계가 어떻게 부서지고 다시 만들어지는가에 관해 이야기하고, 6장 시간의 숨결은 세월호가 점차 사람들의 기억 속에서 망각되어가는 과정을 지켜보면서 기약할 수 없는 긴 싸움을 해나가는 세월호 가족의 마음을 담았다.","['에세이', '한국에세이']"
10547,탁월한 사유의 시선,최진석 지음,북이십일 21세기북스,2018,104 최78ㅌ-2,9788950000000,https://search1.kakaocdn.net/thumb/R120x174.q85/?fname=http%3A%2F%2Ft1.daumcdn.net%2Flbook%2Fimage%2F624282%3Ftimestamp%3D20230419181727,"왜 우리는 철학을 해야 하는가? 철학이 나의 삶과 어떤 연관이 있는가? 철학이 지금 이 시대를 극복할 해답을 줄 수 있는가? 소란 섞인 건국, 기적적인 산업화, 혁명적인 민주화는 이루어냈지만 개인의 삶으로도, 국가적으로도 그 이상 나아가지 못하고 있는 대한민국의 오늘. 지금 우리는 전진과 후퇴의 경계에 서 있다. 그리고 이 위기를 극복하기 위해 우리는 진정한 의미의 철학을 시작하고자 한다. 지금까지의 철학은 철학자들이 남긴 내용을 숙지하거나 그들을 따라 살아보는 차원에 머물러 있었다. 즉 누군가가 한 생각의 결과를 ‘배우는’ 철학이었다. 그러나 철학은 이론화된 진리를 무조건 믿는 것이 아니다. 진정한 의미의 철학이란 스스로 삶에 관해 직접 ‘생각하는’ 것이다. 2015년 건명원에서 진행한 다섯 차례의 철학 강의를 묶은 이번 책은 건명원의 초대 원장인 최진석 교수가 개인과 사회를 날카롭게 관찰해온 사유의 결정체다. 저자는 나라를 이끌어갈 개인을 각성시키고 함께 시대적 사명을 감당하기 위해 혁명가이자 문명의 깃발로서의 역할을 자처하며 인문적, 지성적, 문화적, 예술적 차원으로의 선진화를 철학을 통해 제시한다.","['인문학', '교양 인문학']"
10548,은유로서의 질병,수전 손택 지음; 이재원 옮김,이후,2010,334.2 손883ㅇ이,9788990000000,https://search1.kakaocdn.net/thumb/R120x174.q85/?fname=http%3A%2F%2Ft1.daumcdn.net%2Flbook%2Fimage%2F1262895%3Ftimestamp%3D20250308113745,"질병을 둘러싼 은유들은 어떤 질병에 낙인을 찍으며 좀더 나아가서는 질병을 앓는 사람들에게 낙인을 찍어놓는다. 내 책의 목적은 이런 상상력을 부추기기보다는 가라앉히는 것이다. 전통적으로 문학이 자신의 목적으로 삼아 이루려 노력해왔던 일종의 의미부여가 아니라 뭔가에서 의미를 빼앗는것, 극히 논쟁적인 전략을 활용해 돈키호테마냥 지금의 이 세계, 이 신체에 가해진 해석에 반대하는 것이 저자의 목적이다. 물론 사람들은 은유없이 사고할 수 없다. 그러나 그렇다고 해서 우리가 자제하고 피하려 애써야 할 은유가 없다는 것을 의미하지는 않는다. 물론, 모든 사고는 해석이다. 그러나 그렇다고 해서 해석에 반대한다는 것이 언제나 옳지 않다는 것을 의미하지는 않는다.","['인문학', '교양 인문학']"
10549,하버드1교시,리처드 j. 라이트 지음; 장선하 옮김,힘찬북스,2019,377.25 라68ㅎ장,9791200000000,https://search1.kakaocdn.net/thumb/R120x174.q85/?fname=http%3A%2F%2Ft1.daumcdn.net%2Flbook%2Fimage%2F4923979%3Ftimestamp%3D20230527151102,"하버드 대학생 1,600명과 10년에 걸친 인터뷰를 통해 왜 누구는 대학생활을 현명하게 활용하여 성공하고, 왜 누구는 끝내 기회를 놓치고 마는지에 대한 물음에 핵심적인 답변을 제시하는 책!","['자기계발', '성공', '성공학']"
10550,미술관에 간 물리학자,서민아 지음,어바웃어북,2020,653.04 서38ㅁ,9791190000000,https://search1.kakaocdn.net/thumb/R120x174.q85/?fname=http%3A%2F%2Ft1.daumcdn.net%2Flbook%2Fimage%2F5226982%3Ftimestamp%3D20240619133930,"물리학은 만물의 이치를 탐구하는 학문이다. 구름은 어떻게 생성되는지, 사물의 형태나 색을 어떻게 인지하는지, 소리는 어떻게 전달되는지, 자전하는 지구에서 어떻게 떨어지지 않고 버틸 수 있는지……. 물리학자는 자연과 우주의 본질을 탐구하는 사람들이다. 만물의 본질을 각자의 언어로 궁구(窮究) 한다는 차원에서 과학자의 일과 예술가의 일은 다르지 않다. 이 책은 명화에서 물리학의 핵심 개념과 원리를 찾아 소개한다. 샤갈의 성 슈테판 교회 스테인드글라스에는 퀀텀닷과 나노입자의 과학, 다빈치의 〈모나리자〉에는 ‘꿈의 전자파’라 불리는 테라헤르츠파의 과학, 마그리트의 〈이미지의 배신〉에는 현대물리학의 큰 축인 양자역학, 몬드리안의 〈빨강, 파랑, 노랑의 구성〉에는 그래핀 같은 낮은 차원의 물질세계를 설명하는 과학이 담겨 있다. 그림에서 찾아낸 물리 법칙은 수식으로 설명하는 것보다 훨씬 쉬울 뿐만 아니라 아름답다. 이 책은 ‘프리즘’처럼 좀처럼 알아채기 힘든 물리학의 아름다움을 보여준다.","['과학', '기초과학/교양과학']"
10551,미술관에 간 화학자. 2: 두 번째 이야기,전창림 지음,어바웃어북,2019,653.04 전82ㅁ v.2,9791190000000,https://search1.kakaocdn.net/thumb/R120x174.q85/?fname=http%3A%2F%2Ft1.daumcdn.net%2Flbook%2Fimage%2F4952803%3Ftimestamp%3D20241107133749,"<미술관에 간 화학자 : 첫 번째 이야기>가 출간된 지 10년이 훌쩍 지났다. 강산도 변한다는 짧지 않은 세월 동안 과학계와 예술계는 물론 교육계에서까지 분에 넘치는 격찬을 받아왔다. 덕분에 많은 독자들로부터 사랑받으며 쇄를 거듭하고 있고, <미술관에 간 화학자 : 두 번째 이야기>까지 출간하는 소중한 기회를 얻었다. <미술관에 간 화학자 : 두 번째 이야기>에서도 전편 못지않은 흥미진진한 미술 속 화학이야기를 빼곡하게 담아냈다. ‘갈색으로 시든 해바라기에 무슨 일이?’에서, 고흐의 <해바라기>가 시간이 흐를수록 어두워지는 이유를 분석했다. 고흐가 아를의 강렬한 태양 아래서 크롬 옐로(chrome yellow)라는 물감에 왜 그리 집착할 수밖에 없었는지를 화학자의 시선으로 바라봤다. ‘절규하는 하늘의 색’에서는 뭉크의 <절규>에 등장하는 붉은빛 하늘에 대한 기상학자들의 매우 독특한 연구를 소개했다. 스페인 국민화가 고야의 ‘블랙 페인팅’ 작품을 다루면서, 빛을 모두 흡수하는 완전히 어두운 색이 왜 존재할 수 없는지도 알기 쉽게 설명했다. 미술사의 끝나지 않은 논쟁인 ‘선과 색의 싸움’도 매우 흥미롭다. 미술사의 고전적인 논쟁에서 한발 더 나아가 선으로부터 수학을, 색으로부터 화학을 이끌어냄으로써 예술적 사고가 어떻게 과학적으로 확장할 수 있는지를 풀어냈다. 이밖에도 ‘금빛의 화가’ 클림트가 작품에 애용했던 ‘금박’ 이야기, 영국의 풍경화가 컨스터블이 그린 공기의 색, 치명적인 악녀(팜 파탈)를 그리는 화학적 기법 등 불후의 명화 속에 숨겨진 화학적 에피소드들로 미술 감상의 재미를 더했다.","['과학', '기초과학/교양과학']"
10552,가와바타 야스나리,허연 지음,Arte(북이십일 아르테),2019,830.99 허64ㄱ,9788950000000,https://search1.kakaocdn.net/thumb/R120x174.q85/?fname=http%3A%2F%2Ft1.daumcdn.net%2Flbook%2Fimage%2F4966947%3Ftimestamp%3D20231206150931,"클래식 클라우드 시리즈의 열 번째 책 『가와바타 야스나리: 설국에서 만난 극한의 허무』의 저자 허연은 시인이자 문화전문기자로 활동해왔다. 그는 『설국』에 깊이 매료되어 가와바타 야스나리라는 세계로 통하는 거대한 문 앞에 선다. 연구원으로 일본에 머무르는 동안 그는 시시때때로 가와바타 야스나리와 연관된 장소로 향했다. 가와바타 야스나리가 『설국』을 구상하고 쓴 곳 에치고유자와는 특히 가장 중요한 목적지였다. 또한 가와바타 야스나리가 태어나고 자란 오사카에서 청년기를 보낸 도쿄를 거쳐 생의 나머지 반을 보낸 가마쿠라에 이르기까지, 그의 삶과 문학적 궤적을 따라가며 고독과 허무 그 자체로 절대미를 완성하고자 한 거장을 탐구했다.","['인문학', '교양 인문학']"
10553,푸치니,유윤종 지음,Arte(북이십일 아르테),2018,670.99 유66ㅍ,9788950000000,https://search1.kakaocdn.net/thumb/R120x174.q85/?fname=http%3A%2F%2Ft1.daumcdn.net%2Flbook%2Fimage%2F625536%3Ftimestamp%3D20230203153424,"오페라의 제왕. 푸치니에게 이보다 더 적확한 수식어는 없다. 오페라가 오늘날의 영화만큼이나 대중적인 여흥이었던 시절, 푸치니는 살아생전 명성을 떨치며 백만장자의 삶을 영위한 대작곡가다. 그러나 그는 과거의 인물이 아니다. 푸치니의 작품은 지난 세기 오페라의 마지막 절정기를 장식하는 데 머물지 않고 지금도 끊임없이 향유되며 재생산되고 있다. 오페라 극장들이 내놓은 ‘가장 자주 공연되는 오페라 목록’에 푸치니의 3대 흥행작 〈라 보엠〉 〈토스카〉 〈나비 부인〉은 언제나 6위 안에 들며, 북미 오페라 공연 일수의 4분의 1이 이 세 작품으로 채워진다는 통계도 있다. 휴대전화 판매원 출신의 테너 폴 포츠는 오디션장에서 ‘잠들지 말라Nessun Dorma’를 불렀고, 콜드플레이는 내한 공연 당시 첫 곡으로 ‘오 사랑하는 나의 아버지O mio babbino caro’를 연주했다. 각각 〈투란도트〉와 〈잔니 스키키〉 속 아리아다. 오페라의 시대가 지나간 지금, 어느 오페라 작곡가도, 어느 아리아도 이런 환대를 받은 적 없다. 『푸치니: 토스카나의 새벽을 무대에 올린 오페라의 제왕』은 푸치니의 아름다운 선율이 흐르는 오페라의 고향 이탈리아를 거닐며 그의 삶을 추적하는 특별한 여행기다. 여러 매체에 클래식 관련 칼럼을 기고하고 강의를 해온 유윤종 음악 전문 기자는 이 책에서 푸치니의 마력을 가감 없이 풀어냈다. 유윤종 기자는 푸치니가 영감을 받고 성장했던 장소로 직접 찾아가서 푸치니 작품에 응축되어 있는 푸치니의 경험을 추적한다. 루카에서 태어나 밀라노에서 데뷔한 후 잇따른 대작으로 성공하기까지, 그는 두 도시에서 사람들과 교류하며 거장으로 발돋움한다. 반평생의 거주 공간이자 〈라 보엠〉과 〈나비 부인〉의 탄생지 토레델라고를 거치면, 〈잔니 스키키〉와 〈토스카〉의 영광이 고스란히 남은 피렌체와 로마에 도착한다. 푸치니가 그곳에서 느끼고 사랑했던 것은 그의 오페라에 ‘멜랑콜리’와 ‘새벽’이라는 구체적인 감정과 시간으로 남아 있다.","['인문학', '교양 인문학']"
10554,레이먼드 카버,고영범 지음,Arte(북이십일 아르테),2019,843.5099 고64ㄹ,9788950000000,https://search1.kakaocdn.net/thumb/R120x174.q85/?fname=http%3A%2F%2Ft1.daumcdn.net%2Flbook%2Fimage%2F5124072%3Ftimestamp%3D20221011175745,"더러운 리얼리즘의 대가, 아메리칸 체호프, 헤밍웨이 이후 가장 영향력 있는 소설가로 평가받으며 작가들의 작가로 통하는 레이먼드 카버. 이 책 『레이먼드 카버』는 국내에 나와 있는 유일한 카버 평전의 역자이기도 한 고영범이 카버의 주요 소설뿐만 아니라 국내에서는 처음으로 그의 시까지 소개한다. 카버가 어린 시절 대부분을 보낸 야키마에서부터, 문학적 수련기를 보낸 치코와 아르카타, 대학 사회를 떠나 세상으로 나오면서 최하의 생활을 이어간 새크라멘토를 거쳐, 작가로서 전성기를 보내고 평생 원하던 삶을 비로소 누리며 말년을 보낸 시러큐스와 포트앤젤레스까지 카버의 삶과 문학의 여정을 따라가며 그의 삶과 문학 세계를 비추어주는 또 하나의 거울이 되어준다.","['인문학', '교양 인문학']"
10555,아리스토텔레스,조대호 지음,Arte(북이십일 아르테),2019,160.2 조23ㅇ,9788950000000,https://search1.kakaocdn.net/thumb/R120x174.q85/?fname=http%3A%2F%2Ft1.daumcdn.net%2Flbook%2Fimage%2F4949923%3Ftimestamp%3D20230520145713,"모두가 알지만 누구도 제대로 안다고 말하기 어려운, 가깝고도 먼 철학자 아리스토텔레스. 그가 남긴 지적 유산은 그 방대함만으로 이미 우리를 압도한다. 그는 자연 세계 전체, 생명과 인간을 연구 대상으로 삼고 천문학, 기상학, 물리학, 화학, 생물학, 심리학, 윤리학, 정치학 등을 학문으로 정립했으며 이 모든 학문을 위한 수단으로서 논리학의 기초를 놓았다. 겨우 예순두 해를 산 사람이 어떻게 그토록 방대한 업적을 남길 수 있었을까? 행복한 삶이란 무엇인가 하는 질문을 던질 때, 좋은 이야기는 어떻게 만들어지는지 궁리할 때, 민주주의와 현대 정치사상을 논할 때도, 우리는 자꾸만 이 케케묵은 고대 철학자를 소환하게 된다. 여전히 그가 우리에게 알려줄 것이 남았을까? 21세기에 아리스토텔레스를 읽는다는 것은 어떤 의미인가? 그가 열어 보여준 거대한 지식의 바다에서 길을 잃지 않도록 도와줄 지도는 없을까? 이 질문들에 답하기 위해, 아리스토텔레스 인생과 철학의 무대인 그리스로 떠났다. 아테네에서 스타게이라, 레스보스섬, 칼키스 등으로 이어지는 여정 속에서 저자 조대호 교수는 고대 그리스의 역사와 문화에 관한 풍성한 배경지식과 상상력을 동원해 2400년 전 한 철학자의 삶과 사상을 퍼즐 맞추듯 재구성해낸다.","['인문학', '교양 인문학']"
10556,(2020 제11회)젊은작가상 수상작품집. 11,강화길 외 지음,문학동네,2020,810.82 문92 v.11,9788950000000,https://search1.kakaocdn.net/thumb/R120x174.q85/?fname=http%3A%2F%2Ft1.daumcdn.net%2Flbook%2Fimage%2F5333460%3Ftimestamp%3D20231026181650,"한 해 동안 발표한 중단편소설 중 가장 눈부신 성취를 보여준 일곱 편의 작품에 수여하는 젊은작가상. 지난 10년간 독자들과 상호작용하며 굳건한 신뢰를 쌓아온 이 상이 2020년대로 진입한 첫해 새로이 호명한 수상자는 강화길 최은영 김봉곤 이현석 김초엽 장류진 장희원이다. 다시 한번 젊은작가상을 거머쥔 작가들의 탄탄한 행보와 낯선 기대를 품게 하는 신예 작가들의 신선한 기운이 한 권의 책 속에서 조화를 이루게 되었다. 제11회 젊은작가상 대상 수상작은 가부장제하에서 모든 갈등을 간파해야만 자신을 지킬 수 있는 아내의 삶을 아무것도 모를 수 있는 권력을 지닌 남편과 날렵하게 대비하며 전 세대 여성을 옭아매고 있는 거대한 구조를 들춰낸 강화길의 「음복(飮福)」이다. 방황 끝에 꿈을 좇아 대학으로 돌아온 화자가 단단한 관점과 다정한 배려를 보여준 선배 여성 강사와 만나고 헤어졌던 애틋한 시절을 복원해내면서 때로 연한 빛처럼 희미해지기도 하지만 분명 존재하고 있는 여성 간의 유대를 아름답게 펼쳐 보인 최은영의 「아주 희미한 빛으로도」, 낙태죄 헌법불합치 결정을 둘러싸고 뜨겁게 요청되어온 여성의 재생산권에 관한 고찰을 여러 여성들의 입장에서 다각도로 풀어낸 이현석의 「다른 세계에서도」등 일곱 편의 작품이 수록되어 있다.","['소설/시/희곡', '한국소설', '2000년대 이후 한국소설']"
10557,그레타 툰베리의 금요일,그레타 툰베리 외 지음; 고영아 옮김,책담:한솔수북,2019,539.98 툰44ㄱ고,9791170000000,https://search1.kakaocdn.net/thumb/R120x174.q85/?fname=http%3A%2F%2Ft1.daumcdn.net%2Flbook%2Fimage%2F5078891%3Ftimestamp%3D20250111122813,"‘미래를 위한 금요일-금요일마다 등교를 거부하고 기후 온난화 대책 마련을 촉구하는 운동(Fridays for Future, #FridaysForFuture)’을 촉발시킨 스웨덴의 16세 소녀. 2019 노벨 평화상 후보, 10대 환경 운동가 그레타 툰베리와 그 가족 이야기를 담은 『그레타 툰베리의 금요일』. 스웨덴의 10대 환경 운동가 그레타 툰베리와 그 가족이 기후변화를 멈추기 위해 싸워온 1년간의 이야기를 생생하게 담은 책이다. 스웨덴의 유명한 오페라 가수인 엄마와 연극배우인 아빠, 큰딸 그레타와 작은딸 베아타가 적극적으로 환경 운동에 앞장서게 된 데까지의 힘들고 가슴 아프지만, 감동적인 경험담을 담고 있다. 아스퍼거 증후군을 앓아 다른 사람들을 마주 보는 것조차 힘든 소녀 그레타는 2018년 8월, 뜨거운 어느 금요일에 그레타 툰베리는 학교 대신 국회 의사당으로 향했다. 그리고 ‘기후를 위한 등교 거부’라는 1인 시위를 통해 ‘지금 우리 지구, 우리 집이 불타고 있으니, 당장 행동해야 한다’고 외치기 시작했다. 지구 평균기온이 지금보다 섭씨 2도가 높아지면 우리에게 남은 미래는 없다고, 섭씨 2도의 목표를 달성하기까지 남은 시간은 18년 157일뿐이라고, 환경문제에 무심한 어른들을 향해, 정치인들을 향해, 세상을 향해 외치기 시작했고, 이 시위는 매주 금요일마다 이어졌으며 현재 전 세계로 퍼져 나가 133개국의 청소년 160만 명이 동참하는 ‘미래를 위한 금요일’이라는 캠페인이 되었다.","['사회과학', '환경/생태문제', '환경문제']"
10558,페인트,이희영 지음,창비,2019,813.6 이97ㅍ,9788940000000,https://search1.kakaocdn.net/thumb/R120x174.q85/?fname=http%3A%2F%2Ft1.daumcdn.net%2Flbook%2Fimage%2F4930111%3Ftimestamp%3D20250205130501,"2019년 출간된 뒤 40만 독자로부터 큰 사랑을 받은 『페인트』(창비청소년문학 89)가 교보문고 리커버:K로 독자들을 만난다. ‘부모를 면접한다’는 기발한 상상력으로 청소년 독자를 사로잡으며 제12회 창비청소년문학상을 수상한 『페인트』는 가족에 대해 진지한 성찰을 이끌어 내며 부모와 자녀가 함께 읽는 책으로 성인 독자들에게도 깊은 공감을 불러일으켰다. 특히 해외 7개국에 수출되며 국경을 넘는 보편적인 공감대를 보여 주었으며, 각종 추천도서 목록에 오르는 등 청소년문학의 스테디셀러로 자리매김했다. 오늘날 청소년문학의 독보적인 이름이 된 이희영 작가의 중요한 출발점인 『페인트』 리커버:K 특별 한정판은 색다른 구성으로 소장 가치를 더한다. 주인공들의 뒷이야기를 궁금해하는 독자들을 위해 외전 「모니터」를 함께 수록하고, 색색으로 다채롭게 펼쳐질 주인공들의 미래를 담아낸 표지와 독자들에게 건네는 애정 어린 특별판 작가의 말까지 매력을 가득 담았다. 연말연시 가족 간의 사랑과 의미를 되돌아보고 싶을 때, 청소년기의 불안했던 마음과 성장을 응원하고 싶을 때, 자신 있게 권할 수 있는 값진 선물 같은 책이다.","['청소년', '청소년 문학', '청소년 소설']"
10559,팩트풀니스,"한스 로슬링, 올라 로슬링, 안나 로슬링 뢴룬드 공지음; 이창신 옮김",김영사,2019,331.1 로57ㅍ이,9788930000000,https://search1.kakaocdn.net/thumb/R120x174.q85/?fname=http%3A%2F%2Ft1.daumcdn.net%2Flbook%2Fimage%2F4890170%3Ftimestamp%3D20250321131201,"전 세계적으로 확증편향이 기승을 부리는 탈진실의 시대에, 막연한 두려움과 편견을 이기는 팩트의 중요성을 일깨우는 세계적 역작! 세계를 이해하기 위한 13가지 문제에서 인간의 평균 정답률은 16%, 침팬지는 33%. 우리는 왜 침팬지를 이기지 못하는가? 똑똑하고 현명한 사람일수록 세상의 참모습을 정확히 알지 못한다! ‘느낌’을 ‘사실’로 인식하는 인간의 비합리적 본능 10가지를 밝히고, 우리의 착각과 달리 세상이 나날이 진보하고 있음을 명확한 데이터와 통계로 증명한 놀라운 통찰. 세상을 바라보는 방식을 바꾸고 미래의 위기와 기회에 대처하기 위해 반드시 읽어야 할 필독서다. 이 책에서는 다양한 분야들이 다루고 있는데 극빈층의 비율, 여성의 교육기간, 기대 수명, 자연재해 사망자 수 등 최신 통계 데이터를 바탕으로 소개된다. 언론 등에 휘둘리지 않고 정확한 정보를 얻는 것이 얼마나 중요한지 강조하면서 우리가 보편적으로 겪고 있는 부정적인 심리 해결책도 제시했다. 즉 어떤 사건에 대해서 확대해석하거나 관점을 왜곡하지 않는 법을 배우게 될 것이다.","['인문학', '교양 인문학']"
10560,역사가 묻고 지리가 답하다,"마경묵, 박선희 공지음",갈매나무:지상의책,2019,981.1 마14ㅇ,9791200000000,https://search1.kakaocdn.net/thumb/R120x174.q85/?fname=http%3A%2F%2Ft1.daumcdn.net%2Flbook%2Fimage%2F4949768%3Ftimestamp%3D20250330134857,"역사에 해박한 지리 교사인 저자들은 교과서에 퍽퍽하게 담겨 있는 지식들을 시간과 공간 속에서 입체적으로 풀어내었다. 책을 통해 지리적 특성에 대한 이해를 넘어 역사에 대한 문제의식까지 오롯이 품게 된다. 한마디로 이 책은 훌륭한 ‘통합교과적 교과서’이다. ―안광복(중동고 철학 교사, 《지리 시간에 철학하기》저자)","['역사', '한국사 일반']"
10561,선량한 차별주의자,김지혜 지음,창비,2019,334 김78ㅅ,9788940000000,https://search1.kakaocdn.net/thumb/R120x174.q85/?fname=http%3A%2F%2Ft1.daumcdn.net%2Flbook%2Fimage%2F4996427%3Ftimestamp%3D20250403130659,"은밀하고 사소하며 일상적이고 자연스럽게 벌어지는 일들 속에서 선량한 우리가 놓치고 있던 차별과 혐오의 순간을 날카롭게 포착하는 『선량한 차별주의자』. 차별의 사각지대에 놓인 이들을 직접 찾아가는 현장 활동가이자, 통계학·사회복지학·법학을 넘나드는 통합적인 시각을 바탕으로 국내의 열악한 혐오·차별 문제의 이론적 토대를 구축하는 데 전념해온 연구자인 김지혜 교수가 인간 심리에 대한 국내외의 최신 연구, 현장에서 기록한 생생한 사례, 학생들과 꾸준히 진행해온 토론수업과 전문가들의 학술포럼에서의 다양한 논쟁을 버무려 우리 일상에 숨겨진 혐오와 차별의 순간들을 생생하게 담아냈다. 1부에서는 우리가 차별을 보지 못하고 선량한 차별주의자가 되는 이유를 중점적으로 다룬다. 모든 사람은 가진 조건이 다르기에, 각자의 위치에서 아무리 공정하게 판단하려 한들 편향될 수밖에 없다는 점을 지적하면서, 우리가 보지 못하는 차별을 알아채기 위해서는 자신이 가진 특권을 발견하는 것이 중요하다고 말한다. 저자의 날카롭고 다각적인 문제제기를 따라가다 보면, 아무리 선량한 시민이라도 차별을 전혀 하지 않을 가능성은 거의 없다는 것을 깨닫게 된다. 2부에서는 다양한 사례를 통해 차별이 지워지거나 공정함으로 둔갑되는 메커니즘을 살핀다. 저자는 차별에 대한 논란들을 차근차근 해부하며 역으로 질문을 던지고, 인간 심리와 사회현상에 대한 다양한 연구와 이론을 소개하면서 독자가 자연스럽게 평등과 차별을 탐구해볼 수 있게 한다. 3부에서는 차별과 혐오에 대응하는 우리의 자세를 살핀다. 각종 논쟁과 실험을 풍부하게 제시하며, 지금 당장 시작할 수 있는 한걸음의 대안부터 우리가 나아가야 할 방향까지 폭넓게 살펴본다.","['사회과학', '사회학', '사회학 일반']"
10562,미국식 영작문 수업,최정숙 지음,동양북스,2020,746 최74ㅁ,9791160000000,https://search1.kakaocdn.net/thumb/R120x174.q85/?fname=http%3A%2F%2Ft1.daumcdn.net%2Flbook%2Fimage%2F5229595%3Ftimestamp%3D20240621133159,"영어를 외국어로 공부한 한국인 치고 영어 학습의 최고 경지가 영작문이라는 데 토를 달 사람은 없을 것이다. 원어민이라고 해서 사정이 다르진 않다. 말은 누구나 할 수 있지만 글은 아무나 쓸 수 없다. 언어 환경에 노출되면 얼마간 저절로 익혀지는 말과 달리 글은 그만의 원리와 원칙을 따로 익혀야 가능한 전문 영역이다. 그런데도 우리는 여전히 교과서 영어와 수험영어에 갇혀 문법적 정확성과 천편일률적인 답안 생산 능력만을 평가하는 기계적인 ‘한국식 영작문’ 교육에 매몰돼 있다. ‘영어식 사고가 사라진 어색한 한국식 영문 만들기’라는 영어 교육의 현실을 벗어날 대안은 정녕 유학밖엔 없는 것일까? 상고와 야간대를 나와 영어 실력 하나로 미국 대학원 박사과정까지 진학한 저자는 연수나 유학을 거치지 않은 토종 한국인이라도 얼마든 원어민 부럽지 않은 영작문 실력을 갖출 수 있다는 것을 보여준 산증인이다. 유학 시절 현지 학부생들의 글쓰기를 지도한 바 있는 독특한 이력의 소유자인 저자가 한국인이 특히 취약하다고 소문난 ‘영어 글쓰기’에서 두각을 보일 수 있었던 비결은 과연 무엇일까. 고급 문형 만들기부터 단락 쓰기, 에세이 완성하기까지 영작문의 단계에 따른 그만의 비법을 체계적으로 전수하고 있는 이 책에는 유학이라는 비싼 수업료를 들이지 않고도 누구나 영작문의 달인이 될 수 있는 방법이 자세히 소개돼 있다.","['외국어', '영어학습법']"
10563,안창남,길윤형 지음,서해문집,2019,911.063099 길66ㅇ,9788970000000,https://search1.kakaocdn.net/thumb/R120x174.q85/?fname=http%3A%2F%2Ft1.daumcdn.net%2Flbook%2Fimage%2F4924058%3Ftimestamp%3D20220915002946,"그 누구보다 강렬했지만 짧았던 비행사 안창남의 불꽃같은 삶을 추적하다 2019년은 3·1운동 100주년이자, 중국 상하이에서 대한민국임시정부가 수립된 지 꼭 100년이 되는 해다. 임시정부는 수립 초기 항공전력 강화를 꾀했다. 비행기를 통해 독립사상을 고취하는 전단을 국내에 뿌리고 여러 독립운동단체와 신속히 연락을 취하기 위해서였다. 그러나 이 계획은 임시정부의 자금난으로 실패했다. 이 책은 그 무렵 독립의 꿈을 안고 임시정부를 찾았던 비행사 안창남과 임시정부, 그리고 그 주변의 이야기를 담았다. 1922년 12월 조선인으로서는 최초로 서울 하늘을 비행한 ‘천재 비행사’ 안창남은 당시 언론에서 일거수일투족을 보도할 정도로 인기를 누리던 ‘아이돌’이었고, 조선에 비행학교를 세워 후배를 양성하고 항공독립운동을 꿈꾼 ‘독립운동가’였다. 하지만 서른이라는 나이에 안타까운 비행기사고로 목숨을 잃은 그의 꿈은 불꽃같이 짧게 타올랐다가 꺼지고 말았다. 아직까지 안창남을 다룬 책은 거의 없었다. 이 책은 이러한 안창남의 짧지만 강렬했던 삶을 다룬 평전이자, 턱없이 부족한 자료를 찾아 얼개를 맞춘 저자가 끈기와 열정으로 완성한 결과물이다.","['역사', '한국근현대사', '일제치하/항일시대']"
10564,(혼자이고 싶지만 외로운 과학자의)사회성이 고민입니다,장대익 지음,휴머니스트출판그룹(Humanist),2019,389 장23ㅅ,9791160000000,https://search1.kakaocdn.net/thumb/R120x174.q85/?fname=http%3A%2F%2Ft1.daumcdn.net%2Flbook%2Fimage%2F5056542%3Ftimestamp%3D20230210142557,"서울대학교 자유전공학부 장대익 교수가 미디어와 기술의 발달로 더 복잡해진 사회를 살아가는 현대인의 가장 큰 고민인 사회성에 대해 이야기하는 『사회성이 고민입니다』. 인간의 강력한 사회성, 즉 초사회성을 다룬 전작 《울트라 소셜》을 통해 독자들과 이야기를 나누면서 우리가 사회성이 고민인 시대를 살고 있다는 확신을 하게 된 저자는 지금 우리가 고민하는 사회성, 인간관계에 대해 과학은 어떤 이야기를 하고 있는지 함께 나누고 싶은 마음에 네 번의 강연을 열었고, 서로의 고민을 나눈 결과를 이 책에 담았다. 모두 6장으로 구성된 이 책은 그간 지속해온 인간 사회성 연구를 일상의 고민과 접목해 친구와 대화하듯 풀어낸 것이 특징이다. 관계, 외로움, 평판, 경쟁, 영향, 공감에 대한 우리의 고민을 이미 잘 알려진 연구는 물론 저자가 새롭게 연구하고 있는 실험들과 함께 소개하고 있어 흥미를 더한다. 이처럼 과학이 들려주는 인간 본성에 새겨진 사회성을 알아가다 보면 스스로를 좀 더 잘 이해하고 무수한 관계에 지친 삶이 조금은 편안해질 수 있을 것이다.","['과학', '기초과학/교양과학']"
10565,뇌가 지어낸 모든 세계,엘리에저 스턴버그 지음; 조성숙 옮김,다산사이언스:다산북스,2019,511.1813 스884ㄴ조,9791130000000,https://search1.kakaocdn.net/thumb/R120x174.q85/?fname=http%3A%2F%2Ft1.daumcdn.net%2Flbook%2Fimage%2F5153413%3Ftimestamp%3D20240817135342,예일대학교 예일-뉴헤이븐병원의 신경과 상주의면서 질문에 기반한 철학에 학문적인 바탕을 두고 있는 엘리에저 스턴버그 박사의 세 번째 책이자 30세가 되기도 전에 출간된 『뇌가 지어낸 모든 세계』. 학문의 경계를 넘나드는 서술과 뇌과학의 방대한 연구 분야를 한 권에 담으려는 대담한 시도가 실현된 결과물이다. 꼬리에 꼬리를 무는 이야기로 구성되는 각 장은 진료실에 찾아온 신경계 질환을 앓고 있는 환자들의 기상천외한 상담 사례로 시작된다. 지난 100년간 이루어진 뇌 연구의 획기적인 발전은 한 기억상실증 환자를 통해서였다. 인간의 뇌를 대신할 어떤 연구 대상도 찾지 못했던 우리는 역설적이게도 환자들의 상처 입은 뇌를 통해 비로소 온전한 뇌의 청사진을 완성하고 있다. 기이한 신경계 질환을 앓고 있는 환자를 통해 뇌가 나름의 논리와 패턴으로 세상을 해석하는 것을 보여주는 이 책에 등장하는 환자들의 사례 자체도 흥미롭기 때문에 독자들은 어려운 의학적 지식이나 개념어부터 먼저 접하지 않게 된다. 또한 각 장에서 다루는 내용들과 연계한 뇌지도를 첨부하여 실제 우리 뇌의 어느 구석에서 신호가 켜지고 꺼지는지 궁금한 독자들이 직접 찾아보며 읽을 수 있다.,"['과학', '뇌과학', '뇌과학 일반']"
10566,나는 곰팡이다,정다운 지음,너머학교,2019,475 정22ㄴ,9788990000000,https://search1.kakaocdn.net/thumb/R120x174.q85/?fname=http%3A%2F%2Ft1.daumcdn.net%2Flbook%2Fimage%2F4861730%3Ftimestamp%3D20230707144248,- 독자대상 : 중/고등학생 - 구성 및 특징 : ① 최근 경향 반영 ② 학습 내용 체계적으로 구성,"['과학', '기초과학/교양과학']"
10567,과학적 신념은 어디에서 오는가,막스 플랑크 지음; 이정호 옮김,전파과학사,2019,420 플292ㄱ이,9788970000000,https://search1.kakaocdn.net/thumb/R120x174.q85/?fname=http%3A%2F%2Ft1.daumcdn.net%2Flbook%2Fimage%2F5111121%3Ftimestamp%3D20240824135946,"막스 플랑크가 이 책을 쓰던 1930년대는 양자 물리학의 발전이 거듭되며 특수 및 일반 상대성의 등장으로 물리학의 큰 혁명이 무르익고 있던 때였다. 이 책은 물리학과 철학이 따로 구분되어 서로 다른 것이 아니라 과학자들은 자연의 이치를 찾기 위해 철학적 사고를 하고 있다는 것을 말하고 있다. 그리고 과학자들이 추구하고 사유하는 철학적 사고가 일반적인 세상 철학과 다르지 않고, 과학자들의 사유 과정에서 발생되는 논리와 사고가 일반 철학에도 영향을 미치고 있다고 주장한다. 고전 물리학에 의한 과학적 사고가 현대 물리학이라는 하나의 큰 충격파에 의해 새 단장을 해야 하던 시대, 한 위대한 물리학자의 눈에 비친 물리 철학이 세상의 일반 철학과 어떤 관계를 갖는지를 이 책을 통해 확인할 수 있을 것이다.","['과학', '물리학', '물리학 일반']"
10568,(곽재식의)세균 박람회,곽재식 지음,김영사,2020,475.3 곽73ㅅ,9788930000000,https://search1.kakaocdn.net/thumb/R120x174.q85/?fname=http%3A%2F%2Ft1.daumcdn.net%2Flbook%2Fimage%2F5246183%3Ftimestamp%3D20250227134758,"《한국 괴물 백과》, 《항상 앞부분만 쓰다가 그만두는 당신을 위한 어떻게든 글쓰기》, 《지상 최대의 내기》 등 SF 소설, 글쓰기, 과학 논픽션 등의 분야를 넘나들며 왕성한 필력을 선보이고 있는 ‘괴물 작가’ 곽재식의 신간. 이번에는 눈에 보이지 않지만 언제 어디서나 우리와 함께하는 존재, 인류가 등장하기 한참 전인 40억 년 전부터 지구에 나타나 지금 우리가 사는 자연적이고 인공적인 세계를 만들어온 세균을 소개한다. 가상의 박람회장은 과거관, 현재관, 미래관, 우주관으로 이루어져 있다. 독자들은 비유와 SF적 상상력이 넘치는 입담 좋은 저자의 안내를 받으며 즐겁게 세균의 세계로 떠날 수 있을 것이다.","['과학', '생명과학', '생물학']"
10569,"(AI, 빅데이터에 숨어 있는)수학의 아름다움",우쥔 지음; 한수희 옮김; 권재명 감수,세종서적,2019,004.015 우76ㅅ한,9788980000000,https://search1.kakaocdn.net/thumb/R120x174.q85/?fname=http%3A%2F%2Ft1.daumcdn.net%2Flbook%2Fimage%2F4868355%3Ftimestamp%3D20240925132401,"*** 중국 아마존 베스트셀러 *** *** 제8회 국가 도서관 문진도서상 *** *** 재5회 중화 우수 출판물상 *** 한?중?일 검색 알고리즘을 개발한 구글 연구 개발자가 들려주는 세상을 바꾸는 알고리즘 수학 이야기 복잡한 문제일수록 수학 규칙은 단순하다. 자연어 처리, 음성인식, 검색엔진, 빅데이터 등 AI 기술을 탄생시킨 경이로운 수학 모델! [요약] 중국 아마존 베스트셀러 제8회 국가 도서관 문진도서상 재5회 중화 우수 출판물상 한?중?일 검색 알고리즘을 개발한 구글 연구 개발자가 들려주는 세상을 바꾸는 알고리즘 수학 이야기 구글 한?중?일 검색 알고리즘과 스팸 방지 기술을 개발한 구글 연구 개발자가 AI 분야의 토대인 정보이론과 컴퓨터공학 기술을 폭넓게 다루면서 자연어 처리와 음성인식, 정보 검색, 빅데이터 등 분야에서 실제 활용 가능한 코딩 기술과 알고리즘 모델을 조목조목 해설한다. 이 책의 미덕은 구글에서 저자가 직접 개발한 자연어 처리, 정보 검색 분야의 프로그래밍 알고리즘의 핵심적인 수학 원리를 접할 수 있다는 데 있다. 구글에서 만났던 수많은 공학자와 수학자들의 천재적 발견, AI 기술 동향, IT 업계 이야기 등 수학과 관련한 많은 에피소드가 IT 세계에 대한 이해를 높인다. 컴퓨터가 어떻게 인간의 능력 이상의 능력에 도달하게 되었는지 정보의 탄생부터 기술 진보의 역사를 서술하면서 우리의 정보처리기술이 현재 어느 수준까지 와 왔는지를 가늠하게 하고, 미래의 기술까지 전망할 수 있다.","['컴퓨터/모바일', '컴퓨터 공학', '자료구조/알고리즘']"
10570,어느 날 문득 경제공부를 해야겠다면,"김경민,김회권,박혁진 공지음",황금부엉이:첨단,2019,320 김14ㅇ,9788960000000,https://search1.kakaocdn.net/thumb/R120x174.q85/?fname=http%3A%2F%2Ft1.daumcdn.net%2Flbook%2Fimage%2F5039070%3Ftimestamp%3D20221025130414,"점심 메뉴를 선택하고 필요한 물건을 고르는 사소한 것부터 어떤 지역에 집을 얻을 것인지, 투자는 어떤 방식으로, 어떤 목표를 가지고 하는 것이 좋을지 등등 우리는 알게 모르게 수많은 경제적 선택과 결정 속에서 살아가고 있다. 사소한 것을 선택할 때는 경제지식이 없어도 아무런 문제가 되지 않지만, 비용이나 리스크가 큰 것을 선택해야 할 때는 ‘나는 몰라도 너무 모른다’며 막막함을 느낀다. 그럴 때마다 경제공부 제대로 한번 해 봐야지 생각하지만 어디서부터 시작해야 할지 막막하거나, 또는 시중의 경제 책들이 내가 당면한 문제들과는 동떨어진 주제들만 다룬 것 같아 선 듯 손이 가지 않아 포기하는 이들이 많다. 이 책은 흥미로운 최신의 이슈들을 통해 경제 이야기를 들려준다. 책을 통해 나와는 상관없을 것 같아 흘려들었던 이슈들이 어떤 변화를 만들고 있는지, 그것을 통해 내 삶을 어떻게 계획하고 선택해야 하는지에 대한 인사이트를 얻을 수 있을 것이다.","['경제경영', '경제학/경제일반', '경제이야기']"
10571,석유는 어떻게 세계를 지배하는가,최지웅 지음,부키,2019,321.342 최78ㅅ,9788960000000,https://search1.kakaocdn.net/thumb/R120x174.q85/?fname=http%3A%2F%2Ft1.daumcdn.net%2Flbook%2Fimage%2F5034809%3Ftimestamp%3D20250327131533,"현대인의 필수품인 석유의 중요성은 단순히 에너지나 원료로서 쓸모가 있다는 차원에만 머물지 않는다. 전 세계의 욕망이 집중되는 이해관계의 근원적 요소인 석유는 현대사를 관통하는 키워드로, 1차 세계대전부터 1990년대에 이르기까지 세계 경제의 기본 구조와 국제 정치의 양상을 결정했을 뿐 아니라 9.11, 세계화, 이라크 전쟁, 금융 위기, 양적 완화와 초저금리 기조, 이란 제재 등 오늘날 벌어지고 있는 수많은 전쟁과 테러, 정치적·경제적 사건들의 원인이기도 하다. 『석유는 어떻게 세계를 지배하는가』는 석유가 현대사에 강력하게 영향을 미쳤던 역사 속 장면 33가지를 골라 친절한 해설을 덧붙인 책이다. 이 장면들을 따라가다 보면 세계 최강국 미국의 패권 전략은 무엇이었는지, 석유 생산 및 유통 기술의 발전이 어떻게 지정학적 중요성을 바꿔 놓는지, 한국을 비롯한 세계의 여러 나라들은 에너지 안보를 위해 어떤 노력들을 했는지 알게 된다. 더불어 현대사에서 이해되지 않고 파편적으로 흩어져 있던 상식들을 엮어 주고 막연히 알고 있던 문제도 새로운 눈으로 보게 해 준다. 그리고 셰일 혁명으로 다시 한 번 세계정세가 흔들리고 있는 지금 우리가 어떤 고민을 해야 하는지도 제시한다.","['경제경영', '경제학/경제일반', '경제사/경제전망', '세계 경제사/경제전망']"
10572,(사스키아 사센의)세계경제와 도시,"사스키아 사센 지음; 남기범, 이원호, 유환종, 홍인옥 공옮김",푸른길,2016,320.98 사54ㅅ남,9788960000000,https://search1.kakaocdn.net/thumb/R120x174.q85/?fname=http%3A%2F%2Ft1.daumcdn.net%2Flbook%2Fimage%2F875952%3Ftimestamp%3D20250319113824,"『사스키아 사센의 세계경제와 도시』는 뉴욕, 도쿄, 런던, 상파울루, 홍콩, 토론토, 마이애미, 시드니 등의 세계도시가 어떻게 초국적 시장 공간으로 발전하는지를 보여 준다. 이러한 도시들은 번성할수록 더욱더 세력이 커지고 지역 중심 도시의 중요성은 약해진다. 이와 같은 발전은 도시의 운명을 연구하는 사람들에게 도시를 국가의 하위 단위로 보는 전통적인 시각에서 벗어나 우리의 사회체계에서 지리학의 중요성을 재평가하게 해 준다. 나아가 범세계적 진행 과정의 영향은 도시 자체의 사회 구조를 근본적으로 변화시켜 새로운 도시사회의 불평등 패턴을 창출한다. 이 책에서는 이러한 도시형태의 새로운 세계를 이해할 수 있는 용어와 분석의 틀을 제공한다. 또한 오늘날 세계도시가 예전 제국주의 시대의 수도와는 명확히 대비되는 기능, 즉 네트워크의 기능을 하는 현상을 살펴보고 사례를 분석한다. 더불어 데이터 분석을 통해 세계적 부의 축적이 집중되는 현상, 불균등의 유형이 성장하는 경향과 새로운 경향에 대해 상세히 다룬다.","['대학교재/전문서적', '사회과학계열', '사회학']"
10573,미래는 어떻게 올까?,곽노필 지음,산하,2019,331.5412 곽195ㅁ,9788980000000,https://search1.kakaocdn.net/thumb/R120x174.q85/?fname=http%3A%2F%2Ft1.daumcdn.net%2Flbook%2Fimage%2F5140679%3Ftimestamp%3D20220925172031,"미래 사회와 4차 산업혁명에 대한 관심이 뜨겁습니다. 4차 산업혁명이라는 이름으로 수렴되는 과학기술이 미래 사회를 여는 핵심 동력이라 여기기 때문입니다. 관련 정보들이 넘쳐나고, 앞다투어 책들이 쏟아져 나옵니다. 하지만 이런 현상의 역사적 배경과 맥락을 살피고, 급변하는 과학기술의 발전상을 생생하게 보여 주며, 이를 바탕으로 바람직한 미래 사회의 방향을 찾으려는 시도는 흔치 않지요. 《미래는 어떻게 올까?》는 4차 산업혁명을 이끌고 있는 인공지능·사물인터넷·3D 프린팅·자율주행차·생명과학의 가장 최근 정보들을 풍부하게 담고 있습니다. 이 책은 먼저 과학기술의 변천 과정을 중심으로 인류의 문명사를 살핍니다. 과거에서 현재로 이어지는 흐름을 이해함으로써 보다 나은 미래로 나아가는 길을 우리 스스로 찾기 위해서입니다. 미래(未來)는 말 그대로 ‘아직 오지 않은’ 시간입니다. 너무도 변화의 속도가 빠르고 폭이 넓어서 누구도 확실한 예측을 하기 힘듭니다. 그러나 미래학자 엘빈 토플러의 말처럼, 우리가 미래를 준비하지 않는다면, 다른 누군가 우리의 미래를 결정하겠지요. 하루가 다르게 변해 가는 세상을 이해하고 이에 적응하려면 늘 배우고, 새롭게 질문하며, 우리 모두를 위해 헌신하는 자세가 필요합니다. 책의 마지막 장에서 스위스의 3대에 걸친 과학 모험가 집안을 소개하는 이유입니다. 우리가 소망하는 미래의 씨앗은 오늘에 있습니다. 이 책의 저자는 한겨레신문에서 미래면을 맡고 있으며, 다양한 미래 관련 정보를 전하는 ‘곽노필의 미래창’ 블로그를 운영하고 있습니다.","['청소년', '청소년 인문/사회']"
10574,5060 홈 트레이닝,전홍근 지음,이담Books:한국학술정보,2018,593.5 전95ㅇ,9788930000000,https://search1.kakaocdn.net/thumb/R120x174.q85/?fname=http%3A%2F%2Ft1.daumcdn.net%2Flbook%2Fimage%2F444397%3Ftimestamp%3D20250314113816,"연예인 트레이너를 거쳐 지금은 대기업 임원단 퍼스널 트레이너로 일하고 있는 20년 경력의 전문 트레이너가 5060세대에 맞는 운동법을 알려주는 『5060 홈 트레이닝』. 행복한 시니어의 삶을 위해서는 미리미리 체력을 준비해야 한다. 그동안 운동을 지도하면서 몸이 아프거나 몸의 노화가 많이 진행된 후에야 운동을 시작하는 시니어들을 많이 보아왔던 저자는 이 책에서 저자가 직접 고객들에게 적용했던 운동 프로그램 가운데 공통적으로 누구에게나 적용해도 무리가 없는 동작들을 기본으로 하여 누구나 쉽고 편하게 운동할 수 있는 방법을 소개한다. 5060세대가 운동할 때 주의할 점을 정확하게 설명하고, 매일 실천할 수 있는 44개 운동법으로 집에서 혼자 운동하더라도 전문 트레이너와 함께 운동하는 효과를 보면서 강한 체력을 기르도록 도와준다.","['건강/취미', '건강운동', '요가/체조/스트레칭']"
10575,사회학,비판사회학회 엮음,한울아카데미,2019,331 비892ㅅ-2,9788950000000,https://search1.kakaocdn.net/thumb/R120x174.q85/?fname=http%3A%2F%2Ft1.daumcdn.net%2Flbook%2Fimage%2F602364%3Ftimestamp%3D20220721010145,"- 대표적 사회학 입문서 [사회학: 비판적 사회읽기](제2판) 2014년 최신판 출간 - 거시적 담론의 반복에서 탈피, 현실적ㆍ시대적 질문에 대한 해답을 찾을 수 있는 교양서 - 사회학 기초 개념들에 대한 충실한 소개 - 기존 [사회학]의 2배 분량, 더욱 풍부해진 이론과 사례 - 비판적ㆍ진보적 관점, 사회현상에 대한 객관적 이해에 기초한 집필 - 사례, 통계자료, 도표, 그림 등을 통한 쉽고 구체적인 서술 - 사회학적 사고를 연장할 수 있는 ＜깊이 읽기＞, ＜이야깃거리＞, ＜읽을거리＞ 등 수록 2012년 초판이 나온 이래 꾸준히 사랑받아오던 [사회학: 비판적 사회읽기]가 2014년까지의 최신 자료, 사례 등을 업데이트하여 제2판으로 출간되었다. 기존 사회학 개론서는 주로 대학 강의용 교재로 거대담론에 대한 추상적 서술에 그쳤으나, 이 책 [사회학: 비판적 사회읽기]는 ‘대중적 교양서’로 누구나 쉽고 흥미롭게 읽을 수 있도록 정리했다. 개인적인 차원에서는 이해하기 어려운 구체적인 사회 현실과 주변의 삶을 체계적ㆍ구조적으로 이해할 수 있도록 다양한 이슈, 사회현상을 소개했다.","['대학교재/전문서적', '사회과학계열', '사회학']"
10576,일곱 번째 배심원,윤홍기 지음,연담L,2019,813.6 윤95ㅇ,9791160000000,https://search1.kakaocdn.net/thumb/R120x174.q85/?fname=http%3A%2F%2Ft1.daumcdn.net%2Flbook%2Fimage%2F5001764%3Ftimestamp%3D20240806125925,"영화 《은밀하게 위대하게》의 각본을 쓰고 《봉오동 전투》를 각색하는 등 수십 편의 영화 시나리오를 집필한 윤홍기가 펴낸 첫 장편소설 『일곱 번째 배심원』. 카카오페이지와 CJ ENM이 주최한 제2회 추미스 소설 공모전에서 심사위원들의 만장일치로 대상을 수상한 작품이다. 카카오페이지 연재 당시 영화 관계자들로부터 꾸준한 러브콜을 받을 만큼 탄탄한 구성력과 스토리텔링이 돋보이는 작품으로, 출간 전 영화가 확정되어 큰 기대를 받고 있다. 화산역 인근 저수지에서 십대 소녀의 변사체가 떠오른다. 범인으로 지목된 이는 화산역 주변을 떠돌던 노숙자 강윤호. 피고인에게는 폭행 전과가 많은데다 자백까지 받아낸 사건이었기에 사건을 배당받은 검사 윤진하는 어렵지 않은 재판이 되리라고 예상했다. 하지만 범인의 변호를 맡은 국선변호인 김수민이 이 사건에 대해 국민참여재판을 신청하면서 상황은 윤진하의 예상과 다르게 돌아가기 시작한다. 마흔 명의 배심원 후보 중에 일곱 명을 선정해야 하는 배심원 선정. 이 배심원 후보의 명단이 공개되자 특별할 것 없었던 노숙자 살인사건이 세간의 주목을 받기 시작한다. 62세 무직의 남자 장석주. 윤진하는 전 국민이 다 아는, 특별한 과거를 가진 그가 최종 배심원이 되는 것만은 막으려 애쓰지만 결국 장석주가 마지막 일곱 번째 배심원으로 재판에 참여하게 되고, 언론의 관심이 쏟아지면서 상황은 전혀 다른 방향으로 흘러가는데…….","['소설/시/희곡', '한국소설', '2000년대 이후 한국소설']"
10577,푸른 수학,오조유키 지음; 고향옥 옮김,탐:토토북,2018,833.6 오75ㅍ고,9788960000000,https://search1.kakaocdn.net/thumb/R120x174.q85/?fname=http%3A%2F%2Ft1.daumcdn.net%2Flbook%2Fimage%2F908640%3Ftimestamp%3D20220915003738,"인생의 전부이던 것에 균열을 내는 질문이 찾아올 때. 수학을 좋아하는 사람은 물론 모두가 즐겁게 읽을 수 있는 청춘 소설. 누구나 살면서 무언가에 푹 빠져 마치 그것이 인생의 전부인 것처럼 여기던 순간이 있을 것이다. 그 순간이, 그 온도가 어느 때보다도 뜨거워지는 청춘, 이 책의 주인공 가야마는 수학이 전부인 일상을 살아가고 있다. 문제가 풀리는 게 재미있어서, 또 수학을 처음 알려 준 스승과 계속 수학을 하겠다고 약속했기 때문에 덤덤하게 그 약속을 지켜 나간다. 그러던 어느 날 그 전부를 비집고 툭 던져진 질문, 수학이란 무엇이며, 왜 수학을 하는가. 지금까지 어느 누구에게도 들어 본 적 없는, 스스로에게도 던져 본 적 없는 물음에 가야마는 적잖은 혼란을 느낀다. 비단 가야마 뿐만이 아닐 것이다. 살다 보면 이렇게 인생의 전부라고 여기던 것에 균열을 내는 질문이, 하지만 한 번쯤 꼭 던져 봐야 할 질문이 느닷없이 찾아온다. 그러나 어떠한 답에 다다를지는 스스로도 알 수 없다. 그저 도망치지 않고 갈팡질팡하면서도 앞으로 나아가는 수밖에. ‘왜?’라는 물음을 일으키는 마음은 잠시 접어 두고 맘껏 부딪혀 보면 되는 것이다. 그렇게 계속해 나가면 언젠가는 다다른다. 거기가 비록 우리가 상상초자 못했던 곳일지라도 말이다.","['청소년', '청소년 문학', '청소년 소설']"
10578,역사의 쓸모,최태성 지음,다산초당,2019,904 최883ㅇ,9791130000000,https://search1.kakaocdn.net/thumb/R120x174.q85/?fname=http%3A%2F%2Ft1.daumcdn.net%2Flbook%2Fimage%2F4972082%3Ftimestamp%3D20241217131010,"수백 년 전 이야기로 오늘의 고민을 해결하는 방법을 알려주는 실용적인 역사 사용 설명서 『역사의 쓸모』. 지난 20여 년간 500만 명의 가슴을 울린 대한민국 대표 역사 강사 최태성. 선택의 기로에 설 때마다 역사에서 답을 찾은 저자는 삶이라는 문제에 대한 가장 완벽한 해설서는 역사라고 말한다. 도저히 풀리지 않는 문제에 부딪쳤을 때 해설에서 도움을 얻듯, 우리보다 앞서 살았던 인물들의 선택과 그 결과가 담긴 역사에서 인생의 실마리를 얻을 수 있기 때문이다. 이 책은 그런 저자가 역사에서 찾은 자유롭고 떳떳한 삶을 위한 22가지 통찰을 통해 역사로부터 무엇을 배워야 하는지 친절하게 알려주는 책으로, 한국사와 세계사를 넘나들며 우리 삶에 도움이 되는 키워드를 뽑아내고, 자신만의 궤적을 만들며 삶을 살아간 이들을 멘토로 소환한다. 구텐베르크가 개발한 대량 인쇄 기술과 세종대왕이 창제한 훈민정음을 스티브 잡스가 만든 아이폰과 엮어 세상을 바꾸는 생각의 조건을 알아보고, 죄인으로 기억되지 않기 위해 500여 권의 책을 집필한 정약용, 출신의 한계를 비관하며 절망하는 대신 새로운 나라를 만들기 위해 판을 짠 정도전, 시대의 과제를 해결하기 위해 일생을 바쳐 독립운동을 한 이회영 등 자신만의 궤적을 그리며 살다간 인물을 소개하며, 사람들의 고민과 사회의 뜨거운 이슈를 해결하는 데 단초가 되어줄 역사의 교훈을 전한다.","['인문학', '교양 인문학']"
10579,(빅데이터를 지배하는) 통계의 힘. 3: 데이터활용 편,니시우치히로무 지음; 위정훈 옮김; 홍종선 감수,비전코리아:비전비엔피,2017,310.16 니58ㅌ위 v.3,9788960000000,https://search1.kakaocdn.net/thumb/R120x174.q85/?fname=http%3A%2F%2Ft1.daumcdn.net%2Flbook%2Fimage%2F880857%3Ftimestamp%3D20230923155312,"『빅데이터를 지배하는 통계의 힘: 데이터활용 편』 은 경영전략, 인적자원 관리, 마케팅, 실무 영역으로 나누어 경영자나 비즈니스맨이 각자의 업무 파트에서 당장 따라 해볼 수 있는 통계분석 활용법을 제시한다. 경영학적인 면과 통계학적인 면을 합하여 실제 업무 현장에서 데이터를 활용하고 적용할 수 있도록 다양한 사례를 소개하였음은 물론, 데이터 수집은 물론 분석상의 구체적인 주의사항에 대해서도 다루고 있다. 또한, 모든 설명은 수식 없이 문장과 그림만으로 이해할 수 있도록 꾸몄으며 본질적인 이해를 돕기 위해 어쩔 수 없이 수식을 등장시켜야 할 경우엔 가급적 정수나 분수를 사용해 초등학생도 이해할 수 있도록 최대한 배려하여 본문의 이해에는 전혀 영향을 받지 않도록 하였다. 빅데이터를 잘 활용하고 있는 기업의 사례들을 그래프와 표를 통해 자사에 축적된 데이터와 통계를 어떻게 활용해 지금 우리 회사에 가장 필요한 인재를 뽑는 면접, 시험법을 고민하고 통계 검정을 통해 이를 다시 적용하기에 기업에 혁신을 불러오는지를 알아보기 쉽게 충분히 설명해주고 있다.","['경제경영', '트렌드/미래전망', '트렌드/미래전망 일반']"
10580,대변동,재레드 다이아몬드 지음; 강주헌 옮김,김영사,2019,331.544 다68ㄷ강,9788930000000,https://search1.kakaocdn.net/thumb/R120x174.q85/?fname=http%3A%2F%2Ft1.daumcdn.net%2Flbook%2Fimage%2F4945689%3Ftimestamp%3D20250307130229,"기존의 상식을 뒤바꾸며 세기의 역작이 된 《총, 균, 쇠》, 《문명의 붕괴》, 《어제까지의 세계》의 저자 재레드 다이아몬드 교수의 문명연구 총결산 미래의 기회 편 『대변동: 위기, 선택, 변화』. 위기, 선택, 변화로 달라지는 미래를 완벽하게 통찰한 역작으로, 인류사적·문명사적으로 거대 담론을 논했던 기존의 저작과 달리 보다 구체적으로 현재와 미래의 세계에 집중한다. 저자는 무엇이 위기인지 정의하고, 국가적 위기 해결을 위한 핵심 요인을 12가지로 설명한다. 이는 개인의 위기 극복에 영향을 주는 요인을 국가의 위기에 확대 적용한 것이다. 12가지 요인의 핵심은 자신의 능력과 가치를 정직하게 평가하여, 새롭게 닥친 환경에서 제대로 작동하는 부분과 바꿔야 하는 부분이 무엇인지 가려내고, 궁극적으로 선택적 변화를 이루는 것이다. 국가가 위기에 빠졌다는 국민적 합의, 무엇인가 해야 한다는 책임의 수용, 해결해야 할 문제를 규정하기 위한 울타리 세우기, 국가 정체성, 역사적으로 과거에 경험한 위기, 국가의 핵심 가치 등 12가지 요인을 바탕으로 각기 다른 환경에서 중대한 위기를 맞닥뜨렸던 핀란드와 일본부터 칠레와 인도네시아, 독일과 오스트레일리아, 그리고 미국까지, 7개 국가를 분석한다. 특히 저자는 지정학적으로 한국 사회와 가장 밀접한 일본과 미국이 당면한 위기에 대해 상세하게 분석하는데, 특유의 예리한 시선으로 현실을 적확하게 포착하며 앞으로 우리가 무엇을 선택하고 어떻게 변화할 것인지 최선의 해법을 제안한다. 국가 간 불평등, 환경 자원의 부족, 기후변화, 핵전쟁, 인구 변동 문제를 어떻게 타개할 수 있을지, 이후 세계의 전망과 과제를 냉철하게 파헤치고, 마지막으로 ‘위기는 변화를 위해 꼭 필요한 것인가?’라는 질문을 던진다.","['인문학', '교양 인문학']"
10581,웃음이 하나 지나가는 밤,이은송 지음,천년의시작,2018,811.62 이67ㅇ,9788960000000,https://search1.kakaocdn.net/thumb/R120x174.q85/?fname=http%3A%2F%2Ft1.daumcdn.net%2Flbook%2Fimage%2F824796%3Ftimestamp%3D20221025143452,"1999년 《전북도민일보》로 등단하여 작품 활동을 시작한 이은송 시인의 첫 시집 『웃음이 하나 지나가는 밤』이 시작시인선 0261번으로 출간되었다. 이번 시집에서 시인은 자신의 아픔을 외면하지 않고 오히려 주저 없이 드러내며 강력한 생의 의지를 표출한다. 그의 시 쓰기 여정은 세상의 모든 존재는 아플 수밖에 없다는 인식을 거쳐 궁극적으로 자신의 통증과 타자의 통증이 공명하는 부분을 발견하는 데 있다고 할 수 있다. 해설은 쓴 복효근 시인은 “이은송의 시는 통증의 기록이며 스스로 선택한 자기 부정, 역행과 소멸과 파멸의 기록이다. 아직 이르지 않은, 혹은 영원히 이르지 못할 치유와 자유와 유토피아를 위한 안간힘의 몸부림이다.”라고 평했다. 시인은 첫 시집을 통해 인간은 누구나 병을 앓고 살아간다고 노래한다. 그는 치유의 과정 또한 병을 얻게 되는 과정과 다르지 않음을 인식하고 ‘자기 파멸’을 생의 절벽까지 밀고 나가며 끝내 ‘자기 회생’에 대한 갈망까지를 보여 준다. 극과 극은 서로 멀리 떨어져 있는 것이 아니라, 언제나 첨예하게 붙어있어 언제든 하나의 극으로 이어질 수 있다는 생각이 시인의 시 세계를 지탱하는 중심 사유라고 할 수 있다. 그는 주저 없이 화자를 생의 절벽에 세워두고 세상과의 교감을 이루려고 한다. 또한 존재의 보편적 속성인 ‘아픔’으로 세상을 바라보며, 타자의 통증이 나의 통증과 다르지 않음을 수용할 때 끝내 구원받을 수 있음을 믿는다. 그의 시가 단순한 아픔의 차원에 머물지 않고 끊임없이 생의 의지를 불러일으키는 까닭은 삶과 죽음, 아픔과 희망의 경계를 넘나드는 치열한 시어들이 우리의 덧난 상처를 어루만져 주기 때문이다.","['소설/시/희곡', '시', '한국시']"
10582,페달링의 원리,백소연 지음,지혜,2018,811.6 백55ㅍ,9791160000000,https://search1.kakaocdn.net/thumb/R120x174.q85/?fname=http%3A%2F%2Ft1.daumcdn.net%2Flbook%2Fimage%2F4844480%3Ftimestamp%3D20220127234247,"백소연 시집 [페달링의 원리]. 《시간은 추鰍를 초월한다》, 《14층 베란다의 수사학》, 《내장산 ─길과 나무 사이》, 《나는 아무 것도 묻지 않았다》, 《밑도 끝도 없는 확인 사살》등 다양한 작품을 감상할 수 있습니다.","['소설/시/희곡', '시', '한국시']"
10583,사소한 연애의 추억,양병호 지음,시문학사,2019,811.6 양44ㅅ,9788960000000,https://search1.kakaocdn.net/thumb/R120x174.q85/?fname=http%3A%2F%2Ft1.daumcdn.net%2Flbook%2Fimage%2F5171303%3Ftimestamp%3D20240222143019,"양병호 시집 『사소한 연애의 추억』은 크게 5부로 나누어져 구성되어 있으며 〈운명〉, 〈카톡〉, 〈사각〉, 〈페이스북〉 등 수록되어 있으며 주옥같은 작품을 만나볼 수 있는 책이다.","['소설/시/희곡', '시', '한국시']"
10584,난세에 답하다,김영수 지음,알마(Alma),2019,912.03 김64ㄴ,9788990000000,https://search1.kakaocdn.net/thumb/R120x174.q85/?fname=http%3A%2F%2Ft1.daumcdn.net%2Flbook%2Fimage%2F1377463%3Ftimestamp%3D20250311113909,"『난세에 답하다: 사마천의 인간탐구』. EBS 기획시리즈 32시간 특강 〈김영수의 사기와 21세기〉를 책으로 옮긴 것이다. 지난 1년간 32회 분 강의 녹취를 주제별로 정리하고, 생생하지만 거친 데가 있는 현장 강의의 입말을 책에 어울리는 간결한 문체로 다듬었다. 곳곳에 흥미진진한 휴먼 드라마를 삽입하고 예로 사기 속 인물들을 다룬 영화나 드라마를 실어 흥미를 유발시킨다. 저자는 사마천은 오늘과 같은 상황, 곧 꿈과 희망과 이상의 기반인 믿음을 상실한 상태를 곧 ‘난세’라고 말한다. 사마천의 삶과 〈사기〉를 통해 오늘을 ‘난세’로 진단한 저자가 난세 극복을 위한 처방 또한 역사에서 찾고자 한다. 역사의 지혜와 통찰을 오늘을 사는 사람과 사회의 맥락에서 되살리고자 시도하는 것이다. 본기 12권, 표 10권, 서 8권 등 모두 130권이나 되는 〈사기〉 전권 가운데 저자는 특별히 112권, 곧 52만 6,500자 가운데 무려 86퍼센트에 해당하는 ‘사람’을 할애한 사마천의 마음속에 주목한다. 그리고 그 속에 담긴 다양한 인간의 삶을 서술의 중심에 놓고 인물 저마다의 모습과 삶이 21세기를 사는 우리들의 삶에 어떻게 유용한 좌표가 될 수 있는지를 탐구해 본다.","['역사', '중국사', '중국고대사(선사시대~진한시대)']"
10585,생명연습,김승옥 지음,문학동네,2016,813.62 김57ㅅ,9788950000000,https://search1.kakaocdn.net/thumb/R120x174.q85/?fname=http%3A%2F%2Ft1.daumcdn.net%2Flbook%2Fimage%2F691303%3Ftimestamp%3D20230614152100,"지난 20년간 문학동네를 통해 독자와 만나온 빛나는 작품들을 새롭게 선보이는 「문학동네 한국문학전집」 제1권 『생명연습』. 21세기 한국문학의 정전을 완성하고자 구성한 「문학동네 한국문학전집」의 첫 번째 작품은 한국소설의 새로운 기원을 연 김승옥의 대표 중단편을 엮었다. 무조건적인 불안의식을 반복적으로 서술하던 전후세대 문학의 한계를 뛰어넘으며 모든 문학적 출발의 원형이 된 그의 작품을 만나볼 수 있다. 지금 살아 있는 인간들에 대한 섬세한 관찰일지인 《생명연습》, 지금 자신이 어떤 방향으로 걸어가고 있는지를 알 수 있게 해주는 두 소설 《환상수첩》과 《무진기행》 등 청년성과 낭만성이 담긴 작품이 수록되어 있다. 인간의 삶을 절대적인 권태와 허무 속으로 밀어 넣는 현대문명사회를 비판적으로 형상화한 작품에 담긴 김승옥 문학의 빼어난 본모습을 마주하게 된다.","['소설/시/희곡', '한국소설', '2000년대 이전 한국소설']"
10586,민주주의는 만능인가?,김영평 외 지음,가갸날,2019,340.22 김64ㅁ c.2,9791190000000,https://search1.kakaocdn.net/thumb/R120x174.q85/?fname=http%3A%2F%2Ft1.daumcdn.net%2Flbook%2Fimage%2F5083750%3Ftimestamp%3D20221220144749,"21세기 들어 민주주의는 무섭게 후퇴중이다. 민주주의의 모범국가라고 하는 영국과 미국에서까지 위기론이 나오고 있다. 민주주의라는 제도는 깨어지기 쉬운 질그릇처럼 연약하다. 헌법만으로는 실패를 막지 못한다. 한마디로 민주주의는 만능이 아니다. 견제와 균형의 원리, 법의 지배의 원리, 이것이 민주주의를 지키는 든든한 둑이고 제방이다. 3권분립 등을 통한 견제와 균형의 원리, 그리고 법의 지배의 원리가 제대로 작동하지 않으면, 언론을 포함하여 이 원리를 담보하는 기관들이 제 역할을 다하지 못하면, 민주주의는 허망하게 무너진다. 이 책의 저자들은 국내 유수 대학의 교수들이다. 저자들은 우리 사회에 민주주의에 대한 오해가 널리 퍼져 있으며, 초중등학교 교과서에 실린 기초적인 민주주의 소개 내용에조차 상상할 수 없을 만큼 오류가 많다고 지적한다. 이런 환경 속에서 저자들은 우리 국민과 청소년들에게 민주주의를 올바로 이해할 수 있는 기회를 제공하기 위해 이 책의 집필에 나섰다. 저자들은 ‘민사모’(민주주의를 사랑하는 모임)를 만들어 2014년부터 5년이 넘는 기간 동안 공동작업을 진행해 왔다. 집필한 원고를 난상토론해 가며 다른 사람들이 거듭 수정하는 힘들고도 독특한 방식이었다. 이 책은 우리나라의 민주주의를 둘러싼 수많은 논란거리 모두에 답을 제시하려는 게 아니다. 민주주의가 도대체 무엇이고, 민주주의를 올바로 이해하는 일이 왜 그리고 얼마나 시급하고 중요한 일인지 널리 인식시키는 데 중점을 두고 있다. 미국 제2대 대통령 존 아담스는 “민주주의는 영속되는 법이 없다. 곧 쇠퇴하고, 탈진하고, 자살한다. 이제껏 자살하지 않은 민주주의는 없다”고 말하였다. 이 책은 민주주의 개론서이면서, 이 땅의 민주주의가 자살하는 일이 생기지 않도록 경종을 울리고자 하는 원로, 중견 학자들의 간절한 소망을 담고 있다.","['사회과학', '사회사상/사회사상사', '민주주의']"
10587,민주주의는 만능인가?,김영평 외 지음,가갸날,2019,340.22 김64ㅁ,9791190000000,https://search1.kakaocdn.net/thumb/R120x174.q85/?fname=http%3A%2F%2Ft1.daumcdn.net%2Flbook%2Fimage%2F5083750%3Ftimestamp%3D20221220144749,"21세기 들어 민주주의는 무섭게 후퇴중이다. 민주주의의 모범국가라고 하는 영국과 미국에서까지 위기론이 나오고 있다. 민주주의라는 제도는 깨어지기 쉬운 질그릇처럼 연약하다. 헌법만으로는 실패를 막지 못한다. 한마디로 민주주의는 만능이 아니다. 견제와 균형의 원리, 법의 지배의 원리, 이것이 민주주의를 지키는 든든한 둑이고 제방이다. 3권분립 등을 통한 견제와 균형의 원리, 그리고 법의 지배의 원리가 제대로 작동하지 않으면, 언론을 포함하여 이 원리를 담보하는 기관들이 제 역할을 다하지 못하면, 민주주의는 허망하게 무너진다. 이 책의 저자들은 국내 유수 대학의 교수들이다. 저자들은 우리 사회에 민주주의에 대한 오해가 널리 퍼져 있으며, 초중등학교 교과서에 실린 기초적인 민주주의 소개 내용에조차 상상할 수 없을 만큼 오류가 많다고 지적한다. 이런 환경 속에서 저자들은 우리 국민과 청소년들에게 민주주의를 올바로 이해할 수 있는 기회를 제공하기 위해 이 책의 집필에 나섰다. 저자들은 ‘민사모’(민주주의를 사랑하는 모임)를 만들어 2014년부터 5년이 넘는 기간 동안 공동작업을 진행해 왔다. 집필한 원고를 난상토론해 가며 다른 사람들이 거듭 수정하는 힘들고도 독특한 방식이었다. 이 책은 우리나라의 민주주의를 둘러싼 수많은 논란거리 모두에 답을 제시하려는 게 아니다. 민주주의가 도대체 무엇이고, 민주주의를 올바로 이해하는 일이 왜 그리고 얼마나 시급하고 중요한 일인지 널리 인식시키는 데 중점을 두고 있다. 미국 제2대 대통령 존 아담스는 “민주주의는 영속되는 법이 없다. 곧 쇠퇴하고, 탈진하고, 자살한다. 이제껏 자살하지 않은 민주주의는 없다”고 말하였다. 이 책은 민주주의 개론서이면서, 이 땅의 민주주의가 자살하는 일이 생기지 않도록 경종을 울리고자 하는 원로, 중견 학자들의 간절한 소망을 담고 있다.","['사회과학', '사회사상/사회사상사', '민주주의']"
10588,"나는 나, 엄마는 엄마",가토이쓰코 지음; 송은애 옮김,한국경제신문:한경BP,2019,189.24 가885ㄴ송,9788950000000,https://search1.kakaocdn.net/thumb/R120x174.q85/?fname=http%3A%2F%2Ft1.daumcdn.net%2Flbook%2Fimage%2F5161717%3Ftimestamp%3D20241106141333,"★아마존재팬 스테디셀러★임경선 작가 강력 추천외롭고 숨 막히는 모녀 관계 문제를 개인의 문제에서 우리의 화두로 이끌어 오는 책! 이상적인 모녀 관계란 무엇일까? 우리 사회에서는 엄마와 친한 친구처럼 뭐든 공유하며 착 달라붙어 있는 딸을 ‘좋은 딸’로 칭송하는 경향이 있다. 하지만 딸의 입장에서는 어떨까? 가정을 꾸렸거나, 사회생활을 하고 있는 딸에게도 여러 사정이 있기 마련이지만, ‘좋은 딸’의 역할을 충분히 수행하지 못할 경우 ‘무심하다’ ‘자기만 안다’는 비난을 받기 쉽다. 무엇보다 딸을 괴롭히는 것은 스스로 느끼는 죄책감이다. 왜 딸에게만 이런 규범이 작용하는 것일까? 이 책은 이런 질문에서부터 시작해 6가지 유형별 사례를 통해 본질적으로 모녀 관계가 괴로울 수밖에 없는 이유를 역 추적하고, 이를 통해 모녀 관계 솔루션을 제시한다. 또한, 그런 모녀 갈등 속에 엄마와 딸 자신도 몰랐던 젠더 규범과 사회적 기대에 부응하려는 여성 심리가 숨겨져 있음을 알게 된다. 이렇듯 엄마를 한 인간으로 바라볼 때 딸은 비로소 엄마를 이해하게 되고, 그 결과 자신을 옭아매는 근거 없는 죄책감과 두려움에서 벗어나 진정한 성장을 할 수 있을 것이다.","['에세이', '외국에세이']"
10589,텐서플로 첫걸음,조르디 토레스 지음; 박해선 옮김,한빛미디어,2016,004.73 토294ㅌ박,9788970000000,https://search1.kakaocdn.net/thumb/R120x174.q85/?fname=http%3A%2F%2Ft1.daumcdn.net%2Flbook%2Fimage%2F945285%3Ftimestamp%3D20240725113157,"구글이 만든 차세대 딥 러닝 시스템 텐서플로 입문서 『텐서플로 첫걸음』. 복잡한 이론 설명이 아니라 실제로 예제를 코딩하며 텐서플로를 빠르게 익히는 것을 목표로 한다. 머신 러닝 분야의 표준 언어인 파이썬을 이용해 회귀분석, 군집화, 합성곱 신경망 등을 실습하며 딥 러닝의 기초를 익힐 수 있다.","['컴퓨터/모바일', '컴퓨터 공학', '데이터베이스 개론']"
10590,밑바닥부터 시작하는 딥러닝,사이토고키 지음; 개앞맵시(이복연) 옮김,한빛미디어,2019,004.73 사68ㅁ개,9788970000000,https://search1.kakaocdn.net/thumb/R120x174.q85/?fname=http%3A%2F%2Ft1.daumcdn.net%2Flbook%2Fimage%2F945270%3Ftimestamp%3D20250409113635,"『밑바닥부터 시작하는 딥러닝』은 라이브러리나 프레임워크에 의존하지 않고, 딥러닝의 핵심을 ‘밑바닥부터’ 직접 만들어보며 즐겁게 배울 수 있는 본격 딥러닝 입문서다. 술술 읽힐 만큼 쉽게 설명하였고, 역전파처럼 어려운 내용은 ‘계산 그래프’ 기법으로 시각적으로 풀이했다. 무엇보다 작동하는 코드가 있어 직접 돌려보고 요리조리 수정해보면 어려운 이론도 명확하게 이해할 수 있다. 딥러닝에 새롭게 입문하려는 독자들과 기초를 다시금 정리하고 싶은 현업 연구자와 개발자에게 유용한 책이 될 것이다. 새로운 지식을 배울 때 설명만 들어서는 석연치 않거나 금방 잊어버리게 된다. 그래서 무엇보다 ‘직접 해보는 것’이 중요하다. 이 책은 딥러닝의 기본을 ‘이론 설명’과 ‘파이썬 구현 코드’라는 투 트랙으로 설명한다. 각 장은 주제 하나를 설명한 후 그것을 실습할 수 있도록 꾸몄다. 즉, 실행되는 소스 코드를 준비했다. 소스 코드를 읽으면서 스스로 생각하고 그 생각을 반영해 실험하다 보면 확실하게 자기 것으로 만들 수 있다. 여러 실험을 해보면서 겪는 시행착오 역시 큰 자산이 될 것이다.","['컴퓨터/모바일', '컴퓨터 공학', '데이터베이스 개론']"
10591,"지도를 모으는 소녀, 고래를 쫓는 소년",왕수펀 지음; 조윤진 옮김,블랙홀,2018,823.7 왕56ㅈ조,9791190000000,https://search1.kakaocdn.net/thumb/R120x174.q85/?fname=http%3A%2F%2Ft1.daumcdn.net%2Flbook%2Fimage%2F3760428%3Ftimestamp%3D20231109152104,"언제나 서로가 ‘첫 번째’였던 소녀와 소년의 이야기 대만 호서대가독(好書大家讀) 최우수 어린이 청소년 도서 블랙홀 청소년 문고 시리즈 8권. 『지도를 모으는 소녀, 고래를 쫓는 소년』은 대만 최고의 권위를 자랑하는 호서대가독(好書大家讀)에 선정될 정도로 작품성을 인정받은 소설이다. 『지도를 모으는 소녀, 고래를 쫓는 소년』은 [그 시절, 우리가 좋아했던 소녀], [나의 소녀시대]의 계보를 잇는 대만 청춘 로맨스물이다. 하나의 이야기를 각각 소녀의 시점과 소년의 시점으로 나눠서 보여주는 이 소설은 『냉정과 열정 사이』를 연상시키기도 한다. 『지도를 모으는 소녀, 고래를 쫓는 소년』은 요즘의 사랑 이야기와는 달리 빠르지도, 시원하지도, 세련되지도 않았다. 느리고, 답답하고, 투박하다. 그래서 더 설레고 가슴 아프다. 사랑이었으면서도 사랑인줄 몰랐던 소녀와 사랑했으면서도 고백하지 못했던 소년의 이야기는 다시 한 번 사랑이 무엇인지를 생각하게 한다. 그리고 읽는 내내 부디 이 두 사람이 이어지길 응원하도록 만든다. 모두가 한 번쯤은 겪는 첫사랑. 과연 지도 소녀와 고래 소년은 어떤 방식으로 하게 될까?","['청소년', '청소년 문학', '청소년 소설']"
10592,웃고 있는 예수,"티모시 프리크, 피터 갠디 공지음; 유승종 옮김",어문학사,2009,290 프298ㅇ유,9788960000000,https://search1.kakaocdn.net/thumb/R120x174.q85/?fname=http%3A%2F%2Ft1.daumcdn.net%2Flbook%2Fimage%2F858877%3Ftimestamp%3D20241122114151,"세계적인 베스트셀러 <예수는 신화다>, <예수와 잃어버린 여신>의 저자인 티모시 프리크와 피터 갠디가 쓴 또 하나의 책 『웃고 있는 예수』. 특히 티모시 프리크와 피터 갠디의 저서 중 우리나라에서 2002년 출간되었던 <예수는 신화다>는 예수의 이야기가 시대를 거쳐 인간에 의해 꾸며진 픽션에 불과하다고 주장해, 우리나라 보수 기독교 단체의 항의에 의해 한국어판이 전량 회수, 2개월 만에 절판되어 화제가 되었던 책이다. 이 책은 한층 더 대중적인 내용으로 종교의 문제점과 그 극복 방안을 밝혔다. 프리크와 갠디는 1부에서 여러 역사기록과 전문가들의 말을 인용하여 유대교, 기독교, 이슬람교의 근본주의자들을 강력하게 비판하는 내용을 담고, 그것을 뒷받침할 수 있는 방대한 양의 주석을 붙였다. 그리고 2부에서는 종교의 허상을 낱낱이 파헤친 뒤 영지주의의 ‘영성’을 열정적으로 재해석한다. 저자들에 따르면, 9.11 공격처럼 종교적 맹신에 의한 행위는 새로운 것이 아니다. 그러한 것들은 고대의 기괴한 책들을 ‘신의 말’이라고 착각한데서 야기된 것으로, 야만적이고 피로 더럽혀진 오랜 역사의 연장선상에 있는 것이다. 영지란 ‘이 순간을 탐구해서, 실제로 알고 있는 것이 무엇이라는 것을 자각할 때 즉각 일어나는 깨달음의 상태’이다. 이 책의 제목이 ‘웃고 있는 예수’인 것도 영지가 곧 깨달음의 상태를 의미한다는 단서가 된다. 저자는 웃고 있는 예수란, 우리가 고통 받고 있을지라도 삶을 사랑할 수 있는 깨달은 삶을 상징한다고 설명한다. 이 책을 통해 ‘십자가에 못 박힌 예수’ 대신 ‘새로운 세계의 예수’를 만나게 됨으로써 종교를 바라보는 더 확장된 시각을 갖게 될 것이다.","['인문학', '신화/종교학', '종교학', '종교학 일반']"
10593,인간은 왜 폭력을 행사하는가?,정윤수 외글; 인권연대 기획,철수와영희,2018,334 정66ㅇ,9791190000000,https://search1.kakaocdn.net/thumb/R120x174.q85/?fname=http%3A%2F%2Ft1.daumcdn.net%2Flbook%2Fimage%2F1656025%3Ftimestamp%3D20241115114135,"우리는 차별과 편견의 폭력에서 자유로울 수 있을까? 왜 우리는 비슷한 사람을 선호하고 다른 사람을 배격할까? '노동자'를 왜 우리는 '직장인'이나 '회사원'으로만 부를까? 정규직이 비정규직보다 더 나은 대우를 받는 게 당연할까? 기업을 유치하고 도로를 넓히는 게 낙후한 도시를 벗어나는 것일까? 여성은 남성보다 수학을 잘 하지 못한다는 데 사실일까? 정말 아프리카 사람들은 게으르고 성실하지 못할까? 이 책은 차별과 편견을 강요하는 한국 사회의 현실을 도시, 평화, 심리, 소수자, 헌법, 예산이라는 주제를 통해 다루며, 차별과 편견에서 벗어나 평화롭게 더불어 사는 사회를 만들기 위한 해결책을 모색하고 있다. 우리 사회는 성별, 연령, 학벌, 직업, 신념, 재산, 문화, 국적 등 다양한 차이를 이유로 사회적으로 배제하거나 기회를 박탈하며, 그 사람의 신념이나 가치를 폄하하는 차별이 존재한다. 그런데 이 책은 서로의 차이를 이유로 차별과 편견을 가지는 것이 정당한 것인지 의심해 봐야 한다고 말한다. 그리고 차별과 편견을 줄이거나 없애기 위해서 약자 또는 소수자에 대해 따듯한 시선을 가져야 하며, 차별과 편견으로 나누어지는 주류와 비주류 혹은 다수와 소수는 상대적인 개념이기에 내가 어떤 상황에서는 주류 집단이었다가 다른 상황에서는 비주류 집단일 수 있다는 사실을 알아야 한다고 강조한다. 이 책은 1999년 창립되어 인권 운동을 활발히 벌여나가고 있는 '인권연대'가 2017년 진행한 〈인권교육 직무 연수〉의 주요 강의와 질의응답을 엮었다. 강연을 책으로 만들었기에 쉬운 구어체 문장으로 되어 있어 청소년부터 성인까지 인권에 대해 종합적으로 이해하는 좋은 길잡이가 될 수 있다.","['사회과학', '사회문제', '인권문제']"
10594,미래 공부,박성원 지음,글항아리,2019,331.544 박54ㅁ,9788970000000,https://search1.kakaocdn.net/thumb/R120x174.q85/?fname=http%3A%2F%2Ft1.daumcdn.net%2Flbook%2Fimage%2F5005968%3Ftimestamp%3D20221108005944,"평범한 사람들을 위한 생존 기술 지침서 미래 예측력은 어떻게 훈련되는가 좌절스런 상황, 막다른 길, 원치 않는 변화 앞에서 어떻게 창의력은 발휘되는가 자신의 눈을 가린 인식의 장벽을 하나씩 허무는 방법 미래를 위한 가치관의 싸움을 해나가는 방법 가능 미래와 선호 미래 사이에서 선호 미래를 맞이하는 기술","['사회과학', '미래학']"
10595,다라야의 지하 비밀 도서관,델핀 미누이 지음; 임영신 옮김,더숲,2018,340.9185 미196ㄷ임,9791190000000,https://search1.kakaocdn.net/thumb/R120x174.q85/?fname=http%3A%2F%2Ft1.daumcdn.net%2Flbook%2Fimage%2F1638668%3Ftimestamp%3D20221011190153,"시리아 내전의 중심 도시 다라야. 그곳에 책으로 만든 피난처인 지하 도서관에서 끊임없이 책을 읽고 강의를 열고, 대화를 나눈 청년들이 있었다. 『다라야의 지하 비밀 도서관』은 20여 년간 이슬람 지역을 다니며 중동 각국의 중요한 사회적 이슈를 취재해온 프랑스 출신의 저널리스트이자 분쟁 지역 전문기자 델핀 미누이가 2015년 페이스북에 올라온 사진 한 장으로 내전이 진행 중인 시리아 한복판에 존재하는 지하 도서관을 알게 된 후, 다라야의 강제이주가 시행된 2016년 8월까지 약 2년에 걸쳐 스카이프를 통해 청년들과 나눈 대화를 바탕으로 쓴 책이다. 평범한 삶을 살고 있던 20대 청년들의 삶이 국가의 독재로 인해 무너지는 과정과 매일 벌어지는 참혹한 전쟁터에서의 고민, 모든 것이 무너지던 전쟁 속에서 학교를 다니고 친구를 만나는 평범한 삶 대신 책을 읽고 공유하며 절망의 시간을 견디는 과정, 그들이 시공간을 초월한 책을 읽으며 나눈 깊은 대화를 통해 정신적으로 고양되는 놀라운 경험을 담고 있다. 책을 통해 자유와 비폭력, 인간다운 삶을 꿈꾸며 무너지지 않기 위해, 계속되는 삶을 살아내기 위해 책을 읽었던 청년들의 이야기는 시리아 내전에 대한 살아있는 투쟁의 역사이자 기록이기도 하다.","['사회과학', '국방/군사학', '전쟁사']"
10596,혼돈과 질서,곽한영 지음,사람의무늬:성균관대학교 출판부,2016,331.5 곽92ㅎ,9791160000000,https://search1.kakaocdn.net/thumb/R120x174.q85/?fname=http%3A%2F%2Ft1.daumcdn.net%2Flbook%2Fimage%2F1552834%3Ftimestamp%3D20220812233711,"『혼돈과 질서』는 대학에서 예비 사회교사들을 가르치고 있는 한 법교육학자가 ‘법과 질서’에 얽힌 편견과 오해들을 풀어헤치면서, 상대성과 다양성이란 두 축으로 굴러가는 인간 사회에 대해 알기 쉽게 풀어간 인문서다. 사회상을 바라보는 대비적 시선인 ‘혼돈과 질서’를 메인테마로 삼아, 사회 질서의 본질과 혼돈의 의미 그리고 그 둘이 맺는 순환적 관계를 성찰해나간다.","['인문학', '인문 에세이']"
10597,공연의 사회학,최종렬 지음,오월의봄,2019,330.911 최75ㄱ,9791190000000,https://search1.kakaocdn.net/thumb/R120x174.q85/?fname=http%3A%2F%2Ft1.daumcdn.net%2Flbook%2Fimage%2F4986262%3Ftimestamp%3D20220909214227,"한국사회를 지배하는 문화구조를 파헤치다 민주주의_ 한국은 어떤 민주주의 나라인가? 성장주의_ 왜 보수, 진보 할 것 없이 성장을 갈망하는가? 민족주의_ 이주여성은 어떻게 한국사회에 편입되는가? 젠더주의_ 여자 말뚝이, 어떻게 할 것인가? 사회적 공연론을 통해 살펴본 한국사회의 네 가지 자아성찰","['사회과학', '사회학', '사회학 일반']"
10598,서울 2천년사. 36: 현대 서울의 교통과 통신,서울역사편찬원 편저,서울역사편찬원,2016,911.6 서66ㅅ v.36,9791160000000,https://search1.kakaocdn.net/thumb/R120x174.q85/?fname=http%3A%2F%2Ft1.daumcdn.net%2Flbook%2Fimage%2F1597382%3Ftimestamp%3D20240602113837, 이 책은 서울 2천년사: 현대 서울의 교통과 통신을 다룬 정부간행물입니다.,"['대학교재/전문서적', '인문계열', '역사학']"
10599,포스트트루스,리 매킨타이어 지음; 김재경 옮김; 정준희 해제,두리반,2019,331.15 매878ㅍ김,9791190000000,https://search1.kakaocdn.net/thumb/R120x174.q85/?fname=http%3A%2F%2Ft1.daumcdn.net%2Flbook%2Fimage%2F4928574%3Ftimestamp%3D20240513121555,"『포스트트루스』는 하버드 대학교와 보스턴 대학교에서 철학을 가르치는 리 매킨타이어가 정보가 합리적 근거보다 감정에 의해 선택되는 이유에 대해 철학·사회학·심리학적으로 고찰한 책이다. 이 책의 제목인 ‘포스트트루스(post-truth)’는 여론을 형성할 때 객관적인 사실보다 감정이 더 중요하게 여겨지는 현상으로, 탈진실이라고도 불린다. 우리는 종종 논리적 근거나 과학적 증거를 지닌 사실보다 감정적 동질성을 지닌 추측성 의견에 더 많은 반응을 보이곤 한다. 사실 관계가 무시된 정보들은 사람들의 감정에 호소하며 점차 사실처럼 받아들여지는데, 저자는 2016년 미국의 대통령 선거와 영국의 브렉시트 투표 등 세계적으로 이슈가 되었던 사건들 속에서 거짓 정보가 어떻게 유권자를 홀렸고, 또 왜 사람들이 진실이 아닌 정보에 현혹이 되는지에 대해 살펴보면서 탈진실을 올바로 이해해 나가고자 한다.","['인문학', '교양 인문학']"
10600,차별이란 무엇인가,데보라 헬먼 지음; 김대근 옮김,서해문집,2016,332.6 헬34ㅊ김,9788970000000,https://search1.kakaocdn.net/thumb/R120x174.q85/?fname=http%3A%2F%2Ft1.daumcdn.net%2Flbook%2Fimage%2F1049012%3Ftimestamp%3D20220925195729,"『차별이란 무엇인가』의 목적은 ‘언제 부당한 차별이 법적으로 금지되어야 하는가’의 연구를 위한 도덕적 토대를 제시하는 데 있다. 이를 통해 비하를 일으키는 특정 구별이 도덕적으로 부당하다는 것을 밝힌 뒤에, 어떤 부당한 차별이 법적으로 금지되어야 하고, 비록 부당해도 그대로 두는 편이 나은 차별은 어떤 것인가라는 질문을 할 수 있을 것이다.","['사회과학', '사회문제', '인권문제']"
10601,노터리어스 RBG,"아이린 카먼, 셔나 크니즈닉 공지음; 정태영 옮김",글항아리,2019,360.099 카34ㄴ정,9788970000000,https://search1.kakaocdn.net/thumb/R120x174.q85/?fname=http%3A%2F%2Ft1.daumcdn.net%2Flbook%2Fimage%2F936785%3Ftimestamp%3D20221227143914,"루스 베이더 긴즈버그 미국 연방대법관, 이른바 노터리어스 RBG의 악명은 몇 마디 위대한 말과 잘 고안된 카리스마, 뜻밖의 팬덤으로 어느 날 갑자기 얻어진 것이 아니다. 『노터리어스 RBG』는 베일에 가려졌던 그의 삶을 날것 그대로 세밀하게 펼쳐놓은 책으로 엄격한 자료 조사와 취재를 거쳐 탄생한 평전이다. 1993년 빌 클린턴 정권 때 연방대법원 대법관에 임명된 RBG는 변호사 시절부터 연방대법관을 역임하는 동안 임금차별, 부당한 처우, 이중 잣대, 임신중절 금지, 사회보험 등 여러 분야에서 젠더 평등과 여성 및 남성의 해방을 일관되게 주장해왔다. 수많은 청년 페미니스트와 진보주의자가 그의 이름으로 자유와 평등을 외쳤고, 그가 내놓는 소수의견에 열광했다. 이 책을 쓴 두 저자는 한 훌륭한 개인의 공적 자아와 사회적 성취만을 다루는 데 그치지 않고, 그것을 지탱해주는 그 주변의 다른 훌륭한 개인들과 그 자신의 매력적인 사적 자아, 취미와 취향, 생활방식까지 경쾌하게 소개한다. 대통령 연두교서 때 꾸벅꾸벅 조는 모습, 집무실에서 터번을 쓰고 나타나 재판연구원들이 웃음을 참느라 곤욕을 겪은 에피소드, 형편없는 요리 실력과 운전 감각 등 RBG를 단지 훌륭한 위인이 아닌, 어떤 특별한 ‘개인’으로 그려냈다.","['사회과학', '여성학/젠더', '여성인물']"
10602,莊子,장자 [지음]; 안동림 역주,현암사,2018,152.226 장72ㅈ-현,9788930000000,https://search1.kakaocdn.net/thumb/R120x174.q85/?fname=http%3A%2F%2Ft1.daumcdn.net%2Flbook%2Fimage%2F500484%3Ftimestamp%3D20250111113855,"<장자>는 기원전 4세기의 전국시대를 무대로 전쟁과 살육, 군모술수가 소용돌이치는 절망의 시대에서 어떻게 참된 인간으로 살 수 있을까를 알려주는 인생지침서다. 안동림 선생이 국내 최초로 전편 역주한 <장자>는 1973년 처음 나온 이후 꾸준히 독자의 사랑을 받고 있으며, 2005년 <교수신문>에서 주최한 ‘최고의 고전 번역을 찾아서’에서 60여 권의 <장자. 번역 도서 중 ‘최고의 장자 번역서’로 선정되기도 했다.","['인문학', '동양철학', '도가철학/노장철학', '도가철학 일반']"
10603,광장에 선 의사들,최규진 지음; 인도주의실천의사협의회 기획,이데아,2017,510.6 최16ㄱ,9791200000000,https://search1.kakaocdn.net/thumb/R120x174.q85/?fname=http%3A%2F%2Ft1.daumcdn.net%2Flbook%2Fimage%2F1657730%3Ftimestamp%3D20221011175617,"『광장에 선 의사들』은 1987년 탄생해 올해로 꼭 30주년을 맞는 의사 단체, 인도주의실천의사협의회(이하 인의협)의 역사를 정리한 것이다. 하지만 인의협이 1987년 이후 벌어진 한국 보건의료 운동 대부분의 사안에 관여했고 그중 적지 않은 부분을 앞장서 이끌었던 만큼, 이 책은 한국 현대 보건의료 운동의 주요 궤적을 짚어 보는 과정이기도 하다. 크게 여덟 장으로 구성되어 있다. 첫 번째 장에서는 인의협 탄생 이전에 존재했던, 일제강점기와 해방공간에서 ‘의사들이 주도한 진보적 보건의료 운동’을 살펴보았다. 그들의 역사가 인의협의 전사(前史)는 아니지만 이를 통해 인의협의 역사적 좌표를 가늠해 볼 수 있을 것이다. 나머지 장에서는 꼭 들어맞는 것은 아니어도 이승만 정권부터 시작해서 대체로 각 정권을 기준으로 인의협의 활동을 정리했다. 이는 단순히 편의상 그런 것은 아니다. 그만큼 인의협이 사회와 유기적으로 움직였기 때문이며, 시대에 조응한 각 운동과 인의협의 활동을 함께 돌아보고자 하는 의도에서 비롯되었다.","['사회과학', '사회운동', '사회운동 일반']"
10604,(김변의 방과 후)법률사무소,김민철 지음,뜨인돌출판,2019,360 김38ㅂ,9788960000000,https://search1.kakaocdn.net/thumb/R120x174.q85/?fname=http%3A%2F%2Ft1.daumcdn.net%2Flbook%2Fimage%2F4933076%3Ftimestamp%3D20240124153021,"법은 누구의 편인가? 힘센 이들은 법망을 술술 빠져나가고, 보통의 사람들은 유난히 엄중한 판결을 받는 것만 같다. 재벌의 딸은 땅콩 때문에 비행기를 회항시켜도 무죄 판결을 받고, 16년 동안 성실히 일한 버스 기사는 요금 2400원이 빈다는 이유로 직장에서 해고되는 판결을 받는다. 게다가 ‘조두순 사건’처럼 처벌의 공백이 보이는 일들이 벌어지면 ‘그런 법이 어딨냐’고 묻고 싶은 때가 적지 않다. 솔직히 법에 대한 사람들의 감정이 썩 좋다고는 할 수 없다. 『김변의 방과 후 법률사무소』 의 저자 김민철 변호사는 법에 대한 우리 사회의 인식에 공감하며, ‘법은 완벽하지 않다’고 말한다. 다만 그는 ‘법 없이 사는 것은 더 어렵다’는 점을 강조한다. 함께 살기 위해 최소한의 규칙을 정한 것이 ‘법’이다. 그렇기에 더 나은 세상을 만들기 위해서는 어떤 이슈에 대해 나의 의견과 판결이 다를 때면 덮어놓고 법에 반감을 가지기보다는 법의 존재 이유와 작동 방식을 제대로 이해하고 비판해야 더 나은 세상을 만들 수 있다는 것이다. 『김변의 방과 후 법률사무소』는 이러한 문제의식에서 출발했다. ‘판결이 왜 이래? 법이 이래도 되나?’ 하며 의아해했던 판결들의 숨은 사연을 살펴보며 법에 대한 기초 교양을 쌓는다. 독자들은 이 과정을 통해 법에 대한 오해와 편견을 벗겨 낼 수 있다. 15가지 실제 사건에 내려진 판결을 소재로 풀어 낸 이야기를 읽다 보면 멀게만 느꼈던 법이 피부에 닿는 것처럼 현실적으로 다가올 것이다.","['청소년', '청소년 인문/사회']"
10605,그해 봄,박건웅 만화,보리,2019,911.074 박14ㄱ,9788980000000,https://search1.kakaocdn.net/thumb/R120x174.q85/?fname=http%3A%2F%2Ft1.daumcdn.net%2Flbook%2Fimage%2F1182736%3Ftimestamp%3D20240312113315,"평화 발자국 21번째 책으로 인혁당 사건을 다룬 다큐멘터리 만화 《그해 봄》이 출간됐다. 어느 날 불쑥 우리에게 또다시 찾아왔던 ‘유신’의 ‘추억’을 직시하며, 만화가 박건웅은 ‘사법사상 암흑의 날’인 그해 4월 9일의 기록을 8명의 인혁당 사형수 유가족들과 선후배 동지들의 생생한 증언을 재구성해 흑백만화로 되살려 냈다. 30년 넘게 ‘간첩’과 ‘빨갱이’라는 낙인 속에 살아온 사형수들과 유가족들에게 깊은 위로와 치유의 메시지를 전한다. 이 책은 한국만화영상진흥원 ‘2017 다양성만화제작지원사업’ 선정작이다. 한국현대사의 비극, 1975년 4월 9일을 최초로 기록하다 《그해 봄》은 한국현대사에서 가장 충격적인 사건 중 하나인 인혁당 사건을 이야기한다. 박정희 유신 독재 권력이 평범한 시민을 간첩으로 몰아 하루아침에 사형을 시킨 인혁당 사건은 사형 선고 18시간 뒤에 사형을 집행해버린 사건이다. 스위스 제네바에 본부가 있는 국제법학자협회는 1975년 4월 9일을 ‘사법사상 암흑의 날’로 규정했고, 엠네스티에서는 사형 집행에 대한 항의 서한을 한국 정부에 보내기도 했다. 지금까지 인혁당 사건을 다룬 책은 그리 많지 않다. 8명의 사형수 가운데 한 인물의 일대기를 다루거나, 한국근현대사 책에서 인혁당 사건을 짤막하게 다룰 뿐이었다. 《그해 봄》은 처음으로 인혁당 사건과 사형수 8명의 삶을 밀도 있게 그려 낸 다큐멘터리 만화이다.","['사회과학', '한국정치사정/정치사', '한국정치사정/정치사-일반']"
10606,의료 붕괴,우석균 외 지음; 인도주의실천의사협의회 엮음,이데아,2017,517.1 우54ㅇ,9791200000000,https://search1.kakaocdn.net/thumb/R120x174.q85/?fname=http%3A%2F%2Ft1.daumcdn.net%2Flbook%2Fimage%2F1664676%3Ftimestamp%3D20221114142934,"『의료붕괴』는 제목처럼 한국의 공공의료가 어떻게 붕괴됐는지 상세히 묘사하고 있다. 비판과 분석에 많은 지면을 할애하고 있다. 그렇다고 ‘비판’에만 몰두한 나머지 ‘그렇다면 현실적 대안이 무엇이냐’라는 질문을 회피하는 것은 아니다. 책에서는 ‘상병수당’과 ‘전 국민 주치의제도’, ‘건강보험 보장성 강화’를 대안으로 제시한다.","['사회과학', '비평/칼럼', '한국사회비평/칼럼']"
10607,불안 위에서 서핑하기,하지현 지음,창비,2018,377.25 하78ㅂ,9788940000000,https://search1.kakaocdn.net/thumb/R120x174.q85/?fname=http%3A%2F%2Ft1.daumcdn.net%2Flbook%2Fimage%2F533941%3Ftimestamp%3D20231124162952,"지금 같은 대학이 계속 필요할까? 이런 질문은 꾸준히 제기되어 왔지만 최근에는 그 양상이 크게 달라졌다. 심각한 취업난이 ‘대학 무용론’을 부추기고, 대학들도 생존의 위기 앞에서 자발적으로 구조 조정에 나서고 있기 때문이다. 이른바 ‘4차 산업 혁명’과 인공 지능이 사람의 일자리를 위협해 오는 이때, 미래를 준비해야 하는 청년들과 십 대들의 고민은 더욱 깊어진다. 대학에 왜 가야 하고, 가서 무엇을 해야 할까? ‘나의 대학 사용법’ 시리즈에서는 각계각층의 전문가가 대학 고민, 취업 고민에 밤잠 설치는 청춘들을 위해 변화하는 시대에 필요한 전략과 대안을 전한다. 2017년 한 차례 강연을 통해 전한 이야기들을 대폭 다듬고 보강해 책으로 엮었다. 정신과 의사 하지현은 『불안 위에서 서핑하기』에서 ‘예측 불가능’, ‘조절 불가능’이라는 표현으로 이 시대를 압축하면서, 이런 불확실성의 시대를 살아갈 이들에게 필요한 ‘마음의 태도’를 이야기한다. 그리고 우울, 외로움, 불안 등 청소년과 대학생이 일상에서 경험하는 감정들을 섬세하게 해설한다. 이 책을 통해 저자가 궁극적으로 주문하는 것은 시대를 거슬러 빨리 어른이 되라는 것이다. 시대의 흐름에만 몸을 맡기면 삶이 마냥 유예되기 쉽기 때문이다.","['청소년', '청소년 인문/사회']"
10608,초속 5센티미터,신카이마코토 지음; 김혜리 옮김,대원씨아이,2019,833.6 신872ㅊ김,9791130000000,https://search1.kakaocdn.net/thumb/R120x174.q85/?fname=http%3A%2F%2Ft1.daumcdn.net%2Flbook%2Fimage%2F1544462%3Ftimestamp%3D20250122113543,"섬세한 문체로 완성해낸 마코토 감독의 첫 소설 작품『초속 5센티미터』. 극장 애니메이션 《초속 5센티미터》에서는 말하지 못했던 그들의 심정과 풍경을 담아낸 소설로, 한 소년을 축으로 그려지는 세 가지 연작 단편이 수록되어 있다. 언제나 소중한 것들을 알려주던 아카리. 그런 그녀를 지켜주고자 했던 타카키. 초등학교에서 처음 만난 두 사람은 중학교에 올라가면서 아카리의 전학으로 헤어지게 된다. 그리고 이번에는 타카키가 섬 지역으로 이사를 가게 되자, 두 사람은 마지막으로 만나기로 한다. 하지만 약속한 날, 폭설이 내리고 타카키가 탄 열차는 4시간의 지연 끝에 아카리가 있는 역에 다다른다. 멀어지는 거리만큼 그들의 사랑은 영혼과 함께 계속 방황하는데…….","['소설/시/희곡', '일본소설', '1950년대 이후 일본소설']"
10609,그래도 우리의 나날,시바타쇼 지음; 권남희 옮김,문학동네,2018,833.6 시42ㄱ권,9788950000000,https://search1.kakaocdn.net/thumb/R120x174.q85/?fname=http%3A%2F%2Ft1.daumcdn.net%2Flbook%2Fimage%2F4833610%3Ftimestamp%3D20230111165121,"시바타 쇼 장편소설 『그래도 우리의 나날』. 1960년, 스물여섯 나이에 데뷔한 저자가 자신이 통과한 대학시절을 담아 서른 살에 쓴 장편소설로, 일본 젊은이들의 압도적인 지지로 1960, 70년대 최고의 베스트셀러가 되었다. 자신들이 믿고 있던 가치관의 붕괴로 삶의 방향과 의미를 잃어버린 청춘의 삶, 그리고 그들의 그 이후의 삶을 담았다. 작품은 ‘나(후미오)’가 헌책방에서 무엇에 홀린 듯 ‘H전집’을 구매하는 장면으로 시작한다. 후미오는 영문학을 전공하는 대학원생이며 반년 뒤 취직이 내정된 지방의 대학으로 약혼녀 ‘세쓰코’와 함께 내려갈 예정이다. 언뜻 안온해 보이는 삶이다. ‘H전집’에는 옛 소유자의 장서인이 찍혀 있었는데, 그 도장이 낯익었던 세쓰코를 통해 그 책이 도쿄대 역사연구회 회원이었던 ‘사노’의 것임이 밝혀진다. 사노는 한때 지하 군사조직에 참가할 정도로 극렬한 공산주의자였지만, 1955년 무장투쟁을 지향하던 일본 공산당이 ‘육전협(제6회 전국협의회) 결의’ 이후에 평화혁명으로 노선을 전환하자, 학교로 돌아와 정치투쟁과 선을 그은 채 평범한 대학생활을 이어간다. 졸업 후 대기업에 취직했고, 다른 사람들과는 연락을 끊었다. 세쓰코의 부탁으로 사노의 행적을 좇던 후미오는 사노가 자살했음을 알게 되고, 그가 죽기 직전 쓴, 유서나 다름없는 편지를 입수한다. 그 편지를 읽은 후미오와 세쓰코는 그동안 묻어두었던 과거의 기억과 마주하게 되는데…. 함께 실린 단편 《록탈관 이야기》는 1960년 동인지에 발표한 단편소설로, 《문학계》에 전재되어 아쿠타가와상 후보에 올랐다. 모든 것이 불분명하던 청소년기의 주인공이 동경한 과학과 이성의 세계가 ‘록탈관’이라는 진공관으로 상징된다. 명확한 세계에 대한 열망, 그 지향점에 이르지 못해 도착(倒錯)되고 일그러진 모습으로 그려진 빼어난 성장소설이다.","['소설/시/희곡', '일본소설', '1950년대 이후 일본소설']"
10610,아주 작은 습관의 힘,제임스 클리어 지음; 이한이 옮김,비즈니스북스,2019,199.1 클298ㅇ이,9791160000000,https://search1.kakaocdn.net/thumb/R120x174.q85/?fname=http%3A%2F%2Ft1.daumcdn.net%2Flbook%2Fimage%2F4881578%3Ftimestamp%3D20250327125822,"단계적이고 체계적인 자기계발 방법을 찾는 사람들을 위한 『아주 작은 습관의 힘』. 고교 시절 촉망받는 야구선수였던 저자는 연습 중 동료의 야구 배트에 얼굴을 정통으로 강타당하는 큰 사고를 당했고, 걸을 수조차 없었던 저자는 절망에 빠지는 대신 지금 당장 할 수 있는 아주 작은 일이라도 찾아 그것을 반복하자고 마음먹었다. 그 후 매일 걷기 연습을 해서 6개월 만에 운동을 할 수 있게 되었고, 6년 후에는 대학 최고 남자 선수가 되었다. 그 후 자신을 인생의 나락에서 구해준 아주 작은 습관의 힘을 전 세계에 알리는 최고의 자기계발 전문가가 된 저자는 이 책에서 자신의 생생한 경험과 생물학, 뇌과학, 심리학의 최신 연구 결과를 집약해서 습관 하나로 인생을 변화시킬 수 있는 노하우를 제시한다. 저자는 더 나은 습관을 세우는 계획에 대해 단계별로 소개한다. 습관을 만들기 위해서는 결심이 분명해야 하고(제1법칙), 매력적이어야 하며(제2법칙), 쉬워야 하고(제3법칙), 만족스러워 하는데(제4법칙), 이 네 가지 법칙을 바탕으로 어떻게 하면 빠르고, 효율적이고, 확실하게 변화할 수 있는지 알려준다. 금연, 다이어트에서부터 비즈니스에서 탁월한 성과를 이뤄내기까지 누구나 쉽게 이해하고 적용할 수 있는 방식으로 습관을 세우고 삶을 변화시키는 과학적인 방법을 설명한다. 저자는 사소하고 별것 아닌 일이라도 몇 년 동안 꾸준히 해나가면 정말로 놀랄 만한 결과가 나타난다고 이야기하며 이 책에서 제안하는 방법으로 매일 조금씩 좋은 습관을 만든다면 무엇을 결심하든 원하는 것을 얻을 수 있다는 용기와 희망을 전한다.","['자기계발', '성공', '성공학']"
10611,라이딩 인생,고선미 지음,이층집,2018,813.6 고54ㄹ,9791200000000,https://search1.kakaocdn.net/thumb/R120x174.q85/?fname=http%3A%2F%2Ft1.daumcdn.net%2Flbook%2Fimage%2F3937781%3Ftimestamp%3D20250311130241,"30년 넘게 일해온 윤지아는 일곱 살 손녀 서윤이의 학원 라이드를 해달라는 직장맘 딸 정은의 간곡한 부탁을 거절하지 못하고 대치동으로 가게 된다. 그리고 ‘클레어할머니’로서 전혀 예기치 못한 라이딩 인생을 시작한다. 장편소설『라이딩 인생 - 대치동으로 간 클레어할머니』는 우리 사회 젊은 세대의 치열한 생존 경쟁 현실과 이를 위해 새로운 추세로 자리 잡은 노년 세대의 손주 교육 부담, 또 젊은 세대가 자의 반 타의 반으로 선택하게 되는 맹목적 사교육 현실과 아마도 마지막이 됐을 주인공들의 사랑을 통해, 다들 바쁘고 분주하지만 수시로 상처받고 고단한 우리 삶에 대한 위로를 전하고자 한 작품이다. 과연 우리가 무엇을 위해 이렇게 살아가는가 한 번쯤은 생각해 볼 수 있는 시간을 전하고자 한 소설이다. 장편소설임에도 마치 한 편의 드라마를 보듯 읽기 편하고 재미있게 구성한 서술과 현실감 강한 스토리가 몰입감 높게 펼쳐진다.","['소설/시/희곡', '한국소설', '2000년대 이후 한국소설']"
10612,나무의 모험,맥스 애덤스 지음; 김희정 옮김,웅진지식하우스:웅진씽크빅,2019,485.16 애24ㄴ김,9788900000000,https://search1.kakaocdn.net/thumb/R120x174.q85/?fname=http%3A%2F%2Ft1.daumcdn.net%2Flbook%2Fimage%2F4988734%3Ftimestamp%3D20231014170602,"영국의 고고학자로 수많은 유적지를 누비던 저자는, 나무야말로 인간에게 물질적 풍요와 지혜를 선사한 원천이라는 것을 깨닫고 약 16만 제곱미터 크기의 삼림지를 사들여 직접 숲에서 살기 시작했다. 이 책은 수년간 저자가 보고 느끼고 겪은 숲속 생활 수기이자, 고고학자의 눈으로 밝혀낸 인간과 나무가 함께 일군 발전과 진보의 기록이다. 나무를 알고, 재료로 다룰 줄 알게 된 것은 인간이 생존을 위해 갖춘 최초의 지식이었다. 태초의 인간들은 개암나무 열매로 허기를 달랬으며, 참나무를 쪼개 집과 배를 만들어 정착 생활을 시작하고 미지의 세계로 거침없이 나아갔다. 막대를 비벼대다 불이라는 위대한 발견을 이끌어냈고, 숯을 활용해 쇠를 제련하고 화약을 만들면서 농경과 정복 전쟁의 서막을 열었다. 그런가 하면 인간은 나무라는 상징을 통해 세상을 바꾸기도 했다. 아담과 이브의 선악과부터, 기독교 순교자들이 희생된 교수대, 미국 독립혁명에 불씨를 당긴 ‘자유의 나무’, 인종차별의 아픔이 서린 ‘이상한 열매’에 이르기까지. 더 나은 세상을 향한 인간의 노력과 시도에는 언제나 나무가 자리했다. 『나무의 모험』은 독자들의 꾸준한 호응을 받으며 영국 아마존 스테디셀러로 자리매김했다. 각 장 말미에 달린 「나무 이야기」에서는 나무들의 생태학적인 특징을 비롯해 여러 문헌과 전설로 전해 내려오는 흥미로운 일화를 소개한다. 여기에서 소개되는 12종의 나무들은 우리나라에서도 쉽게 찾아볼 수 있는 수종일 뿐 아니라 아름다운 세밀화가 곁들여져 있어 나무 애호가들의 마음을 설레게 한다. 역사와 과학, 예술을 넘나들며 나무와 인간이 함께한 모험을 그린 이 책은, 오랜 기간에 걸쳐 무성해진 지식의 숲을 탐험하는 쾌감을 선사하면서 지속 가능한 삶에 대한 구체적인 실마리를 제시한다.","['인문학', '교양 인문학']"
10613,살아야겠다,김탁환 지음,북스피어,2019,813.6 김882ㅅ,9789000000000,https://search1.kakaocdn.net/thumb/R120x174.q85/?fname=http%3A%2F%2Ft1.daumcdn.net%2Flbook%2Fimage%2F3778997%3Ftimestamp%3D20221011191552,"김탁환의 장편소설 『살아야겠다』. 2014년 한국에서 일어난 대형 해난 사고를 목격한 후 데뷔 20주년을 맞아 처음으로 시도했던 사회파 미스터리 소설 《거짓말이다》에 이은 두 번째 사회파 소설로, 2015년 여름, 186명의 확진환자, 38명의 사망자를 낸 메르스 사태를 환자, 가족의 관점에서 재구성했다. 영문도 모른 채 메르스에 걸린 후 생사의 경계를 넘나들며 처절하게 투병하며 간신히 살아남은 이들은 완치라는 말이 무색한 후유증과 사회적 멸시에 내던져졌다. 폐가 망가져 일상생활조차 어려워지고, 바이러스에 희생당한 피해자이면서 가해자로 취급받으며 비난받은 이들의 고통을 생생하게 그려냈다.","['소설/시/희곡', '한국소설', '2000년대 이후 한국소설']"
10614,이제야 언니에게,최진영 지음,창비,2019,813.6 최78ㅇ,9788940000000,https://search1.kakaocdn.net/thumb/R120x174.q85/?fname=http%3A%2F%2Ft1.daumcdn.net%2Flbook%2Fimage%2F5079014%3Ftimestamp%3D20241122134210,"내일을 향한 질문, 젊은 문학의 새로운 발견 「소설Q」. 젊은 작가들의 경장편을 중심으로 하는 시리즈로, 시대의 공기를 잘 반영한 첨단의 문학으로 동시대 독자들과 빠르게(Quick) 소통하며 재치 있는 이야기(Quip), 퀴어한(Queer) 문학, 논쟁적인(Quarrel) 작품 등 다양한 개성을 존중하고자 한다. 시리즈의 첫 번째 작품은 신동엽문학상, 한겨레문학상을 수상하고, 섬세한 감수성과 거침없는 서사로 한국문학에서 주요한 자리를 획득한 최진영의 『이제야 언니에게』이다. 주인공 ‘이제야’의 일기 형식으로 전개되는 이번 소설은 성폭력 피해자인 여성 ‘이제야’가 절망 앞에서도 끝내 무릎 꿇지 않으며 들려주는 목소리가 압도적인 울림을 가져다주는 작품이다. 《문학3》 온라인 지면을 통해 연재할 당시, 독자들로부터 찬사를 받았던 작품을 완전히 새롭게 탈고하였다. 비가 내리던 2008년 7월 14일, 제야는 학교 수업을 마치고 이어폰으로 노래를 들으며 동생 제니와 사촌동생 승호와의 아지트인 버려진 컨테이너로 향한다. 제니와 승호가 오기를 기다리던 제야는 뜻밖에도 같은 동네에 살면서 늘 다정하고 친절하게 굴던 당숙을 맞닥뜨리고 당숙은 거기서 돌변하여 제야를 성폭행한다. 그날 이후 당숙이 자신이나 제니에게 또다시 같은 일을 저지를지 모른다는 생각에 제야는 산부인과와 경찰서를 홀로 찾아가며 침착하게 대응하지만, 부모를 비롯한 일가친척들의 소극적인 태도와 전염병에 걸린 듯 취급하는 친구들의 냉소적인 행동으로 인해 결국 버려지듯이 멀리서 혼자 사는 이모와 함께 지내게 되는데……. 일기장을 보여주듯 인물의 세밀한 내면을 독자와 공유하고 나아가 제야의 이야기를 모두의 이야기로 확대함으로써 우리가 자각하지 못한 채 누군가에게 행하거나 방관하고 있는 일상의 폭력을 대면하게 하는 이 작품을 집필하면서 여성인 자신조차도 내면에 축적된 가해자의 언어와 행동방식이 얼마나 농후했는지 새삼 발견하고 깊은 반성과 슬픔으로 제야의 마음을 상상했다는 저자는 소설 곳곳에서 뭉근하지만 단호한 진심을 깊이 있는 문장으로 전달한다.","['소설/시/희곡', '한국소설', '2000년대 이후 한국소설']"
10615,날씨가 좋으면 찾아가겠어요,이도우 지음,시공사,2019,813.6 이25ㄴㅆ,9788950000000,https://search1.kakaocdn.net/thumb/R120x174.q85/?fname=http%3A%2F%2Ft1.daumcdn.net%2Flbook%2Fimage%2F648446%3Ftimestamp%3D20230909153725,"《사서함 110호의 우편물》의 저자 이도우가 《잠옷을 입으렴》 이후 6년 만에 펴낸 장편소설 『날씨가 좋으면 찾아가겠어요』. 유년 시절 산에 살았던 어떤 소년, 인생 첫 단골 서점, 미로 같았던 반년간의 여름날, 새벽이 가까울 무렵 올라오는 야행성 사람들의 SNS 글 등 때로는 스쳐 간, 더 많이는 온전히 남은 삶의 여러 조각을 모아 만든 작품으로 서로에게 많이 미안한 이들이 오랫동안 하지 못했던 말들을 세월이 흐른 후 비로소 용기 내어 전하는 이야기를 담고 있다. 미대입시학원에서 그림을 가르치던 해원은 학생과의 불화를 계기로 일을 그만두고 펜션을 운영하는 이모 곁에서 한동안 지내기로 한다. 열다섯 살 그 일 이후로 사람에게 기대한 적이 없었던 해원은 언젠가부터 사람을 그리는 것이 싫어 인물화를 그리지 않는다. 한편 노부부가 살던 낡은 기와집을 작은 서점 굿나잇책방으로 바꾸어 운영하고 있는 은섭은 자신의 서점을 기웃거리는 해원을 보고 놀란다. 삼 년 전 은섭에게 겨울 들판에 뒹구는 ‘마시멜로’의 진짜 이름이 뭐냐고 묻던 이웃집 그녀다. 이모를 통해 그 낯선 서점의 책방지기가 옆집 사는 은섭이라는 것을 알게 된 해원은 굿나잇책방으로 향한다. 그리고 그녀가 머물 겨울 동안 책방 매니저 아르바이트를 하기로 한다. 어린 시절 타인에게 신경을 곤두세우며 살았다고 생각했지만 알고 보니 자기에만 매몰되어 있었던 해원은 은섭과 같은 중고등학교를 나왔지만 그를 잘 모른다. 해원이 알고 있던 것보다 은섭이 그녀의 인생 어떤 페이지에 더 많이 등장했었다는 사실도…….","['소설/시/희곡', '한국소설', '2000년대 이후 한국소설']"
10616,네 이웃의 식탁,구병모 지음,민음사,2018,813.6 구44ㄴ,9788940000000,https://search1.kakaocdn.net/thumb/R120x174.q85/?fname=http%3A%2F%2Ft1.daumcdn.net%2Flbook%2Fimage%2F541150%3Ftimestamp%3D20250401113657,"문학성과 다양성, 참신성을 기치로 한국문학의 미래를 이끌어 갈 신예들의 작품을 엄선한 「오늘의 젊은 작가」의 열아홉 번째 작품 『네 이웃의 식탁』. 장르의 구분을 무색케 하는 자신만의 스타일을 구축한 작가 구병모의 이번 소설은 세 자녀를 갖는 조건으로 입주가 허용되는 공동 주택에 모인 각기 다른 사정의 네 이웃의 이야기를 담고 있다. 대중교통이 열악하고 기반 시설이 갖춰지기 전인 경기도 외곽 지역, ‘꿈미래실험공동주택’에 네 부부가 이웃이 된다. 요진과 은오, 단희와 재강, 효내와 상낙, 교원과 여산 그리고 그들의 어린아이들. 각자 다른 속사정에도 불구하고 이웃이라는 이름의 공동체로 묶인 이들은 더 나아가 비슷한 또래의 아이들이라는 투박한 범주화를 통해 공동 육아를 꿈꾼다. 비슷한 위치의 직장이기에 자가용을 함께 쓰고, 공동생활이기에 생활 쓰레기 분리 배출도 함께해야 한다. 그런 그들의 삶은 신축 빌라처럼 깔끔할까? 공동 식탁의 상판처럼 매끈할 수 있을까? 그렇게 최소한의 상식과 도리를 다하려는 네 이웃의 식탁 아래에서 공동체의 허위, 돌봄 노동의 허무가 폭로된다.","['소설/시/희곡', '한국소설', '2000년대 이후 한국소설']"
10617,노랑무늬영원,한강 지음,문학과지성사,2018,813.6 한12ㄴ,9788930000000,https://search1.kakaocdn.net/thumb/R120x174.q85/?fname=http%3A%2F%2Ft1.daumcdn.net%2Flbook%2Fimage%2F4368529%3Ftimestamp%3D20241210125929,"1993년 등단 이후 단단하고 섬세한 문장으로 삶의 근원에 자리한 고독과 아픔을 살펴온 한강이 지금까지 출간한 소설집을 새로운 옷을 갈아입혀 독자들 앞에 새롭게 선보인다. 2002년 여름부터 일곱 달에 걸쳐 쓴 중편 《노랑무늬영원》을 비롯해 12년 동안 쓰고 발표한 일곱 편의 작품을 묶은 세 번째 소설집 『노랑무늬영원』. 《채식주의자》, 《바람이 분다, 가라》 등의 장편들과 긴밀하게 연결되고 조응하는 중편과 단편들의 자취가 고스란히 담겼다.","['소설/시/희곡', '한국소설', '2000년대 이후 한국소설']"
10618,서울 사는 외계인들,이상권 지음,자음과모음,2018,813.6 이52ㅅ,9788950000000,https://search1.kakaocdn.net/thumb/R120x174.q85/?fname=http%3A%2F%2Ft1.daumcdn.net%2Flbook%2Fimage%2F688640%3Ftimestamp%3D20250308113748,"★★★★ 청소년 분야 베스트셀러 작가 이상권 신작! 수십 편의 전작을 뛰어넘는 위로와 감동 지구에 불시착한 외계인처럼 살아가는 우리… 관계에 서툴고 아픔에 대책 없는 모두를 위한 소설! ★★★★ 중학교 국어교과서 수록 소설 『고양이가 기른 다람쥐』, 스테디셀러 『하늘로 날아간 집오리』 등 수십 편의 청소년문학 써온 이상권 작가. 그가 장편소설 『서울 사는 외계인들』에서 자신만의 생명력 가득한 묘사에 화해와 치유의 메시지를 담았다. 이 소설은 빼곡한 아파트와 거대한 건물이 둘러싼 작은 주택을 배경으로 펼쳐진다. 마당에는 무화과나무 한 그루가 풍성한 잎을 드리운 이 집에 중학교를 자퇴하고 외톨이로 살아온 열여덟 살 ‘윤사우’가 이사 온다. 여고생 딸을 둔 안주인 ‘찔레꽃 씨’는 나이를 짐작하기 어려울 만큼 젊어 보이는 데다 기품이 있고 신비로운 느낌을 주지만, 사실 그녀는 글을 알지 못한다. 이 둘이 마음을 열고 다가서면서 치유의 기적이 시작되는데…. 사우는 어린 시절 학교 교사에게 성추행을 당하고도 주변으로부터 보호나 위로를 받지 못한다. 스스로를 지구에 버려진 ‘외계인’이라 생각하는 사우는 집 창문에 종이를 덕지덕지 붙이고 세상과 단절한다. 성폭력 피해자인 주인공은 기존 청소년소설에서는 보기 드문 캐릭터다. 작가는 사회적 문제를 소설 속으로 끌어들이고 상처 받은 인물을 자신만의 방법으로 보듬는다. 동시에 지금도 유사한 아픔에 시달리는 많은 십대에게 위로를 전하고자 한다. 이 작품에서는 돈과 욕망에 찌든 사람들의 민낯이 그대로 드러난다. 어린 윤사우를 향해 추악한 욕망을 드러낸 교사, 사우의 고통을 떠벌린 어른과 놀리는 아이들, 찔레꽃 씨의 집을 차지하려고 회유와 폭력을 일삼은 일당들…. 사우와 찔레꽃 씨는 세상에서 상처받고 사람 때문에 다친, 각자의 사연을 가지고 살아간다. 그러나 역설적이게도 상처가 있었기에 이 두 사람은 서로의 슬픔과 아픔을 들여다보고 소통하는 일의 소중함을 깨닫는다.","['청소년', '청소년 문학', '청소년 소설']"
10619,사랑의 생애,이승우 지음,위즈덤하우스,2019,813.6 이57ㅅ,9788960000000,https://search1.kakaocdn.net/thumb/R120x174.q85/?fname=http%3A%2F%2Ft1.daumcdn.net%2Flbook%2Fimage%2F794362%3Ftimestamp%3D20241109114037,"대산문학상·현대문학상·황순원문학상·동인문학상 등을 수상했고, 프랑스의 세계적 문학상인 페미나상 외국문학 부분의 파이널리스트에 올랐으며, 르 클레지오가 한국 작가 중에서 노벨문학상 수상 가능성이 가장 높은 작가로 격찬하기도 한 작가, 이승우가 5년 만에 신작 장편소설 『사랑의 생애』를 예담에서 출간했다. 사랑에 관해 우리가 말할 수 있는 모든 것에 대해 이야기하는 이 소설은 평범한 사람들이 사랑을 시작하고 엇갈리고 끝내고 다시 시작하는, 어쩌면 더없이 평범해 보이는 과정을 통해 사랑의 근원과 속성, 그리고 그 위대한 위력을 성찰한다. 이승우는 ‘특별한 사람들의 별스러운 사랑 이야기’보다 “평범한 사람들이 누군가를 사랑하는 경험을 할 때 그 사람의 내부에서 일어나는 미묘하고 당황스러운 현상을 탐사하고” 싶었다고 말한다. 이 소설은 오랫동안 사랑에 관한 순간의 단상들을 떠오르는 대로 메모해온 작가의 기록들에서 탄생했는데, 그동안 이승우가 신과 인간, 구원과 초월, 원죄와 죄의식, 삶과 욕망과 부조리 등 심오하고 무거운 주제에 천착해왔다면, 이번에는 인간에게 가장 내밀하고도 원초적인, 그러나 또 그만큼 낯설고도 모순적인 사랑이라는 감정에 집중했다. 작가 특유의 문학적 현미경과 철학적 통찰력을 통해 집요하게 관찰되는 사랑 이야기는 ‘사랑’이라는 사건에 어떤 형태로든 관여되어 당혹하고 혼란스러워본 적 있는 독자들에게 사랑에 대해 객관적인 시선으로 사유하도록 도와준다.","['소설/시/희곡', '한국소설', '2000년대 이후 한국소설']"
10620,너는 너로 살고 있니,김숨 지음; 임수진 그림,마음산책,2019,813.6 김56ㄴ,9788960000000,https://search1.kakaocdn.net/thumb/R120x174.q85/?fname=http%3A%2F%2Ft1.daumcdn.net%2Flbook%2Fimage%2F841467%3Ftimestamp%3D20240206155846,"개인과 시대를 향한 여정을 펼치며 대산문학상, 현대문학상, 이상문학상, 동리문학상까지 평단과 독자의 지지와 신뢰를 받아온 작가 김숨의 믿음직한 행보에 또 하나의 이정표가 되어줄 『너는 너로 살고 있니』. 560여 매 가량의 편지 형식인 이 소설은 한 번도 주인공이 된 적 없는 무명의 배우 ‘나’가 11년째 식물인간 상태인 생면부지의 한 여자를 간호하기 위해 돌연 삶을 정리한 채 난생처음 경주로 내려오며 시작된다. 식물인간으로 살아가는 그녀의 이름은 경희로 사고 전에는 비교적 순탄한 삶을 살아왔다. 나는 친자매보다 더 그녀와 닮아 보인다는 타인의 말을 들을 정도로 알 수 없는 동질감을 느낀다. 그녀는 눈을 깜박인다거나 눈물을 흘리고 갑각류 같은 분절음들을 통해내는데, 그건 무의식적인 반사 반응에 지나지 않는다. 살아 있긴 하지만 죽어 있고 죽어 있는 듯 하지만 살아 있는 그녀를 보살피며 나는 잃어버렸던 혹은 죽어버렸던 ‘나’라는 존재를 찾아간다. 살아 있어도 죽은 듯 삶을 영위했던 ‘나’와 죽어 있으나 여전히 살아 있는 듯한 ‘그녀’가 교감하는 이야기들, 병원을 둘러싼 다양한 인간 군상의 이야기들이 9개의 장으로 나뉘어 온전한 ‘나’를 찾아가는 과정에 관한 은유로서 한 편의 산문시처럼 아름답게 펼쳐진다. 삶과 죽음, 젊음과 늙음, 육체와 정신, 여성성의 문제들을 저자 특유의 문체로 촘촘하게 그려가며, 단지 ‘여자5’였던 내가 나의 존재를 찾고 그녀 또한 족쇄로 남은 삶을 극복할 수 있을지 차분히 지켜보게 한다.","['소설/시/희곡', '한국소설', '2000년대 이후 한국소설']"
10621,마르타의 일,박서련 지음,한겨레출판,2019,813.6 박54ㅁ,9791160000000,https://search1.kakaocdn.net/thumb/R120x174.q85/?fname=http%3A%2F%2Ft1.daumcdn.net%2Flbook%2Fimage%2F5082046%3Ftimestamp%3D20240625131618,"첫 번째 장편소설 《체공녀 강주룡》으로 성장과 투쟁의 여성서사를 보여주며 제23회 한겨레문학상을 수상한 박서련의 두 번째 장편소설 『마르타의 일』. 2018년, 문재인 대통령의 광복절 축사에 호명되기도 했던 우리나라 최초의 고공농성 노동자 강주룡의 삶을 생동감 있게 그려내며 한국 문학을 이끌어갈 젊은 작가로 주목받은 박서련은 연년생 자매의 이야기를 그린 이번 장편소설을 통해 너무 쉽게 악몽으로 변하는 청년 여성의 삶을 그리고 있다.","['소설/시/희곡', '한국소설', '2000년대 이후 한국소설']"
10622,풀이 눕는다,김사과 지음,문학동네,2017,813.6 김52ㅍ,9788950000000,https://search1.kakaocdn.net/thumb/R120x174.q85/?fname=http%3A%2F%2Ft1.daumcdn.net%2Flbook%2Fimage%2F693113%3Ftimestamp%3D20250226113331,"독특한 개성을 지닌 젊은 작가 김사과의 두 번째 장편소설 『풀이 눕는다』. 독자들의 폭넓은 지지와 오랜 기다림을 등에 업고 8년 만에 개정판으로 재출간되었다. 개정판 출간을 위해 저자 스스로 작품 전반을 개고하는 과정을 거쳤고, 그 결과 문장의 흐름과 장면 전환이 더욱 매끄러워졌으며 독자들의 마음에 큰 울림을 남겼던 명장면들의 짜임새 또한 한층 세련되어졌다. 자본에 짓눌린 세계에 의해 재단되기를 거부한 젊은 예술가들의 일탈과 사랑을 그린 이 작품은 누군가에게는 ‘루저’나 ‘인간쓰레기’로 보일지도 모를 삶이 당사자들에게는 얼마나 빛나는 순간일 수 있는지를 생생하게 드러낸다. 등단 이래 문학적 관습을 파괴하는 실험적인 작품으로 평단과 독자들에게 충격을 안겨주었던 저자는 이 소설을 통해 작품성과 대중성을 모두 갖춘 믿음직한 작가임을 인정받았다.","['소설/시/희곡', '한국소설', '2000년대 이후 한국소설']"
10623,줄리아나 도쿄,한정현 지음,스위밍꿀,2019,813.6 한74ㅈ,9791200000000,https://search1.kakaocdn.net/thumb/R120x174.q85/?fname=http%3A%2F%2Ft1.daumcdn.net%2Flbook%2Fimage%2F4871343%3Ftimestamp%3D20250226125952,"1991년부터 1994년 사이에 일본의 젊은 여성들에게 큰 인기를 끌던 클럽, 줄리아나 도쿄. 이 클럽은 특히 일반 무대보다 높은 단상으로 유명했고, 여성들은 모두가 우러러보는 이 단상 위에 올라가 춤을 추었다. 저자는 줄리아나 도쿄를 직접 체험한 적 없는, 1980년 이후 태생인 인물들에게 그 흔적만을 쥐여 준다. 한주, 유키노, 김추는 각각 식당에서 우연히 본 가요 프로그램, 서랍 속의 오래된 사진 한 장, 어머니의 회상을 통해 이 클럽과 연결된다. 사랑이라고 부르는 관계에서 가까스로 살아남은 한주. 심각한 폭행으로 의식을 잃은 채 발견된 한주는 그 후유증으로 외국어증후군을 얻고 모국어를 잃어버린다. 이제 그녀가 말할 수 있고 알아들을 수 있는 유일한 언어는 일본어뿐이다. 살아남았기에 살아가려 하지만, 한주에게 고통스러웠던 과거의 기억은 계속 찾아온다. 하지만 그녀는 익숙한 불행 쪽으로 자꾸 기울어지는 마음을 새로운 가능성을 향해 옮겨놓으려 애쓴다. 그때 그렇게 할 수 있도록 도와준 존재가 있다. 함께 서점에서 근무하던 동료 유키노다. 유키노는 사람들에게 곧잘 오타루에서 도쿄로 왔다는 자기소개와 함께 눈이 내리기 전 눈의 요정이 나타난다는 이야기를 들려준다. 그러면 대부분은 아름다운 눈 이야기에 감탄하며 그에게 호감을 보인다. 하지만 사실 유키노는 눈도, 그런 반응도 좋아하지 않는다. 다만 자신이 게이라는 사실을 불편해하는 사람들에게 환심을 사고 그 안에 섞여들기 위한 나름의 방식일 뿐이다. 그런데 그에게 처음으로 눈을 좋아하지 않는다고 대답하던 사람이 있었다. 그와는 나이, 성별, 성정체성, 국적 등 많은 면에서 다른 한주다. 두 사람은 돈을 합쳐 안전과 공간을 마련하기로 하고 동거인 사이가 된다. 함께하는 시간이 쌓여가면서 유키노는 한국인인 한주가 어째서 한국어를 전혀 할 수 없게 되었는지 알게 되고, 한주는 유키노의 연인을 알게 된다. 서로가 사랑에서 가까스로 살아남은 사람들임을 알아본 그들은 누구에게도 말 할 수 없었던 이야기를 들려주면서, 싫어하는 것들에 대한 불평을 늘어놓는 대신에 의식적으로 좋아하는 것들을 함께 찾아보면서 한주와 유키노의 시간은 다시 흘러가는 듯 보인다. 어느 날 갑자기 유키노가 실종되기 전까지는.","['소설/시/희곡', '한국소설', '2000년대 이후 한국소설']"
10624,서평 쓰는 법,이원석 지음,유유,2019,029.1 이66ㅅ,9791190000000,https://search1.kakaocdn.net/thumb/R120x174.q85/?fname=http%3A%2F%2Ft1.daumcdn.net%2Flbook%2Fimage%2F1614951%3Ftimestamp%3D20240815113139,저자는 자신의 본격적인 글쓰기 또한 서평에서 비롯되었다고 고백한다. 『서평 쓰는 법』은 서평의 본질을 꼼꼼하게 살핀 후 서평을 쓰는 법까지 체계적으로 정리한다. 좀 더 깊이 있는 책 읽기와 글쓰기를 바라는 독자에게 좋은 안내서이자 유용한 참고서가 될 것이다.,"['인문학', '책읽기/글쓰기', '글쓰기']"
10625,완벽에 대한 반론,마이클 샌델 지음; 이수경 옮김; 김선욱 감수,와이즈베리:미래엔,2019,510.19 샌24ㅇ이,9788940000000,https://search1.kakaocdn.net/thumb/R120x174.q85/?fname=http%3A%2F%2Ft1.daumcdn.net%2Flbook%2Fimage%2F546203%3Ftimestamp%3D20250123113830,"『완벽에 대한 반론』에서 저자 샌델은 생명공학의 발전은 밝은 전망과 어두운 우려를 동시에 안겨준다고 말한다. 밝은 전망은 인간을 괴롭히는 다양한 질병의 치료와 예방의 길을 열어준다는 것이고, 어두운 우려는 우리의 유전적 특성을 마음대로 조작할 수 있을지도 모른다는 것이다. 그렇다면 일부 생명공학 기술의 사용에 대해 우리가 느끼는 도덕적 불편함의 정체는 무엇일까? 샌델은 특유의 소크라테스식 화법을 통해 우리가 지극히 당연하다고 생각했던 생명윤리의 여러 논제들에 대해 끊임없이 반론을 제기하고 질문을 던지며 답을 찾아가게 만든다.","['인문학', '서양철학', '윤리학/도덕철학']"
10626,아침에는 죽음을 생각하는 것이 좋다,김영민 지음,어크로스,2018,818 김64ㅇㅊ,9791160000000,https://search1.kakaocdn.net/thumb/R120x174.q85/?fname=http%3A%2F%2Ft1.daumcdn.net%2Flbook%2Fimage%2F4818495%3Ftimestamp%3D20230919015259,"추석 연휴를 뜨겁게 달구었던 칼럼 ‘추석이란 무엇인가’의 김영민 서울대 교수가 펴낸 첫 책 『아침에는 죽음을 생각하는 것이 좋다』. 지난 10여 년간 일상에서, 학교에서, 사회에서, 영화에서, 대화에서 저자가 만나고 경험한 이야기를 담은 56편에 에세이를 엮은 것으로, 기존 신문 칼럼이나 한국 에세이에서 쉽게 찾아볼 수 없는 리듬감과 유머, 해학이 깃든 단단하며 유연한 글들을 만나볼 수 있다. 저자는 이 책을 가리켜 과거의 사람들을 추억하고 미지의 세계를 궁금해 하며 새로운 만남을 잊지 않으려는 노력이라고 이야기하면서 독자 역시 이 책을 통과하는 동안만큼은 불안하던 삶이 견고해지기를, 독서가 삶의 작은 기반이나마 되어주기를 바라고 있다. 우리 사회에 통용되는 불문율을 깨뜨리고, 비판적 인식을 공유하는 이 책은 독자들로 하여금 지금 자기 자신이 어떤 질문을 품고 살아가고 있는지 점검해 볼 기회를 전해준다.","['인문학', '교양 인문학']"
10627,시로 읽는 주역,김재형 글,내일을여는책,2018,141.2 김73ㅅ,9788980000000,https://search1.kakaocdn.net/thumb/R120x174.q85/?fname=http%3A%2F%2Ft1.daumcdn.net%2Flbook%2Fimage%2F1085679%3Ftimestamp%3D20221011185953,"『시로 읽는 주역』은 정통 주역 학자가 아니라 ‘평화운동가’가 고전 해석과는 다른 자기만의 방식으로 풀어 쓴 책이다. 각 글의 서두는 주역을 이루고 있는 64개의 괘가 가지는 의미를 저자의 자작시 형식으로 풀어서 들려준다. 복잡하고 머리 아픈 한자나 괘사, 효사가 아니라 ‘시’ 형식의 쉬운 우리 글로 중심 내용을 먼저 알려주기 때문에 글을 이해하기가 쉽다. 고사나 중국 역사보다는 우리가 발 딛고 사는 현실 세계의 실제 사례들을 중심으로 해설을 해 나가기 때문에 주역이 훨씬 가깝게 느껴진다. ‘평화로운 세상’을 만들어야 하는 이유, 방법 등을 글 속에 녹여서 주역이 ‘역사’가 아니라 오늘의 현실을 살아가는 우리에게 꼭 필요한 분석의 도구이자 변혁의 도구임을 알려준다.","['인문학', '동양철학', '유교철학/주역', '주역']"
10628,지극히 사적인 초능력,장강명 지음,아작,2019,813.6 장12ㅈ,9791190000000,https://search1.kakaocdn.net/thumb/R120x174.q85/?fname=http%3A%2F%2Ft1.daumcdn.net%2Flbook%2Fimage%2F4973994%3Ftimestamp%3D20231206145737,"인류에 대한 약간의 이야기와 사랑에 대한 수많은 이야기를 담은, 지극히 사적인 인간이기 위해 보편성을 추구하는 과학과 자주 맞서는, 조금 특별한 SF 단편집 『지극히 사적인 초능력』. 사실주의적 작풍으로 한국 문단에 새바람을 일으키고 있는 장강명의 뿌리와도 같은 SF 작품 모음집이다. 대학생 시절부터 PC 통신 하이텔에 SF 소설을 연재하고, 《월간 SF 웹진》을 만들어 운영할 만큼 SF에 대한 애정이 누구보다 남다른 저자의 중단편 SF 10편을 모아 엮었다. 순수문학과 장르문학의 사이에서 다양한 장르 글쓰기를 통해 대중문학이라는 영역을 개척하려는 작가적 의지를 느낄 수 있는, 작품성과 대중성을 겸비한 SF 소설집으로, 저자의 재기발랄한 상상력의 뿌리를 엿볼 수 있는 작품들을 만나볼 수 있다.","['소설/시/희곡', '과학소설(SF)', '한국 과학소설']"
10629,작은마음동호회,윤이형 지음,문학동네,2019,813.6 윤68ㅈ,9788950000000,https://search1.kakaocdn.net/thumb/R120x174.q85/?fname=http%3A%2F%2Ft1.daumcdn.net%2Flbook%2Fimage%2F5033791%3Ftimestamp%3D20240618131440,"2019년 이상문학상 수상작가 윤이형의 네 번째 소설집 『작은마음동호회』. 2015년 겨울부터 올해 6월까지 발표된 11편의 단편을 엮었다. 현실을 가득 채운 복잡미묘한 쟁점들을 관통하는 예리한 시선으로 우리 사회를 조망하며 자신의 가장 매력적인 두 장점, 즉 세계를 관찰하고 이해하는 명민한 통찰력과 판타지와 SF를 넘나드는 한계 없는 상상력을 자유자재로 결합해 흥미롭고도 깊이 있는 소설을 완성하는 경지를 보여준다. 최근 페미니즘 진영에서 뜨겁게 논의되고 있는 기혼/비혼 여성 간의 갈등을 그린 단편으로, 가사와 육아에 대부분의 시간을 쏟아 부어야 하는 기혼 여성들이 정치적 존재로 살아가기 위해 대통령 탄핵 집회에 나가기로 결심하는 이야기를 담은 표제작 《작은마음동호회》, 성폭력 피해자에 대해 알면 알수록 연대가 어려워지는 아이러니에 대해 고민한 작품 《피클》 등 일상에서 감내해야 하는 사적이지만 끈질긴 고민부터 약자와 소수자를 향한 혐오와 폭력의 문제까지 지금 우리의 내면을 가장 뜨겁게 울리는 아우성에 귀 기울여 정확하게 기록한 작품들을 만나볼 수 있다.","['소설/시/희곡', '한국소설', '2000년대 이후 한국소설']"
10630,미학 수업,문광훈 지음,흐름출판,2019,600.1 문15ㅁ,9788970000000,https://search1.kakaocdn.net/thumb/R120x174.q85/?fname=http%3A%2F%2Ft1.daumcdn.net%2Flbook%2Fimage%2F4903371%3Ftimestamp%3D20250322131110,"가장 나다운 것이 무엇인지, 진정한 나 자신이 무엇인지 발견하도록 안내하는, 예술. 이것이 우리가 예술을 공부해야 하는 이유이며, 아름다움에 대해 계속 질문해야 하는 이유이다. 인문학자이자 미학자인 충북대 독어독문학과 문광훈 교수는 『미학 수업』에서 우리의 삶에 왜 예술이 중요하며, 그 예술을 통해 개인의 삶은 어떻게 변화될 수 있는가에 대해 이야기한다. 예술이란 삶에 대한 탐구와 관찰을 통한 새로운 시도로, 예술과의 공감과 교감의 경험은 일상에 생기를 불어넣고, 즐거움을 주며, 궁극적으로 삶을 새롭게 이끄는 지혜와 지성, 사유의 순간을 선사한다. 저자는 예술을 깊이 있게 바라볼수록 각 개인의 삶에 깃들어 있는 고유의 아름다움과 고결함을 발견하기 쉬워진다고 말하면서 미술과 음악, 문학과 건축 등, 예술의 다양한 장르를 넘나들며 새롭게 보고, 듣고, 느끼고, 생각하는, 수준 높은 교양 수업을 경험하게 해준다.","['인문학', '서양철학', '미학/예술철학']"
10631,나는 정신병에 걸린 뇌 과학자입니다,"바버라 립스카,일레인 맥아들 공지음; 정지인 옮김",심심:푸른숲,2019,513.89 립57ㄴ정,9791160000000,https://search1.kakaocdn.net/thumb/R120x174.q85/?fname=http%3A%2F%2Ft1.daumcdn.net%2Flbook%2Fimage%2F4903212%3Ftimestamp%3D20240806125706,"우리가 그동안 어렴풋이 알고 있었던 정신질환에 대한 오해와 진실을 때로는 과학의 언어로, 때로는 절절한 정신질환 생존자의 이야기로 담아낸 『나는 정신병에 걸린 뇌 과학자입니다』. 30년간 뇌를 연구해온 뇌 과학자가 정신질환에 걸렸다가 극적으로 일상으로 돌아온 미국 국립정신보건원 뇌은행원장 바버라 립스카가 뇌 과학자의 전문성과 정신질환자의 실제 경험을 버무려 불안, 망상, 분노, 기억상실에 빠진 뇌에 대해 생생하게 보여준다. 흔히 정신질환에 대해 마음만 먹으면, 사고방식만 바꾸면 극복할 수 있는 병이라고 생각하지만, 암이 마음먹는다고 고칠 수 있는 병이 아니듯 정신질환도 마음먹는다고 해결되지 않는다. 자신이 평생을 바쳐 연구한 정신질환의 양상을 직접 경험하면서 어떻게 뇌가 그 기이하고 당혹스러운 증상을 만들어내는지 비로소 제대로 이해하게 된 저자는 정신질환을 연구하는 과학자에서 어떻게 정신질환자가 되었는지, 그리고 얼마나 놀랍게 회복했는지, 정신질환이 어떤 것인지 이야기한다.","['과학', '뇌과학', '뇌과학 일반']"
10632,나는 아무개지만 그렇다고 아무나는 아니다,김한승 지음,추수밭:청림출판,2019,104 김92ㄴ,9791160000000,https://search1.kakaocdn.net/thumb/R120x174.q85/?fname=http%3A%2F%2Ft1.daumcdn.net%2Flbook%2Fimage%2F4978022%3Ftimestamp%3D20240830131311,"《나는 아무개지만 그렇다고 아무나는 아니다》는 과학자들의 철학 개념인 ‘인류 원리’를 우리의 일상의 영역에 풀어 소개하는 최초의 책이다. 인류 원리는 “우리가 관찰할 수 있는 것은 관찰자가 존재하기 위해서 필요한 조건들에 의해 제약을 받을 수밖에 없다”라고 정의된다. 이 책은 ‘나’와 ‘너’, 그리고 무한한 ‘우주’의 영역으로 뻗어나가는 10가지 질문을 통해 인류 원리를 설명하고 인간이란 어떤 존재인지 그 답을 이렇게 제시한다. “인간은 평범하게 비범한 존재다.”","['인문학', '교양 인문학']"
10633,물 만난 물고기,이찬혁 지음,수카:다산북스,2019,813.6 이82ㅁ,9791130000000,https://search1.kakaocdn.net/thumb/R120x174.q85/?fname=http%3A%2F%2Ft1.daumcdn.net%2Flbook%2Fimage%2F5075755%3Ftimestamp%3D20250404134851,"천재적 감성의 아티스트, AKMU(악동뮤지션)의 이찬혁이 펴낸 첫 번째 소설 『물 만난 물고기』. 2019년 가을, 한날 발매된 AKMU(악동뮤지션) 정규앨범 《항해》와 세계관을 공유한 이 작품에는 세상을 향해 던지는 짙고 푸른 물음과 소중한 것을 지켜나가는 것의 의미, 빛나는 삶의 순간들에 대한 저자만의 시선이 담겨있다. 상상을 뒤집는 강렬한 스토리, 탄탄한 구성력을 동원해 인간의 욕망과 두려움, 자유와 통제의 대비, 사랑의 환희와 상실의 상흔, 삶의 의미를 때로는 담담하게, 때로는 환상적으로 보여준다. 앨범 발매를 앞두고 녹음 작업을 하던 선은 자신이 추구하는 예술가로서의 삶이 지금 이곳에 없다는 생각에 이르자, 작업을 중단하고 1년간 여행을 떠나기로 결심한다. 진정한 예술가로서의 삶을 찾아 떠난 여행이었다. 여행을 시작한 이후 수많은 예술가를 만났지만, 그가 기대하는 모습은 전혀 찾을 수 없었다. 그들은 오만과 망상으로 가득했고, 하나같이 이상한 세계에 도취되어 있었다. 여전히 갈증이 해소되지 않은 상태에서 선은 여행의 마지막 여정을 맞이하고, 깊은 밤 파도가 부서지는 갑판 한가운데에서 우연히 단발머리를 한 여자의 목숨을 구하게 된다. 삶을 뒤흔들 만남. 남은 여정을 그녀와 함께하며 그토록 찾아 헤매던 삶의 답을 하나하나 풀어나가던 선은, 한편 그녀에 대한 깊은 의문과 함께 불안에 점점 휩싸이게 되는데……. 평소 가진 생각을 음악뿐 아니라 다른 방법으로도 표현하고 싶었던 저자는 이번 소설에 삶에 대한 가치관과 예술에 대한 관점을 은유적으로 녹여냈다. 성급하고 단편적인 해석보다는 독자 스스로가 자유롭게 소설의 의미를 발견해주었으면 한다는 저자의 바람처럼, 마음껏 소설 속을 유영하며 깊이 호흡하고, 한편 각자의 삶을 묻고 답하기를 권한다.","['소설/시/희곡', '한국소설', '2000년대 이후 한국소설']"
10634,윌리엄 시디스의 완벽한 삶,모르텐 브라스크 지음; 김인순 옮김,문학수첩,2019,859.81 브292ㅇ김,9788980000000,https://search1.kakaocdn.net/thumb/R120x174.q85/?fname=http%3A%2F%2Ft1.daumcdn.net%2Flbook%2Fimage%2F5094021%3Ftimestamp%3D20240718142349,"IQ 300의 비범한 천재가 갈망한 완벽한 삶, 그의 비극적 생애를 매혹적으로 재구성하다! 천재는 만들어질 수 있는가? 끝없는 발전과 진보만을 믿었던 시대, 부모의 철저한 ‘교육 실험’ 아래 강압적 양육을 받으며 성장한 한 천재의 이야기 앞에서 던져볼 법한 질문이다. 덴마크 작가 모르텐 브라스크는 수학 천재 윌리엄 제임스 시디스(1898~1944)의 생애를 담담한 필치로 그려냄으로써 강요된 천재, 만들어진 천재의 공허한 내면을 여실히 담아내었다. 에이미 월러스의 《영재(The Prodigy)》라는 책에서 영감을 얻은 저자는 윌리엄 시디스의 저서와 논문, 편지, 그리고 당시 신문들에 실린 그에 대한 기사 및 법정 기록, 회고록, 일기, 당대 사람들의 편지 등을 토대로 윌리엄 시디스의 생애를 한 편의 소설로 빚어내었다. 《윌리엄 시디스의 완벽한 삶》은 다큐멘터리 감독 출신 작가가 집필한 소설답게 영상처럼 눈앞에 펼쳐지듯 명료한 장면 묘사, 인물의 생각과 감정이 고스란히 전해지는 생생한 대사가 돋보인다. 이 책에는 19~20세기에 실존했던 민코프스키, 화이트헤드, 러셀 등의 수학자 및 철학자의 이름이 거론되거나 등장하기도 하고, 실제 사건(세계대전, 타이타닉 침몰 등)이 언급되기도 한다. 그러나 저자 모르텐 브라스크는 이 소설의 많은 부분이 사실에 입각해 있음에도 불구하고 상상력을 가미해 쓴 소설이므로 일부는 역사적 사실에 매이지 않았다고 밝혔다. 그는 시간과 공간을 교차하여 이야기를 구성함으로써 자칫 지루해질 수 있는 전기소설의 취약점을 보완하여 윌리엄 시디스의 생애를 입체적으로 조형해내었다. 저자는 윌리엄 시디스의 내면으로부터 한 발짝 물러나 삼인칭 관찰자 시점으로 서술함으로써 객관성을 확보하는 동시에 행간에 공간을 마련했다. 그 공간은 바로 윌리엄 시디스의 쓸쓸하고도 고독한 심경이 자리한 공간이다. 저자가 비워둔 빈 여백은 어디에도 발붙이지 못했던 윌리엄이 떠돌았던 공허한 공간과도 같다. 독자는 그 여백에 머물러 윌리엄 시디스의 내밀한 내면을 더듬어 볼 수 있을 것이다. 세상과 부모의 기대와 관심을 온몸으로 받아내며 팽팽한 외줄을 타는 듯 위태로운 생애를 살아내야 했던 윌리엄 시디스. 섣불리 가늠하기조차 어려운 그의 생애와 내면을 탐색해 보는 일은 그러므로 매우 의미 있는 여정이 될 것이다.","['소설/시/희곡', '세계의 소설', '북유럽소설']"
10635,공간의 심리학,바바라 페어팔 지음; 서유리 옮김,동양북스,2017,180 페64ㄱ서,9791160000000,https://search1.kakaocdn.net/thumb/R120x174.q85/?fname=http%3A%2F%2Ft1.daumcdn.net%2Flbook%2Fimage%2F1576560%3Ftimestamp%3D20230601191637,"‘공간심리학’이라는 새로운 분야를 개척해 독일에서 주목받고 있는 공간 심리학자, 바바라 페어팔의 『공간의 심리학』. 지친 몸과 마음의 안식처가 되어야 할 집에 불편함을 느끼는 사람이 많다는 사실을 깨달은 저자는 공간과 인간 심리의 상호 관계에 주목해 그 원인을 분석했고, 자신의 상담 경험을 바탕으로 행복한 공간을 꾸미는 데 도움이 되는 구체적인 방법을 이 책에서 제시하고 있다. 저자는 사람들이 집을 불편해하는 근본적인 이유는 자신의 ‘주거 욕구’를 파악하지 못했기 때문이라고 지적하면서 삶의 만족도를 높이기 위해서는 무엇보다 자신의 주거 욕구를 파악하는 것이 가장 중요하다고 강조한다. 주거 욕구란 인간이 집에 바라는 기대나 요구 등을 뜻하며, 크게 여섯 가지 영역으로 나눌 수 있다. 안전 욕구, 휴식 욕구, 공동체 욕구, 자기표현 욕구, 환경 구성에 대한 욕구, 심미적 욕구가 그것이다. 저자는 자신이 집에서 가장 충족되기를 원하는 욕구가 무엇인지 파악하고, 자신의 공간에 마음껏 드러내야만 편안하고 안락한 공간을 만들 수 있다고 설명한다. 이처럼 저자는 우리가 간과하고 있던 주거 욕구를 날카롭게 분석하며 내가 살고 싶은 집, 더 나아가 내가 살고 싶은 삶에 대해 생각해볼 유익한 기회를 제공한다.","['인문학', '심리학/정신분석학', '교양 심리학']"
10636,21세기를 위한 21가지 제언,유발 하라리 지음; 전병근 옮김,김영사,2018,909.6 하292ㅇ전,9788930000000,https://search1.kakaocdn.net/thumb/R120x174.q85/?fname=http%3A%2F%2Ft1.daumcdn.net%2Flbook%2Fimage%2F3750451%3Ftimestamp%3D20241213114059,"보잘것없던 유인원이 어떻게 지구라는 행성의 지배자가 되었는지를 설명하며 과거를 개관한 초대형 베스트셀러 《사피엔스》, 어떻게 인류가 결국에는 신이 될 수 있을 것인가를 추측하며 미래를 탐색한 《호모 데우스》의 저자 유발 하라리가 이번에는 현재의 인류를 살펴본다. 『21세기를 위한 21가지 제언』은 환멸, 일, 자유, 평등, 종교, 이민, 테러리즘, 전쟁, 교육, 명상 등 21가지 테마로 나누어 불확실하고 복잡한 세계에 위기를 극복하고 더 나은 세계를 만들기 위한 새로운 청사진을 제시한다. 저자는 이 책에서 신기술이 야기할 모든 영향을 다루는 것이 아니라, 주로 그것이 초래할 위협과 위험을 조명하고자 한다. 1부에서는 우리가 직면한 도전들을 개관하고, 2부에서는 앞으로 일어날 수 있는 반응들을 폭넓게 살펴본다. 3부에서는 테러리즘의 위협과 전 지구적 전쟁의 위험, 그리고 그런 분쟁을 촉발하는 편견과 증오의 문제에 어떻게 대처해야 할지 살펴본다. 4부에서는 탈진실 개념을 살펴보고 어느 정도까지 세계의 전개 상황을 이해할 수 있으며 정의와 잘못을 구분할 수 있는지 묻고, 5부에서는 이 혼돈의 시대에 처한 우리의 삶을 보다 포괄적으로 살펴본다. 이를 통해 민족과 종교, 인종주의에 갇혀 반목하고 있는 인류의 오늘은 어떤 내일을 만들어갈 것인지 그 해법을 제시한다.","['인문학', '문화/문화이론', '문명/문명사']"
10637,철학으로 현대음악 읽기,박영욱 지음,바다출판사,2018,670.9 박64ㅊ,9791200000000,https://search1.kakaocdn.net/thumb/R120x174.q85/?fname=http%3A%2F%2Ft1.daumcdn.net%2Flbook%2Fimage%2F4844529%3Ftimestamp%3D20230818164546,"현대음악의 시작부터 현대적 흐름까지 철학적 안목과 해석으로 살펴보는 『철학으로 현대음악 읽기』. 20세기 이전 음악에서는 전혀 일어나지 않은, 음에 대한 새로운 탐구를 시작했던 현대음악가들. 그들은 단지 좋은 소리나 화음에 천착한 것이 아니라 음의 무한한 가능성을 찾는 일에 집중했다. 현대음악의 시조인 바흐부터 현대음악의 직접적인 시작인 쇤베르크, 전통적인 악기와 달리 전기적인 신호로 소리를 만들어내는 전자악기를 이용한 음악인 전자음악을 구현했던 음악가들의 이야기를 만나볼 수 있다.","['예술/대중문화', '음악', '음악이론/음악사']"
10638,똑같은 빨강은 없다,김경서 지음,창비,2018,600 김14ㄸ,9788940000000,https://search1.kakaocdn.net/thumb/R120x174.q85/?fname=http%3A%2F%2Ft1.daumcdn.net%2Flbook%2Fimage%2F3942617%3Ftimestamp%3D20250205130045,"그림은 언제부터 액자 속에 있게 됐을까? 아름다운 것과 추한 것은 어떻게 다를까? 마음을 담아 그리면 모두가 알아줄까? 『똑같은 빨강은 없다』는 미술을 둘러싼 여러 질문을 흥미롭게 풀어내며 다채로운 미술 세계로 안내하는 교양서이다. 미술을 좋아하는 중학생 보라와 미술 선생님이 친근한 대화를 주고받는 형식으로 쓰여 더욱 쉽고 재미있게 읽힌다. 저자 김경서는 현직 미술 교사이자 다수의 미술 평론과 기획을 이끌어 온 미술 비평가이다. 중?고등학교 미술 교과서를 수차례 집필한 베테랑 교사답게 저자는 깊이 있는 지식을 알기 쉽게 오목조목 설명한다. 고대 쇼베 동굴 벽화부터 서울 석촌호수에 뜬 러버덕까지 다양한 작품을 아우르며 미술을 제대로 느끼고, 표현하고, 감상하는 법을 전한다. 『똑같은 빨강은 없다』는 청소년들이 문화 예술을 향유하고 존중할 줄 아는 시민으로 올곧게 성장할 수 있도록 환하게 길을 터 주는 책이다.","['청소년', '청소년 문화/예술']"
10639,인턴 노트,박성우 지음,에이티피컬,2017,510.4 박54ㅇ,9791200000000,https://search1.kakaocdn.net/thumb/R120x174.q85/?fname=http%3A%2F%2Ft1.daumcdn.net%2Flbook%2Fimage%2F1660939%3Ftimestamp%3D20240201171721,"모두가 퇴근하는 오후, 도시의 빛이 하나 둘 사라져갈 때 밤낮없이 24시간 불이 켜진 곳이 있다. 바로 병원이다. 의사들, 특히 병원 인턴들, 그들은 어떤 삶의 과정을 거치는 것일까? 드라마나 영화에서 보듯 화려하고 멋지기만 할까? 이 책은 병원이라는 세상에 첫 발을 내딛은 인턴 의사가 1년의 수련 기간 동안 각 과를 돌며 경험했던 기록을 엮었다. 환자를 치료하는 의사로, 넓게는 한 사회의 구성원으로 겪는 고충과 ‘의사’라는 간판에 가려진 그들만의 고민을 담담하게 그려낸다.","['에세이', '한국에세이']"
10640,골드피쉬 보이,리사 톰슨 지음; 양윤선 옮김,블랙홀,2019,843 톰57ㄱ양,9791190000000,https://search1.kakaocdn.net/thumb/R120x174.q85/?fname=http%3A%2F%2Ft1.daumcdn.net%2Flbook%2Fimage%2F1649320%3Ftimestamp%3D20250328113944,"★★한국, 영국, 미국, 프랑스, 중국 등 전 세계 11개국 출간 확정 ★★미국에서 가장 신뢰성 있는 서평 그룹 굿리즈 평점 4.14 ★★[2017년 1월 워터스톤 이달의 아동 도서], [2017 카네기 메달 후보작], [2017 영국 베스트셀러] 전 세계 독자들을 사로잡은 바로 그 소설, 『골드피쉬 보이』 블랙홀 청소년 문고 시리즈 6권. 리사 톰슨 작가의 데뷔작 『골드피쉬 보이』는 미국에서 가장 신뢰성 높은 서평 그룹, 굿리즈에서 4.14의 높은 점수로 호평을 받았으며 한국을 포함해 영국, 미국, 프랑스 등 11개국 출간이 확정되기도 했다. 리사 톰슨은 데뷔작임에도 불구하고 미스터리, 블랙 코미디, 성장물을 한 권으로 완벽하게 엮어냈다. 매튜는 언제부터인가 집밖을 나가지 않은 채 방에서만 생활하기 시작했다. 자기 방 밖의 모든 세상은 병균들로 가득한 곳이며 그 병균들로 인해 자신이 병에 걸릴 거라 생각하기 때문이다. 매튜는 방 안에서 창문을 통해 이웃들의 일거수일투족을 관찰하고 기록하면서 하루를 보낸다. 그러던 어느 날, 옆집 할아버지네 손주, 테디가 사라지는 사건이 발생한다. 그러다 마지막 목격자가 매튜임이 밝혀지고 매튜는 자신이 사건을 해결할 수 있는 열쇠를 쥐고 있음을 깨닫게 되는데……. 과연 매튜는 세상 밖으로 나와 테디를 찾을 수 있을까? 리사 톰슨은 끊임없는 미스터리로 당신을 궁금하게 만들 것이다. 그리고 끝내 당신을 울릴 것이다.","['청소년', '청소년 문학', '청소년 소설']"
10641,어떻게 살아야 할지 막막한 너에게,우쥔 지음; 이지수 옮김,해와달:오월구일,2019,199.1 우76ㅇ이,9791200000000,https://search1.kakaocdn.net/thumb/R120x174.q85/?fname=http%3A%2F%2Ft1.daumcdn.net%2Flbook%2Fimage%2F5033711%3Ftimestamp%3D20241008133132,"성공한 아버지가 두 딸에게 쓴 개인적인 편지이자 세상의 모든 젊은이들에게 보내는 진심어린 메시지 『어떻게 살아야 할지 막막한 너에게』. 이 책은 실제로 저자가 두 딸에게 보냈던 편지로 구성되어 있다. 독자들에게 효과적으로 메시지를 전달하기 위해 시간 순이 아닌 주제별로 묶었고, 글의 도입부와 말미에 편지를 쓰게 된 배경과 편지의 효과 등을 설명해놓았다. ‘태도가 운명을 결정한다’는 핵심 메시지 아래 인생을 대하는 태도, 세상을 대하는 태도, 돈을 대하는 태도, 사람을 대하는 태도, 문제를 대하는 태도, 일을 대하는 태도를 담고 있다. 편지의 주인공인 두 딸, 멍화와 멍신은 자매이지만 성격과 태도, 현재의 상황, 일을 처리하는 방식 등에 확연한 차이가 있는데, 저자는 딸들의 성향에 따라 같은 문제여도 완전히 상반된 조언을 건넨다. 애정과 진심을 눌러 담은 저자의 편지는 잘 살고 싶지만 방법을 모르는 우리에게 위로보다 훨씬 따뜻하고 실질적인 지침이 되어줄 것이다.","['자기계발', '성공', '성공학']"
10642,수학자의 낙원,드니 게즈 지음; 이세진 옮김; 정경훈 수학해설,해나무:북하우스 퍼블리셔스,2011,863 게77ㅅ이,9788960000000,https://search1.kakaocdn.net/thumb/R120x174.q85/?fname=http%3A%2F%2Ft1.daumcdn.net%2Flbook%2Fimage%2F724090%3Ftimestamp%3D20240416113603,"어느 수학자와 청년의 수학을 통한 교감! <앵무새의 정리>의 작가 드니 게즈가 남긴 마지막 소설 『수학자의 낙원』. 무한집합론의 창시자 게오르크 칸토어를 모델로 한 수학자와 허구적 인물인 철도 기관사를 주인공으로 내세운 수학소설이다. 1917년, 독일의 한 정신병동에서 만난 수학자와 청년. 수학자는 룸메이트가 된 청년을 진정한 제자로 삼고, 무정부주의자였던 청년은 수학자의 강의에서 한때 자신을 들뜨게 했던 무한, 혁명, 집합, 연대라는 단어를 듣는다. 무한에 얽매여 있는 수학자와 정신적 외상을 입은 청년의 우정은 그렇게 시작된다. 이 작품은 두 사람을 통해 수학이 상처받은 마음을 치유하고 아픔을 만져줄 수 있는 도구임을 보여준다. 뒷부분에는 정경훈 교수의 수학해설을 실어 작품 속 이론에 대한 이해를 돕는다.","['소설/시/희곡', '프랑스소설']"
10643,태고의 시간들,올가 토카르추크 지음; 최성은 옮김,은행나무,2019,892.95 토872ㅌ최,9791190000000,https://search1.kakaocdn.net/thumb/R120x174.q85/?fname=http%3A%2F%2Ft1.daumcdn.net%2Flbook%2Fimage%2F4867564%3Ftimestamp%3D20250401130246,"2018년 노벨문학상 수상작가, 2018년 맨부커상 인터내셔널 부문 수상작가 올가 토카르추크의 대표작 『태고의 시간들』. 저자의 세 번째 장편소설로, 20세기 폴란드의 역사를 거대 서사의 축으로, 탄생부터 성장, 결혼, 출산, 노화, 죽음에 이르기까지 여성들의 인생 여정을 따라가면서 그들의 작은 목소리에 귀를 기울인다. 40대 이전의 작가들에게 수여하는 유서 깊은 문학상인 코시치엘스키 문학상을 수상했으며, 폴란드에서 최고의 권위를 자랑하는 니케 문학상의 ‘독자들이 뽑은 최고의 작품’ 부문으로 선정되었다. 총 84편의 조각 글들로 구성된 이 소설의 시간은 연대기적인 단선형으로 흐르는 것이 아니라, 유기적으로 엮인 짤막한 단편들 또는 에피소드들의 짜임으로써 나선형으로 돌아간다. 남편이 전쟁터에 끌려간 뒤 유대인 청년에게 사랑을 느낀 게노베파, 일견 평범해 보이지만 어둠과 슬픔이 깃든 삶을 살아낸 미시아, 술 취한 남자들에게 몸을 팔다가 숲속에서 홀로 아이를 낳고 치유와 예언의 능력을 갖게 된 크워스카, 신산한 삶 끝에 광기에 사로잡힌 노파 플로렌틴카, 독일군과 러시아군 모두에게 강간당하고 사랑 없는 삶을 살아가다 태고를 떠나는, 크워스카의 딸 루타, 독단적인 아버지의 집을 떠나 독립적이고 주체적인 인생을 꾸려가는, 미시아의 딸 아델카 등 역사의 비극 뒤편에서 잊힐 수밖에 없었던 여성들의 삶을 복원하고 그 의미에 대해 질문한다.","['소설/시/희곡', '세계의 소설', '동유럽소설']"
10644,책들의 유령,"크리스토프 보르트베르크, 만프레트 타이젠 공지음; 이광일 옮김",느림보,2011,853 보297ㅊ이,9788960000000,https://search1.kakaocdn.net/thumb/R120x174.q85/?fname=http%3A%2F%2Ft1.daumcdn.net%2Flbook%2Fimage%2F787255%3Ftimestamp%3D20240807112614,"책들의 세계로 빨려 들어간 사춘기 소년 벤의 모험을 그린 소설 『책들의 유령』. 철없던 소년이 온갖 사건들을 겪은 뒤 성숙해진다는 이야기에, 세계문학의 작가들과 그 작품들을 엮어낸 오마쥬이다. <로미오와 줄리엣>부터 <로빈슨 크루소>, <돈키호테>, <젊은 베르테르의 슬픔>, <안나 카레니나> 등 열아홉 편 고전의 세계를 숨 가쁘게 넘나든다. 비행기 사고로 부모님을 잃고 유명한 소설가인 린 이모와 함께 살게 된 벤. 어느 날 이모가 감쪽같이 사라지고, 벤은 서재에서 갑작스럽게 책 속으로 빨려 들어간다. 로미오, 로빈슨 크루소, 돈키호테, 올리버 트위스트 등 벤이 들어간 문학 작품 속의 주인공들이 차례로 살해당하고, 책들의 세계를 구할 수 있는 것은 이모가 남긴 신비한 아물렛뿐. 이모를 구하고 책들의 세계를 지키기 위한 벤의 모험이 시작되는데….","['소설/시/희곡', '독일소설']"
10645,280일,전혜진 지음,구픽,2019,813.6 전94ㅇ,9791190000000,https://search1.kakaocdn.net/thumb/R120x174.q85/?fname=http%3A%2F%2Ft1.daumcdn.net%2Flbook%2Fimage%2F4977949%3Ftimestamp%3D20230106183304,"은주, 지원, 재희, 선경은 삼십 대 중후반에서 사십 대 초반 비슷한 또래의 절친한 사이다. 넷 중 가장 늦게 결혼식을 올린 은주의 예식장에서, 프리랜서 작가 재희는 임신을 할까 고민 중이고, 꿈에 그리던 강력계로 가기 직전인 형사 지원은 임신에 대해 생각이 없으며, 회사원 선경은 임신을 간절히 바란다. 모두 관점은 다르지만 임신이 자신의 인생을 바꿀 것이라는 사실엔 생각이 같다. 몇 주 후 그렇게 원하던 승진을 한 후 예상치 않은 임신이 닥치자, 같은 경찰인 남편은 축하를 받는 반면 지원은 팀 일에서 배제를 받고 싸늘하게 식는다. 한편 아이를 원하는 남편의 소원으로 인공수정 시술을 시작한 재희는 난소 과자극 증후군으로 고통을 받는다. 가장 나이가 많으면서 성공한 1인 기업가이기도 한 은주는 나이와 임신에 대한 마음으로 갈등을 겪는다. 과도한 업무량으로 두 차례 유산의 아픔을 겪었지만 아이에 대한 간절한 마음을 지울 수 없는 선경은, 지나친 비용 부담으로 집까지 줄여야 하는 경제적 부담까지 감수해가며 여러 번 시험관을 시도한 끝에 마침내 ‘세’쌍둥이를 임신한다. 회사에서는 나가 달라는 눈치를 주지만 끊임없이 들어가는 비용 때문에 회사를 관둘 수 없는 선경. 그러나 너무나 큰 모멸감을 겪은 후 결국 회사를 그만둔다. 그 와중 은주도 생각지 못한 임신을 하고, 숱한 눈치에도 악착같이 지구대로 옮겨 근무하던 지원은 경찰복을 입은 채 출산을 맞는다.","['소설/시/희곡', '한국소설', '2000년대 이후 한국소설']"
10646,너무 한낮의 연애,김금희 지음,문학동네,2019,813.6 김17ㄴ,9788950000000,https://search1.kakaocdn.net/thumb/R120x174.q85/?fname=http%3A%2F%2Ft1.daumcdn.net%2Flbook%2Fimage%2F692555%3Ftimestamp%3D20241207113443,"2015년 젊은작가상 수상작 「조중균의 세계」, 2016년 젊은작가상 대상 수상작 「너무 한낮의 연애」 등 9편의 단편이 풍성하게 담긴 이 소설집은 김금희 소설세계가 확고해지는 과정을 흥미롭게 보여준다. 김금희는 이 책에서 진실로 쓰고 싶었던 이야기들을 자유롭게 부려놓는“해방의 글쓰기”(소설가 정영수)를 선보인다. 그렇게 생동감을 획득한 단편들이 아주 없어진 게 아니라 ‘있지 않음’의 상태로 의식 밑에 잠겨 있던 과거의 기억을 되살려내며 심상하게 흘러갈 줄 알았던 일상을 강하게 공명시킨다. 김금희는 이러한 마음의 투명한 흔들림을 유머러스한 문장과 삶을 향한 꺾이지 않는 애정으로 부드럽게 감싸 우리에게 건넨다. 그 무심한 듯 다정한 김금희의 위로를 경험한 후, 우리는 일상을 좀더 특별하게 감각할 수 있게 된다. 단편 「너무 한낮의 연애」를 읽고 문학평론가 신형철은 이렇게 평했다. “김금희의 시대가 올까. 적어도 지금 내가 가장 읽고 싶은 것은 그의 다음 소설이다.” 그 말처럼 김금희가 앞으로 일구어갈 독보적인 소설세계를 기대하고 응원하게 하는 반짝이는 성취들이 이 책의 페이지 곳곳에 자리해 있다. 수록작들과 잘 어울리면서도 기존 표지와는 또다른 아름다움을 뽐내는 새로운 표지를 입은『너무 한낮의 연애』 리커버판은 이 소설집을 처음 만나는 독자에게는 김금희 소설의 다채로운 매력을, 다시 한번 만나는 독자에게는 또다른 만족감을 선물할 것이다.","['소설/시/희곡', '한국소설', '2000년대 이후 한국소설']"
10647,로컬의 미래,헬레나 노르베리 호지 글; 최요한 옮김,남해의봄날,2018,320.04 호78ㄹ최,9791190000000,https://search1.kakaocdn.net/thumb/R120x174.q85/?fname=http%3A%2F%2Ft1.daumcdn.net%2Flbook%2Fimage%2F4368937%3Ftimestamp%3D20240807130211,"서구세계와는 다른 가치로 살아가는 라다크 마을 사람들을 통해 사회와 지구 전체를 생각하게 만든 《오래된 미래》의 저자 헬레나 노르베리 호지가 꿈꿔온, 환경과 인간이 공존하는 세상, 지속 가능한 사회의 경제는 어떻게 이루어질 수 있을지 살펴보는 『로컬의 미래』. 40여 년 간 세계화에 맞서 싸우며 소비 중심의 글로벌 경제가, 국제 무역과 금융이 어떻게 생태계를 파괴하고 인류의 문화다양성을 해치며, 인간 개개인의 행복을 깨뜨리는지 분석하고 비판해 온 저자는 이에 대한 대안으로 ‘지역화(localization)’를 행복의 경제학이라 주창하며 그 가능성을 타진해 왔다. 저자가 펴낸 지금까지의 저작들이 세계화의 폐해에 대한 고발과 비판에 중심을 두고 있다면, 이 책은 지금까지의 사례들을 정리하고 압축하여 문제와 원인을 명확히 하는 것은 물론, 한 걸음 더 나아가 지역화의 희망찬 사례들과 방법론까지 제시하고 있다. 뿐만 아니라, 반대 의견에 대한 논리 정연한 반박과 전 세계 독자와 시민단체들의 의문들에 대한 답변들까지 명쾌하게 담아냈다. 또 저자와 출판사 남해의봄날이 공동기획하여 한국 독자들의 질문이 담긴 새로운 인터뷰를 더해 생생한 저자의 육성도 함께 만날 수 있도록 했다.","['사회과학', '환경/생태문제', '환경학 일반']"
10648,로쟈의 세계문학 다시 읽기,이현우 지음,오월의봄,2015,809 이94ㄹ,9789000000000,https://search1.kakaocdn.net/thumb/R120x174.q85/?fname=http%3A%2F%2Ft1.daumcdn.net%2Flbook%2Fimage%2F1499558%3Ftimestamp%3D20230217200829,"가장 영향력 있는 서평꾼 로쟈와 함께 떠나는 세계 문학 여행 『로쟈의 세계문학 다시 읽기』. 이 책은 문학 연구자인 로쟈가 대중을 대상으로 내놓은 문학 교양서로, 세계문학을 다시 읽기 위한 책이다. 그는 ‘다시 읽기’를 단순한 반복적 읽기가 아닌 ‘고쳐 읽기’이고 ‘거슬러 읽기’라고 정의한다. 셰익스피어와 괴테, 단테 같은 문호, 푸슈킨과 레르몬토프, 고골, 안데르센 등의 작품을 거쳐, 현대의 헤르만 헤세의 <데미안>, 알베르 카뮈의 <이방인>, 데이비드 샐린저의 <호밀밭의 파수꾼> 등 젊은 세대와 청소년들이 읽을 만한 작가와 작품을 광범위하게 소개하고 있다. 또한 세계의 고전들을 읽으면서 셰익스피어의 희곡은 왕권과 제국주의를 옹호하는 작품은 아닌지, 반전주의자 헤세는 왜 전쟁을 긍정하는 <데미안>을 썼는지 등 다양한 질문을 던지고 답함으로써 ‘다시 읽고’ ‘고쳐 읽는’ 즐거움을 선사한다.","['인문학', '교양 인문학']"
10649,쾌락독서,문유석 지음,문학동네,2018,029 문66ㅋ,9788950000000,https://search1.kakaocdn.net/thumb/R120x174.q85/?fname=http%3A%2F%2Ft1.daumcdn.net%2Flbook%2Fimage%2F4818467%3Ftimestamp%3D20250121125444,"글 쓰는 판사, 소문난 다독가로 알려진 《개인주의자 선언》, 《미스 함무라비》의 저자 문유석의 독서 에세이 『쾌락독서』. 초등학생 시절부터 책 읽기에 빠져 성인용 책은 물론, 신문의 광고와 부고까지 읽는 책 중독자였던 저자가 어린 시절부터 지금까지 자신에게 어떻게든 영향을 주었던 책에 대해 이야기하는 책이다. 어린 시절 친구 집에 놀러가도 책장에 꽂힌 책들을 구경하고 읽어대느라 나가서 놀자는 친구와 실랑이를 벌이기 일쑤였던 저자는 사춘기 시절 야한 장면을 찾아 읽다가 한국문학전집을 샅샅이 읽게 되었고, 《유리가면》으로 순정만화 세계에 입문하기도 했다. 전혀 관심도 없는 불교 책, 한자투성이 옛날 책, 심지어 요리백과사전까지 읽었던 저자는 어른이 된 지금도 자신만의 책 고르는 방법인 ‘짜샤이 이론’에 따라 재미있어 보이는 책을 우선으로 읽고 있다. 중식당의 기본 밑반찬인 짜샤이가 맛있는 집은 음식도 맛있었다는 경험에 빗댄 방법으로, 처음 30페이지를 먼저 읽어보고 내 취향의 책이다 싶으면 끝까지 읽어나가는 책 읽기다. 내가 재미있고 내가 즐거우면 그것으로 만족하는 저자는 고시생 시절 《슬램덩크》가 안겨준 뭉클함, 김용과 무라카미 하루키 전작을 탐독한 이유 등 책과 함께 가슴 설레고 즐거웠던 책 덕후 인생을 솔직하게 펼쳐 보이며 책과 함께 노는 즐거움의 특별함, 책에 대한 애정을 드러낸다.","['인문학', '인문 에세이']"
10650,조선의 밥상머리 교육,김미라 지음,보아스,2019,375.2262 김38ㅈ,9791190000000,https://search1.kakaocdn.net/thumb/R120x174.q85/?fname=http%3A%2F%2Ft1.daumcdn.net%2Flbook%2Fimage%2F4838369%3Ftimestamp%3D20250111121548,"8편의 조선 동몽교재와 3편의 중국 어린이 교육서를 통해 삶에서 진정한 성공이 무엇이며 위대한 교육이 무엇인지, 그 길을 찾게 해주는 『조선의 밥상머리 교육』. 학생들을 가르치는 교육자로서 또 한 아이의 엄마로서 미래를 짊어질 우리 아이들에게 행복지수를 높여주기 위한 교육 방법을 찾고자 하는 저자는 이 책에서 조선의 교육법을 심도 있게 소개한다. 인성교육을 왜 어릴 때부터 해야 하는지, 품격 있는 사람으로 키우기 위해 무엇을 가르쳤는지에 대한 내용을 조선 동몽서의 원문과 함께 자세하게 담았다.","['인문학', '문화/문화이론', '한국학/한국문화', '한국인과 한국문화']"
10651,이기주의의 배신,데이비드 호우 지음; 이진경 옮김,지식의숲:넥서스,2017,181.7 호66ㅇ,9791160000000,https://search1.kakaocdn.net/thumb/R120x174.q85/?fname=http%3A%2F%2Ft1.daumcdn.net%2Flbook%2Fimage%2F1574317%3Ftimestamp%3D20221025135305,"인간은 자신을 공감해 줄 사람을 찾아 헤매고, 그런 사람을 만나지 못할 때 고통에 빠진다. 이기주의가 만연하고 소통 부재의 시대인 현 세대는 ‘공감’을 무엇보다 필요로 하고 있다. 이 책은 삶의 근원인 공감의 본질에 대해 체계적이면서도 생생하게 전해 주고 있다. 공감이란 주제가 그동안 작가와 철학자, 미술가, 교육학자, 심리학자와 사회학자, 상담치료사와 사회복지사, 뇌 과학자와 의료 종사자들에게 왜 그토록 한결같은 관심을 불러일으켰는지 이해할수록 공감에 대해 더욱더 깊이 빠져들 것이다.","['인문학', '심리학/정신분석학', '교양 심리학']"
10652,체리토마토파이,베로니크 드 뷔르 지음; 이세진 옮김,청미출판사,2019,863 뷔297ㅊ이,9791190000000,https://search1.kakaocdn.net/thumb/R120x174.q85/?fname=http%3A%2F%2Ft1.daumcdn.net%2Flbook%2Fimage%2F4909416%3Ftimestamp%3D20240929131050,"삶에 대한 진정한 예찬으로 안식을 느끼게 하는 소설『체리토마토파이』. 아흔 살, 외딴 시골 농가에서 혼자 사는 할머니, 잔. 아흔 번째 봄을 맞던 날, 잔은 일기를 쓰기로 결심한다. 별일 없는 나날 속에서도 그날그날의 기분을 기록하고 문득 떠오르는 추억을 적어보기로 한 것이다. 늙은이의 특권이라면 자유로이 쓸 수 있는 시간이 아주 많다는 것이다. 잔은 이 넘쳐나는 시간을 자기가 하고 싶은 일로 채우며 살기를 원한다. 언제까지나 자기 집 정원에서 꽃이 피는 광경을 보고 싶고, 친구들과 백포도주 한잔을 즐기고 싶다. 유일한 이웃인 옆집 농가 부부의 좌충우돌을 언제까지나 지켜보고 싶고, 벤치에 누운 채 아무 생각 없이 하늘의 별을 바라보면서 내년에도 이 별들을 다시 볼 수 있기를 소망한다. 잔이 써내려간 일 년 동안의 일기는 노년의 소소한 행복, 인생에서 피할 수 없는 슬픔을 우리에게 고스란히 전하는 한편, 우리도 잔처럼 늙고 싶다는 마음을 불러일으킨다.","['소설/시/희곡', '프랑스소설']"
10653,인권 수업,이은진 지음,지식프레임,2018,342.1 이67ㅇ,9788990000000,https://search1.kakaocdn.net/thumb/R120x174.q85/?fname=http%3A%2F%2Ft1.daumcdn.net%2Flbook%2Fimage%2F1429236%3Ftimestamp%3D20231231144629,"교실, 인권을 만나다! 소중한 권리, 평등한 관계가 살아 숨 쉬는 교실 민주주의의 시작 역사는 억압과 차별에 대한 끊임없는 저항을 통해 ‘인권’을 지금 우리 시대에 안착시켰고, 그 덕에 ‘인권’이라는 단어가 더 이상 낯설지 않은 세상이 되었다. 이제 우리는 성별, 인종, 장애, 성적 취향 등과 무관하게 누구나 평등하고 존엄한 존재라는 사실을 잘 알고 있다. 이처럼 인권이 너무도 당연시 되는 세상이지만, 아직 우리의 학교에서는 ‘인권’을 이야기하기가 불편하다. 이 책은 어느 날 ‘인권’을 만나고부터 인권 친화적인 교실살이를 가꾸기 위해 노력하고 고민해온 초등 교사의 인권교육 이야기다. 알고 있지만 실천하지 못해서 뜨끔했던, 하고 싶지만 어쩔 수 없이 접어두어야 했던 인권교육의 소중함과 교실 속 실천 방법을 소개한다.","['사회과학', '교육학', '교육 일반']"
10654,우리가 글을 몰랐지 인생을 몰랐나,"권정자, 김덕례, 김명남 외 지음",남해의봄날,2019,810.82 권74ㅇ,9791190000000,https://search1.kakaocdn.net/thumb/R120x174.q85/?fname=http%3A%2F%2Ft1.daumcdn.net%2Flbook%2Fimage%2F4873911%3Ftimestamp%3D20240514130029,"가난 때문에, 혹은 여자라는 이유로 글을 배우지 못했던 할머니들이 뒤늦게 글을 익히고 용기를 내 그림을 그렸다. 그림책 작가와 함께 선을 그리고 동그라미 네모를 그리는 것으로 시작하여 그동안 살아온 이야기, 주변 사람들과 풍경을 그림으로, 글로 풀어냈다. 그림 수업을 위해서가 아니라 뒤늦게 깨닫게 된 그림 그리기의 즐거움에 빠져 집에서도 수십 장, 수백 장의 그림을 그렸다. 시대의 굴곡과 여러 인간관계 속에서 부대끼며 살아온 할머니들은 그림과 글을 배우며 치유와 행복의 시간을 맞는다. 만만치 않은 인생도 담담한 유머로 털어 놓는 순천 할머니들의 따뜻하고 유쾌한 그림, 눈물 뒤에 웃음이 터지는 반전의 글쓰기. 할머니들과 함께 웃고 울다 보면 마음에 온기가 가득해질 것이다.","['에세이', '사진/그림 에세이']"
10655,밀크맨,애나 번스 지음; 홍한별 옮김,창비,2019,843 번57ㅁ홍,9788940000000,https://search1.kakaocdn.net/thumb/R120x174.q85/?fname=http%3A%2F%2Ft1.daumcdn.net%2Flbook%2Fimage%2F5091758%3Ftimestamp%3D20231124174323,"2018년 세계 3대 문학상이자 영미권 최고 권위의 문학상인 맨부커상 제정 50주년 수상작 『밀크맨』. 북아일랜드 출신으로는 처음으로 맨부커상을 수상하며 일약 세계적 작가 반열에 오른 애나 번스의 세 번째 장편소설로, 1970년대에 길 하나를 사이에 두고 적과 극단적으로 대치하고 있는 폐쇄적인 마을 공동체 내에서 유무형의 폭력에 노출된 열여덟 살 여성의 일상과 내면을 일인칭 시점의 입말로 들려주는 작품이다. 일인칭 화자인 ‘나’는 십남매 중 ‘가운데아이’로 걸어가며 책 읽기를 좋아하는 열여덟 살 여자다. 여느 날처럼 책을 읽으며 길을 가는데 한 남자가 흰 승합차를 세우고 나의 가족을 아는 척하며 말을 건넨다. 사람들이 ‘밀크맨’(우유배달부)이라 부르는 그 남자는 마흔한 살 유부남이자 무장독립투쟁 조직의 주요 인사로서 지역사회에서 명망이 두터운 인물로 알려져 있다. 길 하나를 두고 ‘길 이쪽’(국가 반대자=가톨릭교도=북아일랜드 분리독립파=친아일랜드파)과 ‘길 저쪽’(국가 수호자=개신교도=친영국파)이 대립하며 폭발과 총격이 일상화된 마을에서, 저항군의 핵심 간부라는 그의 영향력은 절대적이다. 그날 이후로 나의 일상은 손톱으로 신경을 긁는 듯 은밀하고 불쾌한 긴장에 휩싸인다. 밀크맨은 저수지 공원에서 조깅을 하는 나의 옆에, 프랑스어 수업을 듣는 야간학교 앞에, 내가 어디를 가든 불쑥불쑥 나타난다. 그렇다고 신체접촉을 시도하거나 음란한 말을 하는 것은 아니어서 나는 이 일을 누구에게도 말하지 못한다. 나의 불안감은 극에 달해가지만, 오히려 동네 사람들은 둘이 불륜관계라고, 심지어 내가 밀크맨을 유혹했다고 수군댄다. 가장 믿었던 오래된 친구와 어쩌면 남자친구마저 네가 걸어가며 책을 읽는 것이 문제라고, 그런 행동이 사람들을 불안하게 한다고 나무란다. 소문은 걷잡을 수 없이 부풀어가고, 눈에 보이지 않고 말로 설명할 수 없는 폭력에 홀로 내던져진 나는 점점 고립되어가고 무기력에 빠지는데…….","['소설/시/희곡', '영미소설']"
10656,역사의 정치학,하워드 진 지음; 김한영 옮김,마인드큐브,2018,340.92 진92ㅇ김,9791190000000,https://search1.kakaocdn.net/thumb/R120x174.q85/?fname=http%3A%2F%2Ft1.daumcdn.net%2Flbook%2Fimage%2F1646740%3Ftimestamp%3D20230216150950,"하워드 진(Howard Zinn)은 미국의 손꼽히는 실천적 지식인 중 한 명이었다. 그는 매 순간 침묵보다 실천을, 중립보다 결단을 감행했고, 자신의 철학과 이상을 삶으로 증명해냈다. 2010년 심장마비로 세상을 떠나기 전 그가 남긴 말은 “나는 사람들에게 그들이 전에는 갖지 못했던 희망과 연대의 힘을 보여주었던 사람으로 기억되고 싶다”는 것이었다. 이 책, 《역사의 정치학》(원제 : The Politics of History, 초판은 1970년, 2판은 1990년 발행)은 하워드 진이 역사학은 무엇을 할 수 있고 무엇을 해야 하는가라는 물음에 답하여 쓴 책이다. 이 책 전반에 걸쳐 저자는 ‘역사철학’의 범주에 속하는 다음과 같은 문제들을 검토한다. - 역사는 ‘결정되어’ 있는가, 아니면 우리 스스로 만들 수 있는가? - 역사학자는 관찰하는 자여야 하는가, 아니면 우리 시대의 사회적 투쟁에 참여하는 자여야 하는가? - 우리는 주된 관심을 과거에 관심을 두어야 하는가, 아니면 현재에 두어야 하는가? - 역사학의 목적은 무엇이고, 역사학자의 책무는 무엇인가? 이 책은 독자들에게 “더 유능하고 똑똑한 시민이 되기 위해서는 역사를 어떻게 바라보아야 하는가?”라는 질문을 던진다. 그리고 저자는 ‘더 나은 세계를 향한 절박한 갈망’을 품고 우리 시대의 중대한 인간 문제를 해결하는 데 도움이 되는 연구를 하는 것이 역사학자와 시민의 책임임을 힘주어 강조하고 있다. “체면을 위해서라도 역사학자들은 ‘바지를 걸치듯’ 균형 잡힌 판단을 채택해왔다. 저자는 유머러스하고 품위 있게 이 경직된 전문가들을 비판하면서, 그들이 가짜 중립성과 상대적 기만-사심 없는 학문, 객관적 연구, 냉정한 학식-으로 치장하는 이유를 예리하게 지적한다. 즉, 역사가 누구에게도 순수한 관찰을 허락하지 않는 경쟁의 장(contested terrain)이라는 명료한 진리를 역사학자들이 은폐하려 한다고 폭로한다. 《역사의 정치학》은 이 진리를 드러내는 동시에, ‘잊힌 비전, 사라진 유토피아, 이루지 못한 꿈’을 생생하게 상기시킨다.” - 리처드 드리넌(Richard Drinnon)/ 버크넬 대학 정치학과 교수","['역사', '역사학', '역사학 일반']"
10657,"정말 미안하지만, 나는 아무렇지도 않았다. 5",김동식 지음,요다,2018,813.6 김25 v.5,9791190000000,https://search1.kakaocdn.net/thumb/R120x174.q85/?fname=http%3A%2F%2Ft1.daumcdn.net%2Flbook%2Fimage%2F1654057%3Ftimestamp%3D20250101114445,"2017년 말, 《회색 인간》 《세상에서 가장 약한 요괴》 《13일의 김남우》까지 세 권의 소설집을 들고 혜성처럼 나타난 작가 김동식의 신작 단편 소설집 『정말 미안하지만, 나는 아무렇지도 않았다』. 10년간 주물공장 노동자로 일했고, 소설 쓰기를 배운 적이 없지만 2016년 온라인 커뮤니티 공포 게시판에 창작글을 올리기 시작해 350여 편의 글을 쓴 저자는 쉽고 빠르게 읽히는 흡입력과 결코 손에서 놓지 못하게 만드는 매력으로 독자들을 사로잡았다. 이번 소설집에는 저자가 2년간 쏟아낸 이야기 가운데 관계와 소통, 자아, 자존감 등 인간에 대한 성찰을 담은 21편의 이야기가 담겨 있다. 타인의 행복을 시기하는 마음, 가족 간의 애증, 살인 다단계 등 미묘하게 얽힌 인간 관계과 자아의 문제를 위트 있게 비튼 김동식표 소설의 재미를 느낄 수 있다.","['소설/시/희곡', '한국소설', '2000년대 이후 한국소설']"
10658,양심 고백. 4,김동식 지음,요다,2018,813.6 김25 v.4,9791190000000,https://search1.kakaocdn.net/thumb/R120x174.q85/?fname=http%3A%2F%2Ft1.daumcdn.net%2Flbook%2Fimage%2F1655064%3Ftimestamp%3D20240514113439,"2017년 말, 《회색 인간》 《세상에서 가장 약한 요괴》 《13일의 김남우》까지 세 권의 소설집을 들고 혜성처럼 나타난 작가 김동식의 신작 단편 소설집 『양심 고백』. 10년간 주물공장 노동자로 일했고, 소설 쓰기를 배운 적이 없지만 2016년 온라인 커뮤니티 공포 게시판에 창작글을 올리기 시작해 350여 편의 글을 쓴 저자는 쉽고 빠르게 읽히는 흡입력과 결코 손에서 놓지 못하게 만드는 매력으로 독자들을 사로잡았다. 이번 소설집에는 저자가 2년간 쏟아낸 이야기 가운데 사회약육강식의 경쟁 사회와 물신화된 현대 사회의 딜레마를 보여주는 26편의 이야기가 담겨 있다. 인간에 평점이 매겨지는 세상, 자살하려는 청소년을 구하는 마법사, 부자 노인과 가난한 청년의 딜레마 등 일상 속에서 만날 수 있는 다양한 상황을 배경으로 낯선 상상력을 펼쳐냈다.","['소설/시/희곡', '한국소설', '2000년대 이후 한국소설']"
10659,프랑켄슈타인,메리 셸리 지음; 김선형 옮김,문학동네,2019,843 셸298ㅍ-문,9788950000000,https://search1.kakaocdn.net/thumb/R120x174.q85/?fname=http%3A%2F%2Ft1.daumcdn.net%2Flbook%2Fimage%2F783783%3Ftimestamp%3D20240718113209,"공포물의 유명한 고전『프랑켄슈타인』. 소설이 아니더라도 영화나 만화를 통해서 다양하게 소개되어 누구나 알고 있는 작품이다. 기존에 소개된 대부분의 이야기들이 변형되거나 수정된 형태로 나왔다면, 이번에 선보이는『프랑켄슈타인』은 1823년 판본을 완역하여 원작자 메리 셸리의 소설 구성과 유려한 문체를 그대로 감상할 수 있는 기회를 제공한다. 이 소설은 한 과학자의 은밀한 연구와 괴물의 탄생, 살인 사건 같은 공포소설의 극적 요소들이 적절히 배치되어 읽는 재미를 선사한다. 곳곳에서 알프스의 장대한 자연환경을 유려한 문장으로 표현하여 문학적 감흥까지 더했다. 또한 공포를 주는 대상으로만 여겨졌던 괴물의 내면적 비극을 섬세하게 보여줌으로써, 인간의 이기심과 편협한 마음을 비판한다.","['소설/시/희곡', '영미소설']"
10660,시대의 소음,줄리언 반스 지음; 송은주 옮김,다산책방:다산북스,2018,843 반57ㅅ송,9791130000000,https://search1.kakaocdn.net/thumb/R120x174.q85/?fname=http%3A%2F%2Ft1.daumcdn.net%2Flbook%2Fimage%2F1538169%3Ftimestamp%3D20241127113716,"2011년 《예감은 틀리지 않는다》로 맨부커상을 수상한 영국 문학의 제왕 줄리언 반스가 5년만에 내놓은 신작 장편소설 『시대의 소음』. 맨부커상 수상 이후 발표한 첫 소설로, 거대한 권력 앞에서 무력해질 수밖에 없는 평범한 한 인간의 삶을 내밀하고도 깊이 있게 그려내며 스스로를 뛰어넘었다는 극찬을 받았다. 치밀한 자료조사와 섬세한 상상력, 극적인 서사에 자연스럽게 녹아든 시적이고 철학적인 문장들로 살아남은 자로서 역사가 된 쇼스타코비치의 인생을 그려내고 스탈린 치하 러시아의 모습을 생생하게 되살려내 우리의 현실과 마주하게 한다. 한때 불세출의 천재로 추앙받다가 하루아침에 모든 것을 잃은 남자, 작곡가 쇼스타코비치가 여행 가방을 들고 승강기 옆에 서 있는 장면으로 이야기는 시작된다. 스탈린 정권의 눈밖에 나 음악을 금지당하는 것은 물론, 언제 끌려갈지 몰라 매일 밤을 이렇게 지새우는 남자. 친구도 동료도 은밀히 사라져가는 하루하루, 그는 그 암흑의 시대를 어떻게 견뎌냈을까? 공산 체제의 어용음악가에서 시대의 반항아까지. 상황에 따라 사람들은 쇼스타코비치를 다르게 부르고 기억한다. 저자는 쇼스타코비치를 일신의 영광이나 안전을 위해 체제와 타협한 기회주의자로서가 아니라, 치열한 내적 갈등 속에서 자신의 예술을 끝까지 추구한 인물로 그려보인다. 생존에 필요한 최소한의 타협을 하면서도 자신의 예술적 신념은 포기하지 않는 지극히 어렵고도 험난한 길을 간 인물이었고, 그를 위해 화려한 성공과 갈채에도 불구하고 평생을 인간적 갈등과 번민에 시달려야 했던 쇼스타코비치. 삶을 지키기 위해 그가 택한 겁쟁이의 길은 결국 자신의 가족과 음악을 지켜내는 영웅의 길이었을지도 모른다.","['소설/시/희곡', '영미소설']"
10661,(설민석의)삼국지. 2,설민석 지음,세계사,2019,823.5 설38ㅅ v.2,9788930000000,https://search1.kakaocdn.net/thumb/R120x174.q85/?fname=http%3A%2F%2Ft1.daumcdn.net%2Flbook%2Fimage%2F4997456%3Ftimestamp%3D20250207130126,"읽는 즐거움과 인생의 교훈을 동시에 선사하는 교양 인문서 『설민석의 삼국지』 제2권. 수십여 권에 달하는 방대한 중국 《삼국지연의》를, 주요 사건들을 위주로 뽑아 단 2권에 담았다. 설민석 특유의 강의식 말투로 꼭 알아야 하는 내용을 쉽게 풀어 설명해 주고, 현대식 비유와 오늘날의 우리에게 필요한 교훈들까지 곁들여 삼국지 입문서로 활용할 수 있도록 했다. 1,000명에 달해 헷갈리던 인물들의 이름과, 어디가 어디인지 구별이 되지 않았던 지명들을 알기 쉽게 정리하여 표시했고, 복잡하게 전개되었던 사건들과 플롯은 단번에 이해하기 쉽게 구성했다. 부록에서는 기존의 《삼국지연의》와 다르게 표현된 부분들을 한 번 더 친절하게 서술하여 독자들이 책을 읽으며 오해가 생길 수 있는 부분을 이해할 수 있도록 도움을 준다.","['역사', '중국사', '중국고대사(선사시대~진한시대)']"
10662,(설민석의)삼국지. 1,설민석 지음,세계사,2019,823.5 설38ㅅ v.1,9788930000000,https://search1.kakaocdn.net/thumb/R120x174.q85/?fname=http%3A%2F%2Ft1.daumcdn.net%2Flbook%2Fimage%2F4986998%3Ftimestamp%3D20250205130532,"읽는 즐거움과 인생의 교훈을 동시에 선사하는 교양 인문서 『설민석의 삼국지』 제1권. 수십여 권에 달하는 방대한 중국 《삼국지연의》를, 주요 사건들을 위주로 뽑아 단 2권에 담았다. 설민석 특유의 강의식 말투로 꼭 알아야 하는 내용을 쉽게 풀어 설명해 주고, 현대식 비유와 오늘날의 우리에게 필요한 교훈들까지 곁들여 삼국지 입문서로 활용할 수 있도록 했다. 1,000명에 달해 헷갈리던 인물들의 이름과, 어디가 어디인지 구별이 되지 않았던 지명들을 알기 쉽게 정리하여 표시했고, 복잡하게 전개되었던 사건들과 플롯은 단번에 이해하기 쉽게 구성했다. 부록에서는 기존의 《삼국지연의》와 다르게 표현된 부분들을 한 번 더 친절하게 서술하여 독자들이 책을 읽으며 오해가 생길 수 있는 부분을 이해할 수 있도록 도움을 준다.","['역사', '중국사', '중국고대사(선사시대~진한시대)']"
10663,환생 블루스,마이클 푸어 지음; 전행선 옮김,알에이치코리아,2019,843 푸64ㅎ전,9788930000000,https://search1.kakaocdn.net/thumb/R120x174.q85/?fname=http%3A%2F%2Ft1.daumcdn.net%2Flbook%2Fimage%2F4988613%3Ftimestamp%3D20221011170726,"죽음, 사랑, 그리고 시간 이 모든 것을 뛰어넘을 수 있다면 혹은 제약 없이 이 세 가지를 시도할 수 있다면 우리의 인생은 얼마나 더 완벽한 결말을 맞을 수 있을까? 『환생 블루스』는 죽음까지 주어진 총 1만 번의 기회를 통해 시도할 수 있는 모든 방법으로 인간이 구현할 수 있는 완벽한 삶에 대한 모든 가능성을 검증하는 작품으로, 8천 년이란 시간을 두고 내세와 현세 그리고 그 다음 생으로 이어지는 막대한 스케일의 시간적 배경을 SF요소로 매끄럽게 버무리되 전개 속도에 영향을 두지 않을 장치들로 한시도 지루하지 않게 한다. 오늘 상어에게 잡아먹혀 죽게 된 마일로는 인류 역사상 가장 오래된 영혼이다. 8,000년 동안 수많은 생사를 겪으며 조금 현명해진 이 남자는 양초 가게를 열어 소박하게 사는 것이 유일한 소원인 죽음의 신 수지와 사랑하는 사이가 된다. 이번 생이 끝나도 다시 태어나는 것을 알고 있지만, 그에게도 죽음은 여전히 고통스러운 과정이다. 때로는 처형되고, 전투 중에 창에 찔려 죽기도 하고, 총에 맞아 과다출혈로 죽어본 적도 있다. 근사한 저녁 식사를 하다가도, 이것이야말로 최고의 사랑이라고 느낀 순간에도 불현듯 죽음은 찾아와 그를 데려간다. 죽음의 신 수지는 마일로가 다른 여자와 수만 번의 사랑을 하고, 위기에 빠지고, 때로는 원치 않는 신들의 숙제를 해결하는 모든 과정을 지켜본다. 그러면서 그녀는 점차 마일로를 이해하게 되고, 오히려 그에게 닥친 죽음의 위협으로부터 지켜주면서 사랑을 느끼고 표현하려고 한다. 마일로가 죽음의 신과 사랑에 빠질 만큼 죽는 일에 익숙해질 무렵, 신들이 말한다. 이제 그에게 상황을 바로잡을 기회는 다섯 번이 남았다고.","['소설/시/희곡', '영미소설']"
10664,아무도 기억하지 않는,루타 서페티스 글; 안진희 옮김,노란상상,2018,843 서894ㅇ안,9791190000000,https://search1.kakaocdn.net/thumb/R120x174.q85/?fname=http%3A%2F%2Ft1.daumcdn.net%2Flbook%2Fimage%2F4816558%3Ftimestamp%3D20240719130918,"제2차 세계 대전이 벌어지고 있는 1945년 겨울. 서로 다른 나라에서 태어난 네 명의 아이들이 있다. 이들은 각자 무언가에 사로잡혀 쫓기고 있다. 거짓말, 운명, 죄책감, 수치심. 소련군이 진격해 오는 가운데, 많은 난민들은 발트해 연안으로 피난을 떠난다. 이들의 자유와 안전을 약속하는 ‘빌헬름 구스틀로프호’에 타기 위해서였다. 그러나 그 약속은 지켜지지 않았다. 소련 잠수함이 발사한 세 개의 어뢰가 빌헬름 구스틀로프호를 파괴시켰다. 그리고 그 배를 타고 있던 많은 이들의 삶과 희망을 앗아 가려 하는데……. 과연 이 네 명의 아이들은 파괴의 손아귀에서, 전쟁의 고통으로부터 벗어날 수 있을까? 소설 <아무도 기억하지 않는>은 기록되지 않은 역사, 빌헬름 구스틀로프호의 침몰 사건의 충격적인 진실과 이 사건의 목격자였던 실종자, 사망자, 살아남은 사람들의 목소리가 담겨 있다.","['소설/시/희곡', '영미소설']"
10665,별을 헤아리며,로이스 로리 지음; 서남희 옮김; 조혜원 그림,양철북출판사,2019,843 로298ㅂ서,9788990000000,https://search1.kakaocdn.net/thumb/R120x174.q85/?fname=http%3A%2F%2Ft1.daumcdn.net%2Flbook%2Fimage%2F1314449%3Ftimestamp%3D20240529112313,"로이스 로리의 청소년 소설『별을 헤아리며』. 청소년과 어른이 함께 읽고 성장하는 문학 시리즈를 지향하는「카르페디엠」의 네 번째 책이다. 어린이와 청소년들이 좋아하는 인기 작가 로이스 로리가 인간의 존엄성과 가치를 다룬 작품으로, 1990년 뉴베리 상을 수상하였다. 현재 미국의 많은 초ㆍ중등학교에서 독서 지도용 수업 교재로 쓰이고 있다. 작가는 어린아이의 시선에서 바라본 전쟁을 뛰어난 필치와 감수성으로 묘사하고 있다. 제2차 세계대전 중 나치가 점령한 덴마크에서 유태인 추방과 학살이 벌어진다. 유태인 친구를 구하기 위해 열 살 소녀 안네마리와 그 가족은 유태인들을 스웨덴으로 몰래 탈출시키려고 하는데…. 이 소설에 등장하는 중요한 소재인 '별 모양의 금목걸이'는 이스라엘을 상징하기도 하지만, 등장인물들이 보여주는 용기와 믿음을 상징하기도 한다. 안네마리와 로세 언니, 페테르 오빠, 헨리크 삼촌, 그리고 평범한 어부들과 과학자들 등 다양한 인물들이 보여주는 용기 있는 노력이 빛나는 작품이다.","['청소년', '청소년 문학', '청소년 소설']"
10666,검은 개,이언 매큐언 지음; 권상미 옮김,문학동네,2019,843 매876ㄱ권,9788950000000,https://search1.kakaocdn.net/thumb/R120x174.q85/?fname=http%3A%2F%2Ft1.daumcdn.net%2Flbook%2Fimage%2F4947376%3Ftimestamp%3D20221011090741,"『검은 개』는 현대 영문학을 대표하는 작가 이언 매큐언이 1992년 발표한 다섯번째 장편소설로, 한때는 정치적 신념과 깊은 애정으로 이어진 사이였지만 평생 다른 길을 걸었던 부부의 이야기를 회고록 형식으로 그린 작품이다. 『첫사랑, 마지막 의식』으로 데뷔 후 충격적인 소재와 대담한 스타일로 주목받았던 이언 매큐언은 휘트브레드상을 수상한 1987년작 『차일드 인 타임』을 기점으로 정치와 역사 영역까지 시야를 확장했고, 한 차원 성숙한 작품세계를 선보이며 독자와 평단 모두의 열렬한 지지를 얻는 작가로 발돋움했다. 냉전기 베를린을 배경으로 한 스파이 드라마 『이노센트』와 더불어 이 시기의 대표작으로 꼽히는 『검은 개』는 선과 악, 사랑과 증오, 과학적 사고와 영적 통찰, 전쟁의 후유증이 가시지 않은 현대의 시대정신을 숙고하며 ‘사랑과 신념, 역사에 대한 산문시적 고찰’(뉴욕 타임스)이자 ‘이언 매큐언의 특징이 고스란히 드러난 동시에 새로운 경지에 도달한 작품’(엔터테인먼트 위클리)이라는 극찬을 받았고, 출간된 해 작가 인생 두번째로 부커상 최종 후보에 올랐다.","['소설/시/희곡', '영미소설']"
10667,역사 콘서트. 2,황광우 지음,생각정원,2016,911.05 황15ㅇ v.2,9791190000000,https://search1.kakaocdn.net/thumb/R120x174.q85/?fname=http%3A%2F%2Ft1.daumcdn.net%2Flbook%2Fimage%2F1615461%3Ftimestamp%3D20220714035910,"《철학 콘서트》시리즈로 30만 독자의 선택을 받으며 철학의 대중화를 이끈 황광우가 『역사 콘서트』로 돌아왔다. 저자 황광우는 서문에서 잘못 배운 역사, 잃어버린 우리 역사를 되찾고자 책을 썼다고 밝힌다. 조선사 500년을 관통하는 이 책은 식민사관과 영웅사관을 넘어 왕과 선비뿐 아니라 여성과 노비에 이르기까지 조선 시대를 이루었던 인물들의 혁신적인 선택과 주체적인 행동을 특유의 힘 있는 스토리텔링으로 풀어낸다. 1권은 조선 전기에 해당하며, 조선의 ‘창업’과 ‘수성’을 담고 있다. 이성계의 위화도 회군과 조선의 건국을 시작으로, 수성의 시대인 세종기를 거쳐 훈구와 사림의 붕당 시대를 담았다. 2권은 조선 후기에 해당하며, 조선의 ‘갱장’과 ‘파국’을 담고 있다. 왜란과 호란이라는 거대한 외세 침략과 민중의 저항, 백성을 위한 조선을 건설하려 했던 영·정조의 고뇌와 재기, 끝으로 왕조 500년의 ‘파국’을 담았다.","['역사', '조선사', '조선시대 일반']"
10668,역사 콘서트. 1,황광우 지음,생각정원,2016,911.05 황15ㅇ v.1,9791190000000,https://search1.kakaocdn.net/thumb/R120x174.q85/?fname=http%3A%2F%2Ft1.daumcdn.net%2Flbook%2Fimage%2F1611541%3Ftimestamp%3D20220630104525,"《철학 콘서트》시리즈로 30만 독자의 선택을 받으며 철학의 대중화를 이끈 황광우가 『역사 콘서트』로 돌아왔다. 저자 황광우는 서문에서 잘못 배운 역사, 잃어버린 우리 역사를 되찾고자 책을 썼다고 밝힌다. 조선사 500년을 관통하는 이 책은 식민사관과 영웅사관을 넘어 왕과 선비뿐 아니라 여성과 노비에 이르기까지 조선 시대를 이루었던 인물들의 혁신적인 선택과 주체적인 행동을 특유의 힘 있는 스토리텔링으로 풀어낸다. 1권은 조선 전기에 해당하며, 조선의 ‘창업’과 ‘수성’을 담고 있다. 이성계의 위화도 회군과 조선의 건국을 시작으로, 수성의 시대인 세종기를 거쳐 훈구와 사림의 붕당 시대를 담았다. 2권은 조선 후기에 해당하며, 조선의 ‘갱장’과 ‘파국’을 담고 있다. 왜란과 호란이라는 거대한 외세 침략과 민중의 저항, 백성을 위한 조선을 건설하려 했던 영·정조의 고뇌와 재기, 끝으로 왕조 500년의 ‘파국’을 담았다.","['역사', '조선사', '조선시대 일반']"
10669,지금 봐야 할 우리 고대사 삼국유사전,하도겸 지음,시간여행,2019,911.03 하25ㅈ,9791190000000,https://search1.kakaocdn.net/thumb/R120x174.q85/?fname=http%3A%2F%2Ft1.daumcdn.net%2Flbook%2Fimage%2F4898288%3Ftimestamp%3D20220716185159, 한국사에 관한 내용을 담은 전문서적입니다.,"['역사', '한국고대~고려시대', '한국고대사', '한국고대사 일반']"
10670,나의 문화유산 답사기 중국편. 2: 막고굴과 실크로드의 관문-오아시스 도시의 숙명,유홍준 지음,창비,2019,816.6 유95ㄴㅈ v.2,9788940000000,https://search1.kakaocdn.net/thumb/R120x174.q85/?fname=http%3A%2F%2Ft1.daumcdn.net%2Flbook%2Fimage%2F4922614%3Ftimestamp%3D20231124145933,"탁월한 안목과 절묘한 입담, 답사를 향한 열정으로 사랑을 받아온 유홍준 교수의 『나의 문화유산답사기 중국편』 제2권 《막고굴과 실크로드의 관문》. 우리 땅 곳곳을 누비며 전국토가 박물관임을 설파한 유홍준이 드디어 중국 대륙으로 떠났다. 한반도의 약 40배, 남한의 약 100배에 가까운 면적에 남북한의 약 20배가 되는 인구를 품은 중국의 문화는 스케일로 우리를 압도하고, 긴 세월 우리와 밀접하게 영향을 주고받아 우리 문화유산을 보는 큰 거울이 되기도 한다. 제2권은 불교미술의 보고, 막고굴 곳곳을 살피는 한편 그곳에서 발견된 돈황문서의 다난했던 역사를 살펴본다. 돈황 명사산 자락에 자리 잡은 막고굴에는 4세기 이래로 수백 년 동안 석굴이 열려 지금까지 492개의 굴이 확인되었는데, 중국미술사와 불교미술사에서 중요하게 언급되는 각종 불상·조각상들과 여러 가지 도상을 구현한 벽화들이 바로 이 석굴 속에 들어 있다. 이어서 본격적인 실크로드 답사를 기약하며 옥문관과 양관 등 실크로드의 관문들을 탐사한다. 돈황 시내에서 각각 서남쪽, 서북쪽에 위치한 양관과 옥문관은 예부터 서역으로 열린 실크로드의 관문이었는데, 《서유기》의 주인공들이 불경을 찾기 위해 떠났다는 서역이 바로 이 너머다. 그 옛날 낙타와 대상, 승려들이 걷고 또 걸었던 곳, ‘돌아올 수 없는 곳’이라고 불렸던 타클라마칸사막이 여기서 시작된다.","['인문학', '문화/문화이론', '중국문화']"
10671,나의 문화유산 답사기 중국편. 1: 돈황과 하서주랑-명사산 명불허전,유홍준 지음,창비,2019,816.6 유95ㄴㅈ v.1,9788940000000,https://search1.kakaocdn.net/thumb/R120x174.q85/?fname=http%3A%2F%2Ft1.daumcdn.net%2Flbook%2Fimage%2F4922652%3Ftimestamp%3D20250407125711,"탁월한 안목과 절묘한 입담, 답사를 향한 열정으로 사랑을 받아온 유홍준 교수의 『나의 문화유산답사기 중국편』 제1권 《돈황과 하서주랑》. 우리 땅 곳곳을 누비며 전국토가 박물관임을 설파한 유홍준이 드디어 중국 대륙으로 떠났다. 한반도의 약 40배, 남한의 약 100배에 가까운 면적에 남북한의 약 20배가 되는 인구를 품은 중국의 문화는 스케일로 우리를 압도하고, 긴 세월 우리와 밀접하게 영향을 주고받아 우리 문화유산을 보는 큰 거울이 되기도 한다. 중국 대륙을 향한 장대한 발걸음을 내딛은 첫 기착지는 실크로드 도시 돈황과 그곳으로 가는 경로인 하서주랑이다. 주나라 진나라의 본거지이자 《삼국지》의 무대인 서안 관중평원에서 시작해 감숙성 하서주랑을 따라가며 만리장성을 만나고 돈황의 명사산에 이르는 여정을 담은 이 책에서 켜켜이 쌓인 문화적 자신감으로 오늘날 대국굴기하는 중국의 진면목을 알아가는 한편, 동아시아 문화를 주도해나가는 동반자로서의 중국의 모습을 만나볼 수 있다.","['인문학', '문화/문화이론', '중국문화']"
10672,나는 여성이고 독립운동가입니다,심옥주 지음; 장경혜 그림,우리학교,2019,911.063 심65ㄴ,9791190000000,https://search1.kakaocdn.net/thumb/R120x174.q85/?fname=http%3A%2F%2Ft1.daumcdn.net%2Flbook%2Fimage%2F4875311%3Ftimestamp%3D20241129130100,"여성독립운동연구소 소장이자 대통령 직속 3 ·1운동 및 대한민국임시정부 수립 100주년 기념사업추진위원회 위원으로 그 누구보다 열성적이고 진취적으로 독립운동에 관련한 연구 활동을 하며 잊힌 여성독립운동가들 각자의 이름을 되찾아 주고자 노력하고 있는 저자가 한국여성의 역사를 통해, 여성독립운동사를 통해 잊힌 것들을 되새기고 새로운 의미를 찾아내고자 펴낸 『나는 여성이고, 독립운공가입니다』. 자유와 독립을 위해 치열한 삶을 살았던 이들, 여성독립운동가들을 소개한다. 독립운동의 활동 범위와 역할에 따라 7가지 카테고리로 구분하여 40개 꼭지를 통해 소개되는 각각의 이야기는 간결하고 명료하다. 기록에서 사라지고 기억에서 잊혔던 여성독립운동가들을 살펴보면서 한국여성의 현주소가 어디쯤이고, 앞으로 나아가야 할 삶의 방향이 무엇인지 독자 스스로 알아 가도록 이끈다. 저자는 책에서 소개한 여성들 외에도 더 많은 이들이 조국의 독립을 위해 활약했음을 잊지 않는다면, 그 치열하고 간절했던 삶의 현장을 기억한다면, 지금 여기를 살아가는 우리의 삶 또한 조금 더 단단한 역사의 순간들로 채워질 수 있다는 메시지를 전한다.","['청소년', '청소년 역사']"
10673,차라리 재미라도 없든가,남궁인 지음,난다,2017,029.85 남16ㅊ,9791190000000,https://search1.kakaocdn.net/thumb/R120x174.q85/?fname=http%3A%2F%2Ft1.daumcdn.net%2Flbook%2Fimage%2F1649933%3Ftimestamp%3D20221011180416,『차라리 재미라도 없든가』는 의사이자 에세이스트인 남궁인이 2017년 1월 1일부터 6월 30일까지 매일같이 써나간 책일기입니다. 이후인 7월 1일부터 12월의 오늘까지는 저자가 관심으로 읽고 만진 책들의 리스트를 덧붙였지요. 응급의학과 의사로서의 삶도 상상 초월로 바쁠 텐데 매일같이 책읽기에 책일기라니…… 하고 걱정을 하려다 이내 그 마음을 접었습니다. 남궁인이 앞서 낸 두 권의 에세이만 보더라도 그의 ‘삶’이 그의 ‘씀’과 그 보폭을 함께한다는 걸 알아차리기에 충분했으니까요.,"['에세이', '독서에세이']"
10674,우리가 함께 장마를 볼 수도 있겠습니다,박준 지음,문학과지성사,2018,811.6 박76ㅇ,9788930000000,https://search1.kakaocdn.net/thumb/R120x174.q85/?fname=http%3A%2F%2Ft1.daumcdn.net%2Flbook%2Fimage%2F4819152%3Ftimestamp%3D20250206132238,"단 한 권의 시집 《당신의 이름을 지어다가 며칠은 먹었다》와 단 한 권의 산문집 《운다고 달라지는 일은 아무것도 없겠지만》으로 독자들의 마음을 사로잡은 시인 박준이 2012년 첫 시집 이후 6년 만에 펴낸 두 번째 시집 『우리가 함께 장마를 볼 수도 있겠습니다』. 지난 시집에서 상대에게 보살핌을 받았던 기억으로 폐허가 된 자신의 자리를 돌보던 ‘나’는 이번 시집에서 당신을 돌보는 데까지 나아간다. 이 시집의 화자인 ‘나’는 기다리는 사람이다. 화자 ‘나’가 기다리는 것은 미래의 무언가가 아닌, 과거에 서로를 다정하게 호출했던 안부의 말, 금세 잊어버릴 수도 있었을 일상의 말들 등 과거에 이미 지나가버린 것들이다. 그렇게 ‘나’는 그 말들을 함께 나누었던 사람을 기다리면서, 화려하지는 않지만 당신이 먹으면 좋을 소박한 음식을 준비하며 현재의 시간을 충실히 보낸다.","['소설/시/희곡', '시', '한국시']"
10675,반전이 있는 베트남사,권재원 지음,다른,2019,914.1 권73ㅂ,9791160000000,https://search1.kakaocdn.net/thumb/R120x174.q85/?fname=http%3A%2F%2Ft1.daumcdn.net%2Flbook%2Fimage%2F4980142%3Ftimestamp%3D20221001180307,"현재 우리나라와 베트남의 관계는 역사상 그 어느 때보다도 긴밀하다. 우리나라 사람들에게 베트남은 이색적인 볼거리와 풍부한 먹거리를 즐길 수 있는 여행지로 인기가 많고, 베트남 사람들에게는 우리나라의 드라마와 케이팝, 베트남 축구 국가대표팀 감독 박항서의 인기가 높아지면서 서로간의 문화적 친밀감이 급속도로 높아졌다. 이러한 현상이 있기 전부터 우리나라 기업들은 베트남에 지속적인 투자를 이어가고 있으며, 지난 2019년 2월에는 베트남의 수도 하노이에서 2차 북미 정상회담이 개최되는 등 베트남은 우리나라 매스컴의 문화·경제·정치면 어디에서나 가장 뜨거운 이슈를 불러일으키고 있는 나라다. 사실 베트남은 매스컴 속에서만 가까운 나라가 아니다. 수많은 베트남 사람이 우리의 가족으로, 이웃으로, 동료로 일상을 함께한 지 오래다. 다문화 사회로 접어든 우리나라의 가장 중요한 동반자로 자리매김한 것이다. 그럼에도 우리는 여전히 베트남에 대한 낡은 오해와 편견으로부터 벗어나지 못했다. ‘동족상잔의 베트남전쟁’, ‘폐쇄적인 공산주의 국가’, ‘동남아시아의 개발도상국’…. 풍문처럼 흘려들은 수십 년 전 베트남의 모습만으로 반만년의 역사를 지닌 베트남을 속단하게 된 것은 어디에서도 베트남에 대해 제대로 배울 기회를 가지지 못한 탓이다. 앞으로 더 많이 마주하고 부딪히며 공동의 역사를 만들어가게 될 우리 곁의 베트남 이야기에 주목해야 할 때이다.","['청소년', '청소년 역사']"
10676,숨,테드 창 지음; 김상훈 옮김,엘리:북하우스 퍼블리셔스,2019,843 창884ㅅ김,9791160000000,https://search1.kakaocdn.net/thumb/R120x174.q85/?fname=http%3A%2F%2Ft1.daumcdn.net%2Flbook%2Fimage%2F4938963%3Ftimestamp%3D20240904133741,"4번의 휴고상, 4번의 네뷸러상, 4번의 로커스상 등 최고의 SF에 수여되는 모든 상을 석권한 테드 창의 두 번째 작품집 『숨』. 《당신 인생의 이야기》 이후 17년 만에 펴내는 이번 소설집은 로커스상, 휴고상, 영국과학소설협회상을 수상한 표제작 《숨》을 비롯해 총 9편의 중·단편이 수록되어 있는 이 책을 통해 테드 창은 훌륭한 SF는 아름다움과 의미와 공감을 자아낼 수 있음을 증명해낸다. 일어난 일은 결코 되돌릴 수 없다는 연금술사의 경고에도 불구하고, 자신이 20년 전에 저지른 실수를 만회하기 위해 과거를 향해 세월의 문을 통과하는 푸와드의 이야기를 담은 《상인과 연금술사의 문》, 등장인물도 없고 대화도 없이 인간의 자유의지가 환상이라는 확실한 실증이 있을 때, 그것이 인류에게 불러일으킬 결과에 대해 말하는 짧은 소설 《우리가 해야 할 일》 등의 작품과 이 책을 통해 최초 공개되는 인간은 정말 우주의 중심적 존재인지 묻는 《옴팔로스》, 여러 개의 세계에 여러 개의 우리가 살고 있다면 우리의 선택은 여전히 의미가 있을지 생각해보게 하는 《불안은 자유의 현기증》 등 신작 단편까지 만나볼 수 있다.","['소설/시/희곡', '과학소설(SF)', '외국 과학소설']"
10677,혈통과 민족으로 보는 세계사,우야마다쿠에이 지음; 전경아 옮김,센시오,2019,909 우63ㅎ전,9791190000000,https://search1.kakaocdn.net/thumb/R120x174.q85/?fname=http%3A%2F%2Ft1.daumcdn.net%2Flbook%2Fimage%2F5076388%3Ftimestamp%3D20221011172039,"지금껏 어떤 역사책도 다루지 않았던 관점으로 세계사를 풀어간 책이 출간됐다. 혈통과 민족을 통해 바라보는 전혀 다른 세계사 책이다. 독자들은 그동안 세계사를 공부하면서도 늘 찜찜하게 밀어두어야 했던 '민족에 얽힌 미스터리'를 해결하는 순간 마지막 퍼즐을 찾아낸 쾌감을 느끼게 될 것이다. 일본인은 조선인의 피를 얼마나 이어받았는가? 2001년 12월 28일. 일왕은 기자회견에서 선대 혈통이 백제 무령왕 후손이었다고 말했다. 한반도인과 일본인이 고대 때부터 혈통적으로 결합되어 왔다는 점은 역사의 정설이다. 그렇다면 일본 일왕은 백제인 혈통을 이어받은 한민족인가? 반대로, 일본인이 한국에 귀화했고 그가 한국인보다 한국말을 더 잘하고 문화도 더 잘 안다면, 그를 우리 민족으로 받아들일 수 있을까? 한국인과 중국인, 일본인은 생김새가 비슷하지만 같은 민족이 아니고, 어족으로 분류할 때도 같은 집합에 속하지 않는다. 이 책은 이처럼 미묘하고 복잡한 혈통과 민족의 관점에서 세계사를 바라본다. 왜 루스벨스 미국 대통령은 일본인을 유해한 인종으로 보았을까? 제1차 세계 대전은 발칸반도에서 잉태된 게르만인과 슬라브인의 갈등에서 비롯되었다. 제2차 세계 대전 때 나치는 ‘민족’이라는 혈통 증명서를 내밀며 유대인을 죽음으로 내몰았다. 루스벨트 미국 대통령은 일본인을 유해한 인종으로 분류하여 격리했고, 이민을 금지했다. 이처럼 역사 속 거의 모든 분쟁의 원인은 민족 갈등이었으며, 이러한 비극은 오늘날까지도 반복되고 있다. 도대체 민족의 정체가 무엇이기에 숱한 전쟁의 원인이 되었을까? 이 책은 이 불편하고도 미묘한 질문에 명쾌한 해답을 내놓는다. 에두르거나 둘러가는 법 없이 정통으로 돌파한다. 민족의 지형을 알면 오늘의 세계가 보인다. 팔레스타인을 둘러싸고 이스라엘과 이슬람 국가들이 전쟁을 불사하며 대치하고 있지만, 사실 유대인(이스라엘)과 아랍인(중동)은 같은 셈족이다. 영국 국민은 대다수가 앵글로색슨인으로 구성되어 있지만 왕실의 계보는 노르만인(바이킹)이다. 오늘날 중남미를 라틴 아메리카라고 부르는 이유는 라틴인이 세운 포르투갈과 스페인이 한때 이 지역을 지배하며 문화적으로 유전적으로 강력한 흔적을 남겨 놓았기 때문이다. 이처럼 민족의 지형을 알면 오늘의 세계가 보인다. 이 책은 하나의 조상에서 출발한 인류가 어떻게 흑인과 황인, 백인으로 나누어졌는지 밝히고, 각 민족이 탄생한 기원과 여정을 추적함과 동시에 그들이 서로 대립하고 융합하는 역동적인 역사를 혈통과 민족의 관점에서 전개한다. 그리고 각 민족이 지나온 역사적 경로를 선명하게 그려 줌으로써 독자들은 세계사의 흐름을 보다 입체적으로 보게 된다. 이제 이 한 권으로 세계사가 완벽해진다!","['역사', '세계사 일반']"
10678,(세계사를 바꾼)12가지 신소재,사토겐타로 지음; 송은애 옮김,북라이프:비즈니스북,2019,530.409 사885ㅅ송,9791190000000,https://search1.kakaocdn.net/thumb/R120x174.q85/?fname=http%3A%2F%2Ft1.daumcdn.net%2Flbook%2Fimage%2F4980061%3Ftimestamp%3D20250409131037,"《세계사를 바꾼 10가지 약》에서 약이라는 독특한 소재로 인류 생존의 역사를 맛깔나게 풀어낸 사토 겐타로가 혁신적인 물질의 발견으로 역사가 어떻게 만들어졌는지 펼쳐 보이며 필연의 역사를 흥미진진하게 풀어낸 『세계사를 바꾼 12가지 신소재』. 세상을 만든 12가지 대표적 물질이 어떻게 발견되었는지, 어떤 사건으로 세계가 연결되고 바뀌었는지를 미시적인 관점에서 역사를 꿰뚫는 한편, 과학 칼럼니스트다운 해박한 지식으로 역사와 과학을 긴밀하게 연결해 우리에게 보여준다. 인류의 발전은 항상 새로운 소재의 발견과 함께 이루어졌다. 아무도 예상하지 못한 성질을 가진 재료의 등장에 사회가 뿌리째 바뀔 가능성은 충분하다. 이 책에서 저자는 금부터 도자기, 콜라겐, 철, 종이, 알루미늄, 플라스틱, 실리콘 등 인류의 운명을 결정한 12가지 혁신적 재료들을 이야기하며 현재를 살아가는 우리에게 과거의 위대한 발견에 감사하고 미래의 새로운 발견을 기대하며 무한 경쟁 시대에서 살아남는 방법을 찾을 수 있는 기회를 마련해준다.","['역사', '세계사 일반']"
10679,재밌다고들 하지만 나는 두 번 다시 하지 않을 일,데이비드 포스터 월리스 지음; 김명남 엮고옮김,바다출판사,2018,844 월298ㅈ김,9788960000000,https://search1.kakaocdn.net/thumb/R120x174.q85/?fname=http%3A%2F%2Ft1.daumcdn.net%2Flbook%2Fimage%2F714287%3Ftimestamp%3D20240221183726,"천재적 재능으로 미국 현대문학의 새로운 장을 열었지만 미완성 유작이 된 마지막 소설을 포함한 3편의 장편소설, 3권의 소설집, 3권의 산문집을 남기고 2008년 46세에 자살로 생을 마감한 데이비드 포스터 월리스. 『재밌다고들 하지만 나는 두 번 다시 하지 않을 일』은 1997년에 출간된 첫 산문집 《재밌다고들 하지만 나는 두 번 다시 하지 않을 일》, 2006년에 출간된 두 번째 산문집 《랍스터를 생각해봐》, 2012년 그가 죽고 난 후 추모의 의미에서 나온 세 번째 산문집 《육체이면서도 그것만은 아닌》까지 3권의 산문집에 실린 32편의 글 가운데 9편을 골라 엮은 에세이 선집이다. 책에는 각 산문집의 표제작과 함께 문학비평가적 기질이 돋보이는 《픽션의 미래와 현격하게 젊은 작가들》, 서평가로도 활약이 대단했던 그의 명성을 확인할 수 있는 《권위와 미국 영어 어법》, ‘9·11’이라는 단어를 한 번도 사용하지 않고 그날의 참사를 제유법적으로 풀어내는 《톰프슨 아주머니의 집 풍경》 등의 산문이 수록되어 있다. 국내에 처음 소개되는 데이비드 포스터 월리스의 문학으로, 소설들의 주제를 직설적으로 표현한 글들로도 읽히고 소설의 문제점까지 비슷하게 담겨 있는 그의 에세이를 통해 그의 경이로운 문학 세계를 엿볼 수 있다.","['에세이', '외국에세이']"
10680,우리말 지혜,조현용 지음,마리북스,2018,814.6 조94ㅇ,9788990000000,https://search1.kakaocdn.net/thumb/R120x174.q85/?fname=http%3A%2F%2Ft1.daumcdn.net%2Flbook%2Fimage%2F1412350%3Ftimestamp%3D20230217210221,"나를 편하게 서로를 귀하게 한국인의 탈무드와도 같은 지혜의 보고, 우리말 매일 좋은 일만 있다면 좋겠지만 그렇지 못한 날도 많다. 힘들어 죽을 것 같은 날도 있지만, 살아 있어서 참 좋다, 오늘 하루 무사히 보낸 걸 감사하다고 느낀 날도 있다. 좋은 날이 있으면 궂은 날도 있는 것, 이게 인생의 진리이다. 진리란 세상이 아무리 변해도 달라지지 않는 것, 우리는 모두 그것을 알고 있다. 그런데도 지금 나에게 주어진 힘든 일 때문에 우울하다고 느끼는 건, 살기 힘들다고 느끼는 건 왜일까? 그건 답은 알고 있지만, 그 답을 받아들이기 힘들어서이다. 그 답에 이르는 과정이 이해가 가지 않아서이다. 모두의 인생이 공평하다고 느끼면, 지금 나에게 주어진 것들을 받아들이기 편하다. 그런데 나는 이렇게 힘든데, 다른 사람들은 그렇지 않는 것 같기 때문에 받아들이기 어려운 것이다. ‘나만 왜 이래야 하나?’ 누가 보아도 나쁜 사람인데 잘 먹고 잘 사는 모습을 본다면 받아들이기가 쉽지 않다. 종교를 믿는 사람들도 ‘범사에 감사하라’는 말을 가장 받아들이기가 힘들다고 한다. 범사는 좋은 일도 궂은일도 모두 포함되기 때문이다. 좋은 일은 당연히 감사할 일이지만, 굳이 나쁜 일 힘든 일까지 감사해야 할까! 이게 종교인들뿐만 아니라 모든 사람이 의문을 가지는 부분이다. 그럴 때는 어떤 마음가짐으로 살아갈 힘을 얻어야 할까? 어떻게 살아야 할까? 우리말에서는 거기에 대한 답을 제시한다. 서정범 선생의 제자이자 우리말 어휘학자인 저자가 들려주는 우리말 세상 첫 권《우리말 선물》에서는 일상적인 어휘 60개 속에 담긴 삶의 선물과도 같은 이야기를 담았다. 사랑, 아름다움, 재미, 시간, 최선, 행운 등이다. 두 번째인 《우리말 지혜》에서는 ‘어떻게 살아야 할까?’, 세상을 사는 지혜를 담았다. 우리말이 담고 있는 세상으로 우리를 인도해준다. ‘나를 소중하게 생각해야 다른 사람도 소중한 걸 알고, 나를 옭아매고 있는 집착과 소유에서 벗어나야 다른 사람도 귀하게 여길 줄 안다.’ 혹여 지금 하는 일이 잘 안 풀려 답답하다면, 세상과 누군가를 향한 분노와 억울한 마음이 든다면, 세상사는 게 막막하다고 느껴진다면 이 책 속에서 답을 찾아볼 것을 권한다. 기쁘고 행복하다고 느낄 때도 이 책을 본다면 더욱 충만함을 느낄 것이다. 우리말 세상은 그야말로 한국인의 탈무드와도 같은 지혜의 보고라고 할 수 있다. 우리말이 안내하는 세상처럼 살 수만 있다면 나, 너, 우리 모두 ‘참 좋은 세상’을 맞이할 것이다.","['에세이', '한국에세이']"
10681,아흔일곱 번의 봄 여름 가을 겨울,이옥남 지음,양철북출판사,2019,818 이65아,9788960000000,https://search1.kakaocdn.net/thumb/R120x174.q85/?fname=http%3A%2F%2Ft1.daumcdn.net%2Flbook%2Fimage%2F3751558%3Ftimestamp%3D20230901162520,"강원도 양양 송천 마을에 사는 이옥남 할머니가 1987년부터 2018년까지 쓴 일기 가운데 151편을 묶어서 펴낸 『아흔일곱 번의 봄 여름 가을 겨울』. 글자가 배우고 싶어서 오빠 어깨 너머로 보고 익혔지만 아는 체도 못 하고 살았던 할머니는 남편 죽고 시어머니 돌아가신 뒤에야 글을 써 볼 수 있게 됐다. 도라지 캐서 장에 내다 팔고 그 돈으로 공책을 사 글씨를 이쁘게 써 볼까 싶어 날마다 글자 연습을 하기 위해 일기를 쓰기 시작한지 30년 남짓 됐고, 지금도 일기를 쓰고 있다. 잠만 깨면 밭에 가서 일하는 할머니가 써내려간 일기에는 도시로 나가 사는 자식들에 대한 그리움, 작은 벌레 한 마리도 예사로 보지 않는 따뜻한 눈길이 담겨 있다. 할머니의 하루하루는 늘 새것이다. 하루하루 정성을 다해 살아가며 써내려간 일기를 읽다보면 할머니의 봄날은 흘러가 버린 것이 아니라 아흔일곱 세월의 주름 속에 수줍게 숨어서 머물고 있구나 생각하게 된다. 세상에 익숙하고 길들여질 이유 없는 자연과 마주하며 일하고 살아온 할머니의 일기에서 할머니의 삶이 주는 다정한 위로가 배어난다.","['에세이', '한국에세이']"
10682,"바람 좋은 날, 경복궁",박강리 지음,해나무:북하우스퍼블리셔스,2018,911.05 박12ㅂ,9788960000000,https://search1.kakaocdn.net/thumb/R120x174.q85/?fname=http%3A%2F%2Ft1.daumcdn.net%2Flbook%2Fimage%2F724476%3Ftimestamp%3D20220917064326,"『바람 좋은 날, 경복궁』은 느긋한 산책자의 호흡으로, 자연과 조화를 이루었던 경복궁의 멋과 자연스러움을 찬찬히 들여다보는 환경 에세이다. 저자는, 지구 안에서 자연과 조화롭게 산다는 것이 어떻게 사는 것인지에 대해 경복궁이 귀띔해준다면서, 자연과 충돌하지 않고 지구 생명과 공존했던 경복궁의 면모를 하나씩 펼쳐 보여준다. 자연경사를 통해 흘러가는 빗물, 새를 위한 돌연못, 나무들과 어우러진 꽃담 등 자연과 공존했던 경복궁의 면면들을 통해, 독자들은 그동안 잘 보지 못했던 경복궁의 자연스러운 진면목을 새삼스레 발견하게 될 것이다.","['사회과학', '환경/생태문제', '환경학 일반']"
10683,미술관에서 만난 전쟁사,이현우 지음,어바웃어북,2019,390.9 이94ㅁ,9791190000000,https://search1.kakaocdn.net/thumb/R120x174.q85/?fname=http%3A%2F%2Ft1.daumcdn.net%2Flbook%2Fimage%2F1638912%3Ftimestamp%3D20250408113604,"고대에서 현대에 이르기까지 인류사에서 셀 수 없이 벌어졌던 수많은 전쟁들의 흥미진진한 뒷이야기들을 미술작품들을 통해 풀어낸 『미술관에서 만난 전쟁사』. 그림 한 폭의 구석구석에는 말과 글로 다 설명할 수 없는, 전쟁의 승패를 갈랐던 단서들을 담은 책으로, 다빈치, 뒤러, 루벤스, 앵그르, 렘브란트, 제리코에서 김홍도에 이르기까지 거장들의 붓끝을 따라가다 보면 어느새 전 세계 미술관이 전쟁터가 된다. 저자는 휴가철에는 파리 루브르, 뉴욕 모마(MoMA), 런던 내셔널갤러리 등 전 세계 미술관 탐방과 유적지 답사를 위해 비행기를 탔고, 주말에는 전국 동서남북을 돌며 미술관에 걸린 그림에서 전쟁사의 뒷이야기들을 포착해 고증해냈다. 미술작품의 구석구석을 역사적 시선으로 세심하게 탐사하면서 전쟁의 본질에 한 걸음 더 들어가 그 탐욕의 실상과 비극적인 참상을 낱낱이 고발한다.","['역사', '세계사 일반']"
10684,서울 택리지,노주석 지음,소담출판사:태일소담,2015,911.6 노76ㅅ,9788970000000,https://search1.kakaocdn.net/thumb/R120x174.q85/?fname=http%3A%2F%2Ft1.daumcdn.net%2Flbook%2Fimage%2F1027368%3Ftimestamp%3D20211114180016,"『서울 택리지』는 전 세계를 통틀어 가장 역동적이고 압축적인 성장과 변화가 이루어진 서울. 저자는 저널리스트의 시각과 감각으로 이러한 서울의 변화상과 진화 과정을 ‘장소 인문학’적 관점에서 그려내며, 서울의 옛 모습과 현재를 비교, 분석해 일목요연하게 정리했다. ‘서울’이라는 지명의 유래는 물론, 개발 연대의 기록 등 서울이 오늘에 이르기까지 겪은 궤적을 집요하게 쫓으며 숨 가쁘게 달려온 서울의 역사를 한눈에 보여 준다. 또한 서울의 안타까운 역사를 되짚어 지금 우리 옆에 남아 있는 건물, 도로, 장소, 풍광의 생성과 소멸 그리고 재생 과정을 살펴봄으로써 우리가 기억하고 남겨야 할 가치가 무엇인지 다시 생각하게 한다. 많은 전쟁에 유린당하고, 밀어붙이기식 개발 정책에 의해 서울은 혹독한 고통을 겪었지만, 끝내 모든 것을 견뎌내고 새롭게 진화했다. 저자가 풀어내는 이야기를 따라가다 보면, 복잡한 빌딩 숲에 가려진 서울의 숨겨진 내력과 모든 풍파를 이겨내고 다시 태어난 역사적 유물이 그 모습을 드러낸다. 이 책을 통해 우리는 서울의 가치를 재발견하고, 전혀 새로운 서울의 얼굴을 보게 될 것이다.","['사회과학', '사회학', '사회학 일반']"
10685,왜 세계의 가난은 사라지지 않는가,장 지글러 지음; 양영란 옮김,시공사,2019,322.01 지17ㅇ양,9788950000000,https://search1.kakaocdn.net/thumb/R120x174.q85/?fname=http%3A%2F%2Ft1.daumcdn.net%2Flbook%2Fimage%2F4860569%3Ftimestamp%3D20250403130356,"《왜 세계의 절반은 굶주리는가?》 저자 장 지글러가 누구나 알고 있지만 누구도 답할 수 없었던 질문, “왜 세계는 이토록 불평등한가?”에 정면으로 답하는 『왜 세계의 가난은 사라지지 않는가』. 유엔 인권이사회 자문위원이자 최초의 식량특별조사관이었던 저자는 전작을 통해 수십만 독자에게 충격적인 기아의 실태를 전한 바 있는데, 이번 책에서는 그간의 논의에서 더 나아가 슬기로운 손녀 조라와의 대화를 통해 현재 전 세계를 뒤덮고 있는 심각한 기아와 빈곤 문제를 유발하는 원인과 해결책이 무엇인지를 고찰한다. 자본주의가 괴물이 되어버린 지금, 이제 우리는 어떻게 살아가야 하며 다음 세대에 어떤 세상을 물려주어야 할까? 그러려면 무엇을 바꿔야 하고 어떤 행동에 나서야 할까? 저자는 우리가 세계 시민으로서 이렇게 부당하고 불평등한 현실에서 눈을 돌리지 말고, 변화를 위한 행진에 합류하기를 촉구한다. 우리 각자가 ‘나 하나는 무력하다’라는 생각에서 벗어나 ‘이런 세상을 언제까지고 받아들일 수는 없다’고 거부하고, 다음 세대를 위해 변화를 만들고자 하는 열망, 냉엄한 자본주의 질서에 저항할 용기, 불평등을 넘어설 인류애를 피워낼 불씨를 지필 수 있기를 바라고 있다.","['사회과학', '비평/칼럼', '국제사회비평/칼럼']"
10686,세계불평등보고서 2018,파쿤도 알바레도 등엮음; 장경덕 옮김,글항아리,2018,321.81 알42ㅅ장,9788970000000,https://search1.kakaocdn.net/thumb/R120x174.q85/?fname=http%3A%2F%2Ft1.daumcdn.net%2Flbook%2Fimage%2F3756716%3Ftimestamp%3D20221011181737,"이상적인 불평등이란 존재하지 않고 모두의 합의를 끌어내는 것도 불가능하다 다만 재앙을 피하려면 불평등을 주의 깊게 감시해야 한다 이 보고서는 『21세기 자본』 이후 불평등이 가장 중대한 이슈임을 인식한 전 세계 경제학자 100여 명이 거의 모든 나라의 소득, 자산 불평등 데이터를 수집해 작성한 보고서다. 국가별 소득 불평등, 전 세계적 자산 불평등, 공공자본의 축소와 민간자본의 확대, 누진세 등에 대해 논한다. 자산 관련 자료를 가능한 한 모두 끌어모았고, 특히 조세 자료와 자산 서베이, 해외자산을 일관된 방식으로 결합했지만 그 정보는 여전히 완전함과는 거리가 멀다. 그래도 이것은 전 세계적으로 자산 불평등에 관한 데이터를 만들기 위한 최초의 체계적인 시도다.","['사회과학', '사회문제', '빈곤/불평등문제']"
10687,긴 이별을 위한 짧은 편지,페터 한트케 지음; 안장혁 옮김,문학동네,2019,853 한887ㄱ안,9788950000000,https://search1.kakaocdn.net/thumb/R120x174.q85/?fname=http%3A%2F%2Ft1.daumcdn.net%2Flbook%2Fimage%2F690830%3Ftimestamp%3D20250110113746,"2019년 노벨문학상 수상작가 페터 한트케의 자전적 성장소설 『긴 이별을 위한 짧은 편지』. 연극계에 센세이션을 불러일으킨 희곡 《관객 모독》과 현대인의 불안을 다룬 실험 소설 《페널티킥 앞에 선 골키퍼의 불안》 등으로 명성을 얻고, 찬사와 비판을 넘나드는 우리 시대 가장 전위적인 문제 작가로 불리는 저자의 이 소설은 오스트리아 출신의 젊은 작가가 종적을 감춘 아내를 찾아 미국 전역을 횡단하는 한 편의 로드무비 같은 작품이다. “나는 지금 뉴욕에 있어요. 더 이상 나를 찾지 마요. 만나봐야 그다지 좋은 일이 있을 성 싶지는 않으니까”라는 내용의 짧은 편지 한 통과 함께 시작되는 이 소설은 1부 ‘짧은 편지’와 2부 ‘긴 이별’로 구성되어 있다. 소설 속 주인공은 편지의 경고를 무시한 채 아내가 닷새 전까지 머물던 뉴욕으로 찾아간다. 주인공의 직업이 작가라는 점, 주인공의 아내의 직업이 저자의 첫 아내와 같이 배우라는 점 등으로 미루어 저자의 삶이 깊이 반영된 자전적 작품으로 평가받는다.","['소설/시/희곡', '세계의 소설', '동유럽소설']"
10688,어른이 되면,"장혜영 글; 장혜정, 라팜팜파 공그림",Woodstock,2019,338.304 장94ㅇ,9791200000000,https://search1.kakaocdn.net/thumb/R120x174.q85/?fname=http%3A%2F%2Ft1.daumcdn.net%2Flbook%2Fimage%2F1670888%3Ftimestamp%3D20230323135156,"중증 발달장애인 동생과의 시설 밖 생존일기 『어른이 되면』. 유명 유튜버이며 다큐멘터리 감독이기도 한 장혜영이 18년간 시설에서 살았던 발달장애인 동생을 시설 밖으로 데리고 나와 함께 살면서 겪은, 평범하지만 특별한 400일 간의 이야기를 담은 책이다. 중증 장애인은 사람들과 함께 살아가는 것이 아니라 사회에서 격리하고, 사람들 사이에서 배제하는 것이 당연하다는 편견의 울타리를 뛰어넘지 못한 채, 열세 살 되던 날부터 18년 동안을 시설에서 살게 된 저자의 한 살 어린 여동생 혜정. 어느 순간 동생이 자신의 삶을 한 번도 스스로 선택한 적이 없다는 사실을 깨달은 저자는 그때부터 동생이 시설에서 사는 것에 의문을 갖기 시작했고, 시설에서 느끼고 경험한 부조리한 상황이 쌓여갈 즈음 동생을 시설에서 데리고 나오기로 결심했다. 동생과 함께 지내는 동안 저자는 동생에게 많은 사람을 만나게 해주어 관계를 맺게 하고 그 과정에서 실제로 동생의 친구가 된 사람들이 생기기 시작했다. 이처럼 책에는 발달장애로 차별을 당했던 동생 혜정씨의 어린 시절부터 그녀가 시설에서 나와 함께 살게 된 과정, 함께 살며 겪는 좌충우돌 동거 이야기, 사회로 나온 혜정 씨의 일상 적응기 등이 담겨있다. 더불어 이 사회에 여전히 만연해 있는 차별, 사회복지서비스의 문제점, 친절한 차별주의자 이야기, 돌봄이란 무엇인가 등에 관한 묵직하고 불편한 내용을 통해 지금 이 사회와 내가 알게 모르게 저지르고 있는 차별의 언어와 행동을 되돌아보게 한다.","['사회과학', '사회문제', '인권문제']"
10689,"노동, 우리는 정말 알고 있을까?",노현웅 외 지음; 이재임 그림,철수와영희,2019,321.54 노94ㄴ,9791190000000,https://search1.kakaocdn.net/thumb/R120x174.q85/?fname=http%3A%2F%2Ft1.daumcdn.net%2Flbook%2Fimage%2F3941323%3Ftimestamp%3D20240726130149,"‘4차 산업혁명’, ‘초연결사회’ 등 거창한 혁신의 시대에 노동자들은 어떤 얼굴을 하고 있을까? 열심히 일해도 사는 게 팍팍하다는 노동자들은 어쩌면 더 작아진 것은 아닐까? 이 책은 〈한겨레〉 사회부 24시팀 기자들이 직접 체험한 제조업 주야 맞교대, 콜센터, 초단시간 노동, 배달대행업체, 게임업계 QA 등 ‘균열 일터’ 현장에 대한 기록이다. 기자들은 각각 한 달 동안 이곳에 취업해 비정규 노동자로 살면서 극단으로 치닫고 있는 노동 현장의 모순을 온몸으로 물었다. 깃발과 구호, 통계와 정책으로 살필 수 없는 일터의 모순을, 더 낮게 웅크려 왜소해진 노동자의 삶을 정밀화로 그려내고 있다. 기자들이 경험한 제조업 장시간 노동, 법 제도의 사각지대인 ‘주 15시간 미만’ 초단시간 노동, 노동권의 대상조차 되지 못하는 법상 자영업자의 노동, IT 기술 발전에 따라 오히려 퇴보하고 있는 노동 등의 실태를 통해 법과 제도의 공백지를 고발한다. 이 책은 노동법의 존재 이유가 노동시장의 ‘절대 강자’인 자본으로부터 약자인 노동자를 보호하는 데 있다고 말한다. 기술 발전, 산업의 고도화에 따라 노동이 발 디딜 곳은 갈수록 좁아지고 있기에 노동자들이 더 낮게 웅크려 왜소해지지 않기 위해서는 변화하는 노동의 존재 형식에 발맞춰 법 제도 역시 끊임없이 진화해야 한다고 강조한다.","['사회과학', '사회문제', '노동문제']"
10690,마음을 비우면 얻어지는 것들,김상운 지음,북이십일 21세기북스:북이십일,2019,189.1 김52ㅁ,9788950000000,https://search1.kakaocdn.net/thumb/R120x174.q85/?fname=http%3A%2F%2Ft1.daumcdn.net%2Flbook%2Fimage%2F623569%3Ftimestamp%3D20240606112512,"그토록 얻으려 했던 것들이 마음을 텅 비우자 저절로 굴러 들어왔다『마음을 비우면 얻어지는 것들』. 26년차 앵커이자 기자로 활동 중이며, 베스트셀러 <왓칭>의 저자인 김상운이 깊은 취재와 명상, 체험을 거쳐 인생의 깨달음을 얻고, 그 결실을 이 책에 고스란히 담아냈다. 저자는 내 안에 가득 쌓인 모든 것들이 사라지는 유일한 비밀은 ‘이 모든 것들이 내 것이 아니다’는 사실을 진심으로 깨닫고 자신을 텅 비우는 것이라고 조언한다. 총 4장으로 구성하여, ‘나’를 열어놓는 방법부터 육신에 대한 집착 텅 비우기, 생각 텅 비우기, 물질에 대한 탐욕 텅 비우기 등 인생의 모든 장애물들이 저절로 텅 비어버리는 우주의 원리를 다양한 사례와 자신의 체험을 바탕으로 알기 쉽게 풀어냈다.","['자기계발', '성공', '성공학']"
10691,몰입. 2: 두 번째 이야기,"황농문 지음; 이희준, 나준희 공일러스트",알에이치코리아,2019,181.3 황195ㅁ v.2,9788930000000,https://search1.kakaocdn.net/thumb/R120x174.q85/?fname=http%3A%2F%2Ft1.daumcdn.net%2Flbook%2Fimage%2F414021%3Ftimestamp%3D20240214170839,"몰입의 위대함을 과학적으로 증명한 베스트셀러 『몰입』의 ‘두 번째’ 책. 일과 생활 모두의 완성도를 높여 나가는 요소는 바로 ‘몰입’이라는 것이라 말하고, 몰입을 하면서 자신을 발전시켜나갈 수 있는 방법을 구체적으로 제시한다. 몰입을 통해 성공한 사람들, 몰입 지도 사례 등을 통해 몰입으로 인해 삶을 바꾼 사람들의 이야기를 들려주며 누구나 노력을 한다면 최상의 몰입상태를 만들 수 있다는 것을 보여준다. 그리고 일상에서 걷고, 먹고, 씻고, 일을하거나 공부를 하면서 몰입할 수 있는 구체적인 몰입 실천 로드맵을 제시한다. 자신의 한계에 도전하고 그 한계를 넓혀가면서 인생을 성공으로 이끌어갈 수 있도록 돕는다.","['자기계발', '성공', '성공학']"
10692,생각이 바뀌는 순간,캐서린 A. 샌더슨 지음; 최은아 옮김,한국경제신문:한경 BP,2019,189.1 샌24ㅅ최,9788950000000,https://search1.kakaocdn.net/thumb/R120x174.q85/?fname=http%3A%2F%2Ft1.daumcdn.net%2Flbook%2Fimage%2F5103499%3Ftimestamp%3D20250209123259,"불편함, 곤란한 상황, 인생의 일부인 크고 작은 사건 사고들은 예기치 못하게 찾아오지만 그런 통제 불가능한 상황에 대비하기 위해 우리의 뇌가 직관적으로 판단을 내리고 행동을 하게끔 한다. 『생각이 바뀌는 순간』에서 저자는 사건이나 문제를 바라보는 우리의 사고방식을 통제할 수 있다면 우리의 삶을 자기 자신이 생각하는 방향으로 변화시킬 수 있다고 이야기하며, 삶을 둘러싼 상황들을 긍정적으로 변화시키는 경험을 할 수 있도록 도와준다. 같은 문제 상황이라고 할지라도 어떤 방식으로 생각을 정리할 것인가에 따라 상황이 좋아지기도 나빠지기도 한다. 저자는 생각의 초점을 자신이 통제 불가능한 상황에서 통제 가능한 조건으로 옮기고, 행동을 정의하는 프레임을 바꾸는 작은 노력으로도 우리의 머릿속 긍정 스위치를 켤 수 있다고 이야기하며 부정을 긍정으로 전환하는 것에서 더 나아가, 우리가 처한 인생의 문제들에 도움이 되는 방향으로 생각을 스스로 통제할 수 있는 과학적이고 구체적인 노하우를 제시한다.","['인문학', '심리학/정신분석학', '교양 심리학']"
10693,그을린 예술,심보선 지음,민음사,2019,600.1 심45ㄱ,9788940000000,https://search1.kakaocdn.net/thumb/R120x174.q85/?fname=http%3A%2F%2Ft1.daumcdn.net%2Flbook%2Fimage%2F541812%3Ftimestamp%3D20240907112401,"『그을린 예술』은 시인이자 사회학자인 저자의 산문집으로 삶의 비참 속에서도 행복의 빛을 찾고자 하는 꿈으로서의 ‘예술’을 그린 책이다. ‘그을린 예술’이란 예술과 비예술의 경계에서 삶, 정치, 일상과 접속하며 우리 삶 속에 꿈틀거리며 살아있는 예술을 말한다. 일상의 예술, 범인의 예술, 문맹의 예술, 공동체 속의 예술 등을 통해 행복의 가능성을 모색하고 있다. 처음 글을 배워 시를 쓰기 시작한 여든 살 넘은 할머니의 시, 철거 공간에서 울려 퍼지는 노래, ‘살고 싶어서, 죽기 싫어서’ 함께하는 예술 동호회 모임 등을 목격했고, 시어를 해체하고 새로 조합하여 새로운 예술이 탄생하는 과정과 결과물을 탐색한다. 현재 우리가 맞이한 예술의 위기와 삶의 비참을 사회학적으로 분석하고 전망하며, 예술을 행하고 또 삶을 사는 당사라조서 체험하고 관찰하고 느끼고 사유한 예술과 삶의 관계를 담았다.","['인문학', '교양 인문학']"
10694,나는 나무에게 인생을 배웠다,우종영 지음; 한성수 엮음,메이븐,2019,480.4 우75ㄴ,9791200000000,https://search1.kakaocdn.net/thumb/R120x174.q85/?fname=http%3A%2F%2Ft1.daumcdn.net%2Flbook%2Fimage%2F5076384%3Ftimestamp%3D20250327132543,"30년 동안 아픈 나무들을 돌봐 온 나무 의사 우종영. 그가 숲에서 배운 47가지 인생 수업 『나는 나무에게 인생을 배웠다』. 저자에게 있어 나무는 힘들고 어려운 일에 맞닥뜨릴 때마다 가장 현명한 답을 주는 스승이자 철학자였고, 곁에 있는 것만으로도 휴식과 평안을 느끼게 하는 어머니 같은 존재였다. 모든 것을 포기하고 싶던 좌절의 순간에도 저자는 나무 덕분에 다시 삶 쪽으로 눈을 돌릴 수 있었다. 사람들은 흔히 나무는 주어진 환경을 감내할 뿐, 적극적으로 대처하지는 못하는 수동적인 존재라고 생각한다. 그런데 나무는 늘 변함없이 자리를 지키고 있는 것처럼 보이지만 사실 환경의 변화에 가장 민감한 생명체다. 움직일 수 없는 탓에 환경의 영향이 절대적이고, 생존하기 위해 주변의 아주 작은 변화에도 재빨리 대응한다. 주어진 환경을 탓하지 않고, 변화를 올곧이 받아들이며, 현재 자신이 처한 상황에 완전히 적응하는 능력이야말로 나무의 제1 생존 전략이자 나무가 이 지구상에 현존하는 가장 오래된 생명체가 될 수 있었던 원동력이다. 척박한 산꼭대기 바위틈에서 자라면서도 매해 꽃을 피우고 열매를 맺는 나무의 한결같음에 감히 힘들다는 투정을 부릴 수 없었고, 평생 한 자리에서 살아야 하는 기막힌 숙명을 의연하게 받아들이는 나무를 보며 포기하지 않는 힘을 얻은 저자는 이 책에서 인간의 삶을 돌아보게 하는 나무의 다양한 지혜를 들려준다. 늘 우리 곁에 있지만 알아채지 못했던 나무에 대해 하나하나 알아 가며, 사람에게서는 얻을 수 없는 위안과 평안을 얻고, 더 좋은 인생을 사는 법을 배워 가기를 바라고 있다.","['인문학', '교양 인문학']"
10695,빈곤의 연대기,"박선미, 김희순 공지음",갈라파고스,2019,321.89 박54ㅂ,9788990000000,https://search1.kakaocdn.net/thumb/R120x174.q85/?fname=http%3A%2F%2Ft1.daumcdn.net%2Flbook%2Fimage%2F1330539%3Ftimestamp%3D20250319113816,"우리가 즐겨먹는 초콜릿을 만드는 카카오, 오후에 마시는 따뜻한 홍차, 연인끼리 주고 받는 장미 등 일상적으로 소비하는 것들에는 숨겨진 역사가 있다는 것을 알고 있는가?『빈곤의 연대기』는 콩고민주공화국, 르완다, 짐바브웨, 소말리아, 과테말라, 방글라데시, 볼라비아 등 대표적인 빈곤 국가들의 다양한 사례를 통해 빈곤의 속성을 파헤친다. 제국주의와 신자유주의 정책이 어떻게 빈곤을 생산하고 확대하고 있는지 보여줌으로써 빈곤에서 벗어나는 대안을 찾고자 한다. 이 책은 세계 각 곳이 처한 빈곤의 참상을 역사적 맥락에서 풀어나간다. 콜럼버스의 아메리카 대륙을 시작으로 현재까지 여러 형태로 변형되고 고착된 불공정한 세계체제를 단면을 보여준다. 더불어 세계1위 카카오 생산국이지만 자국민은 굶주리는 코트디부아르, 다국적기업의 콜센터에서 일하는 필리핀 사람들, 새우 양식을 위해 자신들의 삶의 터전을 파괴하는 맹그로브 숲 주민들 등 우리가 무의식적으로 소비하는 재화들이 빈곤의 나라사람들과 연결되어 있음을 추적하여 세계가 불공정한 경제체제로 이어져 있음을 확신한다.","['사회과학', '사회문제', '빈곤/불평등문제']"
10696,읽다,김영하 지음,문학동네,2019,814.6 김64ㅇㄷ,9788950000000,https://search1.kakaocdn.net/thumb/R120x174.q85/?fname=http%3A%2F%2Ft1.daumcdn.net%2Flbook%2Fimage%2F693238%3Ftimestamp%3D20230510145408,"『읽다』는 오랫동안 읽어온 작품들에 대한 이야기와 함께, 문학이라는 ‘제2의 자연’을 맹렬히 탐험해온 작가 김영하의 독서 경험을 담은 책으로 ‘보다’, ‘말하다’에 이은 김영하 산문 삼부작의 완결편이다. 작가로서 그리고 한 명의 열렬한 독자로서 ‘독서’라는 가장 인간다운 행위의 의미에 대해 사유하고자 하는 저자는 이 책을 통해 다시 한 번 독자들을 깊은 책의 세계로 끌어들여 독서의 쾌락을 선사한다. ‘우리는 왜 책을 읽는가’, ‘문학작품을 읽을 때 우리에겐 어떤 일이 일어나는가’ 등의 질문들을 김영하만의 유려한 스타일로 풀어낸 이 책은 ‘책’과 ‘독서’에 관한 가장 치열하고도 매혹적인 사유, 고대 그리스로부터 현대의 문학작품과 ‘미드’를 거침없이 종횡한다. 문학적인 것이란 무엇인가에 대한 풍요로운 질문과 대답, 그리고 김영하만의 깊고 방대한 읽기의 역사. 읽기에 관한 이 강렬한 산문은 읽는 이를 ‘책의 우주’에 접속하도록 연결해주는 독특하고도 아름다운 길이 될 것이다.","['에세이', '독서에세이']"
10697,인어가 잠든 집,히가시노게이고 지음; 김난주 옮김,재인,2019,833.6 히12ㅇ김,9788990000000,https://search1.kakaocdn.net/thumb/R120x174.q85/?fname=http%3A%2F%2Ft1.daumcdn.net%2Flbook%2Fimage%2F4883675%3Ftimestamp%3D20250308125700,"‘인간이란 무엇이며 삶과 죽음, 사랑의 정의는 무엇인가’라는 난제에 도전한 히가시노 게이고의 휴먼 미스터리 『인어가 잠든 집』. 히가시노 게이고의 작가 데뷔 30주년을 기념해 2015년에 발표된 이 작품은 어느 날 갑자기 사랑하는 딸에게 닥친 뇌사라는 비극에 직면한 부부가 겪는 가혹한 운명과 불가피한 선택, 그리고 충격과 감동의 결말을 그리고 있다. 딸 미즈호의 초등학교 입학을 앞두고 그때까지 이혼을 잠시 미루기로 한 IT 기업 하리마 테크를 운영하는 가즈마사와 그의 아내 가오루코. 어느 날 딸이 수영장에서 물에 빠져 의식불명 상태가 되고, 의사는 사실상의 뇌사를 선언한 후 조심스럽게 장기 기증 의사를 타진한다. 미즈호와 마지막 작별 인사를 나누기 위해 온 가족이 병실을 찾고, 부부는 함께 미즈호의 손을 잡는다. 그 순간 부부가 동시에 미즈호의 손이 움찔한 것처럼 느낀다. 그 후 가오루코가 장기 기증을 거부하고 미즈호를 집에서 돌보겠다고 선언하고, 부부는 이혼 결정을 번복한 채 미즈호의 연명 치료에 들어간다. 한편 가즈마사는 브레인 머신 인터페이스(BMI) 기술, 즉 뇌나 경추가 손상되어 몸을 가눌 수 없는 환자로 하여금 뇌에서 보내는 신호로 몸을 움직일 수 있게 하는 기술을 자신의 딸에게 적용하기 위해 기술의 개발자인 호시노를 자신의 집으로 보낸다. 호시노의 도움으로 수술을 받은 미즈호는 자기 자극 장치를 몸에 연결해 의식이 없는 상태에서 팔다리를 움직이기에 이르고, 잠자는 듯 여전히 아름답기만 한 딸을 향한 가오루코의 집착은 점차 도를 넘어서게 된다. 가오루코는 아들 이쿠토의 초등학교 입학식에 미즈호를 휠체어에 앉힌 채 데려가고, 이쿠토는 반 아이들로부터 죽은 누나를 입학식에 데려왔다며 놀림을 받고 생일에 친구를 초대하라는 엄마의 말을 거부하며 친구들이 누나가 죽었다고 한다며 대든다. 그 말에 흥분해서 난동을 부리던 가오루코는 무슨 생각에선지 갑자기 경찰서에 전화해 집에서 누군가 칼을 휘두르고 있다고 신고하는데…….","['소설/시/희곡', '일본소설', '1950년대 이후 일본소설']"
10698,농부의 어떤 날,민승지 지음,노란상상,2018,818 민57ㄴ,9791190000000,https://search1.kakaocdn.net/thumb/R120x174.q85/?fname=http%3A%2F%2Ft1.daumcdn.net%2Flbook%2Fimage%2F3760363%3Ftimestamp%3D20220818190747,"밥을 오래오래 씹으면 서서히 느껴지는 단맛 같은 카툰 에세이 <농부의 어떤 날> “작은 씨앗 하나를 심고, 그 씨앗이 작물이 되면 감사한 마음으로 정성껏 수확합니다. 계절에 따라 느리고, 정직하게 농사짓는 이 맛은 오늘도 농부 가족의 나날을 더욱 풍요롭게 하지요. 농부는 조금 수고스럽더라도, 농사를 짓는 게 좋습니다. 아무도 따 가지 않는 외로운 방울토마토 하나, 길가에 흩어진 솔방울. 무엇 하나 소중하지 않은 것이 없으니까요.” 정직하게 일하고, 충분히 휴식하고, 맛있게 먹는 온전한 하루! 내 안의 느린 속도를 되찾는 카툰 에세이 <농부의 어떤 날> 공기 중에 떠다니는 작은 먼지들이 햇빛을 받고 비로소 반짝거리듯, 우리 주변에도 늘 존재하는, 작지만 특별한 행복이 반짝거리는 순간이 있다. 직접 씨앗을 심고, 땀 흘리며 일하고, 가족과 함께 먹고 이야기 나누다 보면 그 가운데 비실비실 웃음이 흘러나오는 추억이 쌓인다. 그러다 보면 심었던 씨앗이 계절에 따라 성장해 하나의 작물이 된다. 단순하지만 명확하다. 우리에게 필요한 행복도 마찬가지로 단순하지만 명확하다. 시작 봄, 한창 여름, 수고로운 가을, 쉬어 가는 겨울, 다시 봄으로 이루어진 <농부의 어떤 날>에는 농부 가족이 농사를 지으며 일어나는 시시콜콜한 에피소드가 담겨 있다. 이 일상을 가만히 들여다보면 농부 가족이 직접 수확한 농작물, 함께 살아가는 동물들, 자연에서 만나는 풍경들이 소곤소곤 말을 걸어온다. 기껏 따 놓고 냉장고에만 방치해 두었던 파프리카가 소동을 벌이자 엄마가 치즈 이불을 가져와 덮어 주는 사연, 계절이 바뀌어도 도무지 익지 않는 사과 때문에 온 가족이 골치를 썩이다가 아빠의 달콤한 한 마디로 문제가 해결되는 사연, 작은 몸집 때문에 큰 토마토들에게 괴롭힘당하던 방울토마토가 사슴과 친구가 되어 산타클로스의 썰매를 끌게 된다는 사연까지. 무엇 하나 웃지 않고 넘길 수 없는 이야기들이다. 우리는 늘 생각한다. 얼마나 더 빨리, 얼마나 더 완벽하게 살아야 행복해질 수 있을까? 우리가 꿈꾸는 행복의 기준은 무엇일까? 민승지 작가의 <농부의 어떤 날>은 이렇게 마냥 바쁘게 살아가느라 순간의 행복을 놓치고 있는 우리에게 행복의 기준을 다시 세워 보라고 말한다. 그냥 땀 흘리며 일하고, 맛있게 먹으며, 충분히 휴식하라고. 느린 삶의 정서를 되찾으라고. 그리고 지금 우리 곁에 존재하는 작은 티끌 같은 순간들을 놓치지 말라고.","['에세이', '사진/그림 에세이']"
10699,인간의 정의는 어떻게 탄생했는가,"필립 샌즈 지음; 정철승, 황문주 공옮김",더봄,2019,361.54 샌77ㅇ정,9791190000000,https://search1.kakaocdn.net/thumb/R120x174.q85/?fname=http%3A%2F%2Ft1.daumcdn.net%2Flbook%2Fimage%2F4922609%3Ftimestamp%3D20240824132618,"홀로코스트의 피해자인 저자의 외할아버지 가족에 대한 회고록이자 인권과 정의에 대한 개념이 탄생한 뉘른베르크 재판을 둘러싼 국제정치 논픽션, 유대인 학살을 명령한 전범들을 단죄하기 위한 두 변호사의 법정 드라마 『인간의 정의는 어떻게 탄생했는가』. 저명한 국제 인권 변호사이자 유니버시티칼리지런던(UCL) 교수인 저자는 2010년 국제법 특강을 위해 우크라이나 리비우를 방문했다가 놀라운 사실을 발견했다. 자신의 외할아버지 고향인 리비우에서 ‘대량 학살’과 ‘반인륜 범죄’라는 개념이 처음 싹텄다는 사실이다. 저자는 자신도 몰랐던 외할아버지(유대인)와 어머니의 삶을 하나씩 접하게 되고, 동시에 리비우대학의 두 법학도가 뉘른베르크 군사법정에서 등장하게 될 ‘인류 정의의 기준’을 어떻게 만들었는지 추적하는 과정을 생생하게 담았다. 나치 점령 하의 유럽에서 살았던 유대인 외할아버지의 비밀스런 삶을 추적하는 동시에, 라파엘 렘킨(제노사이드)과 허쉬 라우터파하트(인도에 반하는 죄) 교수의 국제 인권법의 기원을 추적하는 이 책을 통해 우리가 세상을 바라보는 방식을 근본적으로 바꿀 때만이 세상을 변화시킬 수 있다는 것을 깨닫게 된다.","['역사', '서양사', '서양근현대사']"
10700,전주편애,"신귀백, 김경미 공지음",채륜서,2017,981.192 신16ㅈ,9791190000000,https://search1.kakaocdn.net/thumb/R120x174.q85/?fname=http%3A%2F%2Ft1.daumcdn.net%2Flbook%2Fimage%2F1619086%3Ftimestamp%3D20221011182503,"수십 개씩 올라오는 전주 여행기. 식상해진 코스에, 관광객들은 전주의 다른 곳을 보고 싶어 한다. 『전주편애』는 그런 독자들을 위한 책이다. 부성 안에 자리 잡은 객사와 변해버린 도청, 풍남문과 전동성당, 이창호 국수의 화점과 비빔밥 삼국지를 고명처럼 올려놓는다. 성읍도시 전주의 근현대 시간의 켜가 쌓인 예술인들의 흔적을 발견하게 되고, 전주부성에 백반 같은 낯익은 인물과 공간을 채우는 새로운 이야기를 만나게 될 것이다.","['여행', '국내 여행에세이']"
10701,그는 가고 나는 남아서,"김원석, 남궁인, 오흥권 외 지음",청년의사,2018,814.6 김66ㄱ,9788990000000,https://search1.kakaocdn.net/thumb/R120x174.q85/?fname=http%3A%2F%2Ft1.daumcdn.net%2Flbook%2Fimage%2F1337993%3Ftimestamp%3D20240914113853,"삶과 죽음의 최전선에서, 환자들의 목숨을 떠메고 병원 곳곳을 뛰어다니는 의사들의 기록! 의사들이 펜을 들었다. 언뜻, 냉정해 보이는 의사들이 기록한 환자들과의 가슴 먹먹했던 순간, 남몰래 눈물지어야 했던 사연, 다시는 겪고 싶지 않은 가슴 철렁했던 사건. 그 시간을 통해 환자의 마음까지 읽어 내는 의사로 성장해 가는 이야기들이 담겼다. “무언가와 싸워야 할 이유가 살아야 할 이유가 되는 사람도 있다. 지구별은 절망으로 가득 차 있다는 말은 틀렸다.” (p.251)","['에세이', '한국에세이']"
10702,들어라 전라북도 산천은 노래다,강인한 외 149명 지음,도서출판 바람꽃:전라북도문화관광재단,2019,811.6 강68ㄷ,9791200000000,https://search1.kakaocdn.net/thumb/R120x174.q85/?fname=http%3A%2F%2Ft1.daumcdn.net%2Flbook%2Fimage%2F4973240%3Ftimestamp%3D20231201185516,"전라북도문화관광재단 시선집 [들어라 전라북도 산천은 노래다]. 자신만의 시세계를 구축해온 저자들이 모여 함께 완성된 시집이다. 전라북도문화관광재단 주체로 기획되었으며, 구성을 지역별로 나눴다는 점이 독특하다.","['소설/시/희곡', '시', '한국시']"
10703,천년의 질문. 3,조정래 지음,해냄출판사,2019,813.6 조74ㅊ v.3,9788970000000,https://search1.kakaocdn.net/thumb/R120x174.q85/?fname=http%3A%2F%2Ft1.daumcdn.net%2Flbook%2Fimage%2F4967050%3Ftimestamp%3D20241214131133,"거대 자본에 휘둘려 인간을 소외시킨 현 상황을 통찰해 대한민국의 미래를 재편하는 조정래의 장편소설 『천년의 질문』 제3권. 《정글만리》, 《풀꽃도 꽃이다》를 3년 간격으로 발표한 저자가 어김없이 3년 만에 발표하는 신작 소설로, 21세기 현재 대한민국에서 자본과 권력에 휘말려 욕망을 키워가는 현대인들의 모습을 적나라하게 그려냈다. 수십 명에 달하는 등장인물들에게 생생한 캐릭터를 부여해 정경유착의 실태와 비정규직 문제, 급격한 사회 양극화에 시달리는 대한민국의 현재를 드러내며, 상위 10퍼센트가 전체 국민 소득의 절반을 독식하는 기형적인 구조가 유지되는 근본적인 이유를 생생하게 보여준다. 아내가 다니던 출판사가 폐업해 생계에 곤란을 겪게 되자 고향 선배이자 국회의원인 윤현기의 신문 칼럼을 대신 써주며 생계를 이어가는 사회학과 시간강사 고석민. 90년대 초, 나라가 민주화의 길로 들어서자 대학 현안에 집중해 학원 자주화 운동에 몰두하며 함께 싸웠던 대학 선배인 시사주간지 기자 장우진에게 윤현기의 이름으로 쓰여진 칼럼을 신문에 실어달라고 부탁하는 그는 깊은 한숨을 내쉴 수밖에 없다. 한편, 장우진이 취재 중인 성화 그룹 비자금 사건이 기사화 단계에 이르기도 전에 취재 사실을 알아챈 성화 그룹 창조개발실은 기사화를 무산시키고자 장우진 주변의 사람들을 대상으로 긴밀하게 로비를 진행한다. 장우진의 아내이자 19년째 초등학교에서 아이들을 가르치고 있는 이유영에게 고등학교 졸업 이후 연락 한 번 없던 친구가 느닷없이 찾아오고, 취재를 막아주면 한 해 20억은 충분히 벌 수 있게 해주겠다며 회유하는데……. 암으로 세상을 떠난 박 의원에게 지역구를 물려받아 재선에도 성공한 국회의원 윤현기는 갑자기 성화 그룹에서 만나자는 요청이 오자 몸값을 높이기 위해 은근히 뜸을 들인다. 성화 그룹 창조개발실 한인규 사장은 윤현기가 고향 후배인 고석민과 연락을 하는 사이라는 것을 파악하고 만약 고석민을 시켜 장우진의 취재를 막는다면, 다음 선거의 비용 절반을 부담하겠다고 제안한다. 예상치 못한 횡재 앞에서 윤현기는 마음이 급히 동한다. 성화 그룹의 비자금 장부를 가지고 잠적한 사람이 그룹 회장의 사위 김태범이며, 그의 행방을 아는 이는 가족뿐이라는 정보를 얻은 장우진은 수소문 끝에 김태범의 여동생인 김은경과 학연이 있다는 최민혜 변호사를 찾는다. 가까스로 연락이 닿은 김은경은 오빠가 잠적한 지 일주일이 넘어 생사조차 알 수 없는 긴박한 상황에서도 아무에게도 그의 행방을 알려주지 않는다. 장우진은 김태범의 대학 동창이자 무역회사 킹의 대표 서원섭을 찾아가 김태범이 성화 그룹의 사위가 된 경위와 함께, 결혼 이후 과도한 스트레스로 인해 성격이 변해 여성들에게도 포악한 행동을 서슴지 않았다는 사실을 알게 되는데…….","['소설/시/희곡', '한국소설', '2000년대 이후 한국소설']"
10704,천년의 질문. 2,조정래 지음,해냄출판사,2019,813.6 조74ㅊ v.2,9788970000000,https://search1.kakaocdn.net/thumb/R120x174.q85/?fname=http%3A%2F%2Ft1.daumcdn.net%2Flbook%2Fimage%2F4967054%3Ftimestamp%3D20241213130832,"거대 자본에 휘둘려 인간을 소외시킨 현 상황을 통찰해 대한민국의 미래를 재편하는 조정래의 장편소설 『천년의 질문』 제2권. 《정글만리》, 《풀꽃도 꽃이다》를 3년 간격으로 발표한 저자가 어김없이 3년 만에 발표하는 신작 소설로, 21세기 현재 대한민국에서 자본과 권력에 휘말려 욕망을 키워가는 현대인들의 모습을 적나라하게 그려냈다. 수십 명에 달하는 등장인물들에게 생생한 캐릭터를 부여해 정경유착의 실태와 비정규직 문제, 급격한 사회 양극화에 시달리는 대한민국의 현재를 드러내며, 상위 10퍼센트가 전체 국민 소득의 절반을 독식하는 기형적인 구조가 유지되는 근본적인 이유를 생생하게 보여준다. 아내가 다니던 출판사가 폐업해 생계에 곤란을 겪게 되자 고향 선배이자 국회의원인 윤현기의 신문 칼럼을 대신 써주며 생계를 이어가는 사회학과 시간강사 고석민. 90년대 초, 나라가 민주화의 길로 들어서자 대학 현안에 집중해 학원 자주화 운동에 몰두하며 함께 싸웠던 대학 선배인 시사주간지 기자 장우진에게 윤현기의 이름으로 쓰여진 칼럼을 신문에 실어달라고 부탁하는 그는 깊은 한숨을 내쉴 수밖에 없다. 한편, 장우진이 취재 중인 성화 그룹 비자금 사건이 기사화 단계에 이르기도 전에 취재 사실을 알아챈 성화 그룹 창조개발실은 기사화를 무산시키고자 장우진 주변의 사람들을 대상으로 긴밀하게 로비를 진행한다. 장우진의 아내이자 19년째 초등학교에서 아이들을 가르치고 있는 이유영에게 고등학교 졸업 이후 연락 한 번 없던 친구가 느닷없이 찾아오고, 취재를 막아주면 한 해 20억은 충분히 벌 수 있게 해주겠다며 회유하는데……. 암으로 세상을 떠난 박 의원에게 지역구를 물려받아 재선에도 성공한 국회의원 윤현기는 갑자기 성화 그룹에서 만나자는 요청이 오자 몸값을 높이기 위해 은근히 뜸을 들인다. 성화 그룹 창조개발실 한인규 사장은 윤현기가 고향 후배인 고석민과 연락을 하는 사이라는 것을 파악하고 만약 고석민을 시켜 장우진의 취재를 막는다면, 다음 선거의 비용 절반을 부담하겠다고 제안한다. 예상치 못한 횡재 앞에서 윤현기는 마음이 급히 동한다. 성화 그룹의 비자금 장부를 가지고 잠적한 사람이 그룹 회장의 사위 김태범이며, 그의 행방을 아는 이는 가족뿐이라는 정보를 얻은 장우진은 수소문 끝에 김태범의 여동생인 김은경과 학연이 있다는 최민혜 변호사를 찾는다. 가까스로 연락이 닿은 김은경은 오빠가 잠적한 지 일주일이 넘어 생사조차 알 수 없는 긴박한 상황에서도 아무에게도 그의 행방을 알려주지 않는다. 장우진은 김태범의 대학 동창이자 무역회사 킹의 대표 서원섭을 찾아가 김태범이 성화 그룹의 사위가 된 경위와 함께, 결혼 이후 과도한 스트레스로 인해 성격이 변해 여성들에게도 포악한 행동을 서슴지 않았다는 사실을 알게 되는데…….","['소설/시/희곡', '한국소설', '2000년대 이후 한국소설']"
10705,천년의 질문. 1,조정래 지음,해냄출판사,2019,813.6 조74ㅊ v.1,9788970000000,https://search1.kakaocdn.net/thumb/R120x174.q85/?fname=http%3A%2F%2Ft1.daumcdn.net%2Flbook%2Fimage%2F4967052%3Ftimestamp%3D20241120132250,"거대 자본에 휘둘려 인간을 소외시킨 현 상황을 통찰해 대한민국의 미래를 재편하는 조정래의 장편소설 『천년의 질문』 제1권. 《정글만리》, 《풀꽃도 꽃이다》를 3년 간격으로 발표한 저자가 어김없이 3년 만에 발표하는 신작 소설로, 21세기 현재 대한민국에서 자본과 권력에 휘말려 욕망을 키워가는 현대인들의 모습을 적나라하게 그려냈다. 수십 명에 달하는 등장인물들에게 생생한 캐릭터를 부여해 정경유착의 실태와 비정규직 문제, 급격한 사회 양극화에 시달리는 대한민국의 현재를 드러내며, 상위 10퍼센트가 전체 국민 소득의 절반을 독식하는 기형적인 구조가 유지되는 근본적인 이유를 생생하게 보여준다. 아내가 다니던 출판사가 폐업해 생계에 곤란을 겪게 되자 고향 선배이자 국회의원인 윤현기의 신문 칼럼을 대신 써주며 생계를 이어가는 사회학과 시간강사 고석민. 90년대 초, 나라가 민주화의 길로 들어서자 대학 현안에 집중해 학원 자주화 운동에 몰두하며 함께 싸웠던 대학 선배인 시사주간지 기자 장우진에게 윤현기의 이름으로 쓰여진 칼럼을 신문에 실어달라고 부탁하는 그는 깊은 한숨을 내쉴 수밖에 없다. 한편, 장우진이 취재 중인 성화 그룹 비자금 사건이 기사화 단계에 이르기도 전에 취재 사실을 알아챈 성화 그룹 창조개발실은 기사화를 무산시키고자 장우진 주변의 사람들을 대상으로 긴밀하게 로비를 진행한다. 장우진의 아내이자 19년째 초등학교에서 아이들을 가르치고 있는 이유영에게 고등학교 졸업 이후 연락 한 번 없던 친구가 느닷없이 찾아오고, 취재를 막아주면 한 해 20억은 충분히 벌 수 있게 해주겠다며 회유하는데……. 암으로 세상을 떠난 박 의원에게 지역구를 물려받아 재선에도 성공한 국회의원 윤현기는 갑자기 성화 그룹에서 만나자는 요청이 오자 몸값을 높이기 위해 은근히 뜸을 들인다. 성화 그룹 창조개발실 한인규 사장은 윤현기가 고향 후배인 고석민과 연락을 하는 사이라는 것을 파악하고 만약 고석민을 시켜 장우진의 취재를 막는다면, 다음 선거의 비용 절반을 부담하겠다고 제안한다. 예상치 못한 횡재 앞에서 윤현기는 마음이 급히 동한다. 성화 그룹의 비자금 장부를 가지고 잠적한 사람이 그룹 회장의 사위 김태범이며, 그의 행방을 아는 이는 가족뿐이라는 정보를 얻은 장우진은 수소문 끝에 김태범의 여동생인 김은경과 학연이 있다는 최민혜 변호사를 찾는다. 가까스로 연락이 닿은 김은경은 오빠가 잠적한 지 일주일이 넘어 생사조차 알 수 없는 긴박한 상황에서도 아무에게도 그의 행방을 알려주지 않는다. 장우진은 김태범의 대학 동창이자 무역회사 킹의 대표 서원섭을 찾아가 김태범이 성화 그룹의 사위가 된 경위와 함께, 결혼 이후 과도한 스트레스로 인해 성격이 변해 여성들에게도 포악한 행동을 서슴지 않았다는 사실을 알게 되는데…….","['소설/시/희곡', '한국소설', '2000년대 이후 한국소설']"
10706,고전 결박을 풀다. 3,강신장 지음,모네상스,2018,001.3 강58ㄱ v.3,9791200000000,https://search1.kakaocdn.net/thumb/R120x174.q85/?fname=http%3A%2F%2Ft1.daumcdn.net%2Flbook%2Fimage%2F1663227%3Ftimestamp%3D20241231113802, 여러가지 고전문학을 한권에 엮어놓은 책입니다.,"['인문학', '책읽기/글쓰기', '책읽기']"
10707,고전 결박을 풀다. 1,강신장 엮고씀,모네상스,2017,001.3 강58ㄱ v.1,9791200000000,https://search1.kakaocdn.net/thumb/R120x174.q85/?fname=http%3A%2F%2Ft1.daumcdn.net%2Flbook%2Fimage%2F1661169%3Ftimestamp%3D20250118113557,"고전이란 히말라야 산처럼 이름은 익숙해도 쉽게 오르기 어려운 높고 험준한 산과 같다. 왜 우리는 번번이 고전을 제대로 읽어내지 못하고 도중에 덮어버리곤 하는가. 여러 가지 이유가 있겠지만 무엇보다도 고전은 어렵다는 선입견이 있기 때문이다. 또한 대부분의 고전은 두껍고 분량이 방대하다. 늘 시간에 쫓기는 현대인에게 이것은 물리적 부담감으로 다가온다. 사람이 살아있는 동안 꼭 한 번은 읽어야 한다는 위대한 고전, 언제까지 갈증과 부채로만 남아있어야 하는가? 대단한 결심과 시간과 공을 들여 읽을 수 없는 수많은 장삼이사에게 고전은 그저 넘지 못할 산인가? 알렉산드로스 대왕은 수많은 사람이 도전했으나 아무도 풀지 못했다는 고르디우스의 매듭을 단칼로 끊어 풀었다. 복잡하게 얽혀있는 문제일수록 때로는 단순한 해결책이 답이 될 수도 있다. 『고전 결박을 풀다』는 고전을 읽느라 산전수전 공중전까지 겪어봤으나 아직도 고전의 숙제를 풀지 못한 사람들을 위한 책이다.","['인문학', '책읽기/글쓰기', '책읽기']"
10708,혼자가 혼자에게,이병률 지음,달 출판사:문학동네,2019,814.6 이44ㅎ,9791160000000,https://search1.kakaocdn.net/thumb/R120x174.q85/?fname=http%3A%2F%2Ft1.daumcdn.net%2Flbook%2Fimage%2F5063248%3Ftimestamp%3D20230414170655,"『끌림』, 『바람이 분다 당신이 좋다』, 『내 옆에 있는 사람』. 제목만으로도 여전히 우리를 설레게 하는 여행산문집 삼부작으로 독자들의 사랑을 받아온 이병률 시인이, 5년 만에 신작 산문집 『혼자가 혼자에게』를 펴냈다. 이번 산문집에서 그는 세계 각국을 여행하는 대신, 새로운 곳을 향한 사색을 시작한다. 작가가 가장 잘 말할 수 있는 것이자, 그리고 깊이 아는 대상인 바로 ’혼자‘에 대한 이야기이다. 시인으로서 혼자 책상 앞에 앉아 있는 일, 여행자로서 혼자 여행을 떠나는 일, 그렇게 자연스럽게 오랜 시간 동안 ‘혼자’에 주파수를 맞추어온 그가 써내려간 혼자의 자세와 단상은 세상에 점점이 흩어진 수많은 혼자들에게 공감을 불러일으킨다. 또한 작가가 써내려간 담담한 문장과 예민하게 포착한 장면, 그리고 특유의 시선을 담은 사진을 통해 ‘나만 할 수 있는 일, 나만 가질 수 있는 것들은 오직 혼자여야 가능하다’는 사실을 다시금 깨달으며 고개를 끄덕이게 될 것이다.","['에세이', '한국에세이']"
10709,핵을 들고 도망친 101세 노인,요나스 요나손 지음; 임호경 옮김,열린책들,2019,859.7 요192ㅎ임,9788930000000,https://search1.kakaocdn.net/thumb/R120x174.q85/?fname=http%3A%2F%2Ft1.daumcdn.net%2Flbook%2Fimage%2F5079075%3Ftimestamp%3D20231007165339,"전 세계적으로 1천만 부 이상의 판매 기록을 세운 《창문 넘어 도망친 100세 노인》의 후속작 『핵을 들고 도망친 101세 노인』. 데뷔작으로 《창문 넘어 도망친 100세 노인》으로 세계적인 베스트셀러 작가가 된 요나스 요나손이 네 번째 발표한 소설로, 전작의 주인공이었던 알란 칼손이 101살 생일날 열기구를 탔다가 조난당하며 펼쳐지는 새로운 이야기를 들려준다. 인도네시아 발리에서 휴식을 취하고 있던 알란. 보통 사람 같았으면 낙원과도 같은 섬에서 무위도식하는 데 만족했겠지만 알란은 보통 사람이 아니었다. 알란의 101세 생일이 다가오고, 친구 율리우스는 생일 파티를 위해 거대한 열기구를 준비한다. 그러나 예기치 못한 바람과 조작 미숙, 기계 고장 때문에 알란과 율리우스는 망망대해에 불시착하고 만다. 다행히 지나가던 배가 조난 신호탄을 쏘아 올린 그들을 보고 구조하러 오지만 그 배는 농축 우라늄을 몰래 운반하고 있던 북한 화물선이었다. 알란은 화물선 선장에게 자신이 핵무기 전문가라고 거짓말을 해버리고, 북한으로 끌려가게 되는데…….","['소설/시/희곡', '세계의 소설', '북유럽소설']"
10710,여행의 이유,김영하 지음,문학동네,2019,814.6 김64여,9788950000000,https://search1.kakaocdn.net/thumb/R120x174.q85/?fname=http%3A%2F%2Ft1.daumcdn.net%2Flbook%2Fimage%2F4920642%3Ftimestamp%3D20240416133725,"여행의 감각을 일깨우는 소설가 김영하의 매혹적인 이야기 『여행의 이유』. 꽤 오래전부터 여행에 대해 쓰고 싶었던 저자가 처음 여행을 떠났던 순간부터 최근의 여행까지 자신의 모든 여행의 경험을 담아 써내려간 아홉 개의 이야기를 담은 책이다. 지나온 삶에서 글쓰기와 여행을 가장 많이, 열심히 해온 저자는 여행이 자신에게 무엇이었는지, 무엇이었기에 그렇게 꾸준히 다녔던 것인지, 인간들은 왜 여행을 하는지, 스스로에게 질문을 던졌고, 여행의 이유를 찾아가며 그 답을 알아가고자 한다. 2005년, 집필을 위한 중국 체류 계획을 세우고 중국으로 떠났으나 입국을 거부당하고 추방당했던 일화로 시작해 사람들이 여행을 하는 목적에 대한 질문으로 이어지는 《추방과 멀미》, 일상과 가족, 인간관계에서 오는 상처와 피로로부터 도망치듯 떠나는 여행에 관해 다룬 《상처를 몽땅 흡수한 물건들로부터 달아나기》, 즐겁고 유쾌하게만 보이는 예능 프로그램 《알쓸신잡》에 출연하면서 하게 된 독특한 여행에 대한 글 《알아두면 쓸데없는 신비한 여행》 등의 이야기를 통해 매순간 여행을 소망하는 여행자의 삶, 여행의 의미에 대해 함께 생각해보게 된다.","['에세이', '한국에세이']"
10711,죽음. 2,베르나르 베르베르 지음; 전미연 옮김,열린책들,2019,863 베297ㅈㅇ전 v.2,9788930000000,https://search1.kakaocdn.net/thumb/R120x174.q85/?fname=http%3A%2F%2Ft1.daumcdn.net%2Flbook%2Fimage%2F4943798%3Ftimestamp%3D20231007171715,"추리 소설 형식을 통해 무거움을 벗고 시종일관 경쾌하고 흥미진진하게 죽음이라는 소재를 다룬 베르나르 베르베르의 소설 『죽음』 제2권. 죽음에 관한 장편소설의 출간을 앞두고 있는 인기 추리 작가 가브리엘 웰즈는 ‘누가 날 죽였지?’ 라는 문장을 떠올리며 눈을 뜬다. 평소에 작업하는 비스트로로 향하던 그는 갑자기 아무 냄새도 맡을 수 없다는 사실을 깨닫고 서둘러 병원으로 향한다. 그러나 의사는 그를 없는 사람 취급하고, 거울에 모습이 비치지 않을 뿐 아니라, 창문에서 뛰어내려도 이상이 없다. 그는 죽은 것이다. 가브리엘은 자신의 갑작스러운 죽음이 살인이라고 확신한다. 머릿속에는 몇몇 용의자가 떠오른다. 다행히 그는 자신의 목소리를 들을 수 있는 영매 뤼시 필리피니를 만나게 되고, 떠돌이 영혼이 된 가브리엘은 저승에서, 영매 뤼시는 이승에서 각자의 수사를 해나가며 진실을 파헤치기 시작하는데……. 대학에서 법학을 전공, 주간지 기자에서 작가로 데뷔. 범죄학, 생물학, 심령술 등 다양한 분야에 관심을 가졌고 어렸을 때부터 타고난 이야기꾼이었던 사람. 장르 문학을 하위 문학으로 취급하는 프랑스의 평론가들에게 좋은 평가를 받지 못하지만 매년 꾸준한 리듬으로 신간을 발표하여 대중 독자들의 지지를 받는 인기 작가. 이 설명은 작품의 주인공인 가브리엘 웰즈에 대한 것이지만, 베르베르 본인에게도 그대로 적용된다. 그만큼 자전적 요소가 강한 이 작품에서 저자는 가브리엘의 입을 통해 글쓰기에 대한 애정을 다시 한 번 드러낸다.","['소설/시/희곡', '과학소설(SF)', '외국 과학소설']"
10712,죽음. 1,베르나르 베르베르 지음; 전미연 옮김,열린책들,2019,863 베297ㅈㅇ전 v.1,9788930000000,https://search1.kakaocdn.net/thumb/R120x174.q85/?fname=http%3A%2F%2Ft1.daumcdn.net%2Flbook%2Fimage%2F4943839%3Ftimestamp%3D20231007152912,"추리 소설 형식을 통해 무거움을 벗고 시종일관 경쾌하고 흥미진진하게 죽음이라는 소재를 다룬 베르나르 베르베르의 소설 『죽음』 제1권. 죽음에 관한 장편소설의 출간을 앞두고 있는 인기 추리 작가 가브리엘 웰즈는 ‘누가 날 죽였지?’ 라는 문장을 떠올리며 눈을 뜬다. 평소에 작업하는 비스트로로 향하던 그는 갑자기 아무 냄새도 맡을 수 없다는 사실을 깨닫고 서둘러 병원으로 향한다. 그러나 의사는 그를 없는 사람 취급하고, 거울에 모습이 비치지 않을 뿐 아니라, 창문에서 뛰어내려도 이상이 없다. 그는 죽은 것이다. 가브리엘은 자신의 갑작스러운 죽음이 살인이라고 확신한다. 머릿속에는 몇몇 용의자가 떠오른다. 다행히 그는 자신의 목소리를 들을 수 있는 영매 뤼시 필리피니를 만나게 되고, 떠돌이 영혼이 된 가브리엘은 저승에서, 영매 뤼시는 이승에서 각자의 수사를 해나가며 진실을 파헤치기 시작하는데……. 대학에서 법학을 전공, 주간지 기자에서 작가로 데뷔. 범죄학, 생물학, 심령술 등 다양한 분야에 관심을 가졌고 어렸을 때부터 타고난 이야기꾼이었던 사람. 장르 문학을 하위 문학으로 취급하는 프랑스의 평론가들에게 좋은 평가를 받지 못하지만 매년 꾸준한 리듬으로 신간을 발표하여 대중 독자들의 지지를 받는 인기 작가. 이 설명은 작품의 주인공인 가브리엘 웰즈에 대한 것이지만, 베르베르 본인에게도 그대로 적용된다. 그만큼 자전적 요소가 강한 이 작품에서 저자는 가브리엘의 입을 통해 글쓰기에 대한 애정을 다시 한 번 드러낸다.","['소설/시/희곡', '과학소설(SF)', '외국 과학소설']"
10713,검사내전,김웅 지음,부키,2019,367.204 김66ㄱ,9788960000000,https://search1.kakaocdn.net/thumb/R120x174.q85/?fname=http%3A%2F%2Ft1.daumcdn.net%2Flbook%2Fimage%2F832236%3Ftimestamp%3D20241221113414,"2000년 사법연수원을 수료한 이래 18년간 검사 일을 해오며 스스로를 ‘생활형 검사’라고 지칭하는 김웅이 검찰 안에서 경험한 이야기이자, 검사라는 직업 덕분에 알게 된 세상살이, 사람살이를 둘러싼 속마음에 대한 이야기를 들려주는 『검사내전』. 어려서부터 검사를 꿈꿔본 적이 단 한 번도 없었고 엉겁결에, 어쩌다 보니 검사가 된 저자가 다른 데 욕심내기보다 검사라는 직분으로 치열하게 살아온 기록을 담고 있다. 저자는 끊임없이 거짓과 싸워야 하는 검사 일을 하다 보니 한때는 사람 말을 믿지 않게 되었을 뿐 아니라 그들을 만나는 게 지겨워지기 시작했지만 다른 인생의 찢어진 틈을 들여다보고 그것을 꿰매주어야 할 때가 많기에 다시 일의 보람을 느끼게 되었다고 고백한다. 사건 피의자들과 피해자들을 만나며, 범죄 자체가 내뿜는 악에 집중하기보다 사람들이 갖고 있는 욕망과 그로 인해 드리워진 삶의 그림자들에 더 관심을 기울이는 저자는 자신이 비록 죄를 다루는 검사라 하더라도 세상사를 단편적으로 이해하지 않으려 노력한다. 검사실에서 마주하는 인생의 파열들이 직선적이고 단편적일 것이라고 생각할지 모르지만 사실 들여다볼수록 다양하고 모순적이기에, 세상의 일들을 직선적으로 추정하지 않고 이야기의 뒷면과 진짜 사연을 이해하고자 노력하며 성실하게 살아가는 세상의 약자들에게 힘이 되어주고 싶다는 저자의 이야기를 통해 인간과 법, 그리고 두렵고 원시적인 존엄함에 대한 생각들을 마주하게 된다.","['사회과학', '법과 생활', '법률이야기/법조인이야기']"
10714,이강백 희곡전집. 8,이강백 지음,평민사,2015,812.6 이12ㅇ v.8,9788970000000,https://search1.kakaocdn.net/thumb/R120x174.q85/?fname=http%3A%2F%2Ft1.daumcdn.net%2Flbook%2Fimage%2F980783%3Ftimestamp%3D20250319113855,1971년부터 오로지 희곡만 쓰고 있는 이강백 희곡작가의 여덟 번째 희곡집이다. 이 책에는 2004년부터 2014년까지 11년 동안 쓰고 공연한 장막 희곡 여섯 편이 수록되어 있다.,"['소설/시/희곡', '희곡', '한국희곡']"
10715,이강백 희곡전집. 7,이강백 지음,평민사,2017,812.6 이12ㅇ v.7,9788970000000,https://search1.kakaocdn.net/thumb/R120x174.q85/?fname=http%3A%2F%2Ft1.daumcdn.net%2Flbook%2Fimage%2F979926%3Ftimestamp%3D20250406113300,"1971년 동아일보 신춘문예에 《다섯》이 당선된 것을 계기로 작품을 쓰기 시작한 한국의 대표적인 희곡작가 이강백의 희곡을 모아 엮은 『이강백 희곡전집』 제7권. 《물고기 남자》, 《마르고 닳도록》, 《사과가 사람을 먹는다》 등의 작품이 수록되었다.","['소설/시/희곡', '희곡', '한국희곡']"
10716,이강백 희곡전집. 4,이강백 지음,평민사,2019,812.6 이12ㅇ v.4,9788970000000,https://search1.kakaocdn.net/thumb/R120x174.q85/?fname=http%3A%2F%2Ft1.daumcdn.net%2Flbook%2Fimage%2F4990664%3Ftimestamp%3D20250318125936,세월이 지나도 꾸준히 독자들의 사랑을 받고 있는 이강백 희곡전집의 4권이다. 이 책에 수록된 희곡은 1987년부터 1991년까지의 작품들이다.,"['소설/시/희곡', '희곡', '한국희곡']"
10717,이강백 희곡전집. 3,이강백 지음,평민사,2017,812.6 이12ㅇ v.3,9788970000000,https://search1.kakaocdn.net/thumb/R120x174.q85/?fname=http%3A%2F%2Ft1.daumcdn.net%2Flbook%2Fimage%2F981247%3Ftimestamp%3D20240824113748,"1971년 동아일보 신춘문예에 《다섯》이 당선된 것을 계기로 작품을 쓰기 시작한 한국의 대표적인 희곡작가 이강백의 희곡을 모아 엮은 『이강백 희곡전집』 제3권. 《쥬라紀의 사람들》, 《호모 세파라투스》, 《봄날》 등의 작품이 수록되었다.","['소설/시/희곡', '희곡', '한국희곡']"
10718,오직 토끼하고만 나눈 나의 열네 살 이야기,안나 회글룬드 지음; 이유진 옮김,우리학교,2019,859.7 회17ㅇ이,9791190000000,https://search1.kakaocdn.net/thumb/R120x174.q85/?fname=http%3A%2F%2Ft1.daumcdn.net%2Flbook%2Fimage%2F1642828%3Ftimestamp%3D20241129113619,"볼로냐 라가치 상 수상작 〈나에 관한 연구〉의 작가 안나 회글룬드가 전하는 새로운 이야기! 〈나에 관한 연구〉가 십대의 몸을 통한 자아 탐험이었다면 이번 책 〈오직 토끼하고만 나눈 나의 열네 살 이야기〉에서는 좀 더 가까이 십대의 마음으로 시선을 옮겨 깊이 있는 내면세계로 독자들을 안내한다. 주인공 토끼는 태어나자마자 후회하기 시작했다면서 자신의 이야기를 털어놓는다. 소녀인 듯 소년인 듯 독자가 토끼의 성별을 가늠하기 쉽지 않지만 문제될 것은 없다. 지금 토끼의 삶에 가장 중요한 것은 나답게, 온전히 나인 채로 사는 것이 가능한지의 문제다. 이처럼 자의식 분명한 주인공 토끼가 자존감을 찾고 자립심을 단단히 쌓아가는 과정이 명료한 텍스트와 개성 있는 그림을 통해 펼쳐진다. 토끼는 순간순간 맞닥뜨리는 마음의 충돌과 갈등을 외면하지 않고 차분히 들여다본다. 타인과 나 사이, (외적인) 나와 (내적인) 나 사이에 주어지는 많은 책임과 사회적 역할, 자존감에 대해 고뇌하는 토끼의 고민은 십대만의 것이 아니다. 빡빡한 일상에 허덕거리다 ‘나다움’을 잃고 자존감을 상실해가는 우리 모두가 고민하는 것들이다. 독자는 마치 자유시를 읽듯, 일기를 훑어보듯, 토끼의 섬세한 내면세계를 따라가며 지금 여기에 머무는 ‘나의 마음’에 다정한 안부를 묻게 될 것이다.","['청소년', '청소년 문학', '청소년 소설']"
10719,10대에게 권하는 공학,한화택 지음,글담출판,2019,530 한95ㅅ,9791190000000,https://search1.kakaocdn.net/thumb/R120x174.q85/?fname=http%3A%2F%2Ft1.daumcdn.net%2Flbook%2Fimage%2F4842362%3Ftimestamp%3D20240802135008,"학교에서는 가르쳐 주지 않는 공학의 쓸모 공학의 진정한 가치에 대해 알려 주다 《10대에게 권하는 공학》은 수많은 공과 대학 신입생들이 입학을 앞두고도 공학과 과학의 차이를 모른다는 사실에서 시작됐다. 학교에서는 공학을 가르쳐 주지 않는다. 하지만 공과 대학에 입학하려는 학생들은 점점 많아지고 있고, 사회적으로도 공학을 권하는 정책들이 시행되고 있다. 이 모든 원인은 우리가 바야흐로 앞두고 있는 새로운 산업 혁명에 있다. 인공 지능, 사물 인터넷, 자율 주행 자동차 등 역동적으로 변화하는 사회의 움직임은 모두 공학이 이끌어 냈기 때문이다. 이 책은 상상 그 이상의 세계가 도래할 미래 세대의 주인공인 청소년에게 공학이란 무엇인지, 공학이 어떻게 우리 사회를 움직여 왔는지, 공학이 앞으로 만들어 갈 미래 사회는 어떤 모습인지 공학 전반에 대해 엔지니어가 직접 설명한다. 우리가 생각하지 못했던 고대의 돌도끼에서부터 매일 쓰는 볼펜 하나하나까지 공학적 산물의 결과임을 밝히고, ‘공학과 과학은 비슷하지 않을까?’ ‘엔지니어는 수학과 과학만 잘하면 되지 않을까?’ 등 정규 교과 과정에서는 배울 수 없어 잘못 알고 있는 사실들도 하나하나 짚어 낸다. 이제 급변하는 세상의 흐름을 읽고 시대적 변화를 따라가기 위해서는 공학을 알아야 한다. 공학을 전공하지 않더라도 새로운 기술 변화를 감지하고, 공학이 인류 사회에 미치는 영향을 이해해야 한다. 이렇게 공학이 이 시대를 살아가는 데 필요한 상식이자 교양이 되어 버린 지금, 《10대에게 권하는 공학》은 엔지니어가 되고 싶은 청소년, 엔지니어를 꿈꾸지 않지만 미래 사회에 필요한 인재가 되고 싶은 청소년 누구나 읽어야 할 필독서다.","['청소년', '청소년 수학/과학']"
10720,"차가운 의학, 따뜻한 의사",로렌스 A. 사벳 지음; 박재영 옮김,청년의사,2019,510 사44ㅊ박,9788990000000,https://search1.kakaocdn.net/thumb/R120x174.q85/?fname=http%3A%2F%2Ft1.daumcdn.net%2Flbook%2Fimage%2F1345799%3Ftimestamp%3D20250219113835,"의학은 단순한 과학이나 기술이 아니라 '사람'을 다루는 학문이라는 관점으로 의사들이 염두해 두어야 하는 점들을 이야기한『차가운 의학 따뜻한 의사』. 이 책은 내과의사이자 의과대학 교수로서, 여러 대학에서 의대생들의 훌륭한 조언자이자 스승으로서의 역할을 정력적이고 헌신적으로 수행해 온 저자가 자신의 경험을 바탕으로 저술한 것이다. 《차가운 의학 따뜻한 의사》에서는 의사와 환자의 관계가 단순한 것이 아니라 인본주의적인 측면이 녹아있음을 강조하고 환자와 의사의 진정한 의미에 대하여 다양한 사례를 통해 보여준다. 또한 의학에 있어서 좋은 결정과 나쁜 결정이 내려지는 방법과 판단 과정이 중요한 이유, 신중하지 못한 생각이 어떤 좌절을 불러오는지 등을 담았다.","['인문학', '교양 인문학']"
10721,우리 병원 대화는 건강한가?,멜라니 시어스 지음; 이광자 옮김,한국NVC센터,2016,517.16 시64ㅇ이,9791190000000,https://search1.kakaocdn.net/thumb/R120x174.q85/?fname=http%3A%2F%2Ft1.daumcdn.net%2Flbook%2Fimage%2F1611310%3Ftimestamp%3D20250227113558,"『우리 병원 대화는 건강한가』는 병원의 지배적이고 권위적인 문화를 바꾸고자 하는 사람들에게 구체적으로 어떻게 바꾸어나가야 하는지를 알려주는 책이다. 의료 환경을 효율적으로 만들어가려는 병원 행정가, 간호사, 의사, 정신보건 전문요원들에게 도움을 준다.","['인문학', '심리학/정신분석학', '교양 심리학']"
10722,필경사 바틀비,허먼 멜빌 지음; 하비에르 사발라 그림; 공진호 옮김,문학동네,2019,843 멜48ㅍ공-문학,9788950000000,https://search1.kakaocdn.net/thumb/R120x174.q85/?fname=http%3A%2F%2Ft1.daumcdn.net%2Flbook%2Fimage%2F533608%3Ftimestamp%3D20231124160744,"『필경사 바틀비』. 근현대 외국소설 100년의 걸작을 어권의 대표 연구자들이 엄선하고 공들여 번역한, 기획부터 번역 출간까지 5년간의 노력이 녹아 있는 ‘창비세계문학’이 출간되었다. 다양하고 압축적인 구성과 개성적인 문체 등 소설의 진짜 재미를 한권으로 가려뽑은 이 선집은 세계적인 문호들의 빼어난 단편의 묘미를 한꺼번에 맛볼 수 있는 절호의 기회이다. 미국 편은 ‘창비세계문학’(전9권) 중에서 유일하게 모두 국내에 이미 번역 소개된 적이 있는 작품들로 꾸며졌다. 미국 편의 편역자인 한기욱은 『해설』에서 문장 하나를 옮기는 데에만도 몇년 동안 고심했다고 밝혔듯이 기존의 번역본들을 검토하고 평가해본 뒤 참고조차 할 수 없는 실정임을 확인하고 단순히 언어를 옮기고 메씨지를 전달하는 차원에 만족하지 않고 원작 언어의 리듬과 울림까지 고스란히 풀어내고자 노력했다.","['소설/시/희곡', '영미소설']"
10723,무엇이 인간인가,오종우 지음,어크로스,2016,001.3 오75ㅁ,9789000000000,https://search1.kakaocdn.net/thumb/R120x174.q85/?fname=http%3A%2F%2Ft1.daumcdn.net%2Flbook%2Fimage%2F1485375%3Ftimestamp%3D20220915003225,"대문호 도스토옙스키의 《죄와 벌》에는 19세기 상트페테르부르크의 가련한 인물들이 등장한다. 대의명분을 내세워 시대의 기생충이라 판단한 전당포 노파를 살해한 주인공 로쟈, 가족들을 살리고자 거리로 나간 소냐, 딸이 몸을 판 돈으로 술을 마시는 마르멜라도프, 돈으로 황폐해진 정신을 채우려드는 스비드가일로프, 그리고 타인의 불행을 통해 자존감을 높이려는 무수한 사람들. 베스트셀러 《예술 수업》 오종우 교수의 『무엇이 인간인가』는 《죄와 벌》 속 19세기 상트페테르부르크 풍경과 21세기 오늘의 풍경을 교차하며 인간과 인생에 대한 통찰을 전한다. 저자는 로쟈가 자수를 하는 마지막 날까지 그를 좇으며 존엄성이 사라진 시대, 정의롭지 못한 세상에 대해 분노와 비판을 넘어 어떻게 사유하고 살아가야 할 것인지 다시금 생각하게 한다. 인간의 자격에 대한 잘못된 통념과 우리를 노예 혹은 기계로 전락시키는 속박들로부터 자유로워지기 위해, 우리는 무엇을 할 수 있을까. 150년 전 탄생한 《죄와 벌》을 오늘의 텍스트로 완성해가는 저자의 작업은, 마치 도스토옙스키와 대화를 나누는 듯 보인다. 우리는 그들의 대화에 참여하여 진정한 인간다움은 무엇인지, 존엄한 삶은 어떻게 가능한지 엿볼 수 있을 것이다.","['인문학', '교양 인문학']"
10724,여행이 아니면 알 수 없는 것들,손미나 지음,씨네21북스:한겨레출판사,2019,816.6 손38ㅇ,9791160000000,https://search1.kakaocdn.net/thumb/R120x174.q85/?fname=http%3A%2F%2Ft1.daumcdn.net%2Flbook%2Fimage%2F1601633%3Ftimestamp%3D20250407113255,"이렇게 살아도 괜찮을까? 어제와 다를 바 없이 평탄히 굴러가는 일상 속에서도 문득 문득 마주치는 물음이 있다. 그럴 때 떠나보면 알게 되는 것들이 있다. 익숙한 곳에서는 발견할 수 없는 것들을 깨닫고 나면 삶의 내용이 달라지기도 한다. 여행으로 삶의 여정이 바뀌고, 어느새 ‘여행의 아이콘’이 된 손미나가 여행을 통해 성장하고 자기의 삶과 세상을 바꿔 나가는 여행자 14명을 만나 여행 이야기를 나누었다. 나이, 성별, 직업, 성격 모두 다양한 사람들이 각자 자기만의 이유로 세계 곳곳을 여행한 그들이 보고 느끼고 얻은 것들을 나누어주었다.","['에세이', '명사에세이', '방송연예인에세이']"
10725,(누가 뭐라고 해도)내가 가는 길이 꽃길이다,손미나 지음,한빛비즈,2019,816.6 손38ㄴ,9791160000000,https://search1.kakaocdn.net/thumb/R120x174.q85/?fname=http%3A%2F%2Ft1.daumcdn.net%2Flbook%2Fimage%2F4966111%3Ftimestamp%3D20250316121615,"2019 서울국제도서전 신간발표 [여름, 첫 책] 선정 도서 “자기 자신을 아는 일이 가장 어려운 일이었어” 자신을 잃고 길 위에서 방황하는 당신을 위해!","['에세이', '명사에세이', '방송연예인에세이']"
10726,(난생 처음 한번 공부하는)미술 이야기. 5: 이탈리아 르네상스 문명과 미술,양정무 지음; 김지희 지도·일러스트레이션,사회평론,2019,609 양74ㅁ v.5,9791160000000,https://search1.kakaocdn.net/thumb/R120x174.q85/?fname=http%3A%2F%2Ft1.daumcdn.net%2Flbook%2Fimage%2F4837626%3Ftimestamp%3D20241104131630,"제대로 미술을 감상하는 법은 물론 그 속에 담긴 역사, 정치, 경제, 예술의 흐름까지 쉽고 재미있게, 또한 깊이 있게 다루고 있는 ‘난처한 미술이야기’ 시리즈 5권. 일대일 강의 형식의 구어체로 편안하게 읽을 수 있으며 적절한 때에 등장하는 질문과 답변이 머릿속에 떠오르는 의문을 시원하게 긁어준다. 이야기의 흐름에 맞춰서 이미지가 나오기 때문에 책장을 앞뒤로 넘겨가며 읽는 수고를 하지 않아도 된다. 엄선한 고화질의 작품 사진과 일러스트로 소장 가치를 더했다. 쉽게 풀어냈지만 수준이 낮은 책은 아니다. 저자 양정무 교수는 미술사학계의 권위자로, 미술 이해에 필요한 지식과 관점을 최대한 다양하게 소개한다. 즉 난생처음 미술을 공부하는 사람이 꼭 알아야 할 기초 미술 지식은 물론 학계를 선도하는 최신 이론과 우리 주변에서 볼 수 있는 한국의 미술도 알려준다. 인기 대중 강연자이기도 한 저자는 마치 박식한 여행 가이드처럼 친절하게 독자를 미술의 세계로 이끌어준다. 1~4권에서 원시시대와 그리스?로마, 중세의 미술을 거쳐 온 ‘난처한 미술이야기’는 드디어 이번 5권에서 이탈리아 르네상스 문명과 그 미술을 다룬다. 이 시기 이탈리아에서 엄청난 성장을 이룬 미술은 물론 위기를 극복하고 세계의 중심에 섰던 인간의 모습을 들여다볼 수 있다.","['인문학', '교양 인문학']"
10727,(난생 처음 한번 공부하는)미술 이야기. 4: 중세 문명과 예술,"양정무 지음; 조고은, 함지은 같이 일러스트",사회평론,2019,609 양74ㅁ v.4,9788960000000,https://search1.kakaocdn.net/thumb/R120x174.q85/?fname=http%3A%2F%2Ft1.daumcdn.net%2Flbook%2Fimage%2F901409%3Ftimestamp%3D20250307113547,"미술에 대해 술술 말하고 싶은 당신을 위한 『난생 처음 한번 공부하는 미술 이야기』 제4권. 이 책은 미술에 대해 알고 싶은 이들을 위해 미술 작품을 제대로 감상하는 법부터 미술에 담긴 역사, 정치, 경제, 예술의 흐름을 알려주며 이를 저자의 생동감 넘치는 문답과 현장감 넘치는 사진 및 일러스트와 함께 구성하여 재미와 감동을 더한다. 제4권은 ‘중세 문명과 예술’을 주제로 흔히 암흑기로 알려진 유럽의 중세가 사실은 찬란한 빛의 미술을 꽃피운 시대였음을 이야기한다. 미술을 본다는 것은 그것을 낳은 시대를 마주하는 동시에 미래를 이끌어갈 통찰을 얻을 수 있다는 것이다. 따라서 미술은 과거를 보여주는 창이며 미래를 이끄는 해답이 담겨 있어 모든 학문의 정수가 모인 ‘인문학의 꽃’이라 불린다. 이 책은 그러한 길고 긴 역사를 지닌 미술을 독자의 시선의 흐름에 맞추어 배치한 도판, 엄선한 작품 사진과 일러스트, 의문에 대한 적절한 질문을 통해 독자들에게 쉽게 다가간다.","['인문학', '교양 인문학']"
10728,(난생 처음 한번 공부하는)미술 이야기. 3: 초기 기독교 문명과 미술,"양정무 지음; 조고은, 함지은 같이 일러스트",사회평론,2019,609 양74ㅁ v.3,9788960000000,https://search1.kakaocdn.net/thumb/R120x174.q85/?fname=http%3A%2F%2Ft1.daumcdn.net%2Flbook%2Fimage%2F899969%3Ftimestamp%3D20250401113642,"미술에 대해 술술 말하고 싶은 당신을 위한 『난생 처음 한번 공부하는 미술 이야기』 제3권. 이 책은 미술에 대해 알고 싶은 이들을 위해 미술 작품을 제대로 감상하는 법부터 미술에 담긴 역사, 정치, 경제, 예술의 흐름을 알려주며 이를 저자의 생동감 넘치는 문답과 현장감 넘치는 사진 및 일러스트와 함께 구성하여 재미와 감동을 더한다. 제3권은 ‘초기 기독교 문명과 미술’을 주제로 서양을 설명하는 데 빠질 수 없는 기독교 문명의 유년기를 살펴본다. 미술을 본다는 것은 그것을 낳은 시대를 마주하는 동시에 미래를 이끌어갈 통찰을 얻을 수 있다는 것이다. 따라서 미술은 과거를 보여주는 창이며 미래를 이끄는 해답이 담겨 있어 모든 학문의 정수가 모인 ‘인문학의 꽃’이라 불린다. 이 책은 그러한 길고 긴 역사를 지닌 미술을 독자의 시선의 흐름에 맞추어 배치한 도판, 엄선한 작품 사진과 일러스트, 의문에 대한 적절한 질문을 통해 독자들에게 쉽게 다가간다.","['인문학', '교양 인문학']"
10729,(난생 처음 한번 공부하는)미술 이야기. 2: 그리스·로마 문명과 미술,"양정무 지음; 조고은, 함지은 같이 일러스트",사회평론,2019,609 양74ㅁ v.2,9788960000000,https://search1.kakaocdn.net/thumb/R120x174.q85/?fname=http%3A%2F%2Ft1.daumcdn.net%2Flbook%2Fimage%2F901390%3Ftimestamp%3D20241013114343,"미술에 대해 술술 말하고 싶은 당신을 위한『난생 처음 한번 공부하는 미술 이야기』 제2권. 이 책은 미술에 대해 알고 싶은 이들을 위해 미술 작품을 제대로 감상하는 법부터 미술에 담긴 역사, 정치, 경제, 예술의 흐름을 알려주며 이를 저자의 생동감 넘치는 문답과 현장감 넘치는 사진 및 일러스트와 함께 구성하여 재미와 감동을 더한다. 제2권은 지금까지 서구 사회의 정신적 바탕을 이루고 있는 ‘그리스 로마 문명과 미술’이 어떻게 성장하여 꽃을 피웠는지 그 과정을 보여준다. 미술을 본다는 것은 그것을 낳은 시대를 마주하는 동시에 미래를 이끌어갈 통찰을 얻을 수 있다는 것이다. 따라서 미술은 과거를 보여주는 창이며 미래를 이끄는 해답이 담겨 있어 모든 학문의 정수가 모인 ‘인문학의 꽃’이라 불린다. 이 책은 그러한 길고 긴 역사를 지닌 미술을 독자의 시선의 흐름에 맞추어 배치한 도판, 엄선한 작품 사진과 일러스트, 의문에 대한 적절한 질문을 통해 독자들에게 쉽게 다가간다.","['인문학', '교양 인문학']"
10730,"(난생 처음 한번 공부하는)미술 이야기. 1: 원시, 이집트, 메소포타미아 문명과 미술","양정무 지음; 조고은, 함지은 같이 일러스트",사회평론,2019,609 양74ㅁ v.1,9788960000000,https://search1.kakaocdn.net/thumb/R120x174.q85/?fname=http%3A%2F%2Ft1.daumcdn.net%2Flbook%2Fimage%2F902063%3Ftimestamp%3D20240831113359,"미술에 대해 술술 말하고 싶은 당신을 위한 『난생 처음 한번 공부하는 미술 이야기』 제1권. 이 책은 미술에 대해 알고 싶은 이들을 위해 미술 작품을 제대로 감상하는 법부터 미술에 담긴 역사, 정치, 경제, 예술의 흐름을 알려주며 이를 저자의 생동감 넘치는 문답과 현장감 넘치는 사진 및 일러스트와 함께 구성하여 재미와 감동을 더한다. 제1권은 ‘원시, 이집트, 메소포타미아 문명과 미술’을 주제로 미술이 처음부터 지금까지 인류의 생존에 필요한 기술이었음을 말한다. 미술을 본다는 것은 그것을 낳은 시대를 마주하는 동시에 미래를 이끌어갈 통찰을 얻을 수 있다는 것이다. 따라서 미술은 과거를 보여주는 창이며 미래를 이끄는 해답이 담겨 있어 모든 학문의 정수가 모인 ‘인문학의 꽃’이라 불린다. 이 책은 그러한 길고 긴 역사를 지닌 미술을 독자의 시선의 흐름에 맞추어 배치한 도판, 엄선한 작품 사진과 일러스트, 의문에 대한 적절한 질문을 통해 독자들에게 쉽게 다가간다.","['인문학', '교양 인문학']"
10731,(알기쉬운)의학통계,"Michael Harris, Jacquelyn Taylor 공지음; 이흥만, 안형진, 김낙현, 신재민 공옮김",세종의학,2017,510.73 해298ㅇ이,9789000000000,https://search1.kakaocdn.net/thumb/R120x174.q85/?fname=http%3A%2F%2Ft1.daumcdn.net%2Flbook%2Fimage%2F1469934%3Ftimestamp%3D20240322113840, 이 책은 의학통계에 대해 다룬 도서입니다. 의학통계의 기초적이고 전반적인 내용을 학습할 수 있도록 구성했습니다.,"['대학교재/전문서적', '의약학간호계열', '사회의학', '의학 통계학']"
10732,(이종필의 아주 특별한)상대성이론 강의,이종필 지음,동아시아,2018,420.12 이75ㅅ,9788960000000,https://search1.kakaocdn.net/thumb/R120x174.q85/?fname=http%3A%2F%2Ft1.daumcdn.net%2Flbook%2Fimage%2F872219%3Ftimestamp%3D20230201142616,"평범한 회사원부터 대학생, 주부 그리고 할머니에 이르기까지 수학과 물리학에는 문외한에 가까운 사람들이 모여 아인슈타인 장 방정식 풀기 도전에 나섰다. 일명 ‘아인슈타인 만들기 프로젝트’ 2009년 시작된 이 말도 안 되는 프로젝트의 목표는 일반상대성이론 100주년이 되는 2015년까지 일반상대성이론의 핵심인 아인슈타인의 중력장 방정식을 수학으로 푸는 것. 이 책 『이종필의 아주 특별한 상대성이론 강의』는 아주 독창적인 프로젝트의 기승전결을 고스란히 담았다. 수학이라면 고등학교 이후로 공부해본 적 없는 사람들이 모여 토요일 오후 3시부터 다섯 시간 동안 수업을 듣는다. 내용은 고등학교 수학부터 미적분 그리고 대학 수학과 물리학을 거쳐 일반상대성이론의 장 방정식까지 푸는 것이다. 한 달에 한 번씩 1년 동안 총 12번의 강의를 들어야 한다. 책은 프로젝트를 진행하게 된 배경과 더불어 집합부터 인수분해와 함수를 거쳐 미적분, 선형대수학, 고전물리 그리고 아인슈타인의 상대성이론과 그 해인 프리드만 방정식을 통해 시공간의 비밀과 우주의 진화를 수학적으로 이해하는 과정을 자세하게 담아내고 있다. 책에 나오는 수식이 일반인들이 이해하기에 쉬운 것은 아니지만, 가장 간결하고 정확한 언어인 수학을 통해 우주의 기원과 시공간의 비밀을 직관적으로 이해할 수 있는 특별한 경험을 선사한다.","['과학', '물리학', '상대성이론']"
10733,수학으로 보는 우주. 132,"일본뉴턴프레스 [편집]; 강금희, 이세영 공번역",아이뉴턴,2019,408 뉴884 v.132,9791160000000,https://search1.kakaocdn.net/thumb/R120x174.q85/?fname=http%3A%2F%2Ft1.daumcdn.net%2Flbook%2Fimage%2F5103510%3Ftimestamp%3D20250404135912,"우주와 천체의 아름다움이 가득 담긴 천체 사진은 우리 모두를 감동시키기에 충분하다. 그러나 동시에 그 불가사의한 모습은 여러 가지 의문을 떠올리게 하기도 한다. ‘그 천체는 얼마나 멀리 있으며 실제 크기는 어느 정도일까?’ ‘구조는 어떠하며 어째서 그런 모양이 되었을까?’ ‘과연 무엇으로 이루어져 있을까?’ ‘언제 생겼으며 어떻게 진화해 왔을까?’ 이러한 여러 가지 의문에 답하는 것이 바로 천문학이다. 이들 의문에 답하기 위해서는 먼저 거리와 크기, 질량, 나이, 또는 에너지와 속도 등 ‘물리량’을 수치로 파악해야만 한다. 숫자로 표현되지 못하는 사물은 아무리 이해하려고 해도 제대로 할 수 없으며, 결국 헛된 이야기나 공상에 그쳐 버린다. 이 책에서는 여러 가지 천문 현상에 대해 먼저 그 물리적 이치를 알기 쉽게 설명한다. 그리고 그들을 나타내는 물리량이 어떻게 측정되고 계산되는지에 대해 예를 들면서 소개한다. 계산은 대부분 곱셈이나 나눗셈으로 되어 있는데, 다소 어려운 미적분 등도 종종 나온다. 그러나 대략적인 의미를 파악할 수만 있다면, 세세한 부분에 얽매이지 말고 건너뛰어 앞으로 나아가기 바란다. 각각의 장은 대략 지구로부터의 거리에 따른 순서로 구성되어 있다. 하지만 반드시 순서를 따를 필요 없이 각자 흥미를 느끼는 천체나 현상부터 읽어도 된다. ‘좀 더 알고 싶다!’라는 이름의 보충 학습 자료 코너도 마련해, 쉬면서 읽을 수 있는 주제를 다루었으니 함께 익히기 바란다.","['과학', '기초과학/교양과학']"
10734,(그림으로 물리의 원리를 배운다)중고등학교 물리. 129,"일본뉴턴프레스 [편집]; 강금희, 이세영 공번역",아이뉴턴,2019,408 뉴884 v.129,9791160000000,https://search1.kakaocdn.net/thumb/R120x174.q85/?fname=http%3A%2F%2Ft1.daumcdn.net%2Flbook%2Fimage%2F4973266%3Ftimestamp%3D20250401130547,"물리(물리학)는 자연계에 숨어 있는 ‘법칙’을 탐구하는 학문이다. 인류는 지금으로부터 약 5700년 전에 최초의 수레바퀴를 발명했다. 당시로서는 최첨단의 운송 수단이었다. 수레바퀴의 탄생 배경에는, 둥근 수레바퀴를 사용하면 땅과 지면 사이의 마찰력이 크게 줄어든다는 물리 법칙이 숨어 있었다. 인류는 이처럼 오랜 세월 동안 발견해 온 수많은 ‘물리 법칙’을 활용해서 지금은 우주 공간에 탐사선을 날려 보내고, 자동차를 달리게 하며, 컴퓨터와 스마트폰으로 여러 가지 정보를 실시간으로 주고받는 수준에 이르렀다. 5700년 전의 고대인은 상상도 못했을 과학 혁명이 이루어진 셈이다. 이러한 수많은 성과는 물리 법칙, 즉 물리학에 대한 이해 없이는 이 세상에 존재할 수 없는 것이었다. 그런데 물리학에서 다루는 분야는 대단히 넓고 다양하다. 그중에서도 ‘힘과 운동, 파동, 전기와 자기, 기체와 열, 원자’의 다섯 영역은 기본이면서도 핵심적인 역할을 한다. 그래서 중고등학교에서도 다섯 가지 영역을 매우 중요하게 다룬다. 이 책은 위에서 말한 다섯 가지 영역의 내용을 230여 컷의 컬러 그림과 사진을 바탕으로 설명하는 ‘중고등학교 물리’의 맞춤 해설서이다. 과학의 원리를 이해하는 데 시각 자료의 중요성은 더 이상 강조할 필요가 없을 것이다. 과학 잡지 《Newton》은 과학의 원리를 정밀한 일러스트레이션과 사진으로 설명하는 ‘Graphic Science Magazine’으로 널리 알려져 있다. 과학 잡지와 교재를 만드는 《Newton》의 노하우는 이 책 《중고등학교 물리》에서도 여실히 발휘되었다. 《Newton》이 제작한 세계 최고 수준의 일러스트레이션과 사진 자료는, 내용의 핵심을 명쾌하게 설명하는 전문가의 해설과 합쳐져 학생들에게 과학의 원리를 눈으로 확인시켜 주는 좋은 안내자가 될 것이다. 이 책이 물리를 공부하는 학생들의 책상에서 충실한 벗이 되기를 기대한다.","['과학', '물리학', '쉽게 배우는 물리학']"
10735,원리로 배우는 수학. 125,"일본 뉴턴프레스 [편집]; 강금희, 이세영 공번역",아이뉴턴,2018,408 뉴884 v.125,9791160000000,https://search1.kakaocdn.net/thumb/R120x174.q85/?fname=http%3A%2F%2Ft1.daumcdn.net%2Flbook%2Fimage%2F4835682%3Ftimestamp%3D20250408130137,"수학은 학교에서 배우는 그 어떤 과목보다도 논리가 바탕이 되는 과목이다. 따라서 기본 원리를 확실히 익히는 것이 무엇보다 중요하다. 그런데 ‘수’학의 기본은 ‘수’이다. 도형과 함께 수는 수학의 주요 탐구 대상이다. 1, 2, 3, 4, … 이렇게 단순히 이어지는 것처럼 보이는 수에도 사실은 여러 종류가 있다. 실수와 허수, 유리수와 무리수, 정수와 소수(小數) 등이 바로 그것이다. 뿐만이 아니다. 앞서 말한 것 이외에도 ‘1과 자신으로만 나누어지는 소수(素數), 지수, 로그(log), 원주율 π, √(근호), 연분수 등 특별한 수와 그에 관련된 다양한 개념도 수학의 중요한 부분을 차지한다. 《원리로 배우는 수학(수의 원리편)》은 수를 주제로 이루어지는 수학의 세계를 기초부터 응용에 이르기까지 원리를 바탕으로 탐구하는 책이다. 책은 총 7개의 장으로 나누어져 있다. 제1장에서는 소수(素數)를 다룬다. 소수의 정의와 발견법, 소수의 개수, 기묘한 특성을 가진 소수와 함께, 소수가 현대 사회에서 ‘암호’라는 중요한 역할을 하는 것까지도 모두 살펴본다. 제2장부터 제4장까지는 √(근호)와 무리수, 지수와 로그, 허수에 대해 알아본다. 유리수와 무리수, 원주율 π 및 지수와 로그의 법칙 등 중고등학교 수학에서 배우는 핵심 내용을 원리적인 측면에서 상세히 설명함으로써, 앞으로 만나게 될 다양한 응용 상황에도 자신 있게 대할 수 있도록 구성했다. 허수에서는 그 정의와 활용은 물론, 허수가 양자 역학과 함께 현대 문명의 한 축을 떠받치고 있는 사례까지도 소개한다. 제5장~7장에서는 수에 관한 더욱 깊은 응용의 사례를 소개한다. 무한히 계속되는 수, ‘세계에서 가장 아름다운 식’이라고 불리는 오일러의 등식, π와 허수 단위 i와 삼각 함수의 관계 등, 수학의 오묘한 원리를 새삼 깨달을 수 있는 사례에 대해 알아본다. 아울러 수식으로 표현되는 다양한 곡선과 그것들이 우리의 실생활에서 이용되는 현장도 함께 제시해, 수학이 우리의 생활과 동떨어진 것이 아님을 다시 확인시켜 준다. 수의 다양한 특성과 응용 사례를 소개하는 이 책이 독자들의 친근한 벗이자 충실한 안내자가 되기를 바라마지 않는다.","['과학', '기초과학/교양과학']"
10736,(그림으로 원리를 배운다)중고등학교 화학. 122,"일본 뉴턴프레스 [편집]; 강금희, 이세영 공번역",아이뉴턴,2019,408 뉴884 v.122,9791160000000,https://search1.kakaocdn.net/thumb/R120x174.q85/?fname=http%3A%2F%2Ft1.daumcdn.net%2Flbook%2Fimage%2F3752440%3Ftimestamp%3D20250409113848,"화학의 원리를 눈으로 본다 이 세상 무슨 일이든지 ‘원리를 알면 쉽다’. 중고등학교에서 배우는 화학은 학년이 올라갈수록 배우는 내용의 양과 깊이가 상당하다. 그래서 기초를 제대로 다지지 않으면, 그 뒤에 전개되는 다양한 내용을 이해하기 어렵게 된다. 특히 화학은 눈에 보이지 않는 현상의 변화를 다루는 과목이다. 자칫 어려워 보일 수도 있지만, 사실 화학은 놀라울 만큼 단순한 원리를 바탕으로 이루어져 있다. 이 책은 물질을 만드는 원자의 이야기부터 시작해 화학의 ‘안내도’인 주기율표와 원소의 특징, 화학 결합과 화학 반응, 그리고 탄소가 주역인 유기 화학의 내용을 기초부터 응용까지 상세히 소개한다. 제1장에서는 물질의 근원인 원자를 분석한다. 원자핵과 전자, 전자의 역할, 원소와 원자의 개념을 정리한다. 제2장에서는 화학의 기본이자 기둥인 주기율표의 원리를 알아본다. 전자 배치의 원리, 이온, 금속, 전이 원소, 비활성 기체, 희토류, 불꽃 반응의 원리 등을 통해 주기율표를 완전히 이해할 수 있다. 제3장에서는 화학 결합을 배운다. 원자와 분자의 결합, 물질 상태의 변화, 기체의 성질과 고체의 구조, 몰(mol)의 개념, 반도체 등에 대해 알아본다. 제4장의 주제는 이온과 화학 반응이다. 이온의 정체와 결합의 법칙, 삼투압, 산과 염기, 중화와 염, 산화와 환원 등의 기본 원리를 다룬다. 마지막으로 제5장에서는 탄소가 만들어 내는 유기 화학을 설명한다. 유기 화학에서 탄소가 ‘활약’할 수 있는 과학적 배경과 함께 유기물의 ‘골격과 장식’, 이성질체, 인공 유기물, 그리고 석유 화학과 약학의 관계 등도 상세히 알아본다. 400여 컷에 이르는 세계 최고 수준의 그림과 사진, 상세하고도 쉬운 설명으로 이루어진 이 책이 화학을 배우는 학생이나, 화학의 내용을 새로 정리하려는 분 모두에게 큰 도움을 주리라는 점을 믿어 의심치 않는다.","['과학', '기초과학/교양과학']"
10737,시간은 흐르지 않는다,카를로 로벨리 지음; 이중원 옮김,쌤앤파커스,2019,420 로44ㅅ이,9788970000000,https://search1.kakaocdn.net/thumb/R120x174.q85/?fname=http%3A%2F%2Ft1.daumcdn.net%2Flbook%2Fimage%2F4955255%3Ftimestamp%3D20240830131243,"시간에 관한 우주의 거대한 이야기가 온전히 담겨 있는 『시간은 흐르지 않는다』. 양자중력 이론의 선구자이자 세계적인 물리학자 카를로 로벨리의 세 번째 책으로, ‘시간이란 도대체 무엇일까?’, ‘시간이 흐른다는 것은 실제로 어떤 의미일까?’, ‘우리가 이곳에서 경험하는 시간과 우주의 시간은 다른 것일까?’, ‘왜 과거는 떠올릴 수 있고 미래는 떠올릴 수 없을까?’와 같은 질문들에 대한 충실한 답변을 담고 있다. 1부에서는 지금까지 현대 물리학이 시간에 대해 알아낸 것을 요약했다. 어디서든 동일하게, 과거와 현재, 미래의 순서로 벌어진다고 생각하는 사건들, 과거는 이미 정해졌고 미래는 아직 오지 않았다는 상식들이 모두 틀렸다는 것을 낱낱이 드러낸다. 2부에서는 시간이 없는 세상으로 떠난다. 사물이 아닌 사건으로 이루어진 세상, 인간의 문법에만 존재하는 과거-현재-미래, 시간이라는 변수가 없는 세상…. 이제 공간과 시간은 세상을 담는 틀이나 용기의 형태를 취하지 않게 된다. 3부에서는 1부와 2부에서 파괴한 시간을 되돌려 그 원천을 다시 찾고 이 긴 여행의 도착점을 우리 자신, 나라는 존재로 하여 돌아온다. 뉴턴에 의해 근대 물리학이 등장한 이래로 물리학의 발전이 우리의 시간관념을 어떻게 변화시켰는지까지 이야기하는 이 책은 일종의 시간 역사서이기도 한데, 여기서 더 나아가 저자는 새로운 양자중력 이론의 도입을 통해 지금까지의 시간에 대한 우리의 이해를 새롭게 확장시킨다.","['과학', '물리학', '물리학 일반']"
10738,늑대의 지혜,엘리 H. 라딩어 지음; 전은경 옮김,생각의힘,2018,499.746 라28ㄴ전,9791190000000,https://search1.kakaocdn.net/thumb/R120x174.q85/?fname=http%3A%2F%2Ft1.daumcdn.net%2Flbook%2Fimage%2F1619397%3Ftimestamp%3D20230726165047,"독일 아마존·슈피겔 베스트셀러 전 세계 15개국 판권 수출 화제작! 길을 잃었을 때 나침반이 되어주는 늑대의 지혜를 만나다! 인류는 왜 원숭이가 아니라 늑대를 택했을까? 사회생활에서 인간보다 더 인간적인 늑대 그들은 장난 심한 익살꾼이자 인간의 위대한 스승이다 “가족을 사랑하라, 당신에게 맡겨진 이들을 돌보라, 절대 포기하지 말라, 노는 일을 결코 중단하지 말라.” 이 책에서 소개하는 ‘늑대들의 원칙’이다. 늑대들은 늙은 늑대와 부상당한 늑대를 정성껏 돌보고, 새끼들을 사랑으로 양육하며, 놀 때 모든 것을 잊고 몰입하는 특별한 능력이 있다. 늑대는 생각하고 꿈을 꾸며 계획을 세우고 서로 소통하며, 다른 그 어느 동물보다도 우리 인간과 비슷하다. 세계적인 늑대 전문가인 엘리 H. 라딩어는 가족의 의미와 신뢰, 인내심, 지도력, 신중함, 실패나 죽음을 대하는 방식처럼 우리가 삶에서 갖춰야 할 가치의 본보기를 늑대들이 체현하고 있음을 설득력 있게 보여준다. 이 책을 읽고 나면 늑대의 삶에 대해 지금까지 알려지지 않았던 놀라운 지식을 알게 되고 또 늑대가 인간이라면 어쩌면 우리보다 훨씬 더 나은 인간이 될지도 모른다는 사실을 받아들이게 된다.","['과학', '동물과 식물', '동물 일반']"
10739,떨림과 울림,김상욱 지음,동아시아,2018,420.04 김52ㄸ,9788960000000,https://search1.kakaocdn.net/thumb/R120x174.q85/?fname=http%3A%2F%2Ft1.daumcdn.net%2Flbook%2Fimage%2F4366516%3Ftimestamp%3D20250323122444,"‘물리’라는 과학의 언어를 통해 세계를 읽고 생각하는 또 다른 방법을 안내하는 『떨림과 울림』. 빛, 시공간, 원자, 전자부터 최소작용의 원리, 카오스, 엔트로피, 양자역학, 단진동까지 물리에서 다루는 핵심 개념들을 차분히 소개하면서 물리라는 새로운 언어를 통해 우리 존재와 삶, 죽음의 문제부터 타자와의 관계, 세계에 관한 생각까지 새로운 틀에서 바라볼 수 있게 안내한다. 우리의 몸과 마시는 공기, 발을 딛고 서있는 땅과 흙, 그리고 매일 마주하는 노트북 모니터와 휴대전화까지. 세계의 모든 존재들은 모두 ‘원자’라는 아주 작은 단위로 이루어져 있다. 저자는 이 작고도 작은 단위까지 내려가 우리 존재부터 우주라는 커다란 세계까지 들여다보고 질문하고 우리가 생각의 타래를 열 수 있게 해준다.","['과학', '기초과학/교양과학']"
10740,에이트,이지성 지음,차이정원,2019,331.5412 이78ㅇ,9791190000000,https://search1.kakaocdn.net/thumb/R120x174.q85/?fname=http%3A%2F%2Ft1.daumcdn.net%2Flbook%2Fimage%2F5109154%3Ftimestamp%3D20250401133434,"인공지능이 인간을 넘어서는 시대, 무엇을 준비할 것인가? 또 어떻게 살아남을 것인가? 세상을 지배하는 0.1%의 인문고전 독서법을 소개한 《리딩으로 리드하라》, 5천 년 역사를 만든 동서양 천재들의 사색공부법을 내세우며 전작의 실전편이라 할 수 있는 《생각하는 인문학》을 선보인 이지성이 그 무엇과도 대체되지 않는 삶을 선택하기 위해 노력하는, 이 시대 모든 사람들에게 세계 상위 0.01%가 실천 중인 ‘에이트’를 제안하는 『에이트』. 이 책은 총 3장으로 이루어져 있다. 1장에서는 실리콘밸리와 하버드의 움직임, 메이지 유신 이후 2차 흑선인 일본의 교육혁명 등을 통해 인공지능이 없으면 무엇도 할 수 없는 시대가 오고 있음을 명명백백히 알리고, 2장에서는 실제 인공지능과 사람의 대결을 소개하며 앞으로 10년 뒤에는 우리 자리가 위협당할 수도 있음을 경고한다. 그리고 대체될 수밖에 없는 대한민국의 현주소를 진단한다. 그렇다면 어떻게 해야 인공지능에게 지시를 받는 게 아닌 지시를 내리는 사람이 될 수 있을까? 마지막 3장에서 저자는 인공지능이 가질 수 없는 인간 고유의 능력이 곧 공감 능력과 창조적 상상력임을 역설하며 세계 상위 0.01%가 실천 중인 대응법 ‘에이트’를 제안한다. ‘디지털을 차단하라’, ‘인간 고유의 능력을 일깨우는 무기, 철학하라’, ‘바라보고, 나누고, 융합하라’, ‘나에서 너로, 우리를 보라’ 등의 실천 방안을 안내하며 그 무엇과도 대체되지 않는 삶을 살아갈 수 있도록 이끌어준다.","['자기계발', '성공', '성공학']"
10741,천천히 재생,정석 지음,메디치미디어,2019,539.7 정54ㅊ,9791160000000,https://search1.kakaocdn.net/thumb/R120x174.q85/?fname=http%3A%2F%2Ft1.daumcdn.net%2Flbook%2Fimage%2F5063122%3Ftimestamp%3D20240718141643,"개발의 흔적에 허덕이는 도시를 치유하고, 소멸 위기의 마을을 살리는 다양한 비법 『천천히 재생』. “도시는 무엇이고, 도시에서 우리는 어떻게 살아야 하는가?”라는 본원적인 질문을 건네며 도시를 진정 살아 있는 공간으로 바꾸기 위해, 무엇보다 그 안에서 행복하고 지속가능한 삶을 살기 위해 재생 시대, 우리에게 필요한 화두를 던진다. 1장과 2장은 도시를 재생하는 방법을 논하기에 앞서 되살려야 할 우리 도시가 과연 무엇인지에 대해 묻는다. 3장과 4장은 삶터 되살리기에 나선 일본과 한국의 다양한 사례를 담았다. 마지막 장은 내 몸 건강에서부터 시작해 스스로 찾고 지켜내야 누릴 수 있는 행복의 비결을 담았다. 저성장과 인구 감소를 겪고 있는 지금, 도시는 새로운 관점을 필요로 한다. 저자는 개발에서 재생으로, 도시에서 삶터로, 생각의 무게중심을 바꿀 것을 제안하며, 재생 시대의 궁극적인 삶의 지향을 행복에서 찾는다. 개발 시대의 시대정신이 국가나 도시의 성장이었다면, 재생 시대의 시대정신은 시민의 행복에 있음을 일깨우며 새로운 삶을 모색하고 지속가능한 네트워크를 만들어가는 사람들의 이야기로 끝을 맺는다.","['인문학', '교양 인문학']"
10742,(선생님과 함께하는)국토 체험 1박 2일,이두현 지음,푸른길,2016,981.102 이26ㄱ,9788960000000,https://search1.kakaocdn.net/thumb/R120x174.q85/?fname=http%3A%2F%2Ft1.daumcdn.net%2Flbook%2Fimage%2F877627%3Ftimestamp%3D20230819162122,"선생님과 함께하는 『국토 체험 1박 2일』. 국토 여행을 하면서 볼 수 있는 자연환경과 인문환경의 기본적인 요소를 알기 쉽게 서술하고 있다. 동계 올림픽을 개최하게 된 한국의 알프스 평창에서부터 10년이 젊어지게 된다는 양구, 세계자연유산이며 지질공원인 제주도까지, 어렵게만 느껴졌던 주제를 친근하게 안내한다. 뿐만 아니라 각 지역마다 지리, 역사, 문화, 경제, 과학 등을 바탕으로 수업 시간에 다루었던 교과 내용과 접목하여 실질적인 국토 체험 안내서의 역할을 한다. 또한 최근 교육의 새로운 패러다임인 STEAM 교육의 대표적이고 기본적인 사례를 제시하여, 융합교육을 통한 체험 활동을 진행할 수 있다.","['청소년', '청소년 자기계발']"
10743,반일 종족주의,이영훈 외 지음,미래사,2019,340.911 이94ㅂ,9788970000000,https://search1.kakaocdn.net/thumb/R120x174.q85/?fname=http%3A%2F%2Ft1.daumcdn.net%2Flbook%2Fimage%2F4973890%3Ftimestamp%3D20240514130311,"“더 이상 외면할 수 없는 기억과의 투쟁, 그 진실된 역사에 대한 명쾌한 응답!” 아무런 사실적 근거 없이 거짓말로 쌓아올린 샤머니즘적 세계관의, 친일은 악(惡)이고 반일은 선(善)이며 이웃 나라 중 일본만 악의 종족으로 감각하는 종족주의. 이 반일 종족주의의 기원, 형성, 확산, 맹위의 전 과정을 국민에게 고발하고 그 위험성을 경계하기 위한 바른 역사서!","['역사', '한국사 일반']"
10744,도시의 발견,정석 지음,메디치,2019,331.47 정54ㄷ,9791160000000,https://search1.kakaocdn.net/thumb/R120x174.q85/?fname=http%3A%2F%2Ft1.daumcdn.net%2Flbook%2Fimage%2F1574168%3Ftimestamp%3D20240814113335,"도시의 주인인 시민에게 건네는, 시민에게 필요한 도시학개론 『도시의 발견』. 저자가 동네 아저씨로, 시민으로 살아온 일상에서부터 20여 년간 도시 연구를 통해 쌓아온 도시 DIY의 노하우와 도시 철학을 담은 책이다. 서울 북촌 한옥마을 가꾸기 사업, 인사동 보전 등 이곳저곳에서 20여 년간 도시 프로젝트를 수행해온 도시설계 전문가인 저자 정석은 도시를 움직이는 힘이 자본과 권력에서 시민으로 옮겨와야 한다고 주장한다. 그리고 그 방법은 도시가 정치적 공간임을 발견하고, 시민이 정치적으로 행동하는 것이다. 이것이 어렵고 먼 이야기가 아님을 우리나라의 여러 지방자치 단체(서울, 전주, 수원, 성남 등)의 사례와 프랑스, 미국, 브라질 등의 사례에서 보여주고 있다. 시민들이 도시를 바꾼 이야기를 통해 저자는 정치적 시민이 될 것을 주문하고 있다.","['인문학', '교양 인문학']"
10745,찻잔 속 물리학,헬렌 체르스키 지음; 하인해 옮김,북라이프,2018,420 체297ㅊ하,9791190000000,https://search1.kakaocdn.net/thumb/R120x174.q85/?fname=http%3A%2F%2Ft1.daumcdn.net%2Flbook%2Fimage%2F1644978%3Ftimestamp%3D20250328113956,"“주방에서나 우주에서나 물리학의 패턴은 똑같다!” 런던 대학교 물리학 교수이자 BBC 과학 다큐멘터리 진행자가 부엌에서, 정원에서, 길가에서 발견한 과학의 즐거움 블루베리는 푸른색인데 블루베리 잼은 왜 붉은색일까? 팝콘과 날씨의 공통점은 무엇일까? 전갈과 자전거를 타는 사람이 사막에서 함께 살아남는 방법은? 이 질문들은 우리에게 왜 중요할까? 우주의 온도에 대해서는 한 번도 생각해보지 않은 사람도 토스터를 보면 식빵이 왜 뜨거워지는지 알 수 있다. 《찻잔 속 물리학》은 이렇게 주방에서나 우주에서나 보편적으로 작용하는 물리학 법칙들을 통해 일상에서 마주치는 소소한 일들과 우리가 사는 더 큰 세상을 연결해보는 과학 에세이다. 기체법칙, 중력, 표면장력, 파장 등 세계를 움직이는 8가지 보편적 물리 법칙을 팝콘, 타워브리지, 거품 입욕제, 서핑 같은 우리 주변의 친근한 사물들을 매개로 만나볼 수 있다. 런던 대학교 물리학자이자 BBC 과학 다큐멘터리 진행자인 저자 헬렌 체르스키는 일상적인 행위와 자연 곳곳에 숨어 있는 과학의 경이로움을 발견하는 데 탁월한 재능을 보인다. 제빵 수업을 받거나 빨대로 음료수를 마시면서, 정원에서 달팽이를 관찰하거나 스프링보드에서 다이빙을 하면서 우리가 자주 접하면서도 깊이 생각해보지는 않았던 현상들에서 시작된 물리학 법칙이 가장 중요한 과학과 기술에 어떻게 적용되는지 쉽게 이해할 수 있도록 도와준다. “세상은 물리학 패턴으로 이루어진 모자이크다.” 일상에서 과학을 배우는 것은 세상에 대한 지식을 얻는 지름길! 헬렌 체르스키는 바위마다 빗방울마다 모래 알갱이마다 숨어 있는 과학의 신비를 훌륭하게 밝혀준다. - 조던 엘렌버그(《틀리지 않는 법》 저자) 헬렌 체르스키는 물리학의 기본 법칙들을 알면 세상은 장난감 상자가 된다고 말한다. 그녀의 발길은 집 안의 부엌에서 시작해 정원, 숲속, 바다를 거침없이 누빈다. 부엌에서 팝콘을 튀기며 기체법칙을 생각하고 정원에서 달팽이를 관찰하며 점성을 떠올린다. 또 폭풍이 일 때 해수면에서 생기는 물리학 현상을 연구하기 위해 배를 타고 바다에 나가서는 실험 장비용 배터리를 통해 전기에너지와 에너지보존법칙을 설명해준다. 그녀의 이야기는 시간을 넘나들며 이어진다. 1665년 현미경이라는 놀라운 장치의 잠재력을 소개한 최초의 과학 베스트셀러 《미크로그라피아》를 발표한 로버트 훅, 여성은 집에 있는 것이 당연했던 19세기 말 표면장력을 실험한 여성 사상가 아그네스 포켈스, 1930년대 로켓 우편을 실험한 게르하르트 주커 등 역사 속 과학자들의 이야기를 생생하게 되살려낸다. 특히 체르스키는 주방이나 정원, 길가에서 발견한 과학적 사실이 어린아이에게나 중요한 오락거리라고 말하는 사람들에게 물리학의 ...원리는 어디에서나 똑같이 작용한다는 점을 상기시키면서 일상에서 과학을 배우는 것이야말로 세상에 대한 지식을 얻는 지름길임을 강변한다. 과학을 잘 아는 사람이든 전혀 모르는 사람이든, 교실에서 어려운 물리학 수업을 듣는 것이 아니라 똑똑하고 매력적인 친구와 산책하며 이야기를 나누는 기분으로 이 책을 읽을 수 있을 것이다. 평범한 일상을 특별하게 해석하는 8가지 보편적 물리 법칙 ‘제1장 팝콘과 로켓: 기체법칙’에서는 옥수수 알갱이를 팝콘으로 만들고 날씨를 변화시키는 기체법칙에 대해 알아본다. ‘제2장 올라간 것은 반드시 내려온다: 중력’에서는 다이빙, 식물이 자라는 방향, 저울, 티라노사우루스, 타워브리지 등을 통해 중력을, ‘제3장 작은 것이 아름답다: 표면장력과 점성’에서는 작은 세계에서 중력이나 관성보다 크게 작용하는 힘인 표면장력과 점성을 살펴본다. ‘제4장 최적의 순간을 찾아서: 평형을 향한 행진’은 물리학 세계의 유일한 목적지인 ‘평형상태’를 ‘제5장 파도에서 와이파이까지: 파장의 생성’은 서핑, 다이아몬드, 토스터, 돌고래 등을 통해 파동과 파장을 다룬다. ‘제6장 오리는 왜 발이 시리지 않을까?: 원자의 춤’에서는 브라운과 아인슈타인을 시작으로 원자에 대해 알아보고 ‘제7장 스푼, 소용돌이, 스푸트니크: 회전의 규칙’에서는 회전과 관계된 물리법칙들을, ‘제8장 반대편끼리 끌어당길 때: 전자기’에서는 우리를 둘러싸고 있는 전자기에 대해 살펴본다. 마지막으로 ‘제9장 우리는 무엇으로 사는가: 인간, 지구, 문명’에서는 이러한 물리학 법칙을 토대로 물리적 구조가 같은 인간, 지구, 문명의 세 시스템에 대해 이야기한다.","['과학', '물리학', '쉽게 배우는 물리학']"
10746,지구의 절반,에드워드 윌슨 지음; 이한음 옮김,사이언스북스,2017,472.5 윌57ㅈ이,9788980000000,https://search1.kakaocdn.net/thumb/R120x174.q85/?fname=http%3A%2F%2Ft1.daumcdn.net%2Flbook%2Fimage%2F1167938%3Ftimestamp%3D20240531114043,"『지구의 절반』은 지구가 처한 문제를 진단하고, 종종 존재하지 않는 것으로 치부되고는 하지만 실은 진짜 살아 있는 생물들의 이야기에 귀 기울이며, 해결책을 모색하는 세 부로 구성되어 있다. 1부 「문제」는 ‘여섯 번째 대멸종’이라 불리는 사건이 임박했다는 암울한 전망에서 출발한다. 2부 「진짜 살아 있는 세계」에서는 이처럼 “진정한 야생이란 더는 존재하지 않는다.”라는 인류세 지지자들의 허황된 믿음과는 달리, 진짜로 살아 숨 쉬는 생물들을 현장에서 대하는 자연사 학자들의 연구를 접할 수 있다. 3부 「해결책」은 과학에 기반을 둔 사유를 바탕으로 여섯 번째 대멸종을 막기 위한 해결책을 논한다.","['과학', '생명과학', '생태학']"
10747,전체를 보는 방법,"존 H. 밀러 지음; 정형채, 최화정 공옮김",에이도스,2017,003 밀294ㅈ정,9791190000000,https://search1.kakaocdn.net/thumb/R120x174.q85/?fname=http%3A%2F%2Ft1.daumcdn.net%2Flbook%2Fimage%2F1614708%3Ftimestamp%3D20250214113758,"복잡한 세상을 부분이 아닌 전체를 볼 수 있는 방법을 제시하는 『전체를 보는 방법』. 상호작용, 피드백, 이질성, 소음, 분자 지능, 집단 지성, 네트워크, 스케일링, 협력, 자기조직화 임계성 등 복잡계를 지배하는 핵심 원리 10가지를 통해 기존의 과학적 방법과는 다른 하나의 접근법으로 또 상호보완적인 사유방식으로 복잡계 과학을 설파한다. 기복이 심한 지형에서 높은 곳을 탐색하는 알고리즘을 신약 개발을 위한 혼합제제 연구에 이용하는 사례나, 박테리아의 행동을 탐구하는 시뮬레이션, 진화론적으로 협력의 출현을 탐구하기 위한 수학 모델 등 학문적 영감을 주는 주제뿐만 아니라 일반인들이 일상에서 겪는 다양한 사건들을 통해 복잡계의 핵심 원리를 친절하게 설명하고 있다. 우리나라의 복잡계 전문가이자 옮긴이인 정형채 교수의 본문을 해설하는 상세하고 풍부한 주석도 책의 이해를 돕고 있다.","['과학', '기초과학/교양과학']"
10748,저도 과학은 어렵습니다만. 2,이정모 지음,바틀비,2019,404 이74ㅈ v.2,9791200000000,https://search1.kakaocdn.net/thumb/R120x174.q85/?fname=http%3A%2F%2Ft1.daumcdn.net%2Flbook%2Fimage%2F4896407%3Ftimestamp%3D20240601124851,"서울시립과학관 이정모 관장이 일상에서 발견해낸 ‘과학’. 전작 『저도 과학은 어렵습니다만』으로 큰 화제를 낳은 이정모 관장이 전작을 능가하는 신작 『저도 과학은 어렵습니다만 2』를 가지고 돌아왔다. 과학 개념을 알려주고 과학적으로 생각하는 방법을 소개함으로써 과학과 친해지면 삶이 조금은 덜 불안하고, 더 자유로워질 수 있다는 사실을 알려준다. ‘1부 과학의 쓸모’에서는 과학기술을 통해 꿈을 되찾은 사례 등을 들어 과학이 어떤 쓸모가 있는지를 생생하게 보여주고, ‘2부 사랑이 이긴다’에서는 과학이 삶의 무기가 될 수 있음을 입증한다. ‘3부 의심 능력’에서는 그릇된 통념과 잘못된 신화를 바로잡아주고 ‘4부 동물의 도움’에서는 산업화, 도시화 과정에서 멸종되거나 멸종위기에 처했던 동물들을 소개하면서 인간과 동물이 함께 공존하는 길을 모색한다. ‘5부 함께 살 만한 곳’은 이 지구를 함께 살 만한 곳으로 만들 수 있는 노력들을 소개한다. 책의 말미에는 ‘저자 인터뷰’를 실어 전작에 대한 반응, 과학자의 일상, 글쓰기 방법, 독서 편력, 과학관의 역할 등 독자들이 궁금해하는 주제에 대한 저자의 솔직하고 유쾌한 생각을 담아냈다.","['과학', '기초과학/교양과학']"
10749,(어느 칠레 선생님의)물리학 산책,안드레스 곰베로프 지음; 김유경 옮김; 이기진 감수,생각의길:아름다운사람들,2019,420 곰44ㅁ김,9788970000000,https://search1.kakaocdn.net/thumb/R120x174.q85/?fname=http%3A%2F%2Ft1.daumcdn.net%2Flbook%2Fimage%2F4885889%3Ftimestamp%3D20221005042940,"“좋은 와인은 향기를 모아놓은 선집이다. 와인의 향기는 원래 과일 자체의 향도 있지만, 대부분은 양조 과정에서 만들어진다. 향기는 작고 가벼운 분자에서 나오는데 액체 표면에서 쉽게 빠져나오고 공기를 타고 우리 코로 들어온다. 화학자들은 이것을 ‘휘발성 유기 화합물’이라고 부르고, 이것들은 주로 수소와 산소, 탄소, 질소 원자들의 다양한 구조로 되어있다. 와인은 400개 이상의 분자로 이루어지기 때문에 수많은 향기가 난다. 과일과 꽃, 심지어는 연기나 가죽 같기도 한 수많은 향이 난다.” 당신은 한 잔의 와인을 마시면서 이런 생각을 해 본 적이 있는가? 이 작은 와인 잔 속에 온 우주가 담겨 있을 거라고. 와인의 맛과 향을 구성하는 요소들은 모두 빅뱅에서 시작되었다. 이 책은 와인 한 잔이라는 일상의 소재를 통해 자연스럽게 물리학의 세계로 우리들을 안내한다. 와인뿐 아니라 시디, 콘서트홀, 뜨거운 커피 등 우리가 자연스럽게 누리고 있던 현대 사회의 모든 물질들 속에 물리 법칙이 어떻게 작용하고 있는지 알 수 있다.","['과학', '물리학', '물리학 일반']"
10750,(아폴로니우스가 들려주는)이차곡선 2 이야기. 56,송정화 지음,자음과 모음,2019,408 수92 v.56,9788950000000,https://search1.kakaocdn.net/thumb/R120x174.q85/?fname=http%3A%2F%2Ft1.daumcdn.net%2Flbook%2Fimage%2F688029%3Ftimestamp%3D20250403113607,"《아폴로니우스가 들려주는 이차곡선 2 이야기》에서는 타원 및 쌍곡선의 정의부터 꼼꼼하게 살펴보고, 타원의 이심률과 쌍곡선의 특징인 점근선을 소개한다. 게다가 타원과 쌍곡선의 방정식을 유도하는 과정은 물론 두 방정식의 공통점과 차이점을 뭉뚱그리지 않고 하나하나 짚어 간다. 이로써 타원과 쌍곡선에 대한 폭넓은 이해를 돕는다. 독자들은 증명과 확인 과정에서 이차곡선의 아름다움에 한껏 매료될 것이다. -출판사 제공","['청소년', '청소년 수학/과학']"
10751,(아폴로니우스가 들려주는)이차곡선 1 이야기. 45,송정화 지음,자음과 모음,2019,408 수92 v.45,9788950000000,https://search1.kakaocdn.net/thumb/R120x174.q85/?fname=http%3A%2F%2Ft1.daumcdn.net%2Flbook%2Fimage%2F688181%3Ftimestamp%3D20250216113518,"「수학자가 들려주는 수학 이야기」시리즈 제45권『아폴로니우스가 들려주는 무게중심 그리고 회전체 이야기』. 이 책은 고등학교 수학 2에서 배우는 이차곡선에 관한 이야기를 수학자 아폴로니우스가 친근하게 이야기 형식으로 들려준다. 우리 생활 곳곳에서 이차곡선 특히 원과 포물선의 장점이 어떻게 활용되고 있는지 각종 사례와 함께 설명한다. 전체 아홉 시간으로 나누어 원뿔 속에 숨은 곡선, 원뿔곡선의 기원과 발명, 원의 정의와 원의 방정식, 원의 활용, 포물선의 정의와 방정식, 포물선 만들기 등 이차곡선 지식의 많은 것을 알기 쉽게 전달한다. 특히 이차곡선의 핵심적인 내용들을 시각적으로 오래 기억할 수 있도록 재미있는 삽화를 곁들였다. 「수학자가 들려주는 수학 이야기」시리즈는? 유명한 수학자들이 자신의 이론과 역사적 배경, 재미있는 에피소드를 중심으로 수학을 쉽게 이해할 수 있도록 구성했다. 추상적인 수학을 구체적을 갖는 수학으로 변모시킨다. 먼서 수학자의 업적을 개략적으로 소개한 다음, 6~9개의 강의를 통해 수학 개념과 원리들을 해설한다. 학교 수학 교과 과정과 긴밀하게 맞물려 있다.","['청소년', '청소년 수학/과학']"
10752,시민의 물리학,유상균 지음,플루토,2018,420 유52ㅅ,9791190000000,https://search1.kakaocdn.net/thumb/R120x174.q85/?fname=http%3A%2F%2Ft1.daumcdn.net%2Flbook%2Fimage%2F1650732%3Ftimestamp%3D20221005054334,"이 책의 제목인 ‘시민의 물리학’에서 ‘시민’과 ‘물리학’의 조합이 낯설지도 모르겠다. 하지만 꼭 그렇지만도 않다면? 우선 ‘시민’이란 단순히 ‘시(市)’에 사는 구성원을 뜻하기도 하지만, 보통은 한 도시를 넘어 한 국가, 또는 국가마저 넘는 범위의 구성원으로서 정치적인 권리를 갖고 그 권리를 행사하는 사람을 말한다. 동시에 가지고 있는 권리를 제대로, 적극적으로 행사해야 하는 의무도 갖고 있다. ‘시민정신’이나 ‘시민혁명’의 ‘시민’이 이런 의미의 시민일 것이다. 그리고 이 부분에서 물리학으로 대표되는 과학(물리학이 원래 자연을 탐구하는 오래된 학문이므로)과 시민이 만난다. 깨어 있는 시민은 세상을 바꾸는 동력이 되어왔다. 가깝게는 지난 2016년 촛불집회를 통해서도 알 수 있다. 과학 역시 그렇다. 과학의 역사는 세상을 바꿔온 혁명의 역사다. 과학은 한 단계씩 발전할 때마다 새로운 눈으로 세상을 다시 보게 해주었고, 인류의 역사를 바꿨다. 지동설은 지구를 우주의 중심에서 몰아냈고, 진화론은 인간의 특별한 지위를 박탈했으며, 만유인력 법칙은 분리되었던 하늘과 땅의 세계를 통합시켰고, 상대성이론은 절대 시공간의 가능성을 끝내버렸으며, 양자역학은 우주가 관찰자와 무관하게 이미 결정되어 있다는 뉴턴의 세계관을 무너뜨렸다. 그리고 이제 현대과학은 기존의 관점을 또 한 번 넘어서 물질과 생명과 인간을 연결 짓는 또 다른 변화의 물줄기를 만들고 있다. 합리적 태도, 비판적 입장, 개방적 자세, 보편성이 과학이 가진 미덕이다. 이러한 과학의 특성이 없었다면 과학은 지금까지 발전해올 수가 없었고, 우리는 여전히 몇 천 년 전 조상들과 그다지 다를 바 없는 삶을 살고 있을 것이다. 시민도 마찬가지다. 앞으로도 갈 길이 멀기는 하지만, 우리 시민이 비판적이고 합리적인 자세로 세상을 바라보고, 포용력 넘치는 개방성과 보편성을 갖추지 못했다면, 과연 지금 같은 기본권을 누리고 세상을 바꾸겠다는 꿈을 꾸며 살아갈 수 있었을까?","['과학', '기초과학/교양과학']"
10753,세상을 바꾼 화학,원정현 지음,리베르스쿨,2019,430 원74ㅅ,9788970000000,https://search1.kakaocdn.net/thumb/R120x174.q85/?fname=http%3A%2F%2Ft1.daumcdn.net%2Flbook%2Fimage%2F920438%3Ftimestamp%3D20230707150016,"화학의 이론 변화를 알면 어렵던 주기율표가 한눈에 보인다! 과학사 교수이자 영재 교육 전문 교사가 알려 주는 화학의 역사! ‘과학’이라는 분야는 절대적이고 변하지 않는 진리를 품고 있는 것처럼 여겨진다. 하지만 학문은 다양한 이론이 등장하면서 변화하였다. 자연과학도 예외는 아니다. 과학 시간에 배우는 과학 개념은 많은 과학자가 세상을 이해하는 방식을 서로 논쟁하고 검증하는 과정을 거쳐 정리한 것이다. 〈세상을 바꾼 과학〉시리즈는 과학 교과서 속의 이론들이 어떻게 만들어졌는지 이야기를 통해 들려준다. 이 책에서 저자는 현재의 과학 이론을 과학의 역사에 자연스럽게 녹여 내 쉽고 재미있게 익힐 수 있도록 했다. 또한 책에 실린 귀여운 삽화와 다양한 시각 자료들은 독자가 과학을 여러 방식으로 이해하도록 돕는다. [세상을 바꾼 과학]시리즈의 두 번째 책인 《세상을 바꾼 화학》에서는 실험, 원소, 원자, 분자, 연소, 주기율표 등 화학의 핵심적인 개념들을 다룬다. 옛사람들은 세상이 무엇으로 만들어졌다고 생각했는지, 현재의 주기율표가 만들어지기까지 어떤 일들이 있었는지, 제2차 세계대전 당시 핵폭탄이 어떻게 만들어졌는지를 알아보자. 화학 역사의 변화를 살피면서 화학 이론을 이해하는 것은 물론, 과학적으로 사고하는 법도 익히게 될 것이다.","['과학', '화학', '쉽게 배우는 화학']"
10754,"새빨간 거짓말, 통계",대럴 허프 지음; 박영훈 옮김,더불어책,2012,310 허897ㅅ박,898799936X,https://search1.kakaocdn.net/thumb/R120x174.q85/?fname=http%3A%2F%2Ft1.daumcdn.net%2Flbook%2Fimage%2F1264696%3Ftimestamp%3D20250205113949,"『새빨간 거짓말, 통계』는 '통계로 사기 치는 방법을 알려주는 일종의 입문서'로 자신의 책을 묘사하며 표본, 평균, 오차, 그래프, 지수 등을 비롯한 민주사회에서 필요한 여러 도구들을 묘사했다. 또 통계전문가들이 즐겨 사용하는 모든 형태의 통계를 제시하여, 표본 연구, 도표화, 인터뷰 기법, 숫자로부터 결론을 추출하는 방법 등을 분석하여 이러한 형태의 통계들이 정보를 전달하기보단 사람을 바보로 만들기 위한 속임수임을 보여준다.","['과학', '수학', '확률/통계학']"
10755,별별 생물들의 희한한 사생활,권오길 지음,을유문화사,2017,472 권65ㅂ,9788930000000,https://search1.kakaocdn.net/thumb/R120x174.q85/?fname=http%3A%2F%2Ft1.daumcdn.net%2Flbook%2Fimage%2F503328%3Ftimestamp%3D20220820171156,"1세대 과학 전도사로서 그간 독자들에게 여러 가지 재미있는 생물 이야기를 알기 쉽게 전달해 온 생물 수필가이자 이야기꾼 권오길의 『별별 생물들의 희한한 사생활』. 지금껏 알지 못했던 신비롭고 놀라운 생물의 사적인 비밀을 저자 특유의 문체와 구수한 입담으로 들려주는 책이다. 토속어와 한글 고유어의 활용은 물론 풍부한 어휘가 여러 생물학적 지식과 잘 버무려져 한 권의 과학책이자 한 권의 이야기책으로 손색이 없다. 위험해지면 테러리스트처럼 폭탄을 터트리는 폭탄먼지벌레부터 인디언 추장의 머리 장식과 비슷한 깃털을 달고 있는 후투티, 물속 호랑이라 불리는 물방개에 이르기까지 여러 생물의 한 살이를 흥미롭게 펼쳐 보인다. 해당 생물명의 어원을 가능한 상세하게 밝혀 그 생물의 특징이나 생태를 쉽게 이해할 수 있도록 했으며, 생물들의 생활사를 들여다보면서 그들만의 과학적 지혜를 배울 수 있도록 했다.","['과학', '생명과학', '생물학']"
10756,늑대가 온다,최현명 지음,양철북출판사,2019,499.746 최94ㄴ,9788960000000,https://search1.kakaocdn.net/thumb/R120x174.q85/?fname=http%3A%2F%2Ft1.daumcdn.net%2Flbook%2Fimage%2F4978018%3Ftimestamp%3D20230907133515,"2002년부터 마흔 번에 가까운 몽골과 카자흐스탄, 타지키스탄의 파미르 고원 여행을 통해 늑대들의 땅을 헤매고 다닌 야생동물 전문가 최현명이 처음으로 늑대를 찾아 떠났던 네이멍구 자치주 45일 동안의 여행 이야기를 들려주는 『늑대가 온다』. 가끔은 네발로 걸으며 늑대 흉내를 내기도 하고 보폭이 넓어진 곳에서는 저 멀리 능선에서 혹은 근처 숲에서 지켜보고 있는 늑대들의 시선을 느끼며 함께 따라 뛴다. 어지러운 발자국들 앞에 엎드려 온몸을 굴속으로 넣었을 때 후두둑 개벼룩이 떨어지고, 식량도 물도 떨어져서 목은 타오지만 돌아가기엔 너무 먼 길을 와버렸다. 그 험한 오지 네어멍구 변경에서 저자와 늑대 이야기가 시작된다. 여행하는 내내 새끼 늑대 두 마리를 키우며 늑대와 늑대 굴을 찾아다닌 이상한 여행. 그 이야기와 더불어 늑대와 개, 양치기의 삼각관계, 어떻게 늑대가 개가 되었는지, 사람들이 왜 늑대를 미워하는지, 한반도에서 늑대는 어떻게 사라졌는지 무수하게 쏟아지는 물음을 찾아간 저자의 흥미로운 이야기까지 만나볼 수 있다.","['과학', '동물과 식물', '동물 일반']"
10757,(교양인을 위한)수학사 강의,이언 스튜어트 지음; 노태복 옮김,반니,2018,410.9 스886ㅅ노,9791190000000,https://search1.kakaocdn.net/thumb/R120x174.q85/?fname=http%3A%2F%2Ft1.daumcdn.net%2Flbook%2Fimage%2F1616344%3Ftimestamp%3D20250301113354,"『교양인을 위한 수학사 강의』은 시간순서대로 각 장마다 한 가지의 주제를 중심으로 수학의 흐름을 설명한다. 수학사는 주제만 가지고 나열할 수도 없고, 시간 순으로만 배열할 수도 없기 때문이다. 수학을 논할 때는 무엇보다 먼저 과거를 말하지 않을 수 없다. 과거의 어느 한 시점에서 시작된 이야기들이 발전을 거듭하면서 지금 현재를 만들고 있기 때문이다.","['과학', '수학', '수학사']"
10758,괴짜 물리학,렛 얼레인 지음; 정훈직 옮김; 이기진 감수,북라이프,2016,420 얼294ㄱ정,9791190000000,https://search1.kakaocdn.net/thumb/R120x174.q85/?fname=http%3A%2F%2Ft1.daumcdn.net%2Flbook%2Fimage%2F1616154%3Ftimestamp%3D20250327113259,『괴짜 물리학』은 저자가 자신의 블로그와 칼럼 등에 연재했던 글 중 가장 인기 있었던 주제 50가지를 선별해 엮은 책이다. 그의 도전 영역은 일상의 사소한 궁금증에서부터 상상력의 한계를 뛰어넘어 광대한 우주의 비밀까지 가리지 않는다. 각종 그래프와 위트 있는 그림도 함께 수록해 복잡한 물리 법칙이나 원리를 잘 알지 못하는 사람들도 읽고 이해할 수 있도록 했다. 이 책은 생각보다 훨씬 우리의 삶 가까이에 있는 물리의 세계를 알아가는 재미를 느끼게 해준다. 스스로를 ‘괴짜 과학자’라 칭하는 저자 렛 얼레인은 자신만의 독특한 시각과 위트 있는 문체로 일대일 강의를 하듯 차근차근 설명해준다. 아울러 메인 질문 외에도 다양한 관점에서 들려주는 다양하고 풍성한 과학 정보들도 가득해 물리학 자체가 낯선 독자들도 부담 없이 읽고 즐길 수 있다.,"['과학', '물리학', '쉽게 배우는 물리학']"
10759,개와 사람의 행복한 동행을 위한 한 뼘 더 깊은 지식,마크 베코프 지음; 장호연 옮김; 최재천 감수,동녁사이언스,2019,527.4186 베875ㄱ장,9788990000000,https://search1.kakaocdn.net/thumb/R120x174.q85/?fname=http%3A%2F%2Ft1.daumcdn.net%2Flbook%2Fimage%2F4849038%3Ftimestamp%3D20230630155608,"2016년 8월, 《뉴욕타임스》의 칼럼니스트 니콜라스 크리스토프는 12년간 동고동락한 반려견이 세상을 떠나자 슬픈 마음을 SNS에 올렸다. 글을 올리자마자 쏟아지는 수많은 격려 덕분에 그는 상실감을 달래고 위안을 얻었다. 바로 그날, 크리스토프는 47만 명이 넘는 희생자를 내고 있는 시리아 내전을 끝내기 위한 국제적 노력을 호소하는 칼럼을 게재했다. 그런데 이 칼럼에 대한 사람들의 반응은 사뭇 달랐다. “대체 우리가 왜 그들을 도와야 하죠?” 하는 냉랭한 반응이 대부분이었다. 세상을 떠난 반려견에 대한 수많은 관심에 비해 굶주림과 폭격에 직면한 몇백만 시리아 어린이들에 대한 사람들의 무관심에 그는 당황할 수밖에 없었다. “시리아 거리에 골든 리트리버가 가득했다면 어땠을까. 쏟아지는 폭탄으로 아무것도 모르는 무기력한 강아지들이 불구가 되는 모습을 사람들이 봤다면 어땠을까. 그래도 우리는 마음을 꽁꽁 닫고 희생자들을 ‘타인’으로 여길까? 여전히 ‘그건 아랍의 문제니 그들이 해결하라’고 말할까?” 그는 이런 생각을 담아 〈여러분은 난민보다 개에 관심이 더 많나요?(You Care More about a Dog Than a Refugee?)〉라는 글을 썼다. 사람들은 이 칼럼을 읽으며 한 반려견의 죽음과 시리아 어린이들의 죽음 사이에 있는 ‘공감 격차’의 문제에 관해 깊은 생각에 빠졌다. ‘카니스 루프스 파밀리아스(Canis lupus familiaris)’. 개의 학명이다. 학명에 ‘가족(familiaris)’이라는 의미가 들어가 있는 것은 개밖에 없다고 한다. 우리는 앞선 이야기를 통해 한 반려견의 죽음을 통해 사람들이 국가, 인종, 종교가 다른 사람들에게 느끼는 ‘공감 격차’를 줄여준다는 것을 확인한다. 멀리 있는 시리아 내전에서 죽는 아이들보다 어느 미국에서 죽은 개의 죽음이 심리적으로 더 가까이 느껴질 정도로 우리는 개를 가족같이 여기고 사랑한다. 우리나라 반려견 인구가 1000만 명을 넘었다고 한다. 2018년 12월 5일 KB금융그룹은 반려동물 1000만 가구 시대를 맞아 전국 1700여 명을 대상으로 진행한 설문조사 내용을 담은 〈2018 반려동물 보고서〉를 발간했는데 이 보고서에 따르면 우리나라 전체 가구 중 25.1%는 현재 반려동물을 기르고 있다고 한다. 국내 반려동물사료시장은 연평균 19.4%의 성장률을 기록하고 있고 동물용 의약품·미용·장묘사업 등 관련 사업들이 큰 호황을 누리고 있다. 집에서 반려견을 키우는 데 드는 비용은 매달 12만 8000원이고 절반 이상의 사람은 집에 혼자 있는 반려동물을 위해 자동먹이장치나 조명센서 같은 첨단 기기를 구입하고 있다. 그 열정만큼 우리는 반려견과 행복하게 살고 있을까?","['과학', '동물과 식물', '동물 일반']"
10760,8일간의 선형대수학,박부성 지음,경문사,2018,412.85 박46ㅍ,9788960000000,https://search1.kakaocdn.net/thumb/R120x174.q85/?fname=http%3A%2F%2Ft1.daumcdn.net%2Flbook%2Fimage%2F845670%3Ftimestamp%3D20241106114143, 이 책은 선형대수학을 다룬 이론서입니다. 선형대수학의 기초적이고 전반적인 내용을 학습할 수 있도록 구성했습니다.,"['대학교재/전문서적', '자연과학계열', '수학']"
10761,세계 시장을 주도할 크로스 테크놀로지 100,닛케이BP사 편저; 이정환 옮김,나무생각,2018,530.911 닛874ㅅ이,9791160000000,https://search1.kakaocdn.net/thumb/R120x174.q85/?fname=http%3A%2F%2Ft1.daumcdn.net%2Flbook%2Fimage%2F1606099%3Ftimestamp%3D20230324154748,"IoT×인프라 갱신, AI×자동운전, 3D프린트×건축, 빅데이터×보험 등 크로스 테크놀로지 시대에는 다양한 테크놀로지의 융합과 재생을 통해 인간과 생활, 사회 인프라, 환경, 산업이 모두 바뀐다 혁신에서 사람 중심의 재생과 가치로 이어지는 크로스 테크놀로지 시대 최근 우리 사회는 모든 분야의 기술이 눈부시게 진보하면서 혁신적 기술들이 실용화되는 것을 직접 목도할 뿐만 아니라 생활 속에서 실제로 다양하고 풍요롭게 누리고 있다. 혁신은 또 다른 혁신을 가져오고 불가능할 것이라 여겼던 많은 기술들에 대해 글로벌 기업들이 경제적 가치를 논하며 개발에 총력을 기울이고 있다. 그러면서도 한편에서는 혁신적 기술에 대한 불안함을 내비치며 몇 가지 질문을 내놓고 있다. 기술 진보가 정말로 인간의 행복에 기여할 것인가? 기계와의 경쟁으로 인간의 고용이 줄어들고 격차가 확산된다면 기술 진보를 무조건 예찬할 수 있겠는가? 새로운 기술은 우리의 생활이나 산업을 얼마만큼 바람직한 방향으로 바꾸어줄 것인가? 최신 기술은 우리의 생활을 풍요롭게 만들고, 질병의 고통으로부터 인류를 구원하고, 여러 가지 불편함으로부터 우리를 해방시킨다. 그 때문에 기술로 인해 이런저런 문제가 발생하더라도 그것을 해결하기 위해 끊임없이 도전하는 것이다. 이제 우리는 기계와의 ‘경쟁’이 아닌 기계와의 ‘공존’을 통해 우리의 미래가 어떻게 달라질 것인지 심도 있게 고민해보아야 한다. 제4차 산업혁명을 통해 기술의 발전과 함께 우리가 또 한 가지 주목해야 하는 부분은 바로 융합과 재생을 통해 새로운 가치들을 생산해내는 기술의 방향이다. 사회 인프라 갱신과 IoT 산업이 융합되고, 제조 분야와 AI, 의학과 AR이 연결된다. 세계 각국에서도 이러한 움직임을 제시하는 슬로건을 내걸고 각종 산업 정책을 내놓고 있다. 독일에서는 산?학?관이 일체가 되어 ‘인더스트리 4.0’을, 미국에서는 제네럴 일렉트릭을 중심으로 ‘인더스트리얼 인터넷’을, 중국에서는 ‘중국제조 2025’를 내놓는 식이다. 일본 경제산업성은 2017년 3월 독일의 하노버에서 개최된 정보통신기술 박람회 ‘세빗 2017’에서 ‘커넥티드 인더스트리스(Connected Industries)’를 발표하며 인간, 사물, 기계, 시스템을 연결하여 새로운 가치를 창출하는 산업의 구축을 지향한다고 밝혔다. 우리 정부에서도 ‘I-KOREA 4.0’이라는 정책 브랜드를 앞세워 사람 중심의 4차 산업혁명 정책을 추진 중이다. 이제는 각각 다른 영역에서 육성되어온 기술들이 서로 융합되어 쌍방의 영역을 바꾸어갈 것이다. 테크놀로지의 융합이 혁신에서 재생과 가치로 이어지는 시대가 왔다.","['경제경영', '경제학/경제일반', '경제사/경제전망', '세계 경제사/경제전망']"
10762,가난한 사람이 더 합리적이다,"아비지트 배너지, 에스테르 뒤플로 공지음; 이순희 옮김",생각연구소:KPI출판그룹,2017,321.89 배194ㄱ이,9788960000000,https://search1.kakaocdn.net/thumb/R120x174.q85/?fname=http%3A%2F%2Ft1.daumcdn.net%2Flbook%2Fimage%2F870651%3Ftimestamp%3D20250401113639,"『가난한 사람이 더 합리적이다』는 세계적 개발경제학자인 아비지트 배너지와 미국의 ‘예비 노벨상’인 존 클라크 메달을 수상한 경제학자 에스테르 뒤플로가 인간 본연의 ‘경제적 합리성’에 초점을 맞춰 가난을 뿌리 뽑을 방법을 다룬 책이다. 빈곤층이 구매하는 상품, 자녀 교육 방식, 자녀수 등을 알아내 그들이 사는 법을 탐구하고 시장과 제도가 가난한 사람들에게 어떤 영향을 미치는지 살펴본다. 즉 그들이 돈을 빌릴 수 있는지, 저축할 수 있는지, 정부의 빈곤 대응책은 무엇인지, 어떤 상황에서 지원이 실패하는지를 살펴보면서 가난이 개인의 무지와 게으름의 문제가 아님을 실증적으로 제시한다.","['경제경영', '경제학/경제일반', '경제이야기']"
10763,한젬마의 아트 콜라보 수업,한젬마 지음,비지니스북스,2019,600 한74ㅎ,9791160000000,https://search1.kakaocdn.net/thumb/R120x174.q85/?fname=http%3A%2F%2Ft1.daumcdn.net%2Flbook%2Fimage%2F4947613%3Ftimestamp%3D20250306125919,"개별 상품에서 분야 간 융합까지, 다양한 분야와 주제를 아우르며 콜라보의 세계를 소개하는 『아트 콜라보 수업』. 대한민국 1호 아트 콜라보 디렉터 한젬마가 예술과 협업하는 작업인 아트 콜라보에 대해 자세하게 소개하는 책이다. 제품의 기술개발이나 마케팅 홍보의 영역에서 기업 간 격차가 크지 않은 지금, 소비자의 관심을 끌고 신성장 동력을 마련하기 위해 아트 콜라보는 가장 좋은 대안 중 하나다. 아트 콜라보레이션의 사례와 유형은 다양하다. 명작을 활용하거나, 화가, 사진가, 패션 디자이너 등의 아티스트와 협업하기도 하고 연예인, 셀러브리티 등과 손을 잡기도 한다. 저자는 평범함과 진부함을 벗은 제품이 탄생하고, 그저 그런 브랜드가 개성 있는 브랜드로 거듭나며, 퇴보하던 기업이 성장세를 누리게 된 데 이처럼 아트 콜라보가 큰 몫을 했다고 이야기하며 그 공의 상당 부분이 자신의 세계에 안주하지 않고 열린 마음과 적극적 태도로 기업과의 콜라보를 즐겼던 많은 예술가들에게 있음을 강조한다. 저자는 이 책에서 크게 5개의 주제로 아트 콜라보를 이야기한다. 세상을 깜짝 놀라게 한 콜라보 선수들의 이야기, 명화와의 콜라보를 통한 명작의 탄생, 그리고 콜라보의 초가치 효과 3가지다. 그중 예술과 브랜드의 결합은 예술성, 히스토리, 확장성이라는 3가지 초가치 효과를 만들어낸다. 콜라보는 혼자보다는 둘이 주는 충족감, 파트너십, 공유, 공존 등 상생의 구조로 가고 있는 현대 사회의 시대정신에 제대로 부합하는 소통 코드며 결국 모든 분야가 지향해야 할 방향성이다. CEO, 상품기획자, 마케터, 브랜드 매니저 등 새로운 돌파구를 찾는 사람들은 이 책을 통해 놀라운 비즈니스의 기회를 얻을 수 있을 것이다.","['경제경영', '기업 경영', '경영 일반']"
10764,(클라우스 슈밥의)제4차 산업혁명 더 넥스트(The Next). [2],"클라우스 슈밥 지음; 김민주, 이엽 공옮김",새로운현재:메가스터디,2019,331.54 슈42ㅈ송 v.[2],9791130000000,https://search1.kakaocdn.net/thumb/R120x174.q85/?fname=http%3A%2F%2Ft1.daumcdn.net%2Flbook%2Fimage%2F1533150%3Ftimestamp%3D20241109114044,"《클라우스 슈밥의 제4차 산업혁명》을 통해 4차 산업혁명의 정의, 4차 산업혁명의 명과 암, 새로운 글로벌 성장 동력 발굴에 관해 이야기하며 혁신과 기술이 인류 공익을 위해 일하는 미래에 대한 공동 책임을 우리 모두에게 촉구했던 세계경제포럼(다보스포럼)의 창립자이자 집행위원장인 클라우스 슈밥이 전작을 보완해 『클라우스 슈밥의 제4차 산업혁명 더 넥스트(The Next)』을 펴냈다. 2018 세계경제포럼은 ‘균열된 세계에서 공동의 미래 창조’라는 주제로 4차 산업혁명이 몰고 온 정치·경제·사회 변화에 대해 세계가 어떻게 대응해나가야 하는지에 대해 뜨거운 토론이 이어졌는데, 이 책은 각국의 오피니언 리더 4,000여 명이 참석해 진행한 지속적 경제 발전 추진, 다극·다개념 세계로의 지향, 사회 분열 극복, 기술에 대한 거버넌스 구축 등에 관한 수백 개의 토론 세션과 관련 연구 자료 중 4차 산업혁명 핵심 사항을 정리했다. 저자는 글로벌 리더들부터 일반 시민들까지 모든 독자가 혁신에 대한 시스템적 관점을 기르고 새로운 기술, 글로벌 과제, 그리고 우리의 행동 사이의 관계를 조망하여 큰 그림을 볼 수 있도록 도와줄 가이드라인을 제시하고 4차 산업혁명 시대 핵심 기술 12가지를 선정해 가장 최근 사례와 세계적 전문가의 관점을 집대성하여 독자들이 기술의 핵심과 그 관리 체계에 깊이 있게 다가갈 수 있게 하는 실질적인 지침을 제공한다. ‘섹션 1’의 네 개의 챕터들은 인간 중심적인 미래를 만드는 데 중요한 도전 과제와 원칙을 제시하며 4차 산업혁명 기술들이 어떻게 서로 연결되어 있는지를 설명한다. 그를 통해 가치의 역할과 새로운 기술 체계의 원칙에 대한 쉬운 이해의 틀을 제공한다. 세계경제포럼의 글로벌 미래위원회의 전문가들과 함께 쓴 ‘섹션 2’는 총 12개로 나누어 블록체인, 사물인터넷, 인공지능, 첨단소재, 적층가공기술, 생명공학, 가상현실과 증강현실, 우주기술 등 중요한 주제를 중심으로 관련 기술을 논의하고 이런 기술이 세계에 어떻게 영향을 주고 새로운 시대의 시작을 알리는지를 살펴본다.","['경제경영', '경제학/경제일반', '경제사/경제전망', '세계 경제사/경제전망']"
10765,"(간단함, 병맛, 솔직함으로 기업의 흥망성쇠를 좌우하는)90년생이 온다",임홍택 지음,웨일북(whalebooks),2019,325.3 임95ㄱ,9791190000000,https://search1.kakaocdn.net/thumb/R120x174.q85/?fname=http%3A%2F%2Ft1.daumcdn.net%2Flbook%2Fimage%2F4369312%3Ftimestamp%3D20231129164111,"조직에서는 신입 사원이, 시장에서는 트렌드를 이끄는 주요 소비자가 되어 우리 곁에 있는 90년대 생. 자신에게 꼰대질을 하는 기성세대나 자신을 호갱으로 대하는 기업을 외면하고 조직의 구성원으로서든 소비자로서든 호구가 되기를 거부하면서 회사와 제품에는 솔직함을 요구하고, 알아듣기 힘든 줄임말을 남발하고, 어설프고 맥락도 없는 이야기에 열광하는 그들을 기성세대의 관점에서는 이해하기가 어렵다. 『90년생이 온다』는 빠르게 변하는 세상에 몰려오는 그들과 공존하기 위해 이해하기 어려워도 받아들여야 할 것들을 담았다. 다양한 통계와 사례, 인터뷰 등 그들을 이해할 수 있는 실마리를 담아 각 산업의 마케터는 새로운 고객을 이해하기 위한 툴과 인사이트를 얻을 수 있도록 했고, 기업의 담당자는 본격적으로 기업에 입사하는 세대를 위한 실질적인 인사 관리 가이드와 그들의 잠재력을 이끌어내는 방안까지 살펴볼 수 있도록 했다.","['경제경영', '트렌드/미래전망', '트렌드/미래전망 일반']"
10766,운동화 신은 뇌,"존 레이티, 에릭 헤이거먼 공지음; 이상헌 옮김; 김영보 감수",녹색지팡이&프레스:북섬,2018,511.1813 레68ㅇ이,9788990000000,https://search1.kakaocdn.net/thumb/R120x174.q85/?fname=http%3A%2F%2Ft1.daumcdn.net%2Flbook%2Fimage%2F1388041%3Ftimestamp%3D20240404113402,"운동으로 지키는 뇌 건강 지침서 『운동화 신은 뇌』. 운동이 우리의 생각과 감정에 어떤 영양을 끼치는지 설명하고, 운동이 어떻게 뇌에 학습 능력의 토대를 마련하는지 과학적으로 소개한다. 학습능력을 향상, 우울증 해소, 중독 해결, 뇌를 튼튼하게 하는 운동요법까지 운동으로 뇌의 기능을 최대한 발휘하여 건강하게 사는 법을 알아보자. 정신은 신체에 영향을 미치고, 신체는 정신에 영향을 미친다. ‘뇌’ 연구의 권위자인 저자는 신체와 정신을 하나라는 이론을 바탕으로 운동과 뇌의 관계에 대해서 과학적이고 치밀한 정보를 실제 사례를 통해 자세하게 전한다. 특히 1만 9천명의 학생들을 전국에서 가장 건강한 청소년으로 만든 네이퍼빌의 혁명적인 체육 수업의 사례를 소개하여, 학습능력에 운동이 미치는 영향을 탐구해본다. 2000년 10월, 듀크 대학의 과학자들은 <뉴욕 타임스>에 운동이 항우울제 졸로프트보다 더 과적이라는 연구 결과를 발표했다. 또 운동이 쥐의 알츠하이머병을 억제할 수 있다는 보도도 있었다. 그렇다면 어떻게 운동을 해야 ‘뇌’에 보다 더 좋은 영향을 끼칠까? 저자인 하버드대 정신과 존 레이티 교수는 다양한 실험 사례와 연구 결과들을 바탕으로 운동과 뇌의 놀라운 메커니즘에 관한 증거들을 제시하고, 간단한 운동요법을 함께 일러준다.","['건강/취미', '건강정보', '건강에세이/건강정보']"
10767,우리는 어떻게 화학물질에 중독되는가,로랑 슈발리에 지음; 이주영 옮김,흐름출판:넥스트웨이브미디어,2018,518.9 슈42ㅇ이,9788970000000,https://search1.kakaocdn.net/thumb/R120x174.q85/?fname=http%3A%2F%2Ft1.daumcdn.net%2Flbook%2Fimage%2F921151%3Ftimestamp%3D20250313114109,"오늘날 세상은 먹거리, 화장품, 생활용품, 가구, 집에 이르기까지 화학물질로 가득하지만 정작 소비자는 일상에서 화학물질이 건강에 어떤 영향을 끼치는지에 대해서는 거의 알지 못한다. 화학물질에 의해 누군가는 병들고 누군가는 죽음을 맞이하지만 소비자는 언제나 한발 늦는다. 프랑스에서 출간되었을 당시 숱한 화제를 일으킨 영양학 권위자이자 파리 몽펠리에 대학병원센터 의사인 로랑 슈발리에 박사의 『우리는 어떻게 화학물질에 중독되는가』. 이 책에서 저자는 화학물질로 가득 채워진 울타리 안에서 살아가고 있는 우리에게 풍부한 사료와 과학적 분석을 바탕으로 건강을 치명적으로 위협하는 각종 화학물질에 대해 상세하게 알려준다. 화학물질이란 정확히 무엇이고, 화학물질이 지니고 있는 독성은 어떤 것이며, 그것들이 어떻게 소비자의 건강을 위협하는지 과학적 근거를 통해 자세하게 설명한다. 각종 가공식품에 함유된 식품첨가물에서부터 포장재, 쌀과 밀, 온갖 작물에 축적되어 있는 농약물질, 물을 정수하는 데 쓰이는 화학물질, 공기, 매연, 화장품과 옷에 이르기까지, 일상용품에 숨어 있는 유독 화학물질에 대한 구체적인 사례를 제시하고 유독한 합성 화학물질이 일상에서 사용하는 각종 용품에 얼마나 많이 함유되어 있으며, 미처 깨닫지 못하는 사이에 이러한 화학물질의 유독성에 속수무책으로 중독되어갈 수밖에 없는 현실을 경고한다.","['건강/취미', '건강정보', '건강에세이/건강정보']"
10768,드럭 어딕션,남경애 지음,한국경제신문i,2018,334.7 남14ㄷ,9788950000000,https://search1.kakaocdn.net/thumb/R120x174.q85/?fname=http%3A%2F%2Ft1.daumcdn.net%2Flbook%2Fimage%2F611865%3Ftimestamp%3D20240409113532,"최근 여기저기서 마약 투약 사건이 심심찮게 보도되고 있다. 연예인이 대마초 및 코카인, 엑스터시를 투약한 혐의로 적발되기도 하고, 현직 신문기자는 필로폰 양성 반응 판정을 받았다. 우리나라는 더 이상 마약 청정국이 아니며, 마약류 사범 수도 해마다 급증하고 있다. 더군다나 인터넷이나 방송에서 들리는 ‘마약’의 이미지는 하도 많이 들어서 익숙하고, 중독성 있고, 심지어 먹고 싶은 이미지까지 생기고 있다. 마약김밥, 마약떡볶이, 마약방석, 마약침대 등 우리 생활 전체에 파고들었다. “이름 정도 쓰는 게 무슨 문제냐?” 할 수도 있지만 마약이라는 단어를 서슴없이 사용하게 되면 이 단어가 가지는 원래의 ‘무섭고 해서는 안 되는 금기’ 의미가 퇴색된다. 아무것도 모르는 아이들의 호기심을 자극하는 단어가 돼버리는 것이다. 마약을 하는 사람들은 빨갛게 눈이 충혈 되고, 머리에 뿔이 두어 개쯤은 난 흉측한 괴물로 여길 수 있지만, 우리 동네에서 쉽게 만날 수 있는 아줌마고, 아저씨고, 학생이다. 내 아이는 공부만 할 줄 아는 모범생이라 약물 따위와 전혀 상관없을 거라고 생각한다면 천만의 말씀이다. 인터넷을 통해 클릭만 몇 번 하면 쉽게 중독성약물을 구입할 수 있고, 스마트폰과 SNS를 통해 무차별적으로 약물의 유혹이 쏟아진다. 따라서 평소 내 아이와 함께 중독성물질에 대해 공부하고, 토론하며 바른 가치관을 심어주는 것이 중요하다.","['건강/취미', '질병치료와 예방', '금연/금주/약물중독']"
10769,불꽃으로살고 별빛이되다,김용균 지음,여름언덕:도서출판다빈치,2019,911.063 김65ㅂ c.2,9791160000000,https://search1.kakaocdn.net/thumb/R120x174.q85/?fname=http%3A%2F%2Ft1.daumcdn.net%2Flbook%2Fimage%2F5145418%3Ftimestamp%3D20240802143638,"『불꽃으로 살고 별빛이 되다』는 서울에서 제주까지, 상하이와 블라디보스토크, 샌프란시스코까지, 국내와 국외 독립운동 유적지를 직접 찾아가서 그곳에 남겨진 독립운동가들의 삶과 정신을 되새겨 본 독립운동 기록이다. 서울 남산 아래 안중근기념관에서 시작한 발걸음은 인천 강화의 이건창 묘소와 양평의 몽양기념관을 지나 인제 백담사, 천안의 유관순기념관, 안동의 이육사문학관 등을 거쳐 상하이 대한민국 임시정부 유적지, 중국 지린 성 청산리대첩기념비, 미국 샌프란시스코의 한인박물관에까지 닿았다. 그리고 지금은 가볼 수 없는 평양의 애국열사릉을 바라보며, 남북 왕래가 자유로워지는 날 달려가서 조소앙의 무덤 앞에 무궁화 한 송이를 꼭 헌화하고 싶다는 원을 세운다. 34곳 유적지에서 되돌아본 독립운동가들의 삶은 누구라고 할 것 없이 모두 뜨거웠다. 우리 스스로에게 물을 일이다. 그들의 피로 지켜진 이 땅 위에 살고 있는 우리들은 조국 독립을 위해 바친 그들의 삶과 꺾일 줄 몰랐던 독립정신을 얼마나 기억하고 있는가?","['역사', '한국근현대사', '일제치하/항일시대']"
10770,불꽃으로살고 별빛이되다,김용균 지음,여름언덕:도서출판다빈치,2019,911.063 김65ㅂ,9791160000000,https://search1.kakaocdn.net/thumb/R120x174.q85/?fname=http%3A%2F%2Ft1.daumcdn.net%2Flbook%2Fimage%2F5145418%3Ftimestamp%3D20240802143638,"『불꽃으로 살고 별빛이 되다』는 서울에서 제주까지, 상하이와 블라디보스토크, 샌프란시스코까지, 국내와 국외 독립운동 유적지를 직접 찾아가서 그곳에 남겨진 독립운동가들의 삶과 정신을 되새겨 본 독립운동 기록이다. 서울 남산 아래 안중근기념관에서 시작한 발걸음은 인천 강화의 이건창 묘소와 양평의 몽양기념관을 지나 인제 백담사, 천안의 유관순기념관, 안동의 이육사문학관 등을 거쳐 상하이 대한민국 임시정부 유적지, 중국 지린 성 청산리대첩기념비, 미국 샌프란시스코의 한인박물관에까지 닿았다. 그리고 지금은 가볼 수 없는 평양의 애국열사릉을 바라보며, 남북 왕래가 자유로워지는 날 달려가서 조소앙의 무덤 앞에 무궁화 한 송이를 꼭 헌화하고 싶다는 원을 세운다. 34곳 유적지에서 되돌아본 독립운동가들의 삶은 누구라고 할 것 없이 모두 뜨거웠다. 우리 스스로에게 물을 일이다. 그들의 피로 지켜진 이 땅 위에 살고 있는 우리들은 조국 독립을 위해 바친 그들의 삶과 꺾일 줄 몰랐던 독립정신을 얼마나 기억하고 있는가?","['역사', '한국근현대사', '일제치하/항일시대']"
10771,세계의 지속가능 도시재생,민유기 외 지음,국토연구원(KRIHS),2018,539.7 민66ㅅ,9791160000000,https://search1.kakaocdn.net/thumb/R120x174.q85/?fname=http%3A%2F%2Ft1.daumcdn.net%2Flbook%2Fimage%2F4815578%3Ftimestamp%3D20241224125230, 세계의 지속가능 도시재생에 관한 내용을 담은 전문서적입니다.,"['대학교재/전문서적', '공학계열', '도시/환경공학', '도시계획/설계']"
10772,행정법원론. 하,홍정선 지음,박영사,2012,363 홍74ㅎ v.하,9788960000000,https://search1.kakaocdn.net/thumb/R120x174.q85/?fname=http%3A%2F%2Ft1.daumcdn.net%2Flbook%2Fimage%2F904052%3Ftimestamp%3D20191230120927,"행정법 이론서『행정법원론』하권. 행정법을 처음 공부하는 독자들을 위한 책이다. 2012년 1월 1일을 기준으로 법령을 인용하였으며, 2011년 연말까지 선고된 대법원과 헌법재판소의 주요 판례를 반영하고, 지방자치법, 국토의 계획 및 이용에 관한 법률, 공익사업을 위한 토지 등의 취득 및 보상에 관한 법률 등을 정리하였다.","['대학교재/전문서적', '법학계열', '행정법']"
10773,행정법원론. 상,홍정선 지음,박영사,2012,363 홍74ㅎ v.상,9788960000000,https://search1.kakaocdn.net/thumb/R120x174.q85/?fname=http%3A%2F%2Ft1.daumcdn.net%2Flbook%2Fimage%2F905057%3Ftimestamp%3D20191230120928,"최근의 판례를 중심으로 행정법 원리를 다루는 『행정법원론(상)』. 이 책은 2012년 1월 1일을 기준으로 하는 법령과 2011년 연말까지 선고된 주요판례들을 반영하였다. 초학자들은 판례를 통해 행정법 원리에 쉽게 접근할 수 있으며, 국가시험을 준비하는 수험생들은 사례문제해결에 도움을 얻을 수 있다.","['대학교재/전문서적', '법학계열', '행정법']"
10774,한국경제 어디에서 어디로?,이근영 지음,바른북스,2018,320.911 이17ㅎ,9791190000000,https://search1.kakaocdn.net/thumb/R120x174.q85/?fname=http%3A%2F%2Ft1.daumcdn.net%2Flbook%2Fimage%2F1650758%3Ftimestamp%3D20200317134930,"한국은 1960년대 초 이후 오늘에 이르는 60년 가까운 기간 동안 첫 30년 동안에는 경제개발에 성공하였고 뒤이은 30년 동안에는 민주주의를 이룬 것으로 평가되어 왔다. 그러나 경제는 1990년대 후반의 외환위기를 일단 극복한 이후에는 장기간 활력을 잃고 있으며 사회 전체적으로는 급증하는 갈등과 혼돈 가운데 방향을 잡지 못하고 있다. 그러던 차에 예상하지 않게 2017년 대통령 탄핵을 보게 되었고 이 사태는 한국사회가 이루었다고 믿고 있던 민주주의가 겉모습에 지나지 않았음을 알게 하였다. 곧, 한국사회가 1960년대 경제개발 과정에서 채택하여 경제개발을 성공시켰던 박정희 패러다임이 이후 민주주의 시대에도 한국사회를 지배하는 가운데 한국의 경제를 포함한 한국체제 전체가 기능마비 상황에 매여 있는 것으로 생각된다. 따라서 현단계에서 한국사회는 박정희 패러다임을 넘어 새로운 패러다임을 구성해 나가야 할 것으로 생각된다. 그리고 이 글은 이러한 노력의 한 표현이다. 이 글은 두 부분으로 구성되어 있다. 앞부분은 경제개발 이후 한국경제의 변화와 경제정책의 진행 그리고 국민인식의 진전을 살펴보았다. 뒷부분은 한국경제와 사회의 미래를 위한 패러다임의 구성을 논의하였다. 이러한 패러다임의 논의에 있어서는 경제를 포함한 한국사회 전체가 지향하여야 할 핵심적인 가치를 구성요소로 하는 한국사회 행복함수를 설정하여 한국사회가 지향할 미래를 제시하고 그 실행방안들을 정리하였다. 그리고 이 과정에서는 서양사회와 구분되는 한국사회의 고유성을 찾아 적용토록 하였다. 우리가 보듯이 이 글은 경제에서 출발하여 결국에는 한국사회 전반을 아우르기에 이르고 있다. 이는 한국경제의 진화과정을 살핌에 따른 자연스런 귀결이라고 할 것이며 또 한편으로는 한국경제와 사회에 대한 저자의 관점의 반영이기도 하다. 그리고 미리 밝히지만 이 글의 내용 가운데 저자의 독창적인 생각은 하나도 없다. 그렇기는 하나 이 글이 한국사회의 미래를 위한 논의에 있어서 약간의 참고가 되기를 희망한다.","['경제경영', '경제학/경제일반', '경제사/경제전망', '한국 경제사/경제전망']"
10775,(나와 공동체를 세우는)수업나눔,김효수 외 지음; 좋은교사 수업코칭연구소 기획,좋은교사,2018,373 김95ㅅ,9788990000000,https://search1.kakaocdn.net/thumb/R120x174.q85/?fname=http%3A%2F%2Ft1.daumcdn.net%2Flbook%2Fimage%2F1352856%3Ftimestamp%3D20240512112029,"<나와 공동체를 세우는 수업나눔 : 새로운 수업협의회를 찾는 교사들을 위한 안내서> 외로운 교사 최근 교대와 사범대의 인기는 높다. 그만큼 교사는 전문직이라는 지적인 이미지와 직업으로서의 안정감을 동시에 지니고 있는 매력적인 직종임에 틀림이 없다. 그러나 정작 교사들을 대상으로 한 설문조사 결과는 그것과 정반대이다. 교사의 직업만족도가 OECD 국가에서 최하위를 다투고 있다는 기사를 교사라면 누구나 한번쯤은 눈여겨 보았을 것이다. 그 이유는 과연 무엇 때문일까? 학교 밖에서 바라보는 교사의 이미지와 학교 현장 안에 있는 교사의 실상에 커다란 간극이 있기 때문은 아닐까? 이 책은 그 간극을 교사의 본질적인 역할인 ‘수업’에서 찾고 있다. 교실 문을 닫고 들어가는 순간 교사는 외로운 존재이다. 수업시간에 일어나는 모든 일을 교사 스스로 해결해야 하고, 교사 자신이 책임져야 하기 때문이다. 그렇지만 교사는 수업현장을 배운 적이 없고, 수업에 대해 이야기를 나눌만한 여건도 상황도 조성되어 있지 않다. 해마다 이루어지는 수업공개와 수업협의회가 있지만, 수업협의는 교사를 숙달된 기술자로 보고 수업을 과학, 기술적으로 평가하는 관점이 강하다. 그래서 교사는 수업협의회에서 가면을 쓴 채 일회성 수업을 진행할 수밖에 없다. 이런 딜레마를 어떻게 해결할 것인가? 수업협의회의 따뜻한 대안 ‘수업나눔’ 이 책은 학교현장을 비판하고 교사의 현실을 비관하고자 하는 목적으로 쓰여진 책이 아니다. 그러므로 확실한 대안을 제시하고 있다. 나아가 그 방법과 효과에 대해서도 자세히 조언하고 있다. 그것이 바로 수업나눔 이다. 수업나눔이 필요한 이유는 기존에 공개수업이나 연구대회 등의 일회성에 지나지 않는 수업연구를 넘어 지속적으로 수업에 대해 성찰하고 수업을 새롭게 디자인하고 실행할 수 있는 힘을 얻는 것이 중요하기 때문이다. 수업에서 교사는 가장 중요한 존재로 서야 한다. 이 말의 의미는 교사의 자기성찰이 중요하다는 뜻이다. 교사가 자신의 빛깔을 잃은 채 주어진 교육과정을 전달하는 기술자의 역할만 자처한다면, 교사의 수업전문성 성장은 더딜 수밖에 없다. 이러한 새로운 수업전문성에 대한 이해를 바탕으로, 기존의 수업협의회 방식을 수업자의 수업성찰을 돕는 수업나눔의 방식으로 전환해야 함을 강조하고 있다. 수업자가 자신의 수업의 내면을 본다는 것은 교사의 정서적 감정을 읽는 것을 넘어서서 교사와 학생과 수업내용이 인지적, 정서적으로 어떻게 상호작용하고 있는지를 살피는 과정이다. 수업나눔에 참여한 동료교사들도 이 과정을 통해 깨닫게 된 사실들을 이야기하면서 수업이 개인의 것이 아닌 우리의 것임을 알게 된다. 다시 말해 수업이란 함께 해결하고 만들어나가야 하는 공동체적인 성격을 지니고 있음을 인식하게 되는 것이다. 이 책은 수업나눔으로 인해 수업의 변화를 경험한 5명의 교사들이 오랜 시간동안 학교 현장을 누비며 그 감격을 함께 나누고, 수업 공동체를 형성해 온 과정과... 경험을 바탕으로 한 실제적이고 열정적인 고백서이자 지침서이다. 수업의 변화를 소망하는 교사는 물론 교사를 꿈꾸는 학생과 행복한 학교가 되기를 바라는 학부모까지 일독을 권하고 싶다. 저자 소개 김효수 좋은교사 수업코칭연구소 부소장. 한국교원대학교 일반사회교육과 학사, 동대학원 석사? 박사과정 수료. 현재 교육부에서 고교학사제도혁신팀에 속해 있으며 정책, 연구, 실천이 통합된 교사를 꿈꾸고 있다. 김은남 공립학교와 대안학교에서 25년간 수학교사로 지내면서 교사공동체를 꿈꾸고 실천했다. 수업코칭 강의와 수업나눔을 400여회 진행했으며 예술치료와 에니어그램 강사로도 활동 중이다. 김선경 익산 함열초등학교 교사. 매일하는 수업이 여전히 어려워 수업고민이 많은 18년 차 초등교사. 수업친구와 함께 수업을 나누고 삶을 나누는 수업공동체를 꿈꾸고 있다. 박윤환 좋은교사 수업코칭연구소 선임연구원. 13년차 공립중학교 교사. 자신이 수업공동체에서 경험한 깊은 위로와 성장의 맛(?)을 전하고자 이곳저곳 돌아다니고 있다. 손현탁 청주 성화초등학교 교사. 좋은교사 수업코칭연구소를 만나 '교사의 내면을 세우는 수업나눔'을 경험하고 여기까지 이르렀다. 고민 많은 13년차 교사. 추천의 글 바라기는 대한민국의 거의 모든 학교가 본서에서 제안하는 수업나눔 중심의 수업협의회를 갖게 되었으면 한다. 진짜 수업혁신은 바로 그때부터 시작될 것이다. - 김정태 (좋은교사운동 공동대표) 이 책을 정독하고 실천한다면 수업나눔 이야기로 풍성한 학교 문화가 모두의 일상이 될 것이다. 이?책이 그런 미래를 열어가는 초석이 될 것으로 믿어 의심치 않는다. - 이혁규,?청주교대 교수, <수업비평가의 시선>?저자 수많은 수업이론과 전략을 수업에 적용하라는 요구 앞에 교사들 누군가는 자기 수업을 나누며 교직사회를 따뜻한 수업공동체로 만드는 일에 선도자로 나서야 한다. 그 부담을 기꺼이 짊어지며 고민한 결과가 책으로 나와 반갑다. 현장 경험이 담뿍 담긴 이 책의 경험과 지혜에 힘입어 또 다른 교사들이 그 다음 단계로 전진할 것이다. 그 마중물 역할을 기꺼이 자임하는 책이라 고맙다. -신을진 (수업과성장연구소 대표) 반갑게도 좋은교사 수업코칭연구소 수업나눔 실천학교팀이 오랫동안 수업을 나누어 온 과정을 한 권의 책으로 펴냈다. 내게 그랬듯이 수업나눔을 실천하고자 하는 많은 이들에게 든든한 길잡이가 될 것이라 기대한다. -정성식 (실천교육교사모임 회장) 수업나눔의 길을 처음 찾아 나선 분들에게는 친절한 안내서가 될 것이고, 거듭된 실패의 경험이 있는 분들에게는 혜안을 열어주는 기쁨의 안내서가 될 것이다. 옆에 오래 두고 싶은 정다운 친구처럼, 곁을 지키는 안내서로 이 한 권이면 충분하다. - 이규철 (「수업코칭」 저자, 좋은교사 수업코칭연구소장) 부디 이 책을 통해, 수업나눔의 진짜 의미가 학교 속에 잘 스며들어서, 수업나눔을 통해 교사들이 서로를 다독거리고 수업 속에 있는 자신의 모습을 깊이 이해하고 격려하기를 진심으로 기대한다. - 김태현 (「교사, 수업에서 나를 만나다」, 「교사, 삶에서 나를 만나다」 저자)","['사회과학', '교육학', '교육 일반']"
10776,진화 신화,김보영 지음,행복한책읽기,2010,813.6 김45ㅈ,9788990000000,https://search1.kakaocdn.net/thumb/R120x174.q85/?fname=http%3A%2F%2Ft1.daumcdn.net%2Flbook%2Fimage%2F1302050%3Ftimestamp%3D20230831191828,"세계의 수작들과 어깨를 나란히 할 한국 SF 작품집『진화 신화』. 환상소설에서 하드 SF를 망라하는 폭넓은 장르적 스펙트럼에, 김보영의 SF를 구축하고 있는 키워드 중 하나인 특유의 논리적 성실함으로 빚어낸 작품집이다. 인간 사회의 신화는 어떻게 해서 생겨나며 어떤 사건 혹은 현상에 근거하여 어떻게 진화하는가를 우화적으로 보여주는 표제작 「진화신화」는 <삼국사기>의 고구려본기 중 짧은 기록을 근간으로 한 작품으로 신화적 상상력과 진화의 역설이 절묘하게 결합한 수작이다. 매 페이지마다 인간의 근원, 세계의 근원에 대한 사유가 펼쳐져 있다.","['소설/시/희곡', '과학소설(SF)', '한국 과학소설']"
10777,귀여운 여인 ; 약혼녀 ; 골짜기,안톤 체호프 지음; 동완 옮김,동서문화사,2017,892.83 체95ㄱ동,9788950000000,https://search1.kakaocdn.net/thumb/R120x174.q85/?fname=http%3A%2F%2Ft1.daumcdn.net%2Flbook%2Fimage%2F619108%3Ftimestamp%3D20230630154259,"동서문화사 세계문학전집 제78권 『귀여운 여인 / 약혼녀 / 골짜기』는 19세기 러시아 문학의 마지막 거장, 안톤 체호프의 단편소설들이 수록되어 있다. 총 500여 편에 이르는 체호프의 중·단편작품들 가운데 체호프 문학의 절정을 보여주는 최고의 작품 〈귀여운 여인〉 〈약혼녀〉 〈골짜기〉 〈6호실〉을 비롯한 9편의 대표작을 실었다.","['소설/시/희곡', '러시아소설']"
10778,돌이킬 수 없는 약속,야쿠마루가쿠 지음; 김성미 옮김,Book plaza(북플라자),2019,833.6 야876ㄷ김,9789000000000,https://search1.kakaocdn.net/thumb/R120x174.q85/?fname=http%3A%2F%2Ft1.daumcdn.net%2Flbook%2Fimage%2F1489982%3Ftimestamp%3D20241222113017,"주인공이 과거에 저지른 죄, 그리고 15년 전에 했던 어떤 약속을 둘러싸고 벌어지는 미스터리를 그린 야쿠마루 가쿠의 소설 『돌이킬 수 없는 약속』. 자신이 일하던 가게의 손님이었던 오치아이의 제안으로 바를 겸하는 레스토랑의 공동경영자가 된 무카이. 그는 지금 과거의 삶을 버리고, 믿을 수 있는 파트너와 자신의 성(城)을 새롭게 구축하였다. 사랑하는 가족과 함께 소박하지만 평온한 삶을 누리고 있다. 그러던 어느 날, 버려버린 과거에서 도착한 한 통의 편지가 예전에 봉인한 기억을 되살린다. '그들은 지금 교도소에서 나왔습니다.' 편지지에는 그 한 줄만 적혀 있었다. 사람이 죄를 지으면 어떻게 그 대가를 치러야 할까? 죄를 한 번 저지르면 그 사람은 영원히 행복해질 수 없고 새로운 삶을 꿈꿔서도 안 되는 것일까? 한 번 죄를 저지른 사람은 새 삶을 꿈꿀 수 없는 것일까? 이처럼 궁극의 물음으로 내몰며 읽는 이의 목줄까지 죄어오는 이 소설은 저자 야쿠마루 가쿠가 새로운 한 걸음을 내디딘 기념비적 작품이라는 평가를 받는다.","['소설/시/희곡', '추리/미스터리소설', '일본 추리/미스터리소설']"
10779,이토록 아름다운 수학이라면,최영기 지음,21세기북스:북이십일21세기북스,2019,410.4 최64ㅇ,9788950000000,https://search1.kakaocdn.net/thumb/R120x174.q85/?fname=http%3A%2F%2Ft1.daumcdn.net%2Flbook%2Fimage%2F4898401%3Ftimestamp%3D20240810131504,"역사, 철학, 과학, 의학, 예술 등 각 분야 최고의 서울대 교수진들이 2017년 여름부터 매월 펼쳐온 다양한 주제의 강의들을 책으로 옮긴 「서가명강 시리즈」. 살아가는 데 필요한 지식과 교양을 선사하는 시리즈의 제3권 『이토록 아름다운 수학이라면』. 서울대 수학교육과 최영기 교수가 수학의 아름다움에 대한 깊고 넓은 단상을 편안한 언어로 풀어낸 대중교양서이다. 1부에서는 방정식, 도형, 함수, 삼각형, 소수 등 우리가 초등학교 때 배운 수학 개념으로부터 어떻게 아름다움을 느낄 수 있는지를 알아보고, 2부는 추상, 같음, 표현 방식 등 수학이 추구하는 가치를 소개하고 수학적으로 생각한다는 것은 우리 일상과 얼마나 맞닿아 있는지를 살펴본다. 마지막 3부에서는 스메일, 푸앵카레, 페르마, 갈루아 등 세상을 바꾼 수학자들의 위대한 생각을 일반인도 쉽게 이해할 수 있게끔 풀어냈다. 수학이 단순한 계산의 반복, 복잡한 수식을 풀어내는 지겨운 과정이 전부라는 편견을 깨고자 수학의 정신과 그 가치에 대해 설명하고자 노력하며 수학이 본래 추구하는 아름다운 정신을 소개하는 데 중점을 두었다. 또 우리나라 학생들이 수학 성취도는 높을지 몰라도 흥미도나 자신감은 최하위라는 점을 안타깝게 바라보면서 무조건적인 반복 학습을 통해 실력을 향상시키려는 우리나라 수학 교육의 문제점을 지적하고, 수학 교육이 나아가야 할 방향에 대해서도 설명한다.","['과학', '수학', '수학 일반']"
10780,(유홍준의)한국미술사 강의. 3: 조선 그림과 글씨,유홍준 지음,눌와,2019,609.11 유95ㅎ v.3,9788990000000,https://search1.kakaocdn.net/thumb/R120x174.q85/?fname=http%3A%2F%2Ft1.daumcdn.net%2Flbook%2Fimage%2F1328020%3Ftimestamp%3D20240504113542,"『유홍준의 한국미술사 강의』제3권《조선: 그림과 글씨》. 조선 서화로 엮어진 이번 책은 제1권, 2권에 이어 29장으로 시작한다. 조선시대의 회화를 초기, 중기, 후기, 말기로 나누어 살펴보고 근래 발굴된 개인 소장 명작과 잘 알려지지 않은 화가의 작품, 초상화에 많은 비중을 두고 서술되었다. 또한 서화가들의 삶과 예술을 독자들이 친숙하게 다가갈 수 있도록 저자의 전문지식과 경험을 바탕으로 회화사를 대중적 눈높이에 맞춰 풀어 쓰고 있다. 저자는 그 동안의 연구 성과를 수렴하여 조선시대 회화사를 풍부하게 전달하고 있다. 조선의 천재 화가 김홍도, 정선, 등 대표작가들과 임득명, 이유신, 남계우 등 알려지지 않았던 화가들의 성과도 소개하며 화첩의 원형대로 공개된 정선의 《연강임술첩》 등 개인 소장의 명작도 소개한다. 더불어 조선시대 글씨와 그림의 아름다움을 느끼고 감상 할 수 있게끔 생생한 도판을 실고 있으며 본문에 언급된 그림은 가능한 모두 수록하여 540여 컷의 도판은 한국미술사의 특징과 흐름을 잘 이해할 수 있을것이다.","['예술/대중문화', '미술', '미술사']"
10781,(유홍준의)한국미술사 강의. 2: 통일신라·고려,유홍준 지음,눌와,2017,609.11 유95ㅎ v.2,9788990000000,https://search1.kakaocdn.net/thumb/R120x174.q85/?fname=http%3A%2F%2Ft1.daumcdn.net%2Flbook%2Fimage%2F1333571%3Ftimestamp%3D20240522112910,"베스트셀러 ≪나의 문화유산답사기≫를 저술했을 뿐 아니라, 문화재청장을 역임한 유홍준의 『한국미술사 강의』 제2권 ‘통일신라ㆍ고려’. 교양과 상식으로서 한국미술사를 이해하고자 하는 사람들을 위한 입문서다. 시대적ㆍ사회적 요구의 부름을 받아 일관된 미술사관을 근거로 한국미술사 통사를 탐구하고 있다. ‘통일신라의 건축과 왕릉’을 시작으로 석탑ㆍ석등ㆍ당간ㆍ승탑 등의 석조 미술과 불상 등 총 일곱 주제로 설명했으며, 고려의 미술은 ‘고려 역사의 이미지와 건축’을 시작으로 석조미술, 불상, 고려청자 등 아홉 주제로 살폈다. 유물이 갖는 개별적 특징을 파악하면서 그것과 관련된 역사, 일화 등의 배경 지식을 쌓게 된다. 'History of Korean Art'가 아니라, 'Story of Korean Art'를 지향하고 있다.","['예술/대중문화', '미술', '미술사']"
10782,(유홍준의)한국미술사 강의. 1: 선사 삼국 발해,유홍준 지음,눌와,2016,609.11 유95ㅎ v.1,9788990000000,https://search1.kakaocdn.net/thumb/R120x174.q85/?fname=http%3A%2F%2Ft1.daumcdn.net%2Flbook%2Fimage%2F1327729%3Ftimestamp%3D20240527112835,"베스트셀러 <나의 문화유산답사기>를 저술했을 뿐 아니라, 문화재청장을 역임한 유홍준의 『한국미술사 강의』 제1권 <선사ㆍ삼국ㆍ발해>. 교양과 상식으로서 한국미술사를 이해하고자 하는 사람들을 위한 입문서다. 시대적ㆍ사회적 요구의 부름을 받아 일관된 미술사관을 근거로 한국미술사 통사를 탐구하고 있다. 선사부터 발해까지 12가지 테마로 한국미술의 특질에 맞게 구성하여 재미있게 읽어나가도록 이끈다. 아울러 한국미술사의 흐름 속에서 중요한 위치를 차지하는 유물에 대해 명쾌하게 소개하고 있다. 유물이 갖는 개별적 특징을 파악하면서 그것과 관련된 역사, 일화 등의 배경 지식을 쌓게 된다. 'History of Korean Art'가 아니라, 'Story of Korean Art'를 지향하고 있다.","['예술/대중문화', '미술', '미술사']"
10783,"트라우마 치유, 아직 만나지 못한 나를 만나다",윤이모 지음,판미동,2018,513.8521 윤68ㅌ,9791160000000,https://search1.kakaocdn.net/thumb/R120x174.q85/?fname=http%3A%2F%2Ft1.daumcdn.net%2Flbook%2Fimage%2F1585000%3Ftimestamp%3D20220925172549,"인간의 의식과 무의식을 아우르는 다양한 병적 증상을 탐구한 기록을 담은 『트라우마 치유, 아직 만나지 못한 나를 만나다』. 국내 최고의 치유자 중 한 명으로 꼽히는 저자 윤인모는 그동안 심리상담 센터에서 명상 세션을 전담하여 심리 차원에서 치유가 불가능한 내담자들의 문제를 해결하였고, 일반적인 내담자뿐만 아니라 타인을 치유하는 심리상담사, 의사, 교사, 명상가, 종교인 등의 고통까지 치유해왔다. 저자는 이 책에서 심리 상담이나 약물 치료 등으로는 치유가 불가능한 인간이라는 존재가 앓고 있는 병적 증상에 대한 날카로운 통찰과 상상을 초월하는 치유법을 담아냈다. 심리 치유의 차원이 아닌 몸과 마음, 감정의 성장이라는 통합적 차원에서 인간을 통찰하고, 상처투성이인 마음을 치유하며 갇혀 있는 의식을 확장하도록 돕는다.","['인문학', '심리학/정신분석학', '심리치료']"
10784,이미지와 환상,다니엘 부어스틴 지음; 정태철 옮김,사계절출판사,2017,942.07 부64ㅇ정,9788960000000,https://search1.kakaocdn.net/thumb/R120x174.q85/?fname=http%3A%2F%2Ft1.daumcdn.net%2Flbook%2Fimage%2F775683%3Ftimestamp%3D20230830144608,"20세기 미국인들의 일상생활에 대한 현실왜곡 현상을 분석한 책. 역사학자인 부어스틴은 1960년대 미국의 산업화, 민주화, 영상시대의 개막은 미국인들의 삶에 대한 과도한 기대를 부추겼고, 그 결과 미국인들은 사물의 본질이 아닌 사물의 허상, 즉 이미지와 환상을 좇게 되었다고 지적하고 있다. 이러한 미국의 병리현상을 통해 이 시대를 사는 우리가 우리 스스로를 어떻게 속이는지, 우리가 일상생활 속에서 뻔히 눈에 보이는 현실을 어떻게 감추고 있는지를 보여주는 책이다.","['예술/대중문화', '예술/대중문화의 이해', '대중문화론']"
10785,만민법,"존 롤스 지음; 장동진, 김만권, 김기호 공옮김",東明社,2017,340.221 롤57ㅁ장,9788940000000,https://search1.kakaocdn.net/thumb/R120x174.q85/?fname=http%3A%2F%2Ft1.daumcdn.net%2Flbook%2Fimage%2F569185%3Ftimestamp%3D20241008114127, 이 책은 만민법을 다룬 이론서입니다. 만민법의 기초적이고 전반적인 내용을 학습할 수 있습니다.,"['대학교재/전문서적', '사회과학계열', '정치외교학', '정치사상']"
10786,그들의 첫 번째와 두 번째 고양이. 43,윤이형 외 지음,문학사상,2019,810.82 윤68ㄱ v.43,9788970000000,https://search1.kakaocdn.net/thumb/R120x174.q85/?fname=http%3A%2F%2Ft1.daumcdn.net%2Flbook%2Fimage%2F4865305%3Ftimestamp%3D20250409130741,"2019년 제43회 『이상문학상 작품집』. 한 해 동안 주요 문예지에 발표된 중·단편 가운데 가장 주목받은 소설을 엄선하여 엮은 작품집이다. 2019년에는 부조리한 현실적 삶과 그 고통을 견뎌내는 방식을 중편소설이라는 서사적 틀에 어울리는 무게와 균형을 갖춘 이야기로 형상화한 윤이형의 《그들의 첫 번째와 두 번째 고양이》가 대상으로 선정되었다. 두 반려 고양이의 삶과 죽음을 통해 완벽하게 단절되고 고립된 현대 사회의 삭막함과 현대인의 뼈저린 고독을 유려한 문장과 빼어난 감수성으로 그려낸 수작으로, 이 시대 한국 젊은이들의 불안감과 좌절감을 생생하게 그려냈다. 부모 세대에 대한 실망감, 취업난으로 인한 경제적 불안정, 그리고 결혼 같은 사회제도의 억압과 속박 등 하나만으로도 벅찬 문제들을 촘촘하게 엮어내며 등장인물들의 교차되는 시점을 따라 각자의 고독함과 뼈저린 외로움을 전달하고 우리를 위로한다. 윤이형의 자선 대표작 《대니》, 문학적 자서전, 작가론, 작품론과 더불어 시대적 글쓰기의 가치를 충분히 지녔다는 평을 받으며 우수상에 선정된 김희선, 장강명, 장은진, 정용준, 최은영의 작품이 수록되어 있다. 이와 함께 각 심사위원들의 심사평을 담아 작품 선정의 이유를 알아볼 수 있도록 했다.","['소설/시/희곡', '한국소설', '2000년대 이후 한국소설']"
10787,영원한 이방인,이창래 지음; 정영목 옮김,알에이치코리아:랜덤하우스코리아,2015,843 이82ㅇ정,9788930000000,https://search1.kakaocdn.net/thumb/R120x174.q85/?fname=http%3A%2F%2Ft1.daumcdn.net%2Flbook%2Fimage%2F415996%3Ftimestamp%3D20231111162511,"현 미국 문단의 선두에 선 대표적인 한국계 미국 작가이자 매해 노벨문학상 유력 후보로 거론되는 소설가 이창래의 1995년 첫 장편소설 『영원한 이방인』. 출간 당시 30세 신인 작가가 처음 선보인 작품임에도 유려하고 아름다운 문체와 서정적이고 긴장감 넘치는 서사로 미국 문단에서 대대적인 호평을 받았던 이 작품은 이미 현대 고전의 반열에 오른 명작이기도 하다. 정치적 사건에 연루된 한국계 미국인 ‘헨리 파크’를 앞세워 이방인으로 존재할 수밖에 없던 한 남자의 삶과 정체성 문제를 다루고 있다. 헨리 파크. 한국 이름은 박병호. 뉴욕의 사설 탐정소에서 일하는 한국계 미국인인 그는 미국에서 자랐고 대학을 나왔으며, 미국인 여자와 결혼했다. 평범한 중산층의 삶을 영위하며 완벽한 영어로 말하지만, 어느 날 아내는 “당신의 언어는 엉터리”라는 말을 남긴 채 떠난다. 홀로 남겨진 그는 개인적 삶을 돌아볼 여유도 없이, 한국계 미국인 정치가 존 강을 뒷조사하는 임무를 맡게 되는데…….","['소설/시/희곡', '영미소설']"
10788,실용주의 사고와 학습,앤디 헌트 지음; 박영록 옮김; 김창준 감수,위키북스,2015,181.3 헌887ㅅ박,9791160000000,https://search1.kakaocdn.net/thumb/R120x174.q85/?fname=http%3A%2F%2Ft1.daumcdn.net%2Flbook%2Fimage%2F1583689%3Ftimestamp%3D20240510113059,"『실용주의 사고와 학습』은 인간의 두뇌를 더 잘 이해하고 활용해 학습과 사고 과정을 향상시킬 수 있는 방법을 소개한다.우리의 뇌가 작용하는 원리, 배우고 경험을 축적하는 방법, 집중력과 직관을 향상시키는 방법 등을 소개한다. 프로그래밍과 관련한 비유가 등장하지만 비단 프로그래머뿐 아니라 사고와 학습법, 나아가 자신의 두뇌를 더 잘 활용하려는 모든 사람에게도 크게 도움될 것이다.","['자기계발', '창의적사고/두뇌계발']"
10789,당당하게 실망시키기,오즈게 사만즈 글·그림; 천미나 옮김,책과콩나무,2019,843 사32ㄷ천,9791190000000,https://search1.kakaocdn.net/thumb/R120x174.q85/?fname=http%3A%2F%2Ft1.daumcdn.net%2Flbook%2Fimage%2F1631144%3Ftimestamp%3D20240622112805,"호기심 가득하고 귀엽고 사랑스러운 여섯 살 소녀, 오즈게 사만즈. 터키의 이즈미르에서 태어나 자란 이 소녀는 세상에 대한 궁금함으로 가득하다. 엄격하지만 책임감 강하고 항상 가족을 위해 최선을 다하는 아빠와 상냥하고 세심한 엄마, 똑똑하고 동생을 그 누구보다도 사랑하는 언니와 함께 살아가는 이 소녀는 하고 싶은 것도 많고, 되고 싶은 것도 많다. 이 책의 저자이자 주인공인 오즈게 사만즈는 현재 화가이자 노스웨스턴 대학교 교수로 재직 중이다. 이 책은 그녀의 실제 이야기를 바탕으로 만들어졌다. 어린 시절 그녀는 바다를 사랑했고 모험으로 가득한 삶을 꿈꾼 반면, 부모님과 친척들, 그녀를 둘러싼 사회는 규격에 맞춘 듯, 틀에 박힌 삶을 요구했다. 그녀의 아버지는 그녀의 언니처럼 공학자가 되어 안정적으로 사회에 적응하기를 강요했다. 당시 그녀가 성장했던 터키의 현실은 물질주의로 가득 차 있었고, 여성에 대한 권리를 무시하고 짓밟는, 그로 인해 여성과 남성 사이에는 깊은 갈등이 존재했다. 이 어지러운 현실 한가운데서 어린 오즈게는 자신만의 목소리를 듣기 위해 노력했다. 그녀는 선망하는 쿠스토 선장처럼 스쿠버 다이버가 될 수 있을까? 아니면 다양한 삶을 경험할 수 있는 연극에 몸담을 수 있을까? 자신이 원하는 것을 얻으면서도 가족과 친구들을 만족시키며 이 사회의 일원이 된다는 게 과연 가능한 일일까? 이 책은 놀랍고도 흥미진진한 스토리텔링과 독창적인 콜라주 기법을 활용한 그림을 통해 한 소녀의 성장기를 감동적으로 들려주고 있다.","['청소년', '청소년 문학', '청소년 소설']"
10790,슬픈 옥수수,케이틀린 셰털리 지음; 김은영 옮김,풀빛,2018,334.25 셰884ㅅ김,9791160000000,https://search1.kakaocdn.net/thumb/R120x174.q85/?fname=http%3A%2F%2Ft1.daumcdn.net%2Flbook%2Fimage%2F1601981%3Ftimestamp%3D20221011190630,"우리는 GMO에 대해 얼마나 알고 있을까? GMO란 정확히 무엇인가? GMO는 정말 안전할까? GMO의 실체를 낱낱이 해부하며 그 진실에 다가가려는 가장 객관적이고 대단히 흥미로운 시도! 이 책의 첫 장은 미국 중앙에 위치한 대평원의 너른 옥수수 밭, 그 광활한 황금빛에서 출발한다. “시선이 닿을 수 있는 먼 곳까지, 사방은 바싹 마른 갈색의 콩밭과, 마찬가지로 바싹 마른 황금색 옥수수 밭이었다. … 하늘 끝과 맞닿은 곳까지, 오로지 드넓은 … 옥수수 밭”뿐인 곳에 홀로 서서 저자는 길고 고된, 그러나 진실을 향한 새로운 여정을 시작한다. 이 책 《슬픈 옥수수》는 저자인 케이틀린 셰털리가 원인을 알 수 없는 병으로 고통받은 4년간의 시간, 그 개인적 경험으로부터 비롯됐다. 그녀의 증세는 시간이 흐를수록 점차 심해져 “몸 관절 전체에 통증이 번지고 허벅지와 발목이 약해져서 마치 아흔 살 먹은 노파처럼 절뚝거리며 다녀야 할 정도”였다. 원인을 찾고자 노력했지만 쉽지 않았고, 수년간 여러 병원을 전전한 끝에 면역학자이자 알레르기 전문가인 패리스 먼스먼 박사를 만나 자신의 병이 무엇인지 비로소 알게 된다. 그녀의 병은 다름 아닌 유전자 조작 옥수수에 대한 과민 반응이었다. 더구나 첫아들인 마스든 역시 한 살 무렵부터 원인을 알 수 없는 호흡 곤란과 발작 증세를 보여 왔고, 코에서는 점액과 콧물이 흐르며, 일찍이 심한 습진에 시달려 오던 터였다. 저자에게도 비슷한 증세가 포착되고 있었다. 셰털리 가족은 알레르기 테스트에서 별다른 문제를 발견하지 못했으나, 결국 의사와의 상담 끝에 알레르기를 유발하는 모든 식품을 가족의 식단에서 제외하기로 결정한다. 특히 옥수수를 먹지 않은 뒤로 그들의 증세가 현저히 나아졌고, 이러한 개인사가 옥수수에 대한 관심, 나아가 GMO 전반에 대한 그녀 자신의 관심사로 확장되기에 이른다. 이 책 전반에는 이처럼 저자 자신의 자전적 이야기가 가득하다. 그녀와 그녀의 아이를 괴롭히던 정체불명의 질병, 그 진실을 깨닫게 되기까지의 과정은 마치 한 편의 흥미진진한 소설처럼 긴박하게 진행된다. 날카로운 시각을 지닌 저널리스트이자 작가이기 이전에 자식을 둔 평범한 엄마로서의 절절한 고백이 이어질 때면, 책을 읽는 이들의 가슴 역시 묵직한 감동으로 뻐근해진다. 대중교양 저널리즘의 형식을 따르면서도 그 내면은 누구나 공감할 수 있는 감성으로 꽉 차 있다는 점은 이 책이 가진 탁월한 장점 중 하나다.","['사회과학', '비평/칼럼', '국제사회비평/칼럼']"
10791,와글와글 독서클럽. [2]: 비문학,강영준 지음,북트리거:지학사,2019,029 강64ㅇ v.2,9791190000000,https://search1.kakaocdn.net/thumb/R120x174.q85/?fname=http%3A%2F%2Ft1.daumcdn.net%2Flbook%2Fimage%2F4878296%3Ftimestamp%3D20221229161419,"“함께하는 책 읽기는 힘이 세다” 현직 국어 교사와 함께하는 재미있는 책 읽기! 청소년 시기에 읽은 책은 평생 기억에 남아 우리의 감성을 지배한다. 그만큼 청소년기에 읽은 좋은 책은 인생 전반에 걸쳐 큰 영향을 미친다. 『와글와글 독서클럽』은 청소년 시기에 꼭 읽어야 하는 문학 도서 12편과 비문학 교양 도서 12편을 다루고 있는 책이다. 상산고에서 국어를 가르치는 강영준 선생님이 청소년들에게 소개하고 싶은 책 24권을 정성스럽게 골라, 그 책과 관련된 많은 이야기를 담아 두 권의 책으로 묶었다. 저자는 책 내용을 간단히 정리한 뒤, ‘책으로 떠는 수다’에 그 책을 읽으며 생긴 호기심이나 궁금증을 질문으로 만들어 답변과 함께 실었다. 그리고 ‘책으로 세상 읽기’에서는 좀 더 책을 넓고 깊게 이해할 수 있도록, 사회 이슈, 심리학 이론, 문학 이론 등 책을 읽는 데 도움이 될 만한 배경지식을 청소년의 눈높이에서 쉽고 흥미롭게 소개했다. 가령 『두근두근 내 인생』을 읽으며 ‘온라인으로 만들어진 인간관계’, ‘사람들이 죽음을 무서워하는 이유’ 등을 알아보고, 『나쁜 과학자들』을 읽으며, ‘생체 실험의 역사’, ‘다수를 위한 소수의 희생은 정당한가?’ 등을 살펴보았다. 『와글와글 독서클럽』은 무슨 책을 어떻게 읽어야 할지 몰라 헤매는 청소년들에게 훌륭한 지침서가 되어 줄 것이다.","['청소년', '청소년 인문/사회']"
10792,와글와글 독서클럽. [1]: 문학,강영준 지음,북트리거:지학사,2019,029 강64ㅇ v.1,9791190000000,https://search1.kakaocdn.net/thumb/R120x174.q85/?fname=http%3A%2F%2Ft1.daumcdn.net%2Flbook%2Fimage%2F4878410%3Ftimestamp%3D20241207130019,"“함께하는 책 읽기는 힘이 세다” 현직 국어 교사와 함께하는 재미있는 책 읽기! 청소년 시기에 읽은 책은 평생 기억에 남아 우리의 감성을 지배한다. 그만큼 청소년기에 읽은 좋은 책은 인생 전반에 걸쳐 큰 영향을 미친다. 『와글와글 독서클럽』은 청소년 시기에 꼭 읽어야 하는 문학 도서 12편과 비문학 교양 도서 12편을 다루고 있는 책이다. 상산고에서 국어를 가르치는 강영준 선생님이 청소년들에게 소개하고 싶은 책 24권을 정성스럽게 골라, 그 책과 관련된 많은 이야기를 담아 두 권의 책으로 묶었다. 저자는 책 내용을 간단히 정리한 뒤, ‘책으로 떠는 수다’에 그 책을 읽으며 생긴 호기심이나 궁금증을 질문으로 만들어 답변과 함께 실었다. 그리고 ‘책으로 세상 읽기’에서는 좀 더 책을 넓고 깊게 이해할 수 있도록, 사회 이슈, 심리학 이론, 문학 이론 등 책을 읽는 데 도움이 될 만한 배경지식을 청소년의 눈높이에서 쉽고 흥미롭게 소개했다. 가령 『두근두근 내 인생』을 읽으며 ‘온라인으로 만들어진 인간관계’, ‘사람들이 죽음을 무서워하는 이유’ 등을 알아보고, 『나쁜 과학자들』을 읽으며, ‘생체 실험의 역사’, ‘다수를 위한 소수의 희생은 정당한가?’ 등을 살펴보았다. 『와글와글 독서클럽』은 무슨 책을 어떻게 읽어야 할지 몰라 헤매는 청소년들에게 훌륭한 지침서가 되어 줄 것이다.","['청소년', '청소년 인문/사회']"
10793,고로 나는 존재하는 고양이,진중권 지음,천년의상상,2017,104 진76ㄱ,9791190000000,https://search1.kakaocdn.net/thumb/R120x174.q85/?fname=http%3A%2F%2Ft1.daumcdn.net%2Flbook%2Fimage%2F1622233%3Ftimestamp%3D20220514164458,"페르시아 지방에는 오래전부터 입으로 전해 내려오는 이야기가 있다. 이야기인즉, 마술사가 모닥불에서 피어오르는 연기 한 줌, 거기에 날름거리는 불길 한 자락, 반짝이는 수많은 별 중에서 가장 빛나는 별 두 개를 두 손에 고이 모아 쥐고 ‘후’ 숨을 불어넣자 연기는 고양이의 털이 되고 불길은 고양이의 혀가 되고, 별은 고양이의 눈이 되었다는 것이다. 세상에서 가장 아름다운 세 가지가 하나로 합쳐져 만들어진 존재, 그것이 바로 고양이다. ‘모두까기 인형’으로 불리던 인문학자 진중권은 2013년 비 오는 어느 날 이토록 매력적인 고양이 ‘루비’를 만났다. 『고로 나는 존재하는 고양이』는 낡은 인간중심주의 집사 문화를 버리고 새롭게 ‘고양이중심주의’를 뿌리내리기 위해서 루비가 구술하고 진중권이 받아 적어 펴낸 책이다. 고양이의 창세기부터 현대, 그리고 동서양을 아우르며 고양이에 관한 역사, 문학, 철학에서의 재미난 이야기들이 굽이굽이 펼쳐진다.","['인문학', '교양 인문학']"
10794,기후변화의 심리학,조지 마셜 지음; 이은경 옮김,갈마바람,2018,453.9 마54ㄱ이,9791200000000,https://search1.kakaocdn.net/thumb/R120x174.q85/?fname=http%3A%2F%2Ft1.daumcdn.net%2Flbook%2Fimage%2F1656519%3Ftimestamp%3D20250323113609,"우리는 왜 기후변화의 심각성을 알면서도 그것을 부정하거나 외면하는 것일까? 기후변화 활동가인 조지 마셜은 인간이 기후변화를 일으키고 있으며 그것이 어떤 파국을 초래할지 보여주는 과학적 증거는 이미 충분한데도 우리는 왜 기후변화에 무관심한건지, 기후변화가 초래할지 모를 재앙에 침묵하는 이유는 무엇인지, 머리에서 떠나지 않는 이 질문의 답을 찾고자 펴낸 『기후변화의 심리학』. 저자는 노벨상에 빛나는 심리학자들에서 기후 과학자, 기후변화 부정론자, 환경 운동가, 티파티 활동가, 일반 시민들에 이르기까지 다양한 사람들을 만나 그들의 이야기를 듣는 여정을 시작했다. 이러한 과정을 통해 저자는 결국 문제는 과학 대 이권, 진실 대 허구라는 입장의 차이가 아닌, 오히려 우리 모두가 공유하는 오래된 심리와 본능에 있다는 것을 깨닫게 되었다. 기후변화는 우리의 심리와 본능이 감지하고 대응하기 어려운 유난히 다면적이고 복합적인 문제이다. 기후변화 문제는 명확한 원인과 목적, 가해자, 동기를 특정하기 어렵다. 인과관계를 확실하게 규정하기 어려우며, 우리 모두가 문제를 일으키는 원인이자 가해자들이다. 이처럼 받아들이기에 너무나 고통스러운 것을 외면하고, 믿고 싶은 것만 믿으며, 감당할 수 없다고 느끼는 거대한 문제를 고의로 무시해버리는 우리의 심리와 본능을 직면하고 통찰하게 하면서 기후 문제에 대해 행동에 나설지는 우리의 선택에 달려있음을 일깨워준다.","['과학', '지구과학', '기상학/기후']"
10795,시간은 어떻게 돈이 되었는가?,류동민 지음,휴머니스트출판그룹,2018,320.17 류25ㅅ,9791160000000,https://search1.kakaocdn.net/thumb/R120x174.q85/?fname=http%3A%2F%2Ft1.daumcdn.net%2Flbook%2Fimage%2F1593134%3Ftimestamp%3D20221011184332,"마르크스 경제학의 눈으로 세상만물을 분석하는 한국의 대표적 마르크스 경제학자 류동민 교수가 자본주의 사회의 시간에 주목해 우리 일상에서 시작하는 질문은 시간의 속성을 다루며 자본주의적 시간의 의미와 구조를 드러내는 『시간은 어떻게 돈이 되었는가?』. 돈이 곧 권력으로 이어지는 곳이 자본주의 사회라면, 돈을 지배하는 시간은 자본주의 이야기에서 빼놓을 수 없는 키워드라 할 수 있다. 나인 투 식스(9 to 6) 근무, 러닝 타임 120분, 시간당 최저임금 7,530원. 이렇게 시간은 자본주의 경제에서 우리 삶을 구성하는 기본 단위로서 돈과 권력이라는 문제와 긴밀하게 연결된다. 저자는 이러한 자본주의적 시간에서 벗어나기 위해 자본주의 사회에 대한 해부학적 비판을 시도하는 마르크스 경제학을 꺼내든다. 마르크스가 《자본론》에서 자본을 넣었던 자리를 시간으로 대체하여 새로운 서사를 써 내려간다. 저자는 시간들의 질적 차이, 다양성을 인정함으로써 자본의 시간에 맞서 노동의 시간을, 이윤의 시간에 맞서 사회적 시간을 확보하는 방법을 찾기 위해서 경제학적 논의만이 아니라 철학적·역사적 고찰까지 더하며 자본주의적 시간을 분석한다. 이처럼 시간을 매개로 자본주의의 숨겨진 얼굴을 드러내는 작업을 해나가며 공기처럼 스며든 일상에서 기억의 조각을 극한까지 찾아 나가듯, 자본주의적 삶 속에서 끊임없이 지워져 가는 시간의 자취를 추적해나간다.","['사회과학', '사회사상/사회사상사', '마르크스주의', '마르크스주의 일반']"
10796,내가 시작한 미래,"하만조, 김이경, 김현 공지음; 모심과살림연구소 기획",한살림,2017,324.2 하32ㄴ,9791200000000,https://search1.kakaocdn.net/thumb/R120x174.q85/?fname=http%3A%2F%2Ft1.daumcdn.net%2Flbook%2Fimage%2F1659115%3Ftimestamp%3D20221108002931,"즐거운 상상을 현실로 바꾸는 사람들의 이야기를 담은 『내가 시작한 미래』. 지금 여기에서 함께 행복한 세상을 만들어가는 10명의 인터뷰를 담았다. 우리가 꿈꾸는 미래를 현실로 만들어가고 있는 사람들의 이야기이자 지금 우리에게 필요한 지혜를 찾고 함께 실천할 수 있도록 북돋워주는 길잡이이다. 전환마을, 돌봄, 적정기술, 협동조합 등 다양한 영역에서 활동하는 이들의 이야기를 통해 이미 시작되고 있는 변화와 미래사회의 희망을 엿볼 수 있다.","['사회과학', '환경/생태문제', '환경학 일반']"
10797,판결을 다시 생각한다,김영란 지음,창비,2018,360.04 김64ㅍ,9788940000000,https://search1.kakaocdn.net/thumb/R120x174.q85/?fname=http%3A%2F%2Ft1.daumcdn.net%2Flbook%2Fimage%2F533981%3Ftimestamp%3D20241030114156,"김영란 전 대법관은 2004년 우리나라 사법사상 최초의 여성 대법관으로 임명되어 6년간 대법관으로 재직하면서 사회적 약자와 소수자를 배려하고 국민의 기본권 보호를 위해 노력해 ‘소수자의 대법관’이라는 이름을 얻었다. 전관예우를 거부한 ‘아름다운 퇴임’ 이후에도 우리 사회 부정부패에 맞선 ‘김영란법’을 제안해 큰 사회적 찬사를 받아온 김영란 전 대법관이 스스로의 판결에 대해 처음으로 입을 연 책 『판결을 다시 생각한다』가 출간되었다. 재직 당시 참여한 중요 판결들을 꼽아 판결의 의미와 배경, 논쟁의 과정을 꼼꼼히 되짚고 개인적인 견해와 반성을 솔직하게 담아냈다. 책에 담긴 사건들은 판결 당시에도 커다란 사회적 관심과 논쟁을 불러일으켰을 뿐 아니라 이후에도 다른 판례와 입법, 정책 등에 많은 영향을 끼침으로써 우리 사회의 향방을 좌우해온 결정적인 사건들이라 할 수 있다. 저자는 각각의 판결을 현재의 관점에서 꼼꼼하게 다시 읽으면서 판결에 담긴 법의 논리뿐 아니라 판결을 둘러싼 사회적 배경과 논의, 판결 이후의 변화, 비슷한 외국의 사례와 연관된 문학작품, 영화 등을 두루 살피며 풍부한 논의를 더한다. 지금도 쟁점으로 남아 있는 출퇴근 재해, 퇴직금 제도의 문제 등 우리 생활과 밀접한 사례들부터, 우리 사회의 고질적인 문제로 거론되는 대기업 지배구조의 문제, 사학비리, 여전히 첨예한 분쟁의 소지를 안고 있는 존엄사와 표현의 자유, 종교의 자유 논쟁 등 그때마다 찬반격론 속에서 사회를 움직여온 판결들로서 기억에 생생한 사건들을 포함하고 있다. 각각의 판결들 속에서 다수의견, 반대의견, 별개의견, 보충의견 등으로 나뉘어 치열하게 진행되는 논쟁의 과정은 그 자체로 다양한 사회적 주장 사이의 논리적 경합을 현장중계하듯 보여주어 읽는 즐거움을 더한다.","['사회과학', '법과 생활', '법률이야기/법조인이야기']"
10798,직업으로서의 정치,막스 베버 지음; 이상률 옮김,문예출판사,2017,340.1 베44ㅈ이,9788930000000,https://search1.kakaocdn.net/thumb/R120x174.q85/?fname=http%3A%2F%2Ft1.daumcdn.net%2Flbook%2Fimage%2F478086%3Ftimestamp%3D20240501112654,"막스 베버의 〈직업으로서의 정치〉는 정치의 의미와 정치가의 역할을 이해하는 데 있어 가장 탁월한 고전으로 평가받아왔다. 〈직업으로서의 학문〉과 함께 사회과학 역사상 가장 많이 읽힌 강연문인 〈직업으로서의 정치〉는 정치의 의미, 직업으로서의 정치가 영위될 수 있는 조건 그리고 정치가라면 마땅히 갖추어야 할 자질에 대해 논의한 후, 정치가 인간의 삶 속에서 어떤 사명을 수행할 수 있는가를 다룬다.","['사회과학', '사회사상/사회사상사', '사회사상/사회사상사 일반']"
10799,정체성과 폭력,"아마르티아 센 지음; 이상환, 김지현 옮김",바이북스,2015,334 센62ㅈ이,9788990000000,https://search1.kakaocdn.net/thumb/R120x174.q85/?fname=http%3A%2F%2Ft1.daumcdn.net%2Flbook%2Fimage%2F1372811%3Ftimestamp%3D20241122114124,"이 책은 1998년 아시아인 최초로 노벨 경제학상을 수상했던 아마르티아 센의 신작이다. 저자는 이 책에서 자신이나 타인을 종교나 민족, 문명 등 어느 하나의 정체성에만 의거해 바라볼 때 다양성과 다원성을 가진 인간의 존재는 끔찍하게 축소된다고 말하며 그 끔찍한 영향을 검토한다. 그것은 경제적 세계화와 정치적 다문화주의, 역사적 탈식민주의, 사회적 민족성, 종교 근본주의, 세계적 테러리즘과 같이 기존에 확립된 주제들을 재검토하고 재평가하는 것이다. 또한 정체성의 우선순위를 결정할 때 우리가 누릴 수 있는 자유의 중요성을 명석히 이해하는 것이 무엇보다도 필요하며, 그런 이해와 관련해서 합리적 공중의 목소리가 맡는 역할과 그 효능에 대해 적절히 인식하는 것이 필요하다고 강조한다.","['사회과학', '정치학/외교학/행정학', '정책/행정/조직']"
10800,법의 힘,자크 데리다 지음; 진태원 옮김,문학과지성사,2018,166.8 데298ㅂ,893201521X,https://search1.kakaocdn.net/thumb/R120x174.q85/?fname=http%3A%2F%2Ft1.daumcdn.net%2Flbook%2Fimage%2F497392%3Ftimestamp%3D20231006163642,"프랑스 철학자 자크 데리다의 '법의힘'을 완연한 글과 이와 관련된 두편의 글이 실려있다. 한 편은 데리다가 '법의 힘' 2부에서 다루고 있는 벌터 벤야민의 '폭력 비판을 위하여'이고, 다른 한 편은 데리다가 1976년에 버지니아 대학에서 강연했던 내용들을 기록한 '독립 선언들'이라는 글이다. 데리다의 '법의 힘'은 상대적으로 적은 분량의 책임에도 불구하고, 데리다의 책 가운데서도 가장 영향력 있는 책으로 '마르크스의 유령들'이나'우정의 정치들'같은 저작들과 내용상 긴밀하게 연관되어 있긴 하지만 그 나름의 독자적인 가치와 중요성이 있다.","['인문학', '서양철학', '프랑스철학']"
10801,이것은 왜 직업이 아니란 말인가,박정훈 지음,빨간소금,2019,321.546 박74ㅇ,9791200000000,https://search1.kakaocdn.net/thumb/R120x174.q85/?fname=http%3A%2F%2Ft1.daumcdn.net%2Flbook%2Fimage%2F4858871%3Ftimestamp%3D20240830130958,"고구마 같은 세상을 날려버릴 알바들의 사이다 같은 이야기! 맥도날드를 ‘알바계의 삼성’이라고 부른다. 고강도 노동은 있어도, 최저임금과 근로기준법 위반은 없기 때문이다. 24시간 불이 꺼지지 않는 편의점은 화려한 도시 문명을 상징하지만, 편의점 알바노동자의 삶은 결코 화려하지 않다. CGV 여성 알바노동자는 붉은색 립스틱을 바르되, 만약 윤기가 없다면 무색 립글로스를 덧발라야 한다. 지금까지 알바노동은 학생들의 용돈, 주부들의 반찬 값, 심지어 노인들의 건강을 위한 노동으로 여겨졌다. 소위 ‘정상적인’ 직업을 갖지 못한 탈락자들의 노동, 즉 실업자와 백수 들의 노동이었다. 하지만 대기업 프랜차이즈가 이들을 조직적으로 사용하기 시작하면서 하나의 노동시장이 만들어졌다. 이제 알바노동은 프랜차이즈 산업 성장을 위한 필수불가결한 요소가 되었다. 이렇게 변화한 알바 노동시장을 제1노동시장인 정규직, 제2노동시장인 비정규직과 구분해서 저자는 ‘제3노동시장’이라고 부른다. 이 책은 제3노동시장에서 벌어지는 저임금과 장시간 노동, 근로기준법 위반과 폭언·폭행, 손님들의 갑질과 알바들의 추노 현상들의 본질을 맥도날드, 편의점, 영화관 등에서 일하는 알바노동자들의 증언을 통해 파헤친다. 그러면서 ‘알바가 직업이 되는 나라’가 디스토피아가 아니라 유토피아를 뜻하는 세상을 만들기 위해 필요한 조건들을 살핀다.","['사회과학', '비평/칼럼', '한국사회비평/칼럼']"
10802,하나도 괜찮지 않습니다,오찬호 지음,블랙피쉬:백도씨,2018,330.4 오82ㅎ,9788970000000,https://search1.kakaocdn.net/thumb/R120x174.q85/?fname=http%3A%2F%2Ft1.daumcdn.net%2Flbook%2Fimage%2F944549%3Ftimestamp%3D20250319113847,"사회현상에 대한 예리한 진단과 그 원인을 분석하는 데서 그치지 않고, 지금 여기를 사는 보통 사람들이 어떻게 해야 하는지 실천적 대안을 담은 보통 사람들을 위한 실천 인문학 『하나도 괜찮지 않습니다』. 그동안 여성 비하가 뿌리 깊게 자리 잡은 한국 남자들의 민낯을 파헤쳐온 사회학자 오찬호가 이 책에서 부끄러움이라는 감정을 키워드 삼아 한국사회의 일상을 분석한다. 일상에 만연한 혐오와 폭력, 강박과 차별의 일상을 낱낱이 파헤치며 지금 한국 사회는 하나도 괜찮지 않다고 진단한다. 특히 현재 논란이 되고 있는 여성혐오, 노키즈존, 맘충, 사회적 약자와 성 역할에 대한 편견 등 각각의 사회적 이슈를 통해 좋은 사회를 만들기 위해 인간이기에 가져야 하는 상식의 기준에 대해 설명하며 간단한 철학을 실천하기 위한 가이드를 제시한다. 혐오와 폭력, 강박과 차별은 특별한 누군가가 특별한 상황에서 가하는 것이 아니라 현재의 사회적 분위기 안에서 자연스럽게 살다 보면 누구나 차별에 둔감한 사람이 된다고 주장하면서 우리가 상식처럼 여기던 편견들을 속속들이 들춰보고 우리가 얼마나 낯 뜨거운 줄 모르고 ‘괜찮다’하고 말하는지 얼굴 빨개질 질문을 던진다. 저자는 부끄러움을 제대로 느끼는 사람은 성장한다고 이야기하면서 폭력이고 혐오이며 강박인 줄도 모르고 우리가 해왔던 행동들, 말들을 돌이켜보고 지금부터라도 사회를 바로잡을 수 있는 기회를 가질 수 있기를 바라고 있다.","['사회과학', '사회학', '사회학 일반']"
10803,외교외전,조세영 지음,한겨레출판,2018,349.01 조54ㅇ,9791160000000,https://search1.kakaocdn.net/thumb/R120x174.q85/?fname=http%3A%2F%2Ft1.daumcdn.net%2Flbook%2Fimage%2F1595125%3Ftimestamp%3D20221011184542,"외교부 30년, 국제이사만 14번, 베테랑 외교관이었던 조세영이 보여주는 실제 대한민국 외교의 현주소 『외교외전』. 2016년 3월부터 1년 동안 《한겨레》 토요판에 ‘조세영의 외교클럽’이라는 제목으로 연재한 글들을 다시 다듬어 엮은 것으로, 2017년 7월부터 5개월 동안 ‘한일 일본군위안부 피해자 문제 합의 검토 태스크포스’(위안부 TF)에 참여하며 느꼈던 소감을 새로 정리해 담았다. 《내일신문》에 기고했던 칼럼에서도 일부 내용을 가져왔다. 일본, 중국, 예멘, 미국 샌프란시스코의 대사관과 총영사관에서 외교관으로 근무했고, 2013년 외교관 생활을 마무리한 후 4년 만인 2017년에는 외교부 장관 직속으로 설치된 ‘한일 일본군위안부 피해자 문제 합의 검토 태스크포스’(위안부 TF)에 민간위원으로 참여하는 등 30년 동안 외교관으로 일하며 세계 외교무대를 누빈 베테랑 외교관인 저자가 치열한 외교 현장의 뒷모습을 생생하게 담아냈다. 예멘의 전쟁통에 이삿짐을 옮기고 교민들을 철수시켰던 위험천만했던 사건들, 김영삼, 김대중 전 대통령의 통역을 담당하며 겪었던 재미있는 에피소드들, 각국 외교관들 사이에서 벌어지는 암암리의 공작과 밀고 당기는 관계 등 우리가 몰랐던 외교관의 일과 삶을 가감 없이 그리고 있다. 이를 통해 외교란 무엇이며, 외교관은 무슨 일을 하는가를 자연스럽게 알게 되고, 국가 간의 외교가 말처럼 단순하거나 쉬운 일이 아님을 또한 이해하게 된다.","['사회과학', '정치학/외교학/행정학', '외교정책/외교학']"
10804,"진실, 그것을 믿었다",한학수 지음,사회평론,2014,070.437 한92ㅈ,9788960000000,https://search1.kakaocdn.net/thumb/R120x174.q85/?fname=http%3A%2F%2Ft1.daumcdn.net%2Flbook%2Fimage%2F899898%3Ftimestamp%3D20221011175020,"2005년 5월 세계적 권위를 자랑하는 과학 저널 《사이언스》지에 황우석 박사는 체세포 핵이식을 이용한 줄기세포를 만드는 데 성공했다는 논문을 발표했다. 대한민국은 자국의 과학자가 낸 놀라운 성과에 열광하며 황우석 박사 연구에 무조건 적인 지지를 보냈다. 하지만 그해 12월, 줄기세포는 없고 논문데이터는 조작되었다는 불편한 진실이 밝혀졌다. 『진실, 그것을 믿었다』는 황우석 사태의 진실을 밝히기 위해 한 명의 용감한 제보자와 취재 진실을 보도한다는 원칙을 지키며 소임을 다한 언론인들의 이야기이다. 2005년 6월 한학수 PD가 속해있던 《PD수첩》에 익명의 제보가 도착한다. 제보자를 만나러 간 한PD에게 제보자는 이렇게 묻는다. ‘진실과 국익 중에 어느 것이 우선인가요?’ 황우석 논문 조작의 진실은 그만큼 거대했다. 이렇듯 놀라운 제보를 받고 그것을 진실로 밝혀내기까지 반전의 반전을 거듭하는 소설보다 흥미진진한 취재 과정의 풀스토리를 담았다. 《PD수첩》와 한PD의 끈질긴 취재 끝에 줄기세포는 가짜였다는 진실이 밝혀졌다. 또한 난자 매입 등 생명 윤리 및 연구 윤리를 배반한 사실과 검증되지도 않은 줄기세포를 이용해 척수장애 아동에게 임상실험을 약속하는 등 황우석 박사의 비윤리적인 면모도 모두 폭로되었다. 결국 황우석은 연구비 횡령, 사기 등의 혐의를 안고 법정으로 갔으며 서울대에서 파면을 당하고 집행유예 2년을 선고받았다. 결국 줄기세포는 없었던 것이다.","['사회과학', '비평/칼럼', '한국사회비평/칼럼']"
10805,학교에 오지 않는 아이,세이노아쓰코 지음; 김윤수 옮김,라임,2019,833.6 세68ㅎ김,9791190000000,https://search1.kakaocdn.net/thumb/R120x174.q85/?fname=http%3A%2F%2Ft1.daumcdn.net%2Flbook%2Fimage%2F1627113%3Ftimestamp%3D20221227165924,"등교 거부를 하는 반 친구의 빈자리를 지키면서 비로소 깨닫게 되는 진심과 소통에 관한 이야기를 담은 세이노 아쓰코의 소설 『학교에 오지 않는 아이』. 며칠째 학교에 나오지 않는 오바야시. 반 친구들은 오바야시를 학교로 돌아오게 하기 위해 다 같이 편지를 쓴 뒤, 집까지 찾아가 보지만 끝내 헛걸음을 하고 만다. 말 한 번 건네 본 적 없는 오바야시에게 건성으로 편지를 썼다가 뒤늦게 후회를 하게 된 후미카는 쉬는 시간마다 그 애의 의자에 앉아 책상을 지키고, 한쪽 다리가 짧아 삐걱, 소리가 나는 의자에서 오바야시가 바라보던 창밖의 풍경을 하나씩 느껴 보며 진짜 마음에 대해 생각해 보게 되는데….","['청소년', '청소년 문학', '청소년 소설']"
10806,실격당한 자들을 위한 변론,김원영 지음,사계절출판사,2019,338.304 김66ㅅ,9791160000000,https://search1.kakaocdn.net/thumb/R120x174.q85/?fname=http%3A%2F%2Ft1.daumcdn.net%2Flbook%2Fimage%2F1598802%3Ftimestamp%3D20250322114257,"1급 지체장애인인 변호사 김원영이 우리 사회에서 잘못된 삶, 실격당한 인생이라 낙인찍힌 이들의 삶을 변론하는 『실격당한 자들을 위한 변론』. 저자는 소수자들이 삶에서 만나는 연극적인 순간들, 즉 차별과 배제, 수치와 모욕 앞에서 아무렇지 않은 듯 노련하게 맞받아치고 우아하게 대응하는 태도가 놓인 딜레마에서 논의를 시작한다. 저자는 거짓된 연극을 집어치우라고 하기보다는 사회학자 어빙 고프먼과 인류학자 김현경의 논의를 빌려와 사람과 사람이 주고받는 연극적인 상호작용이 인간의 존엄을 구축하는 방식으로 전개될 수도 있다고 말한다. 홀로 고통을 감내하던 개인이 타인과의 만남을 통해 존엄한 인간으로 일어설 수 있는 가능성을 제시하면서, 부모, 형제자매, 친구, 연인과의 상호작용 속에서 자신이 존엄한 인간임을 확인한 소수자들이 세상으로 나아갈 수 있음을 보여준다. 또 변호사이자 국가인권위원회 장애차별조사관으로 일했던 저자는 법의 문지기로서 차별당하는 이들을 만나온 경험을 바탕으로, 법과 제도가 보호와 치료, 복지라는 이름으로 인간 존엄의 가장 기본적 전제인 개개인의 고유한 서사를 인정하지 않는다고 지적하면서, 한 사람이 자신의 신체와 정신을 온전히 지닌 채 써온 인생의 이야기를 오랜 시간 지켜봐줄 수 있는 시선이 있다면, 그런 무대가 모두에게 주어진다면 실격당한 존재들도 아름답고 매력적일 수 있음을 일깨워준다.","['사회과학', '비평/칼럼', '한국사회비평/칼럼']"
10807,컬러풀,모리에토 지음; 고향옥 옮김,사계절출판사,2018,833.6 모298ㅋ고,9791160000000,https://search1.kakaocdn.net/thumb/R120x174.q85/?fname=http%3A%2F%2Ft1.daumcdn.net%2Flbook%2Fimage%2F1599116%3Ftimestamp%3D20231012182559,"전생에 큰 잘못을 저지른 영혼 ‘나’는 하늘나라 보스의 추첨에 뽑혀 운 좋게 다시 태어날 기회를 얻게 된다. ‘나’는 사흘 전 자살을 시도한 중학생 ‘마코토’의 몸으로 들어가 정해진 기간 안에 전생의 죄를 깨달아야만 무사히 윤회 사이클에 돌아올 수 있다. ‘힌트는 곳곳에’ 있다는 천사의 말에 따라 ‘나’는 마코토 주변을 탐색한다. 그런데 자상한 아빠, 성실한 전업주부 엄마, 무뚝뚝하지만 가족을 소중히 여기는 형까지 지극히 평범해 보인다. 마코토는 왜 자살을 결심하게 된 걸까? 『컬러풀』은 색깔 없는 흑백의 나날을 보내던 소년이 자기 안팎에 다채로운 색깔이 있다는 걸 깨닫는 과정을 가슴 뭉클하게 그려낸 소설로, 일본 독자들을 감동의 늪에 빠지게 하며 100만 부를 돌파한 명작이다. 『리듬』으로 등단하자마자 고단샤아동문학상 신인상과 무큐하토쥬아동문학상을, 『바람에 휘날리는 비닐 시트』로 일본의 권위 있는 문학상 나오키상을, 그 밖에도 동화와 소설을 넘나드는 작품들로 각종 문학상을 휩쓴 일본의 인기 작가, 모리 에토의 대표작. 사계절1318문고 113권.","['청소년', '청소년 문학', '청소년 소설']"
10808,너무 재밌어서 잠 못 드는 철학 수업,김경윤 지음,생각의길:아름다운사람들,2018,104 김14ㄴ,9788970000000,https://search1.kakaocdn.net/thumb/R120x174.q85/?fname=http%3A%2F%2Ft1.daumcdn.net%2Flbook%2Fimage%2F3752342%3Ftimestamp%3D20220922040048,"너무 재밌어서 잠 못 드는 철학 이야기 마음 같아서는 하고 싶은 일들인데 기회만 생기면 배가 아프다면 프로이트가 당신이 외면하던 답을 알려줄 것이다. 니체의 초인이 당신의 새로운 이상향을 보여줄 것이다. 부모님 세대와 지긋지긋할 정도로 말이 안 통해서 답답하던 당신이라면 푸코를 읽고 나면 한결 안정된 마음으로 다음 대화를 시도할 수 있을지도 모른다. 취업을 왜 해야 하는지, 왜 아등바등 일해야 하는지, 안 하고 살면 안 되는지 궁금해질 때면 알튀세르의 이데올로기적 국가기구가 눈을 번쩍 뜨이게 해줄지도 모른다. 철학은 오늘의 내 삶을 조금 더 이해할 수 있는 하나의 실마리가 된다. 철학의 재미는 거기에 있다. 《너무 재미있어 잠 못 드는 철학 수업》은 그 재미를 우리에 안겨준다.","['인문학', '철학 일반', '교양 철학']"
10809,(밀턴 에릭슨의)심리치유 수업,밀턴 H. 에릭슨 지음; 시드니 로젠 엮음; 문희경 옮김,어크로스,2017,186.5 에298ㅅ문,9789000000000,https://search1.kakaocdn.net/thumb/R120x174.q85/?fname=http%3A%2F%2Ft1.daumcdn.net%2Flbook%2Fimage%2F1480592%3Ftimestamp%3D20241029115935,"《멋진 신세계》의 작가 올더스 헉슬리, 인류학자 마거릿 미드가 지적·정신적으로 의지했던 세기의 의사, 정신의학자로서 심리치료 분야에 새로운 전기를 열었던 밀턴 에릭슨. 그는 생애 마지막 수년 동안 치료자들을 위한 수업을 열었고, 이야기는 무의식의 새로운 발견과 창의적 사용법에서 콤플렉스와 한계를 뛰어넘고 타인에게 선한 영향력을 끼치는 법까지 삶의 건강한 기술을 가르친다. 이 책은 어떤 이론으로도 포섭될 수 없고 어떤 심리서에도 나와 있지 않은 그만의 독특한 심리치유 수업을 고스란히 담아낸 것이다.","['인문학', '심리학/정신분석학', '심리치료']"
10810,처음부터 잘 쓰는 사람은 없습니다,이다혜 지음,위즈덤하우스,2019,802 이22ㅊ,9791160000000,https://search1.kakaocdn.net/thumb/R120x174.q85/?fname=http%3A%2F%2Ft1.daumcdn.net%2Flbook%2Fimage%2F3779244%3Ftimestamp%3D20240810113440,"에세이스트 이다혜가 글을 쓰고 싶은데 써지지 않는 이들을 위해 쓴 안내서 『처음부터 잘 쓰는 사람은 없습니다』. 이십여 년간 책과 영화, 여행 등 여러 주제에 대한 다양한 칼럼과 책 집필 등 자신의 글쓰기를 오래 해오고, 편집기자로 시작해 취재기자를 거쳐 《씨네21》 편집팀장의 자리에 오른 저자는 자신의 글을 쓰는 만큼이나 남의 글을 읽고 고치고 수정을 요구하며 글쓰기를 배워왔다고 이야기한다. 글쓰기에 대해 자신을 포함해 사람들이 어떤 부분에서 시행착오를 하는지 공감할 수 있었고 어떻게 해야 좀 더 나은 글쓰기를 할 수 있는지 자신만의 방법론을 갖게 된 저자는 그동안 CGV 씨네라이브러리의 글쓰기 특강들과 말과활 아카데미에서의 글쓰기 강의, 그리고 몇몇 도서관과 기업체, 교육기관에서 이루어진 글쓰기와 말하기 관련 강좌들을 통해 글을 잘 쓰고 싶은 많은 사람들과 소통해왔는데, 이 책에서 그 글쓰기 수업 내용을 다듬어 들려준다. 이 책은 단계별 글쓰기 방법으로 구성되어 있다. 첫 번째 단계에선 글쓰기에 대한 두려움을 없애고 기본기 익히는 법을, 두 번째 단계에선 가장 쉽게 글을 시작할 수 있는 방법인 영화와 책 등 보고 읽은 것을 소재로 글 쓰는 법을 알려주고, 세 번째 단계에선 좀 더 글을 내 삶 가까이 끌어당겨 원동력으로 만드는 법을 알려준다. 네 번째 단계에선 글의 시작처럼 중요한 마무리와 퇴고하는 법을, 다섯 번째 단계에선 좀 더 긴 호흡으로 글 쓰는 법과 제안서 쓰는 법 등 에세이스트가 되고 싶은 이들을 위한 지침들을 안내해준다. 책의 마지막에는 글을 쓰기 전에 스스로 답해보는 문진 리스트와 글쓰기 특강 때 가장 많이 받은 질문들에 대한 Q&A 클리닉을 담아 나만의 글쓰기를 만들어 갈 수 있도록 도와준다.","['인문학', '책읽기/글쓰기', '글쓰기']"
10811,(인생을 바꿔 주는)존스 할아버지의 낡은 여행 가방,앤디 앤드루스 지음; 강주헌 옮김,뜨인돌,2019,199.1 앤27ㅈ강,9788960000000,https://search1.kakaocdn.net/thumb/R120x174.q85/?fname=http%3A%2F%2Ft1.daumcdn.net%2Flbook%2Fimage%2F772250%3Ftimestamp%3D20221011174003,"《폰더 씨의 위대한 하루》로 전 세계를 울린 베스트셀러 작가이자 성공한 코미디언인 앤디 앤드루스의 소설형 자기계발서 『존스 할아버지의 낡은 여행 가방』. 자전적인 내용과 픽션을 적절히 녹여 낸 이야기를 통해 문제에 매몰되어서는 위기를 헤쳐 나갈 수 없다고 이야기하며 인생의 터닝 포인트가 될 7가지 새로운 관점을 제시한다. 이야기의 배경인 오렌지비치는 실제로 저자가 살고 있는 마을이자 저자가 절망과 고통의 청년기를 이겨 내고 《폰더 씨의 위대한 하루》를 만들어 낸 곳이기도 하다. 겉으로는 평화로워 보이나 저마다의 고민을 안고 살아가는 사람들로 가득한 오렌지비치에 어느 날 낡은 여행 가방을 든 존스가 홀연히 나타나고 사람들은 그로 인해 새로운 인생을 살게 된다. 우리의 모습을 꼭 닮은 마을 사람들이 깨달음을 얻고 절망을 끝내는 순간에선 전율이 흐른다. 생생한 인물 묘사와 흡인력 있는 이야기는 깊은 감동과 공감을 자아낸다. 존스는 끊임없이 질문을 던지고, 마을 사람들은 때론 거부하고 때론 의문을 제기하며 페이지 너머의 우리가 할 법한 반응과 대답을 한다. 이러한 이야기를 통해 인생의 고비를 넘기는 지혜를 발견할 수 있을 것이다.","['자기계발', '성공', '성공학']"
10812,"70세 사망법안, 가결",가키야미우 지음; 김난주 옮김,왼쪽주머니:사람IN,2019,833.6 가878ㅊ김,9788960000000,https://search1.kakaocdn.net/thumb/R120x174.q85/?fname=http%3A%2F%2Ft1.daumcdn.net%2Flbook%2Fimage%2F3751365%3Ftimestamp%3D20250214113802,"가정주부, 직장인, 비정규직, 취준생, 그리고 고령화를 비롯한 일본 사회의 갖은 사회문제들을 생생하게 보여주는 가키야 미우의 소설 『70세 사망법안, 가결』. 70세가 되는 생일로부터 30일 이내에 반드시 죽어야 한다는 내용의 '70세 사망법안'이 가결되고, 지극히 평범한 도요코 가족의 일상에도 이 법안이 들어온다. 정신은 정정하게 살아 있지만 움직이지 못하는 시어머니를 집에서 돌보고 있는 도요코. 남편은 남은 인생을 마음껏 누리기 위해 조기 퇴직하고 세계 여행을 떠나고, 딸은 훌쩍 독립해 버렸고, 아들은 은둔형 외톨이다. 10여 년째 시어머니를 돌보던 도요코는 고작 2년 밖에 남지 않은 70세 사망법안의 시행을 기다릴 수 없게 되고, 며느리이며 아내이자 엄마인 역할로서의 자신에서, 오롯이 나 자신이 되기 위해 가출하는데…….","['소설/시/희곡', '일본소설', '1950년대 이후 일본소설']"
10813,"저는 남자고, 페미니스트입니다",최승범 지음,생각의힘,2019,337.2 최57ㅈ,9791190000000,https://search1.kakaocdn.net/thumb/R120x174.q85/?fname=http%3A%2F%2Ft1.daumcdn.net%2Flbook%2Fimage%2F1614850%3Ftimestamp%3D20231215190759,"남자가 무슨 페미니스트야? 최승범은 강릉 명륜고등학교의 국어 선생님이다. 아침부터 저녁까지 800여 명의 남학생들이 모여 생활하는 학교에서는 온갖 육두문자와 힘자랑이 오간다. 귀에는 ‘따먹다’라는 단어가 수시로 꽂힌다. 왜 그러느냐고 물어보면 “그냥요” “재미있잖아요” “세 보여서요”라는 대답이 돌아온다. 일생을 통틀어 성욕이 가장 충만한 시기라더니 대뜸 “섹스!”를 외치는 학생들도 있다. 자연스러운 욕망임을 알지만 저자는 남학생들이 그런 방식으로 욕망을 표출하는 것이 안타깝다. 아직도 많은 학교에 ‘10분 더 공부하면 마누라 얼굴이 바뀐다’처럼 여성을 성취의 보상으로 여기는 급훈이 걸려 있다. 이래도 괜찮은 걸까? 남자도 페미니스트가 되어야 하는 이유는 다른 데 있지 않다. 페미니즘이 남성의 삶과도 맞닿아 있으며 여성만큼이나 남성을 자유롭게 해줄 수 있다는 데 있다. 최승범은 어딜 가도 군대 문화와 폭력, 음담패설이 빠지지 않는 남성 문화에, 만취하지 않고서는 진솔한 대화와 허심탄회한 관계가 불가능하다고 생각하는 남자들에게 의문을 가진다. 여성의 삶도 기구하다 여기지만 결국 저렇게 되고야 마는 남성의 삶도 이상하다 생각한다. 그리고 그 의문은 페미니즘을 만나면서 조금씩 풀린다.","['사회과학', '여성학/젠더', '여성학이론']"
10814,책을 지키려는 고양이,나쓰카와소스케 지음; 이선희 옮김,arte(북이십일 아르테),2019,833.6 나57ㅊ이,9788950000000,https://search1.kakaocdn.net/thumb/R120x174.q85/?fname=http%3A%2F%2Ft1.daumcdn.net%2Flbook%2Fimage%2F624908%3Ftimestamp%3D20230406144900,"320만 부 판매 신화를 기록한 나쓰카와 소스케 화제의 신작 [책을 지키려는 고양이]. 다양한 인간 군상들의 모습을 통해 책의 의미를 다시 한 번 되새겨보게 한다. 하루에도 수없이 쏟아지는 책들 속에서 어떤 책을 어떻게 읽어야 할까, 어떤 책이 의미 있는 책인가, 책을 읽는다는 것은 여전히 가치 있는 일인가 등 책의 미궁 속에서 마주하는 이들이 던지는 이런 질문들은 좋은 대학에 가기 위해, 뛰어난 스펙을 쌓기 위해, 괜찮은 회사에 취직하기 위해 책을 읽으려는 이들에게, 지금 현재를 살아가는 우리에게로 향한다. “여러분은 정말 책을 좋아합니까”라고.","['소설/시/희곡', '일본소설', '1950년대 이후 일본소설']"
10815,아서씨는 진짜 사랑입니다,엘리자베스 버그 지음; 박미경 옮김,나무의철학,2019,843 버17ㅇ박,9791160000000,https://search1.kakaocdn.net/thumb/R120x174.q85/?fname=http%3A%2F%2Ft1.daumcdn.net%2Flbook%2Fimage%2F3752847%3Ftimestamp%3D20220818011832,"뭔가를 오랫동안 잃어버린 사람들, 뭔가에서 오랫동안 멀어진 사람들이 서로에게 건네는 아름답고 따뜻한 시간들 여든다섯 살 아서의 하루는 여섯 달 전부터 매일 똑같다. 정원을 가꾸고, 고양이를 돌본 뒤, 버스를 타고 묘지로 가서 사랑하는 아내의 무덤 옆에서 점심을 먹는 것. 그는 지금은 세상을 떠난 사람들의 이야기를 듣고 아내와 아내에 관한 추억을 떠올릴 수 있는 묘지를 집만큼 편안하게 여긴다. 그러던 어느 날, 평소처럼 묘지에서 시간을 보내던 아서는 수업을 빠지고 그곳에 찾아온 십대 소녀 매디와 마주친다. 매디는 어려서 어머니를 잃고 아버지와 단둘이 살면서 집에 마음 붙이지 못하고 학교에서도 따돌림을 당해왔다. 그녀는 아서가 자신과 마찬가지로 남들은 음침하다고 꺼리는 장소에서 가장 편안함을 느낀다는 사실을 알고 그와 가까워지며, 아서의 조건 없는 다정함에 감동해 그에게 ‘트루러브(Truluv)’라는 별명을 지어준다. 아버지와의 불화로 집을 나와 묘지에서 아서를 만났을 때 매디는 그에게 특별한 제안을 받게 되고, 교사 출신에 매사 참견하기를 좋아하는 이웃 루실까지 그 둘과 가까워지면서 피 한 방울 섞이지 않은 이들의 ‘진짜’ 가족생활이 시작된다. 데뷔 이후 25년째 꾸준히 집필 활동을 이어오며 미국을 포함한 전 세계에 고정 독자를 지닌 엘리자베스 버그의 새 작품으로 홀로 살아가는 노인, 가정에서 동떨어진 십대 등 사회적으로 소외된 듯 보이지만 누구보다도 자신의 가치를 바로 알고 타인에게 다정한 사람들의 이야기를 전한다. ‘항상 좋은 이야기를 들려준다’는 언론의 평가에 걸맞게 자극적이고 흉흉한 이야기 일색인 세상에 보기 드물게 읽는 사람의 마음을 따뜻이 감싸주는 소설이다.","['소설/시/희곡', '영미소설']"
10816,이상한 정상 가족,김희경 지음,동아시아,2018,332.2 김97ㅇ,9788960000000,https://search1.kakaocdn.net/thumb/R120x174.q85/?fname=http%3A%2F%2Ft1.daumcdn.net%2Flbook%2Fimage%2F869969%3Ftimestamp%3D20221001182232,"그동안 가족주의와 정상가족 이데올로기에 대한 비판은 여성주의적 입장에서 많이 제기되어왔지만 『이상한 정상가족』에서 저자는 가족 내에서 가장 취약한 사람인 아이를 중심에 두고 우리의 가족, 가족주의가 불러오는 세상의 문제들을 바라보고자 한다. 가부장제를 근간으로 한 한국의 가족주의와 특정한 가족 형태만을 정상으로 여기는 정상가족 이데올로기를 비판하면서 이러한 가족을 둘러싼 문제로 아이들 또한 고통 받고 있음을 차근하게 이야기한다. 어른을 때리면 폭행죄로 처벌받지만 가족 안에서 이루어진 체벌은 왜 괜찮다고 용인되는 것일까? 저자는 가족이라는 이름으로 묵인되거나 포장되어온 다양한 유형의 폭력을 중심으로 가족의 문제를 들여다보면서 그 기저에 한국의 가족주의가 뿌리내리고 있음을 보여준다. 가족주의와 정상가족 이데올로기가 한국 사회에서 어떤 역사적 맥락을 가지고 있는지 구체적 제도의 사례를 통해 밝히면서 가족 안팎에서 아이들을 대하는 방식에서 드러나는 인간성과 도덕성, 질서, 개인과 공동체에 대한 우리 사회의 통념을 다시 한 번 생각해보고자 한다.","['사회과학', '사회학', '사회학 일반']"
10817,철학에게 나를 묻다,희망철학연구소 지음,동녘,2018,100 희32ㅊ,9788970000000,https://search1.kakaocdn.net/thumb/R120x174.q85/?fname=http%3A%2F%2Ft1.daumcdn.net%2Flbook%2Fimage%2F1012680%3Ftimestamp%3D20221011173149,"우리는 하나의 철학이다! 철학으로 나를 읽는 시간 깊게 생각해본 적 없는 학생들을 위한 생각의 첫 디딤돌 학생들은 초등학생 때부터 숨 가쁘게 공부만 하며 살아야 한다. 어렸을 때부터 자기가 하고 싶은 일이 무엇인지 생각하고 꿈꿀 충분한 시간이 없다. 대학생이 되어도 상황은 크게 다르지 않다. 고등학생 때는 좋은 대학에 가기 위해 공부했다면, 대학생 때는 좋은 회사에 취업하기 위해 다시 쉴 틈 없이 공부해야 한다. 독서를 등한시하는 학교 분위기 속에서 학생들이 독서에 매력을 느끼기 힘든 것도 어쩌면 당연한 일이다. 하지만 주입식 교육에서 벗어나 스스로 생각하고 고민할 수 있는 환경에 놓인다는 것은 대학생만의 특권이다. 학생들이 이 소중한 자유의 시간을 허투루 보내지 않도록 생각의 디딤돌을 선사해야 하지 않을까. 《철학에게 나를 묻다》는 이러한 고민에서 기획된 책이다. 일곱 명의 철학 선생님들은 스스로 깊게 생각해본 적 없는 학생들이 생각의 다리에 한 발짝 다가가도록 돕는다. 철학이 현실과 동 떨어진 학문이 아니라, 나를 들여다보고 탐구하는 것이 다름 아닌 철학임을 가르치고자 한 것이다. 책은 너무 익숙해서 깊게 생각해보지 않았던 인간의 속성과 행동, 감정 등을 하나씩 파고든다. 학생들은 철학에 자신을 던져, 익숙함을 낯설게 볼 기회를 얻는다. 철학을 통해 이해한 나는 분명 내가 이제껏 알던 나와 다르다. 내가 누구인지, 인간으로서 어떻게 살아야 하는지 고민하면서 학생들은 수수께끼 같던 철학과 ‘나’를 동시에 이해하는 첫 발걸음을 뗄 수 있을 것이다.","['인문학', '철학 일반', '교양 철학']"
10818,국수사전,김성동 지음,솔출판사,2018,813.6203 김54ㄱ,9791160000000,https://search1.kakaocdn.net/thumb/R120x174.q85/?fname=http%3A%2F%2Ft1.daumcdn.net%2Flbook%2Fimage%2F1598638%3Ftimestamp%3D20240515112703,"한국문학의 살아 있는 거장, 김성동 작가의 장편소설 『國手』가 솔출판사에서 전 6권으로 출간되었다. 1991년 11월 1일 <문화일보> 창간호에 연재를 시작한 이후 27년 만에 완간한 『國手』는 오랜 시간 김성동 작가의 집념과 혼으로 완결시킨 작품으로, 벽초 홍명희의 『임꺽정』, 박경리의 『토지』를 잇는 대서사시이다. ‘국수國手’는 바둑과 소리, 악기, 무예, 글씨, 그림 등 나라 안에서 최고의 경지에 오른 예술가나 일인자를 지칭하는 말로, 장편소설 『국수』는 임오군변(1882)과 갑신정변(1884) 무렵부터 동학농민운동(1894) 전야까지 각 분야의 예인과 인걸들이 한 시대를 풍미하는 이야기를 유장하고도 아름다운 우리 조선말의 향연과 함께 펼쳐낸다. 조선왕조 오백년이 저물어가던 19세기 말, 충청도 내포지방(예산, 덕산, 보령)을 중심으로 바둑에 특출한 재능을 가진 소년, 석규와 석규 집안의 노비의 자식으로 태어나 명화적이 되는 천하장사 천만동, 선승 백산노장과 불교비밀결사체를 이끄는 철산화상, 동학접주 서장옥, 그의 복심 큰개, 김옥균의 정인 일패기생 일매홍 등 『國手』 속 주요 인물들은 역사기록에 남지 않는 미천한 계급의 인물들로, 서세동점의 대격변 속에 사라져간 조선을 ‘살아낸’ 무명씨들의 이야기이기도 하다. 『國手』는 130여 년 전 조선의 역사를 정면으로 다루고 있지만, 정치사보다는 민중의 구체적 삶과 언어를 박물지博物誌처럼 충실하게 복원해낸 풍속사이자 조선의 문화사이며, 조선인의 심성사心性史에 더 가깝다. 종래의 역사소설이 사건·정치사 중심으로 이야기가 전개되는데 반해, 그 사건들에 직간접으로 맞닥뜨리고 때로는 그것을 일구기도 하는 인물 개개인을 중심으로 거대한 민중사적 흐름을 당대의 풍속사와 문화사 및 정신사적 관점에서 참으로 맑고 아름다웠던 우리말로 서사한다. 동시에 우리 민족의 역사 속에 면면히 이어져 온 개인적 ‘전傳’ 양식을 이어받으면서 제국주의에 갈갈이 찢긴 우리말과 문화와 정신의 뿌리를 생생히 되살려내었다. “소설 『國手』는 근 27년간 일본 제국주의의 침략과 강점 직전까지 존재했던 조선의 정조와 혼을, 마치 초혼招魂 하듯이, 일일이 불러 ‘씻김’한 재가在家 수도승 김성동 작가가 혼신의 힘을 쏟아 부은 역작이다. 일본 제국주의의 침략에 의해 사라지거나 오염되고 왜곡되기 전 조선의 말과 글, 전통적 생활 문화를 130년이 지난 오늘에 되살리며 생동감 넘치는 서사와 독보적이고 유장한 문장으로 그려낸 것은 실로 경이로운 문학사적 일대사건이라 할 것이다.”(임우기, ‘해설’ 중에서)","['소설/시/희곡', '역사소설', '한국 역사소설']"
10819,모든 것은 빛난다,"휴버트 드레이퍼스, 숀 켈리 공지음; 김동규 옮김",사월의책,2017,100 드294ㅁ김,9789000000000,https://search1.kakaocdn.net/thumb/R120x174.q85/?fname=http%3A%2F%2Ft1.daumcdn.net%2Flbook%2Fimage%2F1479546%3Ftimestamp%3D20240403114728,"허무와 무기력의 시대, 서양고전에서 삶의 의미 되찾기 『모든 것은 빛난다』. 동일한 책에 대해 《뉴욕타임스》에서 유례없이 세 번이나 리뷰를 실으면서 “2011년 최고의 책”이라 추켜세운바 있는 이 책은 현대인들이 처한 문화적 위기를 깊은 곳에서부터 끄집어내어 성찰하고 있다. 우리들이 아무런 의심 없이 찬양하는 ‘개인의 자율성’이 삶에 무슨 의미를 가져다주는가라는 질문을 통해 사람들이 매일처럼 겪고 있는 삶의 불안과 무기력증, 허무에 정면으로 도전한다. 저자 휴버트 드레이퍼스와 숀 켈리는 오늘날 우리가 겪고 있는 허무와 우울의 시대적 병증은 ‘자율적 존재로서의 인간’이라는 그릇된 신념 탓이라고 말한다. 개인으로서는 도저히 감당하기 어려운 책임과 선택의 짐을 오롯이 개인에게 지운 결과라는 것이다. 저자들은 의미의 다양한 생산지를 하나의 원천으로만 응집시키려 한 서양 사상사의 시도야말로 허무주의의 주범이라고 하며, ‘자각된 개인’이라는 내면의 영웅주의에 취하지 않는다면 삶의 의미를 다시 찾을 수 있다고 강조한다.","['인문학', '서양철학', '서양철학 일반']"
10820,나를 위로하는 글쓰기,셰퍼드 코미나스 지음; 임옥희 옮김,홍익출판사,2018,802 코38ㄴ임,9788970000000,https://search1.kakaocdn.net/thumb/R120x174.q85/?fname=http%3A%2F%2Ft1.daumcdn.net%2Flbook%2Fimage%2F964710%3Ftimestamp%3D20230330160810,"마음속 밑바닥까지 내려가 자기만의 이야기를 남김없이 쓰다 보면 까맣게 잊고 있던 자신의 본래 모습을 발견하게 될 것이다. 글을 쓰겠다는 마음으로 막상 자세를 잡아도 편안하게 글을 써내려가기란 쉽지 않다. 하지만 우리가 쓰는 글은 대단한 명작을 탄생시키기 위한 게 아니다. 내 삶에서 무슨 일이 일어나고 있으며, 그것에 대해 어떻게 느끼고 생각하는지를 기록하는 것이다. 따라서 가장 좋은 글쓰기 방법은 그냥 마음속에 있는 단어들이 밖으로 흘러나오는 대로 내버려두면 된다. 우리는 살면서 수많은 음식을 먹고, 여러 곳을 여행하고, 매일 밤 꿈을 꾼다. 글쓰기의 소재는 멀리 있는 게 아니라 지금 겪고 있는 그 일을 적으면 된다. 예를 들어 지금까지 먹어본 음식 중에 가장 맛있는 것은 무엇이고, 어디서 누구와 함께 먹었는지, 그리고 그때 겪었던 이야기를 쓰면 된다. 마음속 밑바닥까지 내려가 자신의 일상적인 이야기를 남김없이 적다보면 까맣게 잊고 있던 자신의 본래 모습을 발견하게 될 것이다. 이 책은 글쓰기가 갖고 있는 위로와 치유의 힘에 주목하고, 그것을 자기 발견의 관점에서 실천할 수 있도록 집필된 책이다. 저자는 이 책에서 육체적 건강의 유지, 일상적 활동을 통한 즐거움의 발견, 새로운 삶의 설계 등을 위한 일생의 글쓰기 프로그램을 제공한다. 누구나 이 책을 통해 글쓰기의 유익함을 경험할 수 있고, 이 세상에서 가장 효과 높은 위로와 치유의 방법을 깨닫게 될 것이다.","['인문학', '책읽기/글쓰기', '글쓰기']"
10821,"내 손 안의 인문학, 꿈의 문",조선우 글; 이애영 그림,책읽는귀족,2019,100 조54ㄴ,9789000000000,https://search1.kakaocdn.net/thumb/R120x174.q85/?fname=http%3A%2F%2Ft1.daumcdn.net%2Flbook%2Fimage%2F1495089%3Ftimestamp%3D20250320113723,"암기하는 기계가 아니라, 생각하는 존재로서의 정체성을 깨닫자! - ‘바칼로레아’ 같은 논술형 시험에 반드시 필요한 ‘생각 씨앗’을 위하여! 최근 일본에서 ‘교육평가혁명’을 시도하고 있다. 대학입시와 중고교 교육현장에서 객관식 문제를 축소하면서 논술형으로 바꾸고, 또한 국제 바칼로레아(International Baccalaureate, IB) 교육과정을 공교육에 도입한다고 발표했다. 영국, 프랑스, 독일은 이미 각각 논술형 시험인 에이레벨, 바칼로레아, 아비투어 등을 시행하고 있다. 이제 일본도 이러한 세계적 흐름으로 교육혁명을 하려는 것이다. 이처럼 세계는 ‘생각하는 시민’을 키우기 위해 논술형 시험 제도를 마련했거나 곧 시행하고자 하지만, 우리나라는 여전히 암기식 교육과 객관식 시험제도로 제자리걸음하는 셈이다. 이제 세계 속에서 경쟁력 있는 인재로 성장하려면 ‘생각하는 훈련’을 가져야 한다. 그런데 이 생각 훈련에 앞서 ‘생각 씨앗’을 먼저 자기 안에 품어야 한다. 그런데 우리의 공교육에서 이러한 바칼로레아식 학습 방법을 주저한다고 해서, 모두가 모른 척 할 수는 없는 노릇이다. ‘생각할 수 있는 사람’이라야 바른 판단을 할 수 있고, 자기 진로도 적성에 맞는 걸 결정할 수 있으며, 이 나라에 필요한 지도자도 잘 선택할 수 있는 법이다. 그러므로 청소년들에게 우선 ‘생각을 해야 하는 필요성’을 먼저 느끼도록 해야 한다. 이를 위해서 『내 손 안의 인문학, 꿈의 문』이 세상에 나오게 되었다. 이 책은 ‘나는 누구인가’와 같은 철학적 질문을 통해 ‘생각 씨앗’을 갖고, 왜 이러한 질문들이 우리 삶에 필요한지 스스로 깨닫게 해준다. 또한 철학자들이 결코 저 멀리 있는 존재가 아니라, 우리와 똑같은 사람이라는 친근함을 느끼도록 해준다. 이 책을 통해 청소년들뿐만 아니라, 어른들도 자신과 상관이 없게만 느껴졌던 ‘우리는 어디에서 와서 누구이고 어디로 가는가’ 와 같은 존재론적 질문들이 이 경쟁사회를 살아갈 때 왜 반드시 필요한지를 알 수 있게 될 것이다. 또한 이 책 『내 손 안의 인문학, 꿈의 문』은 대한민국에서 태어나 암기만 하는 기계가 아니라, ‘생각하는 존재’로서의 자신의 정체성을 분명히 깨달을 수 있도록 도와줄 것이다.","['인문학', '철학 일반', '교양 철학']"
10822,거지 소녀,앨리스 먼로 지음; 민은영 옮김,문학동네,2019,843 먼295ㄱ민,9788950000000,https://search1.kakaocdn.net/thumb/R120x174.q85/?fname=http%3A%2F%2Ft1.daumcdn.net%2Flbook%2Fimage%2F4886771%3Ftimestamp%3D20241207130035,"노벨문학상 수상 작가이자 우리 시대 최고의 단편 작가 앨리스 먼로의 1978년 작품 『거지 소녀』가 문학동네 세계문학전집 176번으로 출간되었다. 1968년 출간된 첫 단편집 『행복한 그림자의 춤』부터 절필 선언 이전 2012년에 발표한 마지막 작품 『디어 라이프』까지, 먼로의 작품 가운데 『거지 소녀』는 비교적 초기, 먼로가 캐나다 이외의 나라에서도 막 유명세를 타기 시작했을 무렵에 쓰인 소설이다. 단편으로 이름을 알린 먼로에게 출판사들은 장편을 써볼 것을 제안했고, 그 갈등과 협의의 과정에서 “단편소설의 형식에 장편소설의 내러티브를 결합한”(<뉴 리퍼블릭>) 일종의 연작소설이라 할 수 있는 『거지 소녀』가 탄생했다. 캐나다에서는 ‘넌 도대체 네가 뭐라고 생각하니?Who Do You Think You Are?’라는 제목으로 발표된 『거지 소녀』는 주인공 로즈를 중심으로 연결된 단편 열 편으로 구성되어 있다. 가난하고 누추한 환경에서 나고 자란 똑똑한 여성 로즈가 그 굴레를 벗어나려 애쓰는 과정, 그리고 새어머니 플로와 쌓아나간 애증의 유대관계가 섬세하게 그려진다. 각 단편은 로즈의 유년기부터 중년에 이르기까지 거의 사십 년의 세월에 걸친 생애의 어느 한 시기를 다루고, 때로는 한 단편 속에서도 수십 년을 훌쩍 뛰어넘기도 한다. 열 편의 단편 각각이 그 자체만으로 완결성을 갖춘 “관조적이고 심미적인 완전체”(<뉴 리퍼블릭>)이면서 동시에 그 단편들이 모여 커다란 하나의 이야기를 구성하며 특별한 문학적 즐거움을 선사한다. 이 작품으로 앨리스 먼로는 캐나다 최고 문학상인 총독문학상을 두번째로 수상했고 부커상 후보에도 올랐다.","['소설/시/희곡', '세계의 소설', '기타 국가 소설']"
10823,세븐 블라인드,김선희 [외]지음,소원나무,2018,813.6 김54세,9791190000000,https://search1.kakaocdn.net/thumb/R120x174.q85/?fname=http%3A%2F%2Ft1.daumcdn.net%2Flbook%2Fimage%2F1631799%3Ftimestamp%3D20240417113633,"《세븐 블라인드》는 사회가 애써 외면하는 청소년 문제 7가지(성매매, 도박 중독, 몰카 범죄, 왕따, 사생팬, 자살, 폭력)를 다루고 있습니다. 사회가 애써 외면하는 청소년 문제 7가지 이야기, 이제는 터놓고 이야기해야 할 때! 사회는 청소년들이 왜 성매매, 도박 중독, 몰카 범죄, 왕따, 사생팬, 자살, 폭력 등의 문제를 겪는지 원인을 제대로 파악하려 노력하기보다 그 문제를 겪는 아이들을 격리시키거나 가해자, 범죄자로 낙인을 먼저 찍으려 한다. 이번 청소년 작가 7인(김선희, 나윤아, 문부일, 박하령, 신지영, 양호문, 이송현)이 쓴 《세븐 블라인드》가 블라인드를 통해 가려진 청소년 문제를 올바르게 볼 수 있는 계기가 되었으면 좋겠다. 또한 사회가 그동안 직면하지 못했던 블라인드를 열어 그 안에 있는 아이들이 밝은 빛을 보고, 더불어 세상의 어른도 블라인드를 걷어 아 이들의 모습을 제대로 볼 수 있게 되기를 기대해 본다. 청소년 성매매, 도박 중독, 몰카 범죄, 왕따, 사생팬, 자살, 폭력에 대하여! 이제 우리 사회는 청소년 문제의 민낯에 대해 들여다봐야 한다. 으레 청소년이라면 집과 학교의 안전하고 안락한 울타리 안에서 큰 무리 없이 잘 자라고 있고 잘 자라야 한다고 생각한다. 하지만 안타깝게도 사회가, 부모가, 선생님이 쳐 놓은 울타리는 생각만큼 안전하고도 안락하지 않다는 걸 인정해야 한다. “내 일이 아니니까!”, “우리 아이의 일이 아니니까!”, “우리 애에게 나쁜 영향을 주는 애들은 안 돼.”라는 식의 청소년 문제를 바라보는 시선은 이제 그만 거둬야 하지 않을까? 어른도 되지 않은 청소년이 까져서, 문제아이기 때문에 청소년 성매매, 도박, 몰카, 왕따, 사생팬, 자살, 폭력과 같은 청소년 문제들을 일으킬 것이라는 생각은 더 이상 청소년 문제에 접근하고 해결하는 데 도움이 되지 않는다. 《세븐 블라인드》는 다음세대의 주역이라고 하는 우리 청소년들의 실제 당면하고 있는 문제들을 정조준하고 있으며, 사회가, 부모가, 선생님이 타의든, 자의든 맞닥뜨린 청소년들의 어둡고 해결하기 어려운 문제들을 외면하지 않고 사랑과 애정 어린 관심의 눈길로 들여다보길 바라는 의미에서 기획되어 탄생한 작품집이다. 《세븐 블라인드》 속 7편의 각 작품들을 통해 청소년 문제를 한층 더 가깝게 들여다보게 계기가 되길 바란다.","['청소년', '청소년 문학', '청소년 소설']"
10824,바깥은 여름,김애란 지음,문학동네,2019,813.6 김63ㅂㄲ,9788950000000,https://search1.kakaocdn.net/thumb/R120x174.q85/?fname=http%3A%2F%2Ft1.daumcdn.net%2Flbook%2Fimage%2F693702%3Ftimestamp%3D20241101113727,"김애란이 돌아왔다. 작가생활 15년간 끊임없이 자신을 경신해오며, 지금 우리가 발 딛고 서 있는 곳의 이야기를 우리의 언어로 들었을 때 느끼게 되는 친밀감과 반가움, 그 각별한 체험을 선사해온 저자가 《비행운》 이후 5년 만에 펴내는 신작 소설집 『바깥은 여름』. 제37회 이상문학상 수상작 《침묵의 미래》, 제8회 젊은작가상 수상작 《어디로 가고 싶으신가요》를 포함한 일곱 편의 작품들을 만나볼 수 있다. 소설집의 문을 여는 작품 《입동》은 사고로 아이를 잃은 젊은 부부의 부서진 일상을 따라가며 독자로 하여금 타인의 아픔에 공감하다가도, 그 고통이 감당 가능한 범위를 넘어섰을 때는 고개 돌려 외면해버리는 우리 자신의 모습을 상기하게 만든다. 십대 무리와 노인과의 실랑이 끝에 노인이 죽는 사건이 일어난 후 그 사건의 목격자인 ‘나’의 아들 ‘재이’가 다문화 가정의 아이라는 이유로 부당한 편견에 둘러싸이고, 그런 편견 사이에서 천진하다고만 생각한 아이에게서 뜻밖의 얼굴을 발견하게 되는 ‘나’의 이야기를 담은 《가리는 손》 등의 작품을 통해 가까이 있던 누군가를 잃거나 어떤 시간을 영영 빼앗기는 등 상실을 맞닥뜨린 인물들, 친숙한 상대에게서 뜻밖의 표정을 읽게 되었을 때의 당혹스러움 같은 것을 마주하게 된다. 언젠가 출연한 한 팟캐스트 방송에서 소재를 이야깃거리로 소비하지 않으려 노력한다고 이야기했던 저자의 그 조심스러운 태도가 곳곳에 묻어나는 이번 소설집에 수록된 대다수의 작품들은 어느 때보다 안과 밖의 시차가 벌어져있음을 구체적으로 체감할 수밖에 없던 최근 삼사 년간 집중적으로 쓰였는데, 그 혼란의 시기를 비켜가지 않고 천천히 걸어 나가고자 했던 저자의 다짐을 엿볼 수 있다.","['소설/시/희곡', '한국소설', '2000년대 이후 한국소설']"
10825,"사람, 장소, 환대",김현경 지음,문학과지성사,2019,330 김94ㅅ,9788930000000,https://search1.kakaocdn.net/thumb/R120x174.q85/?fname=http%3A%2F%2Ft1.daumcdn.net%2Flbook%2Fimage%2F495015%3Ftimestamp%3D20240731112913,"『사람, 장소, 환대』는 ‘사회적 성원권’, ‘환대’ 등의 문제를 오랜 기간 연구해온 인류학자 김현경의 첫 저서이다. 우리는 어떻게 이 세상에 들어오고, 사람이 되는가? 우리는 사람이기 때문에 이 세상에 받아들여진 것인가 아니면 이 세상에 받아들여졌기 때문에 사람이 된 것인가? 다시 말해 ‘사람’이라는 것은 지위인가 아니면 조건인가? 조건부의 환대 역시 환대라고 할 수 있을까? 우리에게 주어진 환대가 언제라도 철회될 수 있다면, 우리는 진정한 의미에서 환대되지 않은 게 아닐까? 이 책은 이러한 질문들에 답하며, 사회를 ‘시계’, 즉 기능을 가진 구조들의 총체나 ‘벌집ㅡ재생산적 실천을 하는 주체들에 의해 재생산되는 구조’에 비유하는 구조기능주의에서 벗어나, 사람, 장소, 환대라는 세 개념을 중심으로 사회를 다시 정의하는 것을 목표로 삼는다. 저자는 사유의 궤적이 드러나는 묵직한 질문들을 던지면서도, 추상적인 개념에 의지하기보다는 다방면의 참고문헌들을 적재적소에 활용하여 논의를 전개해나감으로써 일반 독자들도 지적 자극과 흥미를 느낄 수 있게 해준다.","['사회과학', '사회학', '사회학 일반']"
10826,굿바이 세일 따윈 필요없어,클로에 콜스 지음; 여채영 옮김,다림,2019,843 콜57ㄱ여,9788960000000,https://search1.kakaocdn.net/thumb/R120x174.q85/?fname=http%3A%2F%2Ft1.daumcdn.net%2Flbook%2Fimage%2F857892%3Ftimestamp%3D20250215113403,"동네에 하나뿐인 서점 베넷의 폐점까지 4주밖에 남지 않은 상황, 폐점 위기에 닥친 '베넷'을 지키기 위해 페이지 터너의 베넷 서점을 살리기 위한 작은 투쟁이 시작되다.","['청소년', '청소년 문학', '청소년 소설']"
10827,사랑의 기술,에리히 프롬 지음; 황문수 옮김,문예출판사,2019,181.71 프295ㅅ정-4,9788930000000,https://search1.kakaocdn.net/thumb/R120x174.q85/?fname=http%3A%2F%2Ft1.daumcdn.net%2Flbook%2Fimage%2F363296%3Ftimestamp%3D20240803112627,"정신분석학의 대가이자 세계적 석학인 에리히 프롬이 현대인에게 제시하는 사랑학 개론. 그의 저술 동기는 '자신의 전체적인 인격을 발달시키고자 적극적으로 노력하여 생산적인 방향으로 나아가지 않는다면, 사랑을 위한 모든 시도가 결국 수포로 돌아가게 된다'는 점에 있다고 한다. 세속적이고 이기적인 사랑에 물든 현대인에게 삶의 본질로서의 사랑의 원리와 기술을 일깨우는 책.","['인문학', '인문 에세이']"
10828,내 안의 트라우마 치유하기,피터 A. 레빈 지음; 권수영 감수; 양희아 옮김,소울메이트:원앤원콘텐츠그룹,2016,513.8521 레48ㄴ양,9791160000000,https://search1.kakaocdn.net/thumb/R120x174.q85/?fname=http%3A%2F%2Ft1.daumcdn.net%2Flbook%2Fimage%2F1598556%3Ftimestamp%3D20230604141421,"삶에 있어 미처 준비하지 못한 역경들로부터 이를 맞이하고 고통을 치유할 준비를 할 수 있도록 도와주는 『내 안의 트라우마 치유하기』. 오랜 시간 심리치료사로서 트라우마 증상을 가진 환자들을 치유했던 저자는 수많은 임상사례를 통해 검증된 신체 기반 트라우마 치료법을 제시함으로써 몸의 감각을 통해 트라우마를 치유하는 법을 알려준다. 따라서 몸과 마음의 상호작용으로 트라우마를 극복하는 새로운 방법을 제시한다. 저자는 전통적인 심리학에서 트라우마를 정신의 문제라고 보며 정신에 영향을 주어 치료하고자 하지만, 이러한 방식은 근본적인 치유법이 될 수 없다고 말한다. 트라우마는 그 증상을 촉발한 사건 자체 때문에 발생하는 것이 아니라 해소 및 방출되지 못하고 남은 에너지 때문에 생기는 것이라 말하며 방출되지 못하고 갇혀 있는 에너지의 본능적 대처 과정을 감각느낌을 통해 마무리할 수 있게 해 트라우마를 치유해야 한다고 말한다. 이 책에는 이에 대한 구체적인 방법들이 소개되어 있다.","['인문학', '심리학/정신분석학', '심리치료']"
10829,센 강변의 작은 책방,레베카 레이즌 지음; 이은선 옮김,황금시간,2017,843 레68ㅅ이,9791190000000,https://search1.kakaocdn.net/thumb/R120x174.q85/?fname=http%3A%2F%2Ft1.daumcdn.net%2Flbook%2Fimage%2F1639636%3Ftimestamp%3D20240611112531,"여행하는 것을 넘어, 한번쯤 살아보고 싶은 도시들이 있다. 파리도 그런 도시다. 수많은 예술가가 모여든 문화예술의 도시, 스타일 좋고 시크한 파리지엥이 사는 곳, 섬세한 미식의 세계를 경험할 수 있는 곳, 무엇보다 사랑과 낭만의 도시, 파리.『센 강변의 작은 책방』은 누구나 한번쯤 살아보고 싶은 파리에서 6개월간 살게 된 꿈 많은 아가씨의 이야기를 담은 작품이다. 미국의 한 시골 마을에서 책방을 운영하는 새라는 파리의 센 강변에서 책방을 운영하는 소피로부터 6개월간 서점을 맞바꿔 운영하자는 제안을 받고, 파리로 떠난다. 에펠탑, 센강, 샹젤리제 거리, 오르세 미술관과 루브르 박물관, 카페 드 플로르, 마카롱 가게 라뒤레, 퐁 뇌프 다리, 사크레쾨르 대성당, 사랑의 벽, 뤽상부르 공원 등 마치 파리의 거리를 걷고 있는 듯한 착각이 들 정도로 파리의 실제 장소를 소환해내는 세세한 묘사가 돋보인다. 10~12월까지, 가을에서 겨울로 접어드는 파리의 쓸쓸하고 아름다운 모습, 크리스마스를 앞둔 거리의 설레는 분위기까지 상세히 담아낸다. 파리 그리고 새라가 운영하는 책방이 생생히 살아 있는 듯 느껴지는 것은 공간 중심적인 로맨스 소설을 써온 저자 레베카 레이즌의 탁월한 재주 덕분이다. 로맨스 소설의 명가 ‘할리퀸’ 출판사의 떠오르는 신예 작가로 꼽히는 그녀는 특정한 장소를 배경으로 펼쳐지는 여러 인물의 삶과 사랑 이야기를 시리즈로 엮어낸다. 이 책은 「로맨틱 파리 컬렉션」3연작 중 첫 번째 작품으로 파리에 관한 생생한 묘사, 오래된 것의 가치를 소중히 여길 줄 아는 프랑스인의 진지한 태도, 그 가치를 마음에 새긴 매력적인 인물을 등장시켜 독자들에게 뜨거운 찬사를 받은 바 있다.","['소설/시/희곡', '영미소설']"
10830,당신이 남긴 증오,앤지 토머스 지음; 공민희 옮김,걷는나무:웅진씽크빅,2019,843 토34ㄷ공,9788900000000,https://search1.kakaocdn.net/thumb/R120x174.q85/?fname=http%3A%2F%2Ft1.daumcdn.net%2Flbook%2Fimage%2F3941179%3Ftimestamp%3D20240320175854,"현재 가장 첨예한 문제인 혐오와 인종차별이라는 묵직한 주제를 다루면서도 생생한 인물묘사와 섬세한 표현으로 공감을 자아냈다는 평을 받은 앤지 토머스의 소설 『당신이 남긴 증오』. 경찰의 총에 맞은 친구의 죽음을 목격한 평범한 16살의 주인공의 시선을 통해 차별과 혐오가 어떻게 작동하는지, 편견과 무관심이 얼마나 폭력적일 수 있는지를 보여주는 작품으로 〈앵무새 죽이기〉를 이어 미국 교과과정의 차세대 필독서로 활용되고 있다. 총과 마약이 낯설지 않은 동네인 소위 우범지대에 사는 흑인 소녀 스타의 가족. 그러나 자녀가 다른 삶을 살길 원하는 부모님은 아이들을 백인들이 다니는 학교로 진학시킨다. 그렇게 스타는 낮에는 부유한 친구들이 다니는 학교의 모범생으로, 밤에는 그녀가 살고 있는 가난한 동네의 주민으로 두 가지 정체성을 갖고 살고 있다. 그러던 어느 날, 친구와 함께 차를 타고 가던 도중 경찰의 과잉진압으로 친구가 사망하는 사건이 발생한다. 반항도 무장도 하지 않은 그들에게 그저 흑인이라는 이유로 총격을 행한 경찰. 친구의 억울한 죽음에 슬퍼할 겨를도 없이, 수사는 점차 가해자에게 유리한 쪽으로 흘러가고, 스타는 내적 갈등에 휩싸인다. 소중한 가족과의 일상을 지키는 일과 진실을 말하는 용기 사이에서 스타는 어떤 선택을 할 수 있을까?","['소설/시/희곡', '영미소설']"
10831,현대의 신화,롤랑 바르트 지음; 이화여자대학교기호학연구소 옮김,東文選,2002,860.1 바297ㅎ이,8980384238,https://search1.kakaocdn.net/thumb/R120x174.q85/?fname=http%3A%2F%2Ft1.daumcdn.net%2Flbook%2Fimage%2F1121627%3Ftimestamp%3D20240514113259,대중문화의 언어활동에 대한 이데올로기적 비판서이자그 언어활동에 대한 기호학적 분석서. 1954년부터 2년에 걸쳐 씌어진 것들로 시사적인 문제를 다루었다. ` 프로레슬링을 하는 세계` `가난한 사람과 플롤레타리 아` `공감이 가는 노동자` 등 64편의 글을 묶었다.,"['인문학', '서양철학', '프랑스철학']"
10832,블루 드레스,알비 삭스 지음; 김신 옮김,일월서각,2012,367.004 삭57ㅂ김,9788970000000,https://search1.kakaocdn.net/thumb/R120x174.q85/?fname=http%3A%2F%2Ft1.daumcdn.net%2Flbook%2Fimage%2F1039397%3Ftimestamp%3D20250222113054,"법과 살의 기묘한 연금술『블루 드레스』. 남아프리카공화국 리투아니아계 유대인 가정에서 태어나 17세 때 인권운동에 뛰어든 뒤 백인정부로부터 테러를 당해 한쪽 팔과 한쪽 눈을 잃은 반인종차별주의 투사이자, 1994년 남아공 민주정부 수립 후 넬슨 만델라 대통령에 의해 헌법재판소 초대재판관이 된 알비 삭스가 자신이 참여한 판결을 씨줄로, 엄혹했던 삶의 여정을 날줄로 엮어 풀어낸 감동의 에세이집이다. 헌법재판소 재판관으로서의 뛰어난 통찰력과 남아공의 현대사를 온몸으로 경험한 직감력으로 남아공이 아파르트헤이트 이후 어떻게 세계역사상 가장 평화적이고 진보적으로 과거청산과 입헌민주주의, 사법정의, 다문화공동체를 형성해 낼 수 있었는지를 세밀하게 그려냈다.","['사회과학', '법과 생활', '법률이야기/법조인이야기']"
10833,호모사케르,조르조 아감벤 지음; 박진우 옮김,새물결출판사,2008,340.1 아12ㅎ박,9788960000000,https://search1.kakaocdn.net/thumb/R120x174.q85/?fname=http%3A%2F%2Ft1.daumcdn.net%2Flbook%2Fimage%2F713499%3Ftimestamp%3D20250218113305,"이 시대의 폭력, 정치, 삶에 대한 치열한 사유를 담은 책. 조르조 아감벤의『호모 사케르』3부작의 첫번째 권인『호모 사케르 1: 주권 권력과 벌거벗은 생명』을 우리말로 옮긴 것이다. 하이데거와 벤야민, 슈미트 사이의 엇갈림을 매개하고 그들 사이의 공백을 메우면서 포스트모던 이후 우리 시대의 정치와 철학의 범주들을 재창조한 독창적 사유를 제시하고 있다.","['사회과학', '정치학/외교학/행정학', '정치학 일반']"
10834,잠깐 머리 좀 식히고 오겠습니다,윤대현 지음,해냄출판사,2018,189 윤23ㅈ,9788970000000,https://search1.kakaocdn.net/thumb/R120x174.q85/?fname=http%3A%2F%2Ft1.daumcdn.net%2Flbook%2Fimage%2F917928%3Ftimestamp%3D20250312114223,이렇게 살다가는 탈모가 올지도 몰라! 아무리 생각해도 인생이 너무 고달프다는 당신에게 이 책을 처방합니다 유쾌한 정신과 전문의 윤대현 교수의 속 시원한 심리처방전,"['인문학', '심리학/정신분석학', '교양 심리학']"
10835,고대중국 철학사상,송영배 지음,성균관대학교 출판부:성균관대학교 동아이사아학술원,2014,152 송64ㄱ,9791160000000,https://search1.kakaocdn.net/thumb/R120x174.q85/?fname=http%3A%2F%2Ft1.daumcdn.net%2Flbook%2Fimage%2F1553079%3Ftimestamp%3D20240514113438,"『고대중국 철학사상』은 저자가 30여 년 간 발표했던 논문을 엮은 것으로, 선진시기의 철학 사상, 한漢나라 초기의 동중서董仲舒의 철학사상 등이 수록되어 있다. 크게 9장으로 나뉘어 있으며 공자의 '인사상과 사회윤리론', '묵가학파의 진보주의적 철학', '양주학파의 개인주의적 철학' 등을 수록하고 있다.","['대학교재/전문서적', '인문계열', '철학']"
10836,뉴런하우스,김정규 지음,알에이치코리아,2018,813.6 김74뉴,9788930000000,https://search1.kakaocdn.net/thumb/R120x174.q85/?fname=http%3A%2F%2Ft1.daumcdn.net%2Flbook%2Fimage%2F416286%3Ftimestamp%3D20240204145721,“네 모든 아픔엔 이유가 있어” 게슈탈트 심리치료 최고 권위자가 쓴 마음속 상처를 찾아 치유하는 심리치료 소설!,"['인문학', '심리학/정신분석학', '교양 심리학']"
10837,우울할 땐 뇌과학,앨릭스 코브 지음; 정지인 옮김,심심:푸른숲,2019,511.1813 코47ㅇ정,9791160000000,https://search1.kakaocdn.net/thumb/R120x174.q85/?fname=http%3A%2F%2Ft1.daumcdn.net%2Flbook%2Fimage%2F1570616%3Ftimestamp%3D20241121114433,"UCLA에서 뇌 과학으로 박사학위를 받고, 15년간 뇌 과학을 도구 삼아 우울증만 연구해온 우울증 덕후 앨릭스 코브 박사가 그동안의 연구 성과를 집대성한 『우울할 땐 뇌 과학』. 뇌 과학(신경과학)이라는 최첨단 과학을 활용해 우울증이 어떻게 시작되는지, 발병의 원인은 무엇인지, 증상 하나하나의 구체적인 근거는 무엇인지, 그에 따른 폐해는 무엇인지, 그리고 결국은 우울증으로 치닫는 뇌 회로를 다시 돌려세울 방법이 무엇인지 등을 세심하면서도 낱낱이 살펴보는 과학적인 우울증 책이다. 일단 발병하면 최후 증상이 자살로 끝날 가능성이 높아 위험하고 파괴적인 정신질환, 우울증. 국내에만 성인 535만 명, 즉 8명 중 1명꼴로 발병해 감기처럼 흔한 병으로 일컬어지는 우울증에 대해 우리는 무엇을 얼마나 알고 있을까? 우울증을 흔히 마음의 질환이라고 말하는 데, 그 마음의 실체와 정체는 무엇일까? 저자는 이 책에서 최신 뇌 과학의 임상 실험과 뇌에 대한 객관적 연구를 바탕으로 우울증을 본격적으로 다루며 거의 모든 페이지에서 무엇을 해야 하는지를 에두르지 않고 바로 알려준다.","['인문학', '심리학/정신분석학', '교양 심리학']"
10838,프로이트의 의자,정도언 지음,인플루엔셜,2018,185.5 정25ㅍ-2,9791190000000,https://search1.kakaocdn.net/thumb/R120x174.q85/?fname=http%3A%2F%2Ft1.daumcdn.net%2Flbook%2Fimage%2F348215%3Ftimestamp%3D20220723202702,"국내 최초의 국제정신분석가가 전하는 정신분석 이야기『프로이트의 의자』. 이 책은 정신분석을 쉽게 풀이하여 마음이 아픈 사람들이 자신의 숨겨진 무의식을 발견하여 스스로 치유할 수 있도록 돕는다. 아무도 이해할 수 없는 행동들의 이면에는 마음 깊은 곳에서 나를 조종하는 무의식이 숨어 있다. 과연 그 무의식은 어떻게 발견할까. 내 무의식에는 어떤 모습의 사람이 살고 있을까. 평소에는 잊어버리고 있다가 어떤 자극을 받으면 떠오르는 아련한 첫사랑의 기억은 ‘전의식’에 산다. 평소에는 엄두도 못 내다가 술기운에 고백하는 금지된 사랑은 ‘무의식’에 살고 있다. 네 가지 이야기로 구성된 이 책은 먼저 내 마음이 어떻게 생겼는지 나를 들여다보는 시간을 갖는다. 두 번째로 무의식 속에 있는 상처들을 다루고, 그것이 다른 사람과의 관계에서 어떻게 영향을 끼치는지 세 번째로 살펴본다. 마지막으로 나의 무의식을 발견하여 이를 적절하게 대처하고 치유하는 방법을 소개한다. 이 책은 우리가 겪고 있는 불편한 마음이 버려야 할 것, 잘못된 것이 아니라 내가 평생 안고 가야하는 친구로 이해한다. 불안, 우울, 분노, 공포, 시기심, 열등감과 같은 감정들은 나쁘고 고쳐야 할 것이 아니라, 내가 느끼는 위험을 신호해주는 기능을 한다고 말한다. 이 책이 제시하는 정신분석은 자신의 가장 밑바닥 부분인 무의식을 이해하고, 자신이 가진 가장 부정적인 측면을 감싸 안는 계기를 마련한다. 아픈 곳을 숨기려고 하는 자신과 마주하는 방법을 알려주는 친절하고 따뜻한 이야기를 만날 수 있다.","['인문학', '심리학/정신분석학', '정신분석학']"
10839,(거의)모든 것을 기억하는 방법,롭 이스터웨이 지음; 조가은 옮김,늘봄,2017,181.4 이57ㅁ조,9788970000000,https://search1.kakaocdn.net/thumb/R120x174.q85/?fname=http%3A%2F%2Ft1.daumcdn.net%2Flbook%2Fimage%2F915483%3Ftimestamp%3D20220915014508,"학교에서 쏟아내는 그 모든 지식들을 외우느라 애쓰고 있는가? 놀라운 기억력을 친구들에게 자랑하고 싶은가? 온라인 비밀번호를 자꾸 잊어버리는가? 그렇다면 이 책이 도움이 될 것이다! 멋진 트릭과 재미있는 연습으로 가득한 『(거의) 모든 것을 기억하는 법』은 당신이 슈퍼히어로 급으로 기억력을 갖추게 도와줄 것이다. 길을 걸어가는 상상을 함으로써 사야 할 물품 목록을 외우게 되는 방법, 숫자를 문자처럼 머리에 그림으로써 전화번호를 외우는 방법, 음악, 각운, 심지어 냄새도 기억에 도움이 되는 것에 대해 알아보자. 뇌가 가진 능력 중에서 가장 중요하고 신비로운 것이 바로 기억력이다. 이 책은 다양한 기억법을 살펴보고, 우리의 두뇌를 최대한 활용하는 방법 또한 살펴본다. 또한 과학자들은 기억을 어떻게 보고 있는지 기억과 뇌가 작동하는 방식에 대해 그들이 발견한 것들을 살펴본다. 기억력과 관련한 재미있고 놀라운 이야기들 그리고 어렵지 않고 쉬운 기억법을 알려준다. 우리의 두뇌가 컴퓨터와 유사한 점이 무엇인지, 어떻게 스파이들이 기억을 하는지, 기억력 속임수를 써서 부모님을 당황스럽게 만드는 법도 알아보자. 이 책은 공부하는 기술을 향상시키고, 기억력을 최상으로 끌어올리고 싶은 사람에게 아주 적당한 책이다.","['청소년', '청소년 자기계발']"
10840,클래식에서 팝까지 음악 산책,이원희 지음,하이비전,2017,670.4 이66ㅋ,9788990000000,https://search1.kakaocdn.net/thumb/R120x174.q85/?fname=http%3A%2F%2Ft1.daumcdn.net%2Flbook%2Fimage%2F1337875%3Ftimestamp%3D20241121114441,"『클래식에서 팝까지 음악산책』은 음악 자체의 개성에 관한 생각을 중심으로 풀어낸 ‘음악 에세이’라고 할 수 있다. 꼭 특정 음악 장르로만 한정하지 않았다. 특정 음악 장르 지식에 집중하기보다는 음악장르의 형식 자체에 주목하면서, 음악이라는 훌륭한 예술 장르에 대해 즐겁고도 새로운 해석을 제시하려는 노력이 진하게 묻어 있다. 다만 유럽고전음악보다는, 아무래도 저자가 즐겨 듣는 대중음악이나 대안음악의 비중이 높다. 또한 기존 음악 관련 책과는 달리, 단순한 역사서라기보다는 시민 창작참여문화의 관점에서 새롭게 역사를 해석했다는 점을 높이 평가할 만하다.","['예술/대중문화', '음악', '음악이야기']"
10841,사소하지 않은 생각,김선희 지음,자음과모음,2019,126 김54ㅅ,9788950000000,https://search1.kakaocdn.net/thumb/R120x174.q85/?fname=http%3A%2F%2Ft1.daumcdn.net%2Flbook%2Fimage%2F688845%3Ftimestamp%3D20230811011058,"자음과모음 청소년인문 시리즈의 일곱 번째 『사소하지 않은 생각』은 ‘10대를 위한 삶의 철학’을 다루고 있는 책이다. 한국여성철학회장을 역임하고 지금은 이화여대 철학과 교수로 재직하며 철학함의 힘을 알려주는 김선희 교수는 ‘철학상담’이라는 분야를 연구하며 자신만의 철학적 길을 모색해온 학자다. 그는 삶의 문제로 고민해온 다양한 내담자들을 만났고, 그들이 스스로 ‘나는 누구이며 어떤 사람인가’를 성찰하고 자신의 문제를 다룰 수 있도록 철학적 대화를 시도해왔다. 그래서 이 책에는 김선희 교수의 오랜 연구와 현장에서의 상담 경험이 녹아 있으며, 독자들에게 철학적 사유와 방법으로 삶과 죽음을 바라볼 수 있고 자신의 고민에 대한 이해와 통찰을 얻을 수 있다는 기대를 불러일으킨다.","['청소년', '청소년 인문/사회']"
10842,바그너의 경우·우상의 황혼·안티그리스트·이 사람을 보라·디오니소스 송가·니체 대 바그너(1888~1889). 15,프리드리히 니체 지음; 백승영 옮김,책세상,2019,165.77 니83 v.15,9788970000000,https://search1.kakaocdn.net/thumb/R120x174.q85/?fname=http%3A%2F%2Ft1.daumcdn.net%2Flbook%2Fimage%2F953771%3Ftimestamp%3D20241214113424,"독일에서 출간된 <니체전집>을 완역한 책. 1888년 초에 니체가 집중하고 있던 문제 중의 하나인 데카당스, 이 문제에 대한 고찰이 담겨 있는 작품 <바그너의 경우>, '모든 가치의 전도'라는 과제를 염두에 둔 <우상의 황혼> 등이 수록되어 있다.","['인문학', '서양철학', '현대철학', '프리드리히 니체']"
10843,(세상을 움직이는)화학,최원석 지음,다른,2018,430 최66화,9791160000000,https://search1.kakaocdn.net/thumb/R120x174.q85/?fname=http%3A%2F%2Ft1.daumcdn.net%2Flbook%2Fimage%2F1565870%3Ftimestamp%3D20230803150414,"[세상을 움직이는 화학]은 세계사 곳곳에서 확인할 수 있는 '화학'에 대해 배울 수 있는 책이다. 인류의 문명과도 밀접한 연관이 있는 화학의 내밀한 부분을 살펴보고, 역사를 돌아본다. 원자, 분자, 이온 그리고 방사선 등 다양한 화학 지식을 다룬다.","['청소년', '청소년 역사']"
10844,GMO 논란의 암호를 풀다,최낙언 지음,예문당,2018,476.10733 최192ㅈ,9788970000000,https://search1.kakaocdn.net/thumb/R120x174.q85/?fname=http%3A%2F%2Ft1.daumcdn.net%2Flbook%2Fimage%2F950220%3Ftimestamp%3D20250410114014,"GMO, 알고 나면 너무나 쉽고 간단한 문제 현재 우리나라에서 수입하는 GMO는 콩과 옥수수가 전부이다. 수입된 GM 콩과 옥수수의 상당량은 사료로 쓰이고, 일부만이 GM 성분이 전혀 남지 않는 전분당과 식용유 형태로 소비된다. 소비자들의 거부감을 걱정하는 기업들이 수입 GM 작물을 직접 사용하는 것을 꺼리기 때문에 우리는 시장에서 실제 GMO 표시가 된 제품을 찾아 볼 수 없다. 2014년 ‘MOP7 한국시민네트워크’에서 서울 및 수도권 소비자 대상으로 실시한 GMO에 대한 설문조사 결과, 많은 소비자들이 현재 GMO를 직접 섭취하고 있다고 생각하고 있으며, 실제 식품 구입 시 GMO 표시가 된 제품을 찾아볼 수 없어 현행 GMO 표시제가 실효성이 없다고 여기는 것으로 나타났다. 최근에는 ‘GMO 완전표시제 시행’을 촉구하는 청와대 국민청원 민원인이 20만 명이 넘으며 청와대로부터 답변을 듣기도 했다. 이런 설문조사나 국민청원 사례를 보면 사람들의 인식과 현실은 매우 거리가 멀어 보인다. 인터넷에서 찾아보면 실제 GMO로 재배가 되지 않는 작물들까지 GMO로 의심하는 사례들마저 심심치 않게 발견할 수 있다. 그래서 우리는 이 책을 통해 그동안 제기 되었던 수많은 GMO 관련 이슈들을 하나하나 확인해보고자 한다. 우리가 원하든 원하지 않든 유전자 기술은 크리스퍼(CRISPR; 유전자가위)의 등장으로 새로운 장에 들어서고 있다. GMO는 먼 미래의 기술이 아니다. 우리 눈앞에 놓인 현실이다.","['과학', '생명과학', '생명과학']"
10845,열두 발자국,정재승 지음,어크로스,2018,404 정73ㅇㄷ,9791160000000,https://search1.kakaocdn.net/thumb/R120x174.q85/?fname=http%3A%2F%2Ft1.daumcdn.net%2Flbook%2Fimage%2F1599997%3Ftimestamp%3D20230425182618,"정재승의 강연은 가보지 않았던 새로운 생각의 숲으로 이끄는 발자국이다. 그의 발자국을 따라 들어간 숲에서 청중들은 ‘과학 지식이 삶과 세상에 대한 통찰과 지혜로 바뀌는 경험’을 하게 된다. 대한민국의 청년들에서부터 조직의 리더들까지, 세대와 성별을 넘어 많이 이들이 그의 이야기에 귀 기울이는 까닭이다. 이 책은 지난 10년 간 저자의 강연 중 가장 많은 호응을 받았던 12개의 강연을 선별하여 다시 집필하고 묶은 것이다. 더 나은 선택, 더 나은 미래를 위해 고군분투하고 있는 청춘들과 이 땅의 리더들에게 주는 뇌과학의 지혜와 통찰이 이 책에는 가득하다. 통념을 뒤집고 뒤통수를 후려치는 생각의 전복, 관계없어 보이던 사실과 지식이 연결되는 놀라운 생각의 모험, 차갑게 보이는 과학과 지성의 성찰이 어느새 가슴 뛰는 삶의 통찰로 바뀌는 이야기들이다. 창의적인 사람들의 뇌에서는 어떤 일이 벌어지고 있을까, 더 나은 선택과 의사결정을 위한 뇌과학의 지혜는 무엇일까, 4차 산업혁명 시대, 새로운 기회를 어떻게 발견할 것인가, 인공지능 시대를 살아갈 서툰 사피엔스들을 위한 조언은 무엇인가. 언제나 새로고침하고 싶은 인생의 난제들 앞에서, 숨 가쁘게 변화하는 시대의 한 가운데에서 저자는 질문을 던지고 해답을 독자들과 함께 탐색한다. 그리고 독자들은 생각의 모험으로, 지성의 숲으로, 지도 밖의 세계로 이끄는 저자의 발자국을 따라 인간이라는 거대한 우주를, 아직 오지 않은 세상을 탐험하는 근사한 여행을 떠날 수 있을 것이다.","['인문학', '교양 인문학']"
10846,감정노동,앨리 러셀 혹실드 지음; 이가람 옮김,이매진,2011,181.7 혹58ㄱ이,9788990000000,https://search1.kakaocdn.net/thumb/R120x174.q85/?fname=http%3A%2F%2Ft1.daumcdn.net%2Flbook%2Fimage%2F1408303%3Ftimestamp%3D20250409113812,"『감정노동』은 현대 사회의 각 직종에서 요구하는 감정노동의 다양한 형태를 알아보고, 그 중에서도 승무원과 추심원의 노동을 묘사하는 과정을 통해 감정 관리가 노동의 일부분이 된 사회적 맥락을 드러낸다. 개인, 또는 인간의 특성으로만 여겨지던 ‘감정’이 어떻게 시장 속에서 상품화되고, 그 자원을 어떻게 활용하며, 감정을 상품으로 판다는 것이 개인에게 어떤 의미인지 등의 질문에 관한 답을 찾아간다.","['사회과학', '사회학', '사회학 일반']"
10847,풀하우스,스티븐 J. 굴드 지음; 이명희 옮김,사이언스북스,2016,476 굴27ㅍ이,9788980000000,https://search1.kakaocdn.net/thumb/R120x174.q85/?fname=http%3A%2F%2Ft1.daumcdn.net%2Flbook%2Fimage%2F1171084%3Ftimestamp%3D20250403113701,"다양성으로 가득 찬 생물계를 의미함과 동시에 기존의 빈약한 진보주의적 진화론을 누를 수 있는 강력하고 새로운 세계관을 제시한 교양서. 다윈의 『종의 기원』 이후 약 150년간 왜곡되어온 진화론의 진실을 이 책을 통해 소개했다. 플라톤에서 다윈까지 우수성의 확산, 죽음과 말-변이의 중요성에 대하여, 4할 타자의 딜레마, 생명의 역사는 진보가 아니다 등으로 구성되어있다.","['과학', '생명과학', '생물학']"
10848,버드 스트라이크,구병모 지음,창비,2019,813.6 구44ㅂㄷ,9788940000000,https://search1.kakaocdn.net/thumb/R120x174.q85/?fname=http%3A%2F%2Ft1.daumcdn.net%2Flbook%2Fimage%2F4901161%3Ftimestamp%3D20231124190111,"2011년 구상을 시작해 초고를 완성하기까지 7년여의 시간이 걸린 구병모의 역작 『버드 스트라이크』. 청소년부터 성인까지 폭넓은 독자들의 사랑을 받아 온 저자의 이번 작품은 날개를 가진 익인(翼人)들과 도시 사람들 간의 갈등으로 시작해 작고 보잘 것 없이 태어난 주인공들이 세계에 맞서며 성장해 가는 이야기를 그린 영어덜트 소설이다. 익인과 도시인 사이의 오랜 반목의 역사와 그를 둘러싼 비밀들이 흥미진진하게 밝혀지는 가운데, 함께 걷고 함께 날고 서로를 치유하며 성장하는 작은 존재들의 모습이 감동적으로 펼쳐진다. 어느 날 고원 지대의 익인들이 도시까지 날아와 시 청사를 습격한다. 익인 가운데 작은 날개로 태어나 비행 능력이 부족한 ‘비오’는 습격 직후 도시인에게 붙잡혀 청사에 갇히고 만다. 그런 비오에게 ‘루’라는 이름의 도시 아이가 찾아오고, 비오는 루를 인질로 삼아 청사 밖으로 탈출하는 데 성공한다. 그리고 루를 데리고 고원 지대로 돌아가게 되는데……. 익인들이 도시를 공격한 까닭은 무엇일까? 고원 지대에서 익인들과 함께 살게 된 루의 앞날은 어떻게 될까?","['청소년', '청소년 문학', '청소년 소설']"
10849,인간·사물·동맹,브루노 라투르 외 지음; 홍성욱 엮음,이음,2018,331.51 라886ㅇ홍,9788990000000,https://search1.kakaocdn.net/thumb/R120x174.q85/?fname=http%3A%2F%2Ft1.daumcdn.net%2Flbook%2Fimage%2F1393374%3Ftimestamp%3D20241106114219,"행위자네트워크 이론에 대한 본격적인 소개서 『인간 사물 동맹』. 이 책에서 소개하는 행위자네트워크 이론은 인간과 비인간 사이에 형성되는 네트워크에 주목한다. 기계 같은 비인간들이 인간처럼 행위능력을 갖고 있으며, 이런 의미에서 연구자들이 인간과 비인간을 동등하게, 대칭적으로 다뤄야 한다고 주장한다. 즉, 세상을 이해하는 힘은 인간이 아닌 사물이 쥐고 있으며, 인간과 사물이 맺은 동맹에 따라서 세상사가 움직인다는 것이다. 행위자네트워크를 통한 새로운 세상읽기를 시작해본다.","['과학', '과학의 이해', '과학사/기술사']"
10850,물리학은 처음인데요,마쓰바라다카히코 지음; 이인호 옮김,행성B(행성비),2019,420 마57ㅁ이,9791190000000,https://search1.kakaocdn.net/thumb/R120x174.q85/?fname=http%3A%2F%2Ft1.daumcdn.net%2Flbook%2Fimage%2F1644300%3Ftimestamp%3D20241221113400,"수식과 도표 없이 오직 글로만 쓰인, 보통 사람들을 위한 물리학 입문서 『물리학은 처음인데요』. 고전물리학의 탄생 배경과 물리학 분야에 혁명을 일으킨 상대성이론과 양자론이 성립되는 과정까지 흥미롭게 들려주는 책이다. 사람들이 물리학의 진짜 즐거움을 깨다는 것이 복잡한 수식을 능숙하게 계산하는 것보다 더 중요하다고 믿는 저자는 복잡한 계산이 아닌 일상적인 언어로 물리학을 설명한다. 저자는 이 책에서 우리 눈에 보이는 세계가 진짜냐는 도발적인 질문을 던진다. 사실 이것은 물리학의 궁극적인 질문이기도 하다. 물리학은 아주 오랜 시간, 보이는 것 너머에 있는 진실을 알아내기 위해 고군분투해 왔다. 그 과정에서, 물리적 세계에서 인간이 어느 위치에 있는지 돌아보게 했다. 저자는 이처럼 상식에 도전하며 묵묵히 전진해 온 물리학의 여정을 쉽게 이해할 수 있도록 정리하였다.","['과학', '물리학', '쉽게 배우는 물리학']"
10851,(만화로 보는)조승연 이우일의 단어 인문학. 1,조승연 글; 이우일 그림,김영사,2018,742 조57ㅈ v.1,9788930000000,https://search1.kakaocdn.net/thumb/R120x174.q85/?fname=http%3A%2F%2Ft1.daumcdn.net%2Flbook%2Fimage%2F4820830%3Ftimestamp%3D20250322130940,"조승연을 언어천재로 만들어준 언어의 지도 대공개. 조승연이 일러스트레이터 이우일을 만나 교양 만화 시리즈를 출간한다. 1권에는 ‘비빔밥 언어’라는 별명을 가졌을 정도로 다양한 언어·문화적 배경을 가진 영어의 흥미진진한 형성 과정과 영어 상식을 쑥쑥 키워줄 대표적인 단어들에 관한 이야기 몇 편을 담았다. 단어들은 저마다 ‘지식의 나이테’를 갖고 있다. 나이테를 뚫고 들어가면 단어를 탄생시킨 역사·문화·종교·철학·지리·경제 이야기를 만날 수 있다. 이야기를 알면 언어 실력은 물론 교양까지 덤으로 쌓인다. 처음 보는 단어라도 나이테를 살펴 의미를 유추해 쓸 수 있는 ‘어휘 추리력’을 갖추면, 외우지 않고도 쓸 수 있는 단어가 많아져 낯선 언어도 쉽게 익힐 수 있다. 저자도 처음 유학 생활을 시작할 때는 영어를 두려워하고 쉽게 외워지지 않는 단어와 밤새 씨름했지만, 단어 속에서 나이테를 찾고 언어의 형성과 변형 규칙을 발견한 이후로는 ‘언어의 지도’를 머릿속에 그려나가며 단기간에 무려 7개 언어를 정복했다. 이우일의 유쾌한 만화를 통해 조승연을 언어천재로 만들어준 그의 머릿속 언어의 지도를 들여다보자.","['인문학', '교양 인문학']"
10852,일언력,가와카미데쓰야 지음; 안혜은 옮김,쌤앤파커스,2019,325.26 가65ㅇ안,9788970000000,https://search1.kakaocdn.net/thumb/R120x174.q85/?fname=http%3A%2F%2Ft1.daumcdn.net%2Flbook%2Fimage%2F920086%3Ftimestamp%3D20230115224014,"지루하고 장황한 사람이 될 것인가, 짧은 말로 임팩트 있게 압도적 인상을 주는 사람이 될 것인가? 일본 최고의 카피라이터이자 브랜딩 전문가로 사람들의 마음을 움직이는 광고와 캠페인을 수없이 만들어낸 권위자인 가와카미 데쓰야가 『일언력』에서 자신의 영업기밀이기도 한 7가지 일언력을 낱낱이 공개한다. 저자는 본질을 꿰뚫는 한마디를 구사하는 능력을 ‘일언력’이라 명명하고 요약력, 단언력, 발문력, 단답력, 명명력, 비유력, 기치력의 7가지로 분해해 설명한다. 보고나 설득, PT 그리고 기획, 마케팅 등의 업무를 진행할 때 어떤 상황에서 누구를 대상으로 하든 일언력만 있다면 한마디로 원하는 것을 얻게 될 것이라고 이야기하면서 임팩트 있는 한마디는 존재감을 높이고, 호감과 가치를 끌어올릴 수 있도록 이끌어준다.","['자기계발', '협상/설득/화술', '화술']"
10853,단 하나의 문장,구병모 지음,문학동네,2019,813.6 구44ㄷ,9788950000000,https://search1.kakaocdn.net/thumb/R120x174.q85/?fname=http%3A%2F%2Ft1.daumcdn.net%2Flbook%2Fimage%2F4369297%3Ftimestamp%3D20231018192925,"2015년 오늘의작가상을 수상한 《그것이 나만은 아니기를》 이후 두 번째로 펴내는 구병모의 소설집 『단 하나의 문장』. 2018년 이상문학상 우수상을 수상한 《한 아이에게 온 마을이》와 2017년 문학과지성사에서 주관하는 ‘이 계절의 소설’에 선정된 《지속되는 호의》등 총 8편을 담았다. 우리가 발 딛고 살아가는 세계 그 자체를 재현함으로써 지금, 여기에 대해 이야기하는 작품들을 만나볼 수 있다. 저자는 아이를 기르는 여성, 소설을 쓰는 여성을 중심인물로 내세운 그 어느 때보다도 현실적인 이야기를 통해 사회적 존재로서의 개인, 실존적 불안, 다가올 시대의 윤리 등에 대해 나름의 답을 제시하고, 동시에 새로운 질문을 야기하며 삶과 사회를 바라보는 다층적 시각을 제공한다. 여전히 강력한 이야기의 힘, 더욱 폭넓어진 세계에 대한 통찰, 한 발 더 깊은 곳으로 나아가는 사유가 담긴 작품들을 통해 끊임없이 진화하고, 계속해서 나아가는 저자의 작품 세계를 엿볼 수 있다.","['소설/시/희곡', '한국소설', '2000년대 이후 한국소설']"
10854,(다산)정약용,금장태 지음,살림출판사,2007,151.58 금72ㅈ,9788950000000,https://search1.kakaocdn.net/thumb/R120x174.q85/?fname=http%3A%2F%2Ft1.daumcdn.net%2Flbook%2Fimage%2F633802%3Ftimestamp%3D20230217231301,"오랜 연구업적을 쌓은 학자들의 통찰력으로 고전을 쉽고 흥미진진하게 풀어쓴『e시대의 절대사상』제5권. 유학과 서학의 창조적인 종합자였던 다산 정약용의 삶과 사상, 저작들을 소개한다. 다산의 성격이나 인품을 전체적으로 조망하며, 그의 학문과 사상의 내용을 체계적으로 정리하였다. 다산은 인간의 자율성과 도덕성에 대한 신뢰를 바탕으로, 온 나라 사람들이 평등하고 행복하게 되는 이상적인 사회 질서를 꿈꾸었다. 1부에서는 다산이 살았던 시대와 그의 삶, 사상의 핵심적인 부분들을 다루었고 2부에는 시, 책, 의, 소, 론 등 다산이 쓴 다양한 글들을 수록하였다. 3부에서는 다산에 관한 저술들과 그의 연보를 살펴본다.","['역사', '조선사', '조선후기(영조~순종)']"
10855,청소년을 위한 융복합 특강,최재천 외 지음,사람의무늬:성균관대학교출판부,2019,001.3 최73ㅊ,9791160000000,https://search1.kakaocdn.net/thumb/R120x174.q85/?fname=http%3A%2F%2Ft1.daumcdn.net%2Flbook%2Fimage%2F1555791%3Ftimestamp%3D20240203163315,"청소년을 위한 교양서를 꾸준히 발간해온 성균관대 출판부에서 아직은 다소 낯설게 느껴지는 융복합에 관한 책을 펴냈다. 요즘 교육계의 화두는 단연 제4차 산업혁명, 미래 교육, 소프트웨어 같은 것들인데, 이러한 흐름의 바탕에는 ‘융복합적’ 학문과 사고가 있다고 볼 수 있다. 이 책은 우선 막연하게만 느껴졌던 융복합의 개념을 정립하고, 다양한 학문에서의 사례들을 소개함으로써 청소년들이 앞으로 각자 삶과 학문, 직업을 위한 토대를 마련하는 데 도움을 주고자 한다. 특히 올해(2018년)부터는 고등학교에서 문과/이과로 구분하던 교육과정이 하나로 통합되었다. 따라서 문과생도 수학과 과학을 더 공부하며 과학적 사고력을 키우는 게 중요하고, 이과생 역시 인문학, 사회과학에 대한 교양을 쌓는 것이 기본이 되었다. 이러한 흐름은 자연스럽게 학계 전반에서 지속된 기초학문 정체에 대한 새로운 관점과 변화를 이끌어낼 수 있을 것이다. 또한 기존의 고정관념 같은 구분이 사라지면서 보다 활발한 학문간 통합과 소통을 바탕으로 창의성이 싹트게 될 것이다. 이 중요한 변화에 대한 대비로서, 융복합에 대한 분야별 여러 전문가들의 깊이 있는 다양한 시각을 접하는 것은 청소년은 물론, 미래 교육에 관심 있는 학부모와 교사들 모두에게 큰 도움이 될 것이라 기대된다.","['청소년', '청소년 인문/사회']"
10856,비커밍,미셸 오바마 지음; 김명남 옮김,웅진지식하우스:웅진씽크빅,2019,340.99 오42ㅂ김,9788900000000,https://search1.kakaocdn.net/thumb/R120x174.q85/?fname=http%3A%2F%2Ft1.daumcdn.net%2Flbook%2Fimage%2F4368474%3Ftimestamp%3D20231217152936,"누구보다 드라마틱한 삶을 살아온 미국 최초의 흑인 퍼스트레이디, 미셸 오바마의 자서전 『비커밍』. 시카고의 가난한 가정에서 태어나 수많은 배척과 질투, 뿌리 깊은 두려움을 물리치고 세계 여성들의 롤모델이자 희망과 가능성의 아이콘이 된 저자의 드라마틱한 인생 역정, 우리 시대가 낳은 소중한 희망과 가능성의 연대기를 만나볼 수 있다. 가난한 집안의 흑인 여성이라는 세 겹의 질곡 아래 태어났지만, 저자는 늘 스스로 판단하게 하고 의견을 존중해주었던 엄마, 다발성경화증이라는 불치병에도 불구하고 의연한 삶이 무엇인지 몸소 보여준 아빠, 재능을 활짝 꽃피운 믿음직한 오빠 아래에서 단단하게 성장했다. 특유의 성실함과 승리욕으로 우등생으로 자라 일류 법률 회사인 시들리 앤드 오스틴에 변호사로 취직했고, 그곳에서 버락 오바마를 만났다. 버락과의 사내 연애와 결혼, 그리고 임신에 얽힌 말 못 할 이야기까지 저자는 이제까지 한 번도 공개한 적이 없었던 내밀한 이야기들을 털어놓는다. 버락이 뜻밖에 정치적 인기를 얻고 결국 대통령이 됨에 따라 본격적으로 정치계에 발을 들여놓게 된 후 자신에게 주어진 운명을 최대한 활용해 세상을 조금씩 움직여나가며 단지 퍼스트레이디라는 아름다운 꽃으로 남지 않았던 저자의 더 이상 솔직할 수 없는 치열한 삶의 기록을 생생하게 담았다.","['인문학', '인문 에세이']"
10857,플라스틱 바다,"찰스 무어, 커샌드라 필립스 공지음; 이지연 옮김",미지북스,2018,539.93 무64ㅍ이,9788990000000,https://search1.kakaocdn.net/thumb/R120x174.q85/?fname=http%3A%2F%2Ft1.daumcdn.net%2Flbook%2Fimage%2F1411028%3Ftimestamp%3D20240726112619,"지구의 바다를 점령한 인간의 창조물『플라스틱 바다』. 이 책은 바다를 사랑한 평범한 시민인 저자가 자신이 발견한 해양 플라스틱 쓰레기를 발견하고 환경 운동가가 되어 플라스틱의 숨겨진 속성과 위험한 결말에 관한 상세한 이야기를 들려준다. 태평양의 거대 쓰레기 지대라고 불리는 이 플라스틱 표류물이 어떻게 바다에 표류하게 되었으며 플라스틱으로 인한 환경오염과 해양 생물의 먹이사슬에 침투하게 된 사연, 화학 물질에 중독된 이누이트족 사례 등은 우리에게 플라스틱에 대한 경각심을 불러일으킨다. 이 책의 저자인 무어 선장은 연구를 통해 플라스틱이 비활성 물질이라는 것에 관한 재평가를 촉발했다. 플라스틱은 해양 먹이 사슬과 인체에 영향을 미치고 있다는 사실을 알리고 어떻게 해야 할 지를 묻는다. 플라스틱은 포장재와 건축 자재로서 그 양은 증가하고 있다. 따라서 저자는 플라스틱 생산과 소비를 모두 줄여나가야 한다고 말하며 사용한 물건을 ‘재사용’하는 방식으로 경제구조가 바뀌어야 함을 주장한다.","['사회과학', '환경/생태문제', '환경문제']"
10858,(청소년을 위한)연암 산문선,박지원 글; 김만중 엮음,꿈과희망,2019,814.6 박78ㅇ,9791160000000,https://search1.kakaocdn.net/thumb/R120x174.q85/?fname=http%3A%2F%2Ft1.daumcdn.net%2Flbook%2Fimage%2F4930086%3Ftimestamp%3D20250116131031,"“청소년을 위한 연암산문선”은 ‘열하일기’의 작가인 연암 박지원의 글을 실어놓은 작품집이다. 고전은 읽으면 읽을수록 글 속에 담겨 있는 철학과 삶의 해학들이 녹아들어가 있어 시공을 초월하여 우리 마음에 깊은 감동을 준다. 특히 연암의 글은 세상을 향한 그의 생각들이 작품마다 실려 있기 때문에 많은 청소년들에게 삶의 방법을 제시할 것이다. 때로는 장자처럼 우화적으로 세상을 관조하기도 하고, 때로는 걸인처럼 세상 속으로 뛰어들어 삶을 직접 느끼면서 세상을 이끌어간 진정한 개혁가의 모습을 보여준다. 유교사상이 깊숙이 뿌리박혀 있는 조선시대를 사는 학자에서 머물지 않고 직접 세상 속으로 뛰어들어가 그 속에 담겨 있는 삶의 지혜들을 조목 조목 밝혀내는 모습을 통해 우리는 이 세상을 어떤 모습으로 살아가야 할지 해답을 얻을 수 있을 것이다. “청소년을 위한 연암산문선”은 청소년이 꼭 읽어야 할 필독 고전수필로서 자리매김을 하고 있고, 특히 각 논술이나 시험에 잘 출제되고 있고, 서울대 권장도서이면서 한국문학 선정도서이고 독서를 독려하는 이달의 추천도서여서 많은 청소년들에게 고전을 쉽게 접할 수 있는 대표적인 작품들이 실려 있다. 몇 백 년이라는 시간이 흐른 오늘날에 읽어도 “청소년을 위한 연암산문선”은 작품 작품마다 감동과 삶의 가치와 지혜를 알려주고, 호탕하게 웃을 수 있는 해학도 담겨 있고, 전혀 다른 사회의 모습을 묘사하였는데도 불구하고 공감하고 감동할 수 있게 하는 것을 보면 연암 박지원의 뛰어난 지성과 상상력은 가히 혀를 내두를 정도이다. 작품 하나하나를 통해 많은 청소년들이 문학을 이해하는데 큰 도움이 되기 바라고, 나아가 인생의 방향을 정하는데 하나의 기틀이 되길 바라는 마음이다.","['청소년', '청소년 고전']"
10859,이육사 評傳,김학동 지음,새문사,2012,810.099 김92ㅇ,9788970000000,https://search1.kakaocdn.net/thumb/R120x174.q85/?fname=http%3A%2F%2Ft1.daumcdn.net%2Flbook%2Fimage%2F1033164%3Ftimestamp%3D20220915013213,"이 책의 저자는 한국 현대시와 시인 연구에 권위 있는 대학자로, 해결되지 못한 우리 시인들과 시 작품의 문제점들을 천착하여 책을 펴내고 있다. 이 책에서는 이육사의 전생애를 세세하게 소개하면서 그의 작품 전부를 발표 당시의 모습과 함께 자세히 설명하고 있다. 또한 지금까지 이루어진 육사 연구에서 해결되지 않았던 여러 문제들을 해결하고자 시도하였다.","['소설/시/희곡', '문학의 이해', '한국문학론', '한국작가론']"
10860,뮤지컬 이야기,"이수진, 조용신 공지음",숲,2015,674.2 이56ㅁ,9788990000000,https://search1.kakaocdn.net/thumb/R120x174.q85/?fname=http%3A%2F%2Ft1.daumcdn.net%2Flbook%2Fimage%2F1350036%3Ftimestamp%3D20231104152157,"『뮤지컬 이야기 Musical Story』. 뮤지컬을 하나의 연극으로만 생각한다면 큰 오산이다. 춤과 음악이 함께 어우러지며 완성되는 뮤지컬. 뮤지컬이라는 그 틀로만 인식될 뿐, 뮤지컬은 우리가 상상하는 것, 실현하고자 하는 그 모든 것을 표현해낸다. 이 책은 그런 뮤지컬의 역사를 흥미진진하게 다룬다. 뮤지컬은 브로드웨이에서 처음 시작되었다. 그리고 100년이 지난 지금, 브로드웨이는 뮤지컬을 하나의 산업으로 발전시켜왔고, 세계 곳곳에 영향을 끼칠 만큼 그 영향력은 날로 커져가고 있다. 이 책은 최초 뮤지컬에서부터 2008~2009년 시즌 최대 히트작까지 그 속살을 자세하게 들여다본다. 뮤지컬의 진화 과정과 시스템을 일목요연하게 정리하며 400여 편의 뮤지컬 작품을 소개한다. 또한 360여 컷의 자료 사진과 친절한 주석을 달아 독자들의 이해를 돕고 있다. 총 16개의 장으로 이루어진 이 책은 산업혁명 이전으로 거슬러 올라가 유럽과 영국, 미국의 극장 문화에서부터 출발한다.","['예술/대중문화', '예술경영/공연기획']"
10861,미중전쟁. 2: 백악관 워룸,김진명 지음,쌤앤파커스,2019,813.6 김78ㅁㅈ v.2,9788970000000,https://search1.kakaocdn.net/thumb/R120x174.q85/?fname=http%3A%2F%2Ft1.daumcdn.net%2Flbook%2Fimage%2F917316%3Ftimestamp%3D20250208113635,"김진명의 장편소설 『미중전쟁』 제2권 《백악관 워룸》. 25년 작가 인생을 건 이 작품은 《무궁화꽃이 피었습니다》와 《싸드》의 종결판으로, 미·중·러·일의 이해가 실타래처럼 얽혀 있는 한반도에서 북핵 문제를 어떻게 해결할 수 있을지 기존의 어떤 탐사보도나 보고서에도 나온 적 없는 저자만의 정세분석으로 치밀하고 리얼하게 예견하고 그 해법을 들려준다. 북핵을 둘러싼 일촉즉발의 국제정세와 동북아 패권의 방향, 미·중·러·일의 야심을 이미 시작된 전쟁 시나리오에 대입해 낱낱이 까발린다. 백악관 워룸에 불이 켜졌고, 카운트다운은 시작되었다. 미국에게 북핵은 선제타격의 최고 명분이자, 절호의 찬스이다. 김정은은 핵을 쥐고 우물 안 개구리처럼 날뛰지만, 점점 미국의 계략에 말려든다. 육사 출신으로 세계은행 특별조사위원으로 일하는 변호사 김인철은 오스트리아 비엔나에 파견되어 조사활동을 벌이던 중, 어느 스타 펀드매니저의 기묘한 자살사건에 휘말린다. 그를 자살하게 만든 전화통화의 주인공을 찾기 위해 케이맨 제도로 날아간 인철은 주인을 알 수 없는 거액의 검은 돈을 추적한다. 그 과정에서 석유와 달러, 국제정세를 움직이는 전쟁장사꾼들의 검은 그림자에 가까이 다가가게 되고, 트럼프와 푸틴을 꼭두각시처럼 부리는 권력자들의 실루엣을 감지하는데……. 엄청난 재정적자로 모라토리엄에 직면한 미국 경제를 한 방에 뒤집으려는 전쟁장사꾼들의 계략에 한반도는 점점 깊은 수렁에 빠지고, 중국은 과연 미국의 전쟁 위협으로부터 벗어날 수 있을 것인가? 첨예한 이해관계 속에서 대한민국은 어떤 해법을 찾을 것인가?","['소설/시/희곡', '한국소설', '2000년대 이후 한국소설']"
10862,미중전쟁. 1: 풍계리 수소폭탄,김진명 지음,쌤앤파커스,2019,813.6 김78ㅁㅈ v.1,9788970000000,https://search1.kakaocdn.net/thumb/R120x174.q85/?fname=http%3A%2F%2Ft1.daumcdn.net%2Flbook%2Fimage%2F918638%3Ftimestamp%3D20250209113326,"김진명의 장편소설 『미중전쟁』 제1권 《풍계리 수소폭탄》. 25년 작가 인생을 건 이 작품은 《무궁화꽃이 피었습니다》와 《싸드》의 종결판으로, 미·중·러·일의 이해가 실타래처럼 얽혀 있는 한반도에서 북핵 문제를 어떻게 해결할 수 있을지 기존의 어떤 탐사보도나 보고서에도 나온 적 없는 저자만의 정세분석으로 치밀하고 리얼하게 예견하고 그 해법을 들려준다. 북핵을 둘러싼 일촉즉발의 국제정세와 동북아 패권의 방향, 미·중·러·일의 야심을 이미 시작된 전쟁 시나리오에 대입해 낱낱이 까발린다. 백악관 워룸에 불이 켜졌고, 카운트다운은 시작되었다. 미국에게 북핵은 선제타격의 최고 명분이자, 절호의 찬스이다. 김정은은 핵을 쥐고 우물 안 개구리처럼 날뛰지만, 점점 미국의 계략에 말려든다. 육사 출신으로 세계은행 특별조사위원으로 일하는 변호사 김인철은 오스트리아 비엔나에 파견되어 조사활동을 벌이던 중, 어느 스타 펀드매니저의 기묘한 자살사건에 휘말린다. 그를 자살하게 만든 전화통화의 주인공을 찾기 위해 케이맨 제도로 날아간 인철은 주인을 알 수 없는 거액의 검은 돈을 추적한다. 그 과정에서 석유와 달러, 국제정세를 움직이는 전쟁장사꾼들의 검은 그림자에 가까이 다가가게 되고, 트럼프와 푸틴을 꼭두각시처럼 부리는 권력자들의 실루엣을 감지하는데……. 엄청난 재정적자로 모라토리엄에 직면한 미국 경제를 한 방에 뒤집으려는 전쟁장사꾼들의 계략에 한반도는 점점 깊은 수렁에 빠지고, 중국은 과연 미국의 전쟁 위협으로부터 벗어날 수 있을 것인가? 첨예한 이해관계 속에서 대한민국은 어떤 해법을 찾을 것인가?","['소설/시/희곡', '한국소설', '2000년대 이후 한국소설']"
10863,프레임,최인철 지음,21세기북스:북이십일 21세기북스,2019,180 최68ㅍ-2,9788950000000,https://search1.kakaocdn.net/thumb/R120x174.q85/?fname=http%3A%2F%2Ft1.daumcdn.net%2Flbook%2Fimage%2F624915%3Ftimestamp%3D20230919165910,"『프레임』은 ‘프레임’의 개념을 국내에 본격적으로 소개하고 인간과 사회를 바라보는 다양한 시각과 새로운 통찰을 일깨우며 심리학 바이블로, ‘세상을 바라보는 마음의 창’에 관한 책이다. 2007년 출간 이래 대한민국 오피니언 리더의 필독 교양서로 불리며 30만 독자의 사랑을 받아온 『프레임』의 10주년 개정증보판이다. 프레임의 개념과 본질을 종합적으로 정리하고, 시대 변화에 맞춰 새롭고 다양한 사례와 연구결과를 충실히 반영하여 초판보다 100페이지 증가했으며, 구성과 디자인을 전면 개선하였다. 사람들은 흔히 프레임을 ‘마음가짐’ 정도로만 생각하는데, 프레임은 단순한 마음먹기가 아니다. 그것이 습관으로 자리 잡을 때까지 리프레임 과정을 끊임없이 반복해야 한다. 이러한 과정은 언어와 은유, 가정과 전제, 단어와 질문, 경험과 맥락 등을 점검한 후에 더 나은 것으로 설계하고 시공하는 작업을 요한다. 책은 우리의 착각과 오류, 오만과 편견, 실수와 오해가 ‘프레임’에 의해 생겨남을 증명하고, 그것에서 벗어나는 방법을 제시한다. 오해와 편견으로 가득 찬 세상에서 나와 타인을 이해하고, 더 나은 삶을 창조하는 지혜와 겸손을 장착하는 것. 우리가 프레임을 배워야 할 이유다.","['자기계발', '인간관계', '교양심리학']"
10864,철학은 어떻게 삶의 무기가 되는가,야마구치슈 지음; 김윤경 옮김,다산초당:다산북스,2019,100 야32ㅊ김,9791130000000,https://search1.kakaocdn.net/thumb/R120x174.q85/?fname=http%3A%2F%2Ft1.daumcdn.net%2Flbook%2Fimage%2F4861916%3Ftimestamp%3D20241011132253,"세계 1위 경영·인사 컨설팅 기업 콘페리헤이그룹의 시니어 파트너인 저자는 대학교에서 철학을 전공하고 대학원에서 미학미술사를 공부한 ‘문사철’ 출신이다. 경영에 관한 정식 교육은 한 번도 받지 않았지만 컨설턴트로서 경영 전반에 걸친 기업 문제를 해결하는 데 어려움을 겪은 적은 없다. 눈앞의 상황을 철학이나 심리학, 경제학 개념에 맞춰 생각하면 언제나 해결의 실마리가 보였기 때문이다. 철학이 현실 세계와 동떨어진 학문이라는 말을 강하게 부정하는 저자는 사람들이 철학을 쓸모없다고 여기는 이유가 철학과 비즈니스를 연결시켜서 생각하는 법을 모르기 때문이라고 진단한다. 오히려 그는 본질을 꿰뚫고 최적의 솔루션을 찾아내는 철학적 사고법이야말로 현대인들에게 가장 필요한 무기라고 말한다. 그가 비즈니스 현장에서 유용하게 사용하는 50가지 철학·사상을 담은 『철학은 어떻게 삶의 무기가 되는가』는 철학의 쓸모를 새롭게 조명하는 세상에서 가장 실용적인 철학 사용 설명서다. 일상의 고민에서 비즈니스 전략까지 삶의 모든 부분에서 ‘철학의 쓸모’를 증명하며 출간 5년이 지난 지금까지 국내외 독자들에게 ‘최고의 인문서’로 꼽히고 있는 이 책을 지금 바로 만나보자.","['인문학', '철학 일반', '교양 철학']"
10865,당신의 주인은 DNA가 아니다,브루스 H. 립턴 지음; 이창희 옮김,두레,2014,476.10733 립884ㄷ이 c.2,9788970000000,https://search1.kakaocdn.net/thumb/R120x174.q85/?fname=http%3A%2F%2Ft1.daumcdn.net%2Flbook%2Fimage%2F1039902%3Ftimestamp%3D20240214151101,"신생물학을 이끌어가는 세계적인 학자 중의 한 사람인 브루스 립턴 박사. 세포생물학자이자 의학자이기도 한 그는 ‘세포’를 통해 ‘인간’의 삶과 운명을 들여다본다. 그리고 자신을 유전자의 꼭두각시라고 생각하는 사람들, 즉 유전적 결정론에 매달려 유전자의 노예로 살아가는 사람들에게 우리의 생물학적 성질을 지배하는 것은 유전자가 아니라는 과학적인 진실과 충고를 들려준다. 우리의 몸과 운명을 바꾸는 것은 유전자가 아니라 ‘믿음’과 ‘환경’이라는 사실을 일깨워준다. 그리고 우리가 ‘생각을 바꾸어 사고의 과정을 재훈련하기만 하면 몸도 바꿀 수 있다’는 희망의 메시지도 전한다. 이 책은 신생물학을 대표하는 책이다.","['과학', '생명과학', '생명과학']"
10866,백미러 속의 우주,데이브 골드버그 지음; 박병철 옮김,해나무:북하우스 퍼블리셔스,2018,429 골27ㅂ박,9788960000000,https://search1.kakaocdn.net/thumb/R120x174.q85/?fname=http%3A%2F%2Ft1.daumcdn.net%2Flbook%2Fimage%2F724163%3Ftimestamp%3D20221003230339,"우주는 왜 텅 비어 있지 않고 무언가가 존재하게 되었는가? 밤하늘은 왜 어두운가? 반물질이 존재한다면 반인간도 존재할 것인가? 시간에는 왜 과거, 현재, 미래밖에 없는가? 시간과 공간은 어떻게 나비의 날개 같은 존재가 되는가? 물리학자 데이브 골드버그는 『백미러 속의 우주』에서 ‘대칭’이라는 키워드를 중심으로 이 모든 질문에 명쾌하면서도 유머 넘치는 답을 제시한다. 대칭은 지난 세기 동안 물리학의 전면에 나서지 않은 채, 우주적 스케일의 천체물리학에서부터 원자보다 작은 소립자 스케일의 입자물리학에 이르기까지 현대 물리학의 근간에서 혁명적 발전을 이끌어온 위대한 개념이다. 또한 이 책은 대칭의 대가로서 현대 물리학에 탄탄한 기초를 제공했지만 거의 알려지지 않은 천재 여성 수학자, 에미 뇌터를 재조명한다.","['과학', '물리학', '현대물리학']"
10867,단위,"킴벌리 아르캉, 메건 바츠케 공지음; 케이티 피크 그림; 김성훈 옮김",다른,2018,420.71 아297ㄷ김,9791160000000,https://search1.kakaocdn.net/thumb/R120x174.q85/?fname=http%3A%2F%2Ft1.daumcdn.net%2Flbook%2Fimage%2F1565679%3Ftimestamp%3D20220803203102,"미세먼지부터 블랙홀까지, 세상의 모든 것을 측정하는 단위 여행 빛의 속도는 잔디가 자라는 속도보다 얼마나 빠를까? 태양의 부피는 축구공의 몇 배일까? 사람의 속눈썹 한 올과 블랙홀의 질량은 얼마나 차이가 날까? 우리가 사는 세상이 물리적으로 얼마나 크며, 얼마나 작은지 아는가? 지구의 자연환경을 비롯한 우주의 다양한 현상은 그 규모를 가늠하기 어렵다. 대부분은 사람이 직접 경험하는 범위를 한참 벗어나 있기 때문이다. 원자 안에 들어 있는 가장 작은 입자가 대체 얼마나 작은지, 우주의 블랙홀이 얼마나 거대한지 제대로 헤아리기는 불가능하다. 그러나 이 책 《단위, 세상을 보는 13가지 방법》에는 복잡하게만 느껴지는 세상의 규모가 쉽고 명쾌하게 정리되어 있다. 저자들이 활용하는 도구는 우리가 일상에서도 늘 사용하는 ‘단위’다. 거리, 면적, 부피, 질량, 시간, 온도, 속도, 가속도, 밀도, 회전, 에너지, 압력, 소리 등의 13가지 단위로 세상의 다양한 사물을 손쉽게 측정하고 비교한다. 저자들은 미국 NASA의 찬드라 X선 관측소(Chandra X-ray Observatory)에서 근무하는 과학자이자 탁월한 과학 저널리스트다. 흥미로운 과학 지식을 대중의 눈높이에서 전달하는 일을 해왔다. 이 책은 인체, 식물, 곤충, 자동차 등 우리 일상에서 친숙한 사물을 사례로 활용할 뿐만 아니라 어려운 공식이 없어 과학이 친숙하지 않은 독자도 금방 이해할 만큼 매우 쉽다. 인포그래픽과 로그척도로 쉽고 명쾌하게 이 책은 세상에 존재하는 다양한 사물을 작은 것부터 큰 것 순서대로 나열하는 인포그래픽으로 보여준다. 예를 들어 ‘질량’ 장에서는 원자 안에 들어 있는 전자의 질량에서 출발하여 별들이 모인 은하단의 엄청난 질량까지 보여준다. 이때 10의 배수로 커지는 로그척도 수직선을 이용하여 미세한 입자와 천문학적인 크기의 물체도 한눈에 쉽게 비교해준다. 그래서 이 책을 읽고 나면 ‘지구의 공전 속도는 사람의 걸음걸이보다 얼마나 빠를까?’, ‘우리 은하와 안드로메다은하의 거리는 육상 트랙 한 바퀴의 몇 배일까?’ ‘사람의 체온과 태양의 온도는 얼마나 차이가 날까?’와 같은 질문에 답할 수 있다. 이를 통해 쉽게 상상하기 어려운 세상의 크기를 생생하게 실감할 수 있다.","['과학', '물리학', '물리학 일반']"
10868,사인과 다면체와 별과 패턴,"알렉스 벨로스, 에드먼드 해리스 공지음; 이송찬 옮김",이김,2017,410 벨295ㅅㅇ이,9791200000000,https://search1.kakaocdn.net/thumb/R120x174.q85/?fname=http%3A%2F%2Ft1.daumcdn.net%2Flbook%2Fimage%2F1666167%3Ftimestamp%3D20240122193707,"신개념 수학 컬러링 북『사인과 다면체와 별과 패턴』. 수학적 지식이 필요없는 아름다운 수학 책이다. 수학, 과학 시간에 한번쯤 들어봤을 ‘수학적으로 표현할 수 있는 개념과 패턴’들 사차원 하이퍼큐브, 프랙탈, 서로소, 벤다이어그램 같은 과학 용어와 고대 그리스 철학자에서 르네상스 화기 등 수학으로 만들어진 패턴이 다양하다. 이 패턴들을 칠하고 만들며 스트레스를 풀고 수학적 직관과 영감을 발달시킬 수 있다. 이 책은 수학의 많은 부분들 중 수학이 지니고 있는 ‘아름다움’이라는 속성에 주목한다. 수학은 자연의 경이로움고 원리를 추상적으로 표현할 수 있는 수단이기 때문이다. 총 2부로 나누어져 1부 ‘컬러링’에서는 사차원 하이퍼큐브가 만들어내는 별 형태 그림자부터 펜로즈 타일의 무한한 비주기성 패턴 등 수학적 영감을 주는 일러스트가 가득하다. 2부 ‘크리에이팅’ 에서는 수학적 직관을 자극하는 규칙에 의해 자신만의 패턴을 창조하는 법을 알려준다.","['과학', '수학', '수학 일반']"
10869,우리 몸 연대기,대니얼 리버먼 지음; 김명주 옮김; 최재천 감수,웅진지식하우스:웅진씽크빅,2018,471.2 리44ㅇ김,9788900000000,https://search1.kakaocdn.net/thumb/R120x174.q85/?fname=http%3A%2F%2Ft1.daumcdn.net%2Flbook%2Fimage%2F351463%3Ftimestamp%3D20241114114051,"『우리 몸 연대기』는 진화의 정점에 이른 현대인이 왜 각종 만성질환과 기능장애에 시달리는지, 인간의 몸과 문명은 서로 어떤 영향을 주고받아 왔는지를 진화적 관점에서 폭넓게 탐구하는 책이다. 저자인 대니얼 리버먼 하버드대 교수는 인간 몸의 구조와 기능이 왜 그리고 어떻게 진화했는지 연구하는 세계적인 진화생물학자이다. 그는 우리가 직면한 건강 문제가 일종의 진화적 산물로, 혹독한 환경 아래서 생존과 번식에 적합하게 진화한 우리 몸이 풍요롭고 안락한 현대 문명과 만나 벌어지는 부적응 때문이라는 것을 이 책에서 흥미진진하게 밝힌다. 인류학, 생물학, 유전학 연구에서 얻은 구체적이고 실질적인 데이터와 과학적이고 치밀한 논증을 바탕으로 인간 몸과 문명의 공진화(共進化)를 서술한 이 책은 인류의 역사를 이해하는 새로운 시각과 더불어 건강하고 행복한 삶을 위한 믿음직한 조언을 제공한다.","['과학', '인체의 이해']"
10870,무한을 넘어서,유지니아 쳉 지음; 김성훈 옮김,열린책들,2019,410 쳉66ㅁ김,9788930000000,https://search1.kakaocdn.net/thumb/R120x174.q85/?fname=http%3A%2F%2Ft1.daumcdn.net%2Flbook%2Fimage%2F3775679%3Ftimestamp%3D20231007163825,"당신 머릿속에 담을 수 있을 정도로 작지만, 한편으론 너무 커서 우주에는 담을 수 없는 것이 있다면 그것을 어떻게 불러야 할까? 음… 이렇게 부르면 어떨까? 〈무한〉이라고. 〈무한〉이라는 신비한 개념을 추적하며, 수학의 추상 세계에서 벌어지는 놀라운 풍경들을 담아낸 매력적인 대중서다. 학창 시절 누구나 무한(∞)이란 개념을 접해 봤을 것이다. 1, 2, 3, … 이렇게 끝없이 이어지는 수를 보며 묘한 호기심을 느꼈을 누군가도 있겠고, 〈임의의 수 n을 ∞으로 보냈을 때 다음 식의 값을 구하라〉와 같은 끔찍한 수학 시험의 악몽으로 기억할 사람도 있겠다. 하지만 〈무한〉은 일반인들이 짐작하는 것보다 훨씬 까다로운 개념이다. 이 매혹적이고 아찔한 개념의 안내자로 나선 이는 영국 셰필드 대학교 순수수학과 명예 선임연구원 유지니아 쳉이다. 〈고차원 범주론〉을 전문적으로 연구하고 있으며, 각종 국제 수학 학회에 참여해 꾸준히 논문을 쓰고 발표하는 수학자다. 그녀는 〈수학을 아주 잘하는 사람도, 수학을 연구하는 사람도 무한에 관해서는 대답할 수 있는 것보다 물어볼 것이 더 많다〉며 〈무한〉이 수학자들에게도 매우 당혹스러운 개념임을 토로한다. 이를테면, 이런 수수께끼는 어떤가? 〈추첨 공이 무한히 많은 로토가 존재하는 경우 당신이 로토에 당첨될 확률은?〉 〈객실이 무한히 많은 호텔이 있는데 이미 객실들은 꽉 찼다. 그런데 또 다른 손님이 찾아온다면 손님을 받을 수 있을까? 받을 수 있다면 어떻게?〉 〈순환 소수 09999……는 1과 완전히 같은 값일까?〉 무언가 영원히 커지고, 영원히 작아지고, 영원히 계속된다는 것은 그 자체로 우리의 직관을 비껴간다. 도대체 〈영원〉이란 개념을 어떻게 수학 안으로 집어넣을 수 있을까? 〈무한〉을 과연 수(數)로 간주할 수 있는가? 〈무한〉이 수라면 과연 어떤 수인가? 많은 수학자들이 〈무한〉의 정체를 밝히기 위해 부단히 고민하고, 속절없이 그 매력에 빠져든 이유다. 그렇다고 이 책이 어려울 거라 지레 겁먹을 필요는 없다. 수학자라는 딱딱한 직함이 무색하게 쳉의 인생 모토는 〈세상에서 수학 공포증을 몰아내는 일〉이다. 「스콘에 들어갈 크림의 완벽한 양을 재는 방정식」과 「완벽한 크기의 피자를 만들기 위한 수학 공식」 등 겉보기에 엉뚱한 논문들은 수학의 대중화를 위한 그녀 나름의 노력인 셈이다. 그녀에게 수학은 어떤 거창한 목적을 위한 수단이 아니라, 그 자체로 즐거움이자 사고의 지평을 넓혀 주는 매력적인 학문이다. 따라서 이 책 곳곳에는 딱딱한 수식과 개념보다 다채로운 비유가 넘쳐 난다. 무한을 네스호의 괴물로 비유한다거나(경외감을 불러일으키는 압도적인 크기를 갖고 있으면서도 그 정체를 분명히 알 수 없기 때문에), 꼬마 당근을 통해 중간값의 정리를 설명하거나(어떻게 꼬마 당근이 성인 당근으로 연속적으로 성장하는지 증명할 수 있을까?), 레고 캐릭터의 헬멧을 가지고 〈덧셈에 대한 역원〉을 설명하는 식이다. 독자들은 이 책의 색인에서 「곰돌이 푸우」와 우사인 볼트, 각종 ...요리 이름을 보고 놀랄 필요가 없다. 마치 이모나 언니의 손을 잡은 아이처럼 〈무한〉이라는 거대한 산을 한 걸음 한 걸음 밟아 오르기만 하면 된다. 그러면 수학의 낯선 기호와 용어들도 별것 아니라는 생각이 금방 들 것이다.","['과학', '기초과학/교양과학']"
10871,벌레의 마음,김천아 외 지음,바다출판사,2018,493.73 김83ㅂ,9788960000000,https://search1.kakaocdn.net/thumb/R120x174.q85/?fname=http%3A%2F%2Ft1.daumcdn.net%2Flbook%2Fimage%2F715406%3Ftimestamp%3D20230217195651,『벌레의 마음』은 예쁜꼬마선충을 통해 생명의 보편성과 인간에 대한 진실을 탐구하고 있는 현대 생물학의 생생한 여정을 담았다. 예쁜꼬마선충은 토양에서 서식하며 투명한 몸을 가진 1mm 크기의 아주 작은 벌레로 놀랍게도 유전자의 절반 이상이 인간의 유전자와 유사하고 그 기능역시 유사하다. 현대 생물학은 이 벌레를 통해 인간과 생명의 보편성을 이해하기 위한 여정에 있다. 이 책은 이러한 최신 현대 생물학의 여정을 대중과 나누고자 예쁜꼬마선충 과학자 5인의 고민을 담고 있다. 1960년대 시드니 브래너는 예쁜꼬마선충을 생물학 연구의 대상으로 삼으면서 ‘벌레의 마음’이라는 원대한 프로젝트를 발주했다. 이 연구를 바탕으로 생물학 302개의 신경세포와 이 세포들이 이루는 8000여 개의 신경망으로 이루어진 예쁜꼬마선충의 마음 지도를 얻게 되었다. 이후 학자들은 이 마음의 지도를 바탕으로 마음에 대한 놀라운 연구 성과들을 발표하였다. 위대한 생물학자이자 생물 철학자인 자크 모노는 생명 현상에서 나타나는 보편성을 이렇게 표현한다. ‘대장균에게서도 진실인 것은 코끼리에게도 진실이다’ 이를 현대 생물학 연구를 특징짓는다면 다음과 같다. ‘벌레에게 진실인 것은 인간에게도 진실이다’. 이 책의 예쁜꼬마선충을 통해 생명의 보편성과 인간에 대한 진실을 탐구하는 현대 생물학의 생생한 여정을 통해 확인 할 수 있을 것이다.,"['과학', '생명과학', '생물학']"
10872,"과학, 그거 어디에 써먹나요?",원호섭 지음; 이덕환 감수,북클라우드:헬스조선,2018,404 원95ㄱ,9791160000000,https://search1.kakaocdn.net/thumb/R120x174.q85/?fname=http%3A%2F%2Ft1.daumcdn.net%2Flbook%2Fimage%2F1585729%3Ftimestamp%3D20241214113408,"“당신의 생각보다 더 많은 과학이 당신의 삶 속에 존재한다.” 일상을 지배하고 미래를 바꿀 지금 가장 뜨거운 과학 뉴스 ‘4차 산업혁명’의 이슈가 끊이지 않고 언론을 장식하는 현재, 세계는 어떤 준비를 하고 있을까? 안전하다고만 생각했던 한반도가 흔들렸다. 2016년 규모 5.6의 경주 지진, 2017년 규모 5.8의 포항 지진이다. 이를 두고 과학자들 사이에서는 원인에 대한 논란이 일어났다. 우리나라는 안전한 것일까? 이 책은 과학 기자가 물리학, 생물학, 우주공학, 지구과학, 과학사 등에서 뽑은 최신 과학 이슈 35가지의 과거, 현재, 미래를 알려주는 과학 교양서다. 책에서는 인공지능, 양자역학, 장내미생물, 중력파, 지진, 지구온난화, 방사능 등의 기본적인 이론부터 가장 최근의 연구 결과를 알려준다. 이들은 현재 우리의 삶에 깊은 연관이 있거나 미래를 크게 변화시킬 과학계의 뜨거운 쟁점들이다. 논쟁거리를 다루면서도 과학 기자로서 객관적인 시선으로 과학을 둘러싼 사람들의 이해관계를 설명한다. 과학기술의 발전에 따라 빠르게 변화하는 시대에 과학적 교양은 필수 덕목이 되었다. 현재를 제대로 이해하고, 과학이 바꿀 미래를 준비하고 싶은 사람에게 이 책은 꼭 필요한 한 권이 될 것이다.","['과학', '기초과학/교양과학']"
10873,미드 보다 과학에 빠지다,안드레아 젠틸레 지음; 송소민 옮김,반니,2018,404 젠888ㅁ송,9791190000000,https://search1.kakaocdn.net/thumb/R120x174.q85/?fname=http%3A%2F%2Ft1.daumcdn.net%2Flbook%2Fimage%2F1646119%3Ftimestamp%3D20250310113141,"광활한 우주를 여행하는 <스타 트렉>, 평행우주로 둘러싸인 <프린지>, 클론들이 우글거리는 <오펀 블랙>에 빠져보자! 과학저널리스트인 저자 역시 TV시리즈의 대단한 마니아로 드라마 속의 과학 현상을 꼼꼼하게 분석하고 들여다봤다. 과학은 사실 우리의 호기심을 완전히 만족시켜 주지는 못한다. 그럼에도 우리가 의문을 해결할 때 의지할 수밖에 없는 것은 과학이다. 수많은 좀비 영화를 보면서 정말 사람이 좀비가 될지도 모르는 공포를 느껴본 적도 있을 것이다. 그동안 SF영화에서 벌어진 일들 중 현실에서 이루어진 것도 적잖기 때문이다. 그렇다면 무수히 많은 좀비 영화는 인류의 미래일까? 저자는 이 의문에 명쾌한 답을 내놓는다.","['과학', '기초과학/교양과학']"
10874,구달,최영희 지음,문학동네,2019,813.6 최64ㄱ,9788950000000,https://search1.kakaocdn.net/thumb/R120x174.q85/?fname=http%3A%2F%2Ft1.daumcdn.net%2Flbook%2Fimage%2F693786%3Ftimestamp%3D20230714215128,"최영희의 신작 장편소설 『구달』. 독특한 제목의 의미는 주인공 아이의 이름이다. 달이의 아빠 구종대 씨는 어린 핏덩이를 안고 흔전동에 들어온 어느 날, 옥탑 난간에 서서 아기의 이름을 지었다. 어느 틈엔가 하늘에 떠 있던 달이 눈에 들어온 것이다. 달이는 생각한다. 그때 아빠 눈에 띈 것이 ‘달’이었기에 망정이지 자칫하면 구난간, 구옥상, 구땅이 되었을지도 모른다고. 즉흥적이고 무책임한 성정의 구종대 씨라면 그러고도 남았을 거라고. 일곱 살 달이는 재개발을 앞두고 철거가 한창인 흔전동 럭키빌라 옥탑에 산다. 훌쩍 사라졌다 예고 없이 돌아오기를 반복하던 아빠가 실종되고, 생활비가 떨어진 후로 달이는 학교를 그만두었다. 달이는 매일을 효과적인 생존을 위한 일과 매뉴얼로 시작한다. 아침에 눈을 뜨고 재현이가 울지 않았는지 귀를 기울여 확인한 후, 날마다 8시 15분 전후 골목을 내려오는 승율이의 발소리를 체크하고, 매뉴얼 1번 아침 체조, 2번 냉수 세안, 3번 소식 혹은 간헐적 단식을 순차적으로 실행하는 것이다. 허기는 도통 가시지 않고 공과금이 밀려 전기방석도 켤 수 없던 어느 아침, 교복을 입고 학교에 잠입해 밥이나 먹고 나올까, 박 집사네 온돌교회를 털어 버릴까 고민하던 달이는 엊그제 한 남자에게 건네받은 명함을 떠올렸다. MS미스터리협회 마블힐지국 서울출장소 소장 공직구. 감염자니 피해자니 실험이니, 그날 공직구라는 남자가 내뱉은 말들은 밑도 끝도 없는 얘기들이었지만 ‘미스터리’, 네 글자가 달이의 머릿속을 때렸다. 그것은 지난 몇 개월간 달이의 일상을 말하는 가장 적확한 단어였기 때문이다.","['청소년', '청소년 문학', '청소년 소설']"
10875,체실 비치에서,이언 매큐언 지음; 우달임 옮김,문학동네,2018,843 매876ㅊ우,9788950000000,https://search1.kakaocdn.net/thumb/R120x174.q85/?fname=http%3A%2F%2Ft1.daumcdn.net%2Flbook%2Fimage%2F690081%3Ftimestamp%3D20250109113256,"영화 '어톤먼트'의 원작자 이언 매큐언의 장편소설. 1960년대 영국을 배경으로 한 젊은 신혼부부의 성과 사랑을 담담하면서도 밀도 깊게 그려내고 있다. 프리섹스와 록음악, 자유로운 삶의 방식이 세계를 휩쓴 해방의 시대를 바로 목전에 둔 시절, 자유로워지길 갈망하지만 아직 보수적인 의식을 벗어던지지 못한 젊은 남녀가 첫날밤에 직면한 성과 사랑의 이야기가 덤덤하게 펼쳐진다. 1962년 초여름, 런던대학에서 사학을 전공한 청년 에드워드 메이휴와 촉망받는 바이올리니스트이자 현악오중주단의 수석 연주자인 플로렌스 폰팅이 결혼식을 올린다. 이십대 초반의 사랑스러운 젊은 커플은 안개가 온통 해변을 휘감은 따뜻한 칠월의 어느 날, 체실 비치의 외딴 호텔로 신혼여행을 온다. 첫날밤을 앞둔 두 사람은 각자 고민에 시달리게 되는데…. [양장본]","['소설/시/희곡', '영미소설']"
10876,포르투갈의 높은 산,얀 마텔 지음; 공경희 옮김,작가정신,2018,843 마884ㅍㄹ공,9791160000000,https://search1.kakaocdn.net/thumb/R120x174.q85/?fname=http%3A%2F%2Ft1.daumcdn.net%2Flbook%2Fimage%2F1595998%3Ftimestamp%3D20230523173714,"맨부커상 수상 작가 얀 마텔이 《파이 이야기》 이후 15년 만에 완성한 네 번째 장편소설 『포르투갈의 높은 산』. 1904년부터 1981년까지 포르투갈과 캐나다를 배경으로, 한 세기에 가까운 장구한 세월 동안의 인간사를 현실과 환상, 사실과 허구의 경계를 넘나드는 마술적 리얼리즘으로 괴이하고도 몽환적으로 펼쳐 보이는 이 작품은 그동안 저자가 일간되게 천착해온 주제들, 신과 믿음, 삶과 죽음, 인간과 동물, 진실과 허구 등의 문제를 다루고 있다. 1904년 리스본. 일주일 만에 아버지와 아내와 아들의 죽음이라는 비극을 겪게 된 토마스는 신에게 대항하듯 1년 째 뒤로 걷고 있다. 그러던 어느 날, 고미술 박물관 학예사인 그는 고문서에서 기독교를 발칵 뒤집어놓을 만한 기이한 십자고상에 대한 기록을 발견한다. 그곳의 소재지는 포르투갈의 높은 산 인근의 작은 교회. 모든 것을 잃고 절망과 분노만이 남은 그는 신을 향한 복수를 다짐하며 포르투갈의 높은 산으로 먼 길을 떠나고, 아름다웠던 과거에 사로잡혀 퇴행하던 한 남자가 새로운 안식처와 집을 향해 앞으로 질주하면서 이야기가 펼쳐진다. 1938년 포르투갈. 섣달 그믐날에서 새해로 넘어가는 야심한 시각, 부검 병리학자인 에우제비우에게 한 노부인이 찾아온다. 부인은 남편의 시신을 들고 먼 길을 달려와 부검을 의뢰한다. 부검을 통해 남편이 왜 죽었느냐가 아니라 어떠한 삶을 살았는지 알려달라는 것. 그는 알 수 없는 힘에 이끌려 부인의 지시대로 부검을 진행한다. 당혹감이 채 가시기도 전에 그의 앞에는 그가 늘 다루는 죽음과도 같이 예기치 않은 미스터리에 맞닥뜨린다. 1981년. 캐나다의 상원의원 피터는 40년간 함께해온 아내의 상실을 겪은 후 큰 슬픔에 빠져 있다. 직책도, 집도, 가족도, 친구도 모두 버리고 포르투갈 북부에 자리한 고향 마을 투이젤루로 찾아간 그의 옆에는 이제 평범하지 않은 동반자인 침팬지 오도가 함께한다. 피터는 오도와 지내면서 과거와 미래, 회한과 미련 속을 맴도는 인간 종인 자신과 달리, 오로지 현재의 순간에만 집중하고, 감정의 찌꺼기 따윈 없으며 본능과 욕구에 충실한 오도라는 존재에 매혹 당한다. 그렇게 오도는 그의 삶을 차지해버리고, 둘은 그 무엇도 방해하지 않는 평온 속에서 온전하고도 충만한 하루하루를 보내는데…….","['소설/시/희곡', '세계의 소설', '기타 국가 소설']"
10877,무한 육각형의 표범,박용기 지음,바람의아이들,2018,813.6 박65ㅁㅎ,9791160000000,https://search1.kakaocdn.net/thumb/R120x174.q85/?fname=http%3A%2F%2Ft1.daumcdn.net%2Flbook%2Fimage%2F1608094%3Ftimestamp%3D20230707145910,"『무한 육각형의 표범』은 최근 과학계의 가장 큰 화두인 ‘인공지능’에 대해서 이야기하며 청소년의 삶을 그린다. 인지과학과 뇌과학이라는 과학적 사실에 입각하여 철저하게 조직된 세계관, 인물들이 저마다 안고 있는 삶과 상처 그리고 문학의 기품을 잃지 않는 철학. 이 모든 것을 단 한 권의 책으로 아우르는 이야기는 지금까지 저자가 탐구해 온 과학과 철학, 문학의 깊이를 짐작케 한다. 과학에서 파생된 건강한 상상력으로 독자를 강렬하게 사로잡는 이 작품은 지금껏 한국 청소년 소설에서 볼 수 있었던 것과는 다른 차원의 깊이를 담고 있다. 이를 통해 독자가 경험하게 되는 세계는 광막한 우주 속에 놓인 인간 존재의 꿈이자 앞으로 청소년이 걸어 나갈 현실이기도 하다.","['청소년', '청소년 문학', '청소년 소설']"
10878,마카로니 프로젝트,김솔 지음,문학동네,2018,813.6 김55ㅁ,9788950000000,https://search1.kakaocdn.net/thumb/R120x174.q85/?fname=http%3A%2F%2Ft1.daumcdn.net%2Flbook%2Fimage%2F694333%3Ftimestamp%3D20241207113455,"김솔의 세 번째 장편소설 『마카로니 프로젝트』. 2012년 한국일보 신춘문예에 당선되어 등단 후 6년 동안 기발하고도 밀도 높은 두 권의 소설집과 두 권의 장편소설을 쉬지 않고 펴내며 젊은작가상, 문지문학상, 김준성문학상 수상한 저자의 이번 작품은 회사의 일방적인 공장 폐쇄 선고와 그에 맞선, 혹은 그것을 충실히 이행해냄으로써 자신의 자리를 지켜내려는 사람들의 이야기를 치밀하고 사실적으로 그리고 있다. 미국에 본사를 둔 다국적 무기회사가 영업 실적 부진을 이유로 이탈리아 피렌체 공장의 폐쇄 결정을 내린다. 이에 유럽 지역 영업본부장과 피렌체 공장장은 각 부서의 팀장들을 비밀리에 모아 직원들의 동요나 저항 없이 순조롭게 공장을 폐쇄하기 위한 계획인 ‘마카로니 프로젝트’를 시작한다. 팀장들은 동료들에 대한 안쓰러움과 그들을 배신한다는 죄책감에 괴로워하다가도 은밀한 프로젝트에 동참함으로써 회사에 남을 가능성이 커졌다는 사실에 안도한다. 그러나 공식적인 공장 폐쇄 발표를 접한 직원들의 반발은 예상보다 훨씬 거세다. 공장의 기계를 파괴하거나 집기를 약탈하는 등 무력시위를 벌이기도 하고, 개인적으로 팀장을 찾아가 동정심에 호소하기도 한다. 다가올 운명에 자포자기하며 최대한의 보상을 얻어 퇴사하려는 쪽과 어떻게든 공장 폐쇄를 막아야 한다는 쪽 사이의 팽팽한 다툼도 생긴다. 또한 공장 폐쇄 결정은 공장 인근의 식당이나 집 주인들에게도 영향을 끼쳐 도미노처럼 연쇄적인 불행을 불러일으키는데……. 자본주의의 세계에서 회사란 무엇인지, 이 세계에서 온전하고 현명하게 살아가는 길이 무엇인지를 윤리가 아닌 생존의 영역에서 날카롭게 묻는 이 작품은 저마다의 방식으로 최선의 삶을 도모할 때 어느 쪽이 절대선이거나 윤리적으로 우선한다고 쉽게 판단할 수 없다는 사실을 잘 보여준다. 저자의 앞선 소설이 그렇듯 이번 작품 역시 피렌체라는 이국적인 공간과 프랑스, 네덜란드, 그리스 등 다국적의 인물들이 등장하는데, 소설의 배경을 낯설게 하고 이야기 자체에 빠져들게 함으로써 인물들 사이의 갈등과 그 안에서 생겨나는 인간에 대한 근본적인 물음을 좀 더 선명하게 드러낸다.","['소설/시/희곡', '한국소설', '2000년대 이후 한국소설']"
10879,남산골 두 기자,정명섭 글,서유재,2018,813.6 정34ㄴ,9791200000000,https://search1.kakaocdn.net/thumb/R120x174.q85/?fname=http%3A%2F%2Ft1.daumcdn.net%2Flbook%2Fimage%2F1665061%3Ftimestamp%3D20240531114113,"붓으로 세상을 바꾸려는 자들의 열혈 취재 활극 『남산골 두 기자』. 십 년째 과거시험에 낙방을 면치 못하고 있는 김 생원은 먹고살 길이 막막한 부인으로부터 하나뿐인 노비 관수를 내보내겠다는 최후 통첩을 받는다. 마지못해 소일거리라도 찾고자 집을 나선 김 생원과 관수는 저잣거리에서 우연히 김 생원의 학당 동기인 박춘을 만나고, 박춘이 운영하는 신문사에 기자로 ‘스카웃’ 된다. 김 생원과 함께 취재를 다니게 된 관수는 숫기 없는 김 생원을 대신해 먼저 질문을 하기도 하고, 기사거리를 찾아 나서기도 한다. 사실을 단순하게 전달하는 기사를 넘어 의견과 논조가 더해진 김 생원의 사설(社說)은 날이 갈수록 큰 인기를 끌게 된다. 그러나 신문의 파급력이 커질수록 김 생원과 관수는 뜻하지 않은 위험에 맞닥뜨리는데…","['청소년', '청소년 문학', '청소년 소설']"
10880,(2018 제12회)김유정문학상 수상작품집. 2018,한강 외 지음,은행나무,2019,810.82 한12ㄱ v.2018,9791190000000,https://search1.kakaocdn.net/thumb/R120x174.q85/?fname=http%3A%2F%2Ft1.daumcdn.net%2Flbook%2Fimage%2F3776901%3Ftimestamp%3D20240713113722,"2018년 제12회 김유정문학상 수상작품집 『작별』. 한국문학의 위대한 발자취를 남긴 소설가 김유정의 문학적 업적과 정신을 기리기 위해 제정되어 지난 한 해 동안 문예지에 발표된 모든 중·단편소설 가운데 가장 뛰어난 작품을 선별하여 시상해온 김유정문학상은 현재 한국문학의 의미 있는 흐름을 짚어보는 계기가 되어왔다. 2018년에는 총 20편의 작품을 대상으로 본심을 진행했다. 본심 심사위원인 소설가 오정희, 전상국, 문학평론가 김동식이 개별 작품들에 대한 검토와 세밀한 토론을 거쳐 수상작으로 한강의 《작별》을 선정하였다. 겨울의 어느 날 벤치에서 잠시 맘이 들었다가 깨어나고 보니 눈사람이 되어버린 여성에 관한 이야기로, F. 카프카의 《변신》을 자연스럽게 떠올리게 되는 작품인 동시에 작가가 이전의 작품들에서 보여준 변신에 관한 서사와 그 맥이 닿아 있는 작품이다. 다른 징조도 그 어떤 특별한 신호도 없었다. 그냥 보통의 하루, 매일 산책하는 천변의 어느 벤치에 앉아 약속을 기다리는 중이었다. 그런데 이상하게 졸음이 쏟아졌고 잠이 들어버렸다. 깨어보니 그녀는 눈사람으로 변했다. 그 몸에서 한 군데 다른 부분이 있다면 왼쪽 가슴, 심장이 있던 자리다. 예전처럼 박동하진 않았지만 미미하게 따뜻할 뿐이다. 그녀가 눈사람이 된 건 이상한 일이었다. 하긴 이상하지 않은 일이기도 했다. 이미 그녀는 세상에서 조금씩 지워지고 있었고 녹아 사라지고 있었다. 시간이 얼마 없었다. 그녀는 아이와 끝말잇기를 하고, 부모님께 안부 전화를 걸고, 남동생에게 연락하고자 한다. 그런 와중에 그녀는 좀 더 녹아 사라지는 중이다. 그녀는 억울하지 않았다. 후회스러웠으나 후회는 없었다. 그냥 끝, 이라고만 생각했다. 그녀는 고요하게 마지막 순간을 기다렸다.","['소설/시/희곡', '한국소설', '2000년대 이후 한국소설']"
10881,우연한 빵집,김혜연 지음,비룡소,2019,813.6 김94우,9788950000000,https://search1.kakaocdn.net/thumb/R120x174.q85/?fname=http%3A%2F%2Ft1.daumcdn.net%2Flbook%2Fimage%2F616422%3Ftimestamp%3D20240920113927,"안데르센 그림자상, 황금도깨비상 수상 작가 김혜연의 첫 청소년 장편소설 『우연한 빵집』. 한적한 주택가 뒷골목에 위치한, 제대로 된 간판 하나 없는 빵집을 중심으로 사랑하는 사람을 하루아침에 잃어버린 사람들의 일상을 그린 소설이다. 잊을 수 없는 2014년 4월 16일, 그날의 참사. 그 후 마음에 켜켜이 쌓인 작가로서의 무겁고 간절한 감정들을 담아낸 작품 속 등장인물과 사건은 재창조된 것이지만, 사랑하는 사람을 하루아침에 잃어버린 이들의 일상, 그리고 이끌리듯 골목에 자리한 빵집의 문을 열게 되는 사람들의 이야기를 통해 슬픔이 조금은 덜어지기를 바라는 마음을 담았다. 한때 소설가를 꿈꾸었지만, 돌아가신 아버지의 빵집을 물려받아 제빵사가 된 가게 주인인 이기호. 그의 빵집을 드나들던 사람들이 있었다. 고등학교 2학년인 꿈 많은 소녀 윤지와 그 학교 선생님이자 이기호와는 오랜 친구인 영훈. 두 사람은 수학여행을 떠났다가 남쪽 바다에서 돌아오지 못했다. 윤지의 남자친구 태환, 윤지의 단짝 진아, 윤지의 엄마, 그리고 빵집 주인 이기호와 알바생 윤지까지 다섯 명의 인물이 각 장마다 중심이 되어 과거를 회상하고 현재의 일상을 서술한다. 보이지 않는 인연의 고리로 연결되었던 사람들이 점차 서로를 발견하고 우연처럼 빵집으로 모이게 되는 과정을 아리고 아프지만 담담하고 따듯한 문장 속에 담아냈다.","['청소년', '청소년 문학', '청소년 소설']"
10882,고민해서 뭐 할 건데?,김혜정 지음; Jono 그림,예림당,2019,813.6 김94고,9791190000000,https://search1.kakaocdn.net/thumb/R120x174.q85/?fname=http%3A%2F%2Ft1.daumcdn.net%2Flbook%2Fimage%2F1611920%3Ftimestamp%3D20220816175305,"청소년들이 많이 고민하는 문제를 키워드로 뽑아 영화, 소설, 만화 등 다양한 서사 작품의 이야기로 풀어가는 『고민해서 뭐 할 건데?』. 외모, 사춘기, 우정, 인간관계, 성적, 진로 등 고민타파 보물 상자 속 스무 가지 이야기를 담았다. 저자는 본인의 경험으로 한 번, 그와 비슷한 고민을 하는 작품의 캐릭터를 제시하며 또 한 번 청소년들을 어루만지고 청소년들이 건강하고 제대로 된 고민을 통해 더욱 괜찮은 사람이 될 수 있도록 도와준다.","['청소년', '청소년 문학', '청소년 에세이/시']"
10883,난민 소녀 리도희,박경희 지음,뜨인돌출판,2019,813.6 박14ㄴ,9788960000000,https://search1.kakaocdn.net/thumb/R120x174.q85/?fname=http%3A%2F%2Ft1.daumcdn.net%2Flbook%2Fimage%2F772914%3Ftimestamp%3D20240515112628,"박경희 청소년 소설 『난민 소녀 리도희』. 이 소설은 자유를 갈구해 자신이 태어나고 자란 곳을 떠나 부평초처럼 여러 나라를 떠돌지만, 어느 나라에서도 자유를 얻지 못하는 탈북 난민의 삶을 다루고 있다. 기자인 아빠가 정치수용소에 갇히자 집안은 풍비박산되고, 엄마와 탈북했지만 혼자서 캐나다로 가야 하는 지식분자 도희. 가난 때문에 부모님을 잃은 뒤, 배곯는 가난이 싫어서 남조선으로 가려는 평범한 인민 구희. 독자는 안정된 삶, 가족과 함께하는 삶을 위해 숨 막히는 나날을 보내는 두 소녀에게서 불안한 난민의 삶을 생생하게 느낄 수 있다. .","['청소년', '청소년 문학', '청소년 소설']"
10884,사슴·돌,김한창 지음,바밀리온:한국동인지문학아카데미,2018,813.6 김92ㅅ,9791200000000,https://search1.kakaocdn.net/thumb/R120x174.q85/?fname=http%3A%2F%2Ft1.daumcdn.net%2Flbook%2Fimage%2F1667294%3Ftimestamp%3D20221108002934,"본 소설집의 대표작 사슴 돌은 다큐멘터리적인 소설로 녹여 낸 작품으로, 몽골역사와 문화, 그리고 고대 사슴돌과 몽골암각화를 연구하는 프랑스여인과 한국남자의 모험과 뜨거운 사랑, 대재난을 몰고 오는 몽골의 강력한 한파인 쪼드를 만나 고난의 자연재해를 이겨내는 과정을 그린 작가의 체험적 소설이다. 사슴 돌을 통해서 작가정신을 유감없이 발휘하는 작가는 자양분 넘치는 몽골의 13세기부터 21세기까지의 역사를 팩션이라는 형식을 통해서 허구를 본질로 하는 몽골서사문학의 본질을 보여주고 있다.","['소설/시/희곡', '한국소설', '2000년대 이후 한국소설']"
10885,모두 깜언,김중미 지음,창비,2019,813.6 김76모,9788940000000,https://search1.kakaocdn.net/thumb/R120x174.q85/?fname=http%3A%2F%2Ft1.daumcdn.net%2Flbook%2Fimage%2F533847%3Ftimestamp%3D20250328113803,"《괭이부리말 아이들》의 저자 김중미의 성장소설 『모두 깜언』. 강화도 농촌에 사는 여중생 유정이를 중심으로 서로 연대하고 고마워할 줄 아는 농촌 공동체 속 인물들의 따뜻한 모습을 그려낸 작품이다. 자신의 삶과 글쓰기를 일치시켜 온 저자는 강화에 13년 간 거주하며 알게 된 농촌 지역의 현실을 생생하게 담아냈다. 다문화 가정 문제, FTA, 구제역 등 농촌 사회의 여러 이슈를 사실적으로 담담하게 그려내면서도 시종일관 유쾌한 분위기를 잃지 않으며 청소년 주인공의 시선에서 희망을 말한다. 내면에 상처가 있는 속 깊은 여중생 유정이는 언청이라고, 말을 더듬는다고 학교에서 놀림을 받기도 하지만 농사일을 돕고 조카들도 돌보면서 씩씩하게 살아간다. 그런 유정이 곁에는 엄마 아빠 대신 유정이를 아끼는 작은 아빠와 베트남에서 온 작은 엄마, 무뚝뚝하면서도 은근히 정이 깊은 할머니, 그리고 가족만큼이나 가까운 친구들이 있다. 번번이 티격태격하면서도 누구보다 유정이를 챙기는 광수, 서울에서 전학 와 멀게 느껴지지만 자꾸만 신경 쓰이는 우주. 이들이 한데 어울려 겪는 한 해 동안의 이야기를 만나볼 수 있다.","['청소년', '청소년 문학', '청소년 소설']"
10886,모서리의 탄생,신주희 지음,자음과모음,2018,813.6 신76ㅁ,9788950000000,https://search1.kakaocdn.net/thumb/R120x174.q85/?fname=http%3A%2F%2Ft1.daumcdn.net%2Flbook%2Fimage%2F688889%3Ftimestamp%3D20241207113520,"세계에 대한 평면적 이해를 거부하고, 다양한 구성의 변화를 통해 이야기의 입체성을 중시해온 신주희의 첫 소설집 『모서리의 탄생』은 고통의 지점들을 그려내고 있다. 사랑하는 딸을 잃고 북쪽의 가장 끝을 찾아가는 노인과(「극」) 스스로 실종을 선택한 아내와 아들의 흔적을 뒤쫓는 두 명의 화자(「미싱 도로시」) 등. 그러나 통증은 부위를 옮겨가거나 응축될 뿐 사라지지 않는다. 소설의 등장인물들은 고통을 외면하지 않고 그 맨 얼굴과 마주함으로써 비로소 그것을 정확하게 표현할 수 있는 언어를 갖게 된다. 이것이 신주희 소설이 세상을 향해 또렷한 목소리를 가질 수 있는 이유이다.","['소설/시/희곡', '한국소설', '2000년대 이후 한국소설']"
10887,나의 페르시아어 수업,"마리암 마지디 지음; 김도연,이선화 공옮김",달콤한책,2019,863 마78ㄴ김,9791200000000,https://search1.kakaocdn.net/thumb/R120x174.q85/?fname=http%3A%2F%2Ft1.daumcdn.net%2Flbook%2Fimage%2F1666260%3Ftimestamp%3D20240904113908,"아라비안나이트의 세헤라자데처럼 끝없이 이야기를 지어내는 매혹적인 이야기꾼의 손에서 탄생한 순문학의 결정체 『나의 페르시아어 수업』. 어머니의 자궁에 있을 때부터 이란혁명 초기의 혼돈을 겪은 마리암 마지디는 여섯 살 때 부모님과 함께 프랑스로 망명한다. 어린 나이에 완전히 새로운 환경에서 적응해야 했던 두려움과 불안은 자신의 언어를 찾아가는 여정을 통해 시적이고 아름다운 이야기로 승화한다. 우화, 동화, 시, 수필, 일기 등 다양한 방식으로 써내려간 이 작품은 저자의 자화상이자 보석같이 빛나는 성장소설이기도 하다. 유년의 기억들, 프랑스에 도착한 후 점차 잊어버리는 모국어, 부모, 할머니, 친척, 친구들, 다시 찾은 고국, 그리고 페르시아어를 새롭게 배우면서 마침내 스스로와 화해하는 이야기는 감동과 웃음으로 진지함과 가벼움을 넘나들며 자전소설의 한 획을 긋는다.","['소설/시/희곡', '프랑스소설']"
10888,바다로 간 별들,박일환 지음,우리학교,2019,813.6 박68ㅂ,9791190000000,https://search1.kakaocdn.net/thumb/R120x174.q85/?fname=http%3A%2F%2Ft1.daumcdn.net%2Flbook%2Fimage%2F1638698%3Ftimestamp%3D20220903165125,"현직 교사이자 시인이며, 어린이와 청소년을 위한 다수의 책을 펴내고 있는 박일환 작가의 첫 청소년소설. 세월호 참사를 다루고 있다는 점에서 더욱 의미가 깊은 작품이다. 작가는 2년 넘는 시간에 걸쳐 원고를 끝냈다고 한다. 주저하게 될 때마다, 그럼에도 이야기를 완성하기로 마음먹은 까닭은 ‘도리를 다하고 싶다’는 절실함에서였다. 세월호 참사의 진실을 바라보고 기억해야 할 책임감과 의무를 가슴 뜨겁게 다짐했던 것이다. 소설에 등장하는 인물들은 참사 이후의 현실 상황을 조사하고 참고하여 박일환 작가가 창작해 냈다. 주인공 민지는 친한 친구를 잃었다는 점에서 ‘직접적인 아픔’을 갖고 있으며 혈연관계가 아니라는 점에서 어느 정도 ‘객관적인 입장’에 놓여 있다. 이는 세월호 참사(를 비롯해 우리 사회에 벌어지는 비극적 사고)를 바라보며 ‘나일 수도 있었다. 남의 일이라 단정할 수 없다.’라고 느끼는 지점과 맞닿으며 독자를 이야기 속으로 더욱 밀착시킨다. 대한민국에서 세월호를 이야기한다는 것은 조심스럽고 예민한 문제지만, 앞으로는 숨어 있던 목소리가 곳곳에서 터져 나오리라 감히 확신한다. 간절한 마음은 더욱더 단단해졌으므로. 진실을 향한 목마름은 누가 억압한다고 사라질 것이 아니었으므로. 생각지도 못한 사고로 친구들을 잃은 민지의 시선으로 먹먹하게 써 내려간 이야기를 읽는 동안 우리는 잊을 수 없는 아픔을 복원하는 동시에 진실을 향한 끝없는 바람과 결코 꺼지지 않는 희망의 가치에 좀 더 가까이 가닿을 것이다. 우리학교 청소년문학 시리즈 ‘소설 읽는 시간’의 두 번째 작품. 이 책의 인세와 판매 수익금 전액은 세월호 참사의 희생자를 기리고 진상을 규명하는 활동에 기부된다.","['청소년', '청소년 문학', '청소년 소설']"
10889,번외,박지리 지음,사계절출판사,2018,813.6 박78ㅂ,9791160000000,https://search1.kakaocdn.net/thumb/R120x174.q85/?fname=http%3A%2F%2Ft1.daumcdn.net%2Flbook%2Fimage%2F3753224%3Ftimestamp%3D20220925172808,"10월 초 예술의전당에서 초연되는 뮤지컬 〈다윈 영의 악의 기원〉 원작자이자 『합체』『맨홀』『양춘단 대학 탐방기』『3차 면접에서 돌발 행동을 보인 MAN에 관하여』등으로 한국 문단에 독보적 발자취를 남긴 박지리 작가의 마지막 작품 『번외』가 사계절1318문고 115번으로 나왔다. 이 작품은 고교 총기 난사 사건에서 유일하게 살아남은 생존자인 주인공 소년이 참사 1주기 추도식 다음 날, 학교를 벗어나 하루 동안 배회하는 이야기이다. 참사 이후 학교에서건 집에서건 모든 것에서 예외 취급을 받는 ‘나’는 삶 자체가 번외가 된 기분이다. 주인공이 무작정 길을 나서 만나는 사람들은 하나같이 낯선 이들이지만 이들은 내가 입은 교복을 알아보고 참사에 대해, 추도식에 대해 말한다. 나는 이들이 보내는 관심이 버겁기도 하고, 혼자 살아남은 것에 대한 죄책감과 함께 총기 난사 사건의 가해자 K와 공범 의식을 느끼기도 한다. 삶과 죽음의 욕망이 교차하는 소년의 불안하고 혼란스러운 심리는 무의식과 의식의 경계가 불분명한 속에 과거와 현재를 오가며 총기 난사 사건과 K에 대한 기억을 환기한다. 삶이란 무엇인지 끊임없이 묻는 소년의 독백을 통해 우리는 인간 존재의 모순을 발견한다. 동시에 불가해한 인간 존재에 대한 탁월한 서사를 끌어낸 박지리 작가의 천재성에 또 한번 놀라게 된다.","['청소년', '청소년 문학', '청소년 소설']"
10890,콜디스트 윈터,"데이비드 핼버스탬 지음; 정윤미, 이은진 공옮김",살림출판사,2015,911.0723 핼44ㅋ정,9788950000000,https://search1.kakaocdn.net/thumb/R120x174.q85/?fname=http%3A%2F%2Ft1.daumcdn.net%2Flbook%2Fimage%2F633874%3Ftimestamp%3D20240627152354,"미국 역사에서 '잊혀진 전쟁' 혹은 '불쾌한 전쟁'으로 남아 있던 한국전쟁을 새롭게 조명한 책. 베트남전 보도로 퓰리처상을 수상한, 데이비드 핼버스탬의 마지막 유작이다. 그는 뛰어난 조사력과 저널리즘 기술을 바탕으로, 우리 역사의 또 다른 어두운 구석이었던 한국전쟁을 새롭게 조명하고 있다. 본문은 한국전쟁에서 중대한 요소로 작용했던 참혹했던 전투의 실제 현장을 생생하게 되살려내고, 그러한 상황이 있기까지 정책의 주요 결정권자들이 얽히고설키면서 만들어낸 사건들의 인과관계에 주목한다. 저자는 한국전쟁이 남북한 간에 벌어진 단순한 내전이 아니라 미국, 소련, 중국, 일본이라는 지정학적 관계와 냉전이라는 당시 국제정세 속에서 발발한 세계전쟁의 성격을 띠고 있다고 주장한다. 그리고 시종일관 전쟁 당사자들의 정치적 결정과 판단 착오를 숙련된 글 솜씨로 풀어내며 정확하고도 새로운 시각을 제공한다. 또한, 저자는 한국전쟁 자체보다는 한국전쟁을 둘러싼 미국의 국내외 정치상황과 한국 땅에 와서 고군분투했던 미군들의 생생한 이야기를 통해 역사의 현장을 복원해내고 있다. 리얼한 전투 장면과 생사를 넘나드는 병사들의 이야기를 통해 핵심 전투의 실제 상황까지도 숨막힐 듯 생생하게 되살려낸다. [양장본]","['역사', '한국근현대사', '해방전후사/한국전쟁']"
10891,왜 언론이 문제일까?,박영흠 지음,반니,2018,070 박64ㅇ,9791190000000,https://search1.kakaocdn.net/thumb/R120x174.q85/?fname=http%3A%2F%2Ft1.daumcdn.net%2Flbook%2Fimage%2F1648219%3Ftimestamp%3D20250322114317,"아침에 눈뜨면 찾아보는 날씨 뉴스부터 잠자리에서 들여다보는 세상의 크고 작은 소식까지 언론은 우리의 일상과 함께한다. 우리의 눈과 귀가 되어주는 언론인 만큼 진실을 외면하게 되면 우리 사회에 미치는 위험도 크다. 정보가 넘쳐나는 요즈음, 언론의 의미는 무엇일까? 좋은 언론이란 어떤 것이며, 정의로운 언론을 위해 우리는 무엇을 해야 할까?","['청소년', '청소년 인문/사회']"
10892,3층 서기실의 암호,태영호 지음,기파랑,2019,340.911 태64ㅅ,9788970000000,https://search1.kakaocdn.net/thumb/R120x174.q85/?fname=http%3A%2F%2Ft1.daumcdn.net%2Flbook%2Fimage%2F910550%3Ftimestamp%3D20250308113801,"3층 서기실은 북한 주민들도 잘 모르는 조직이다. 서기실이 어느 건물 3층에 있어서 붙여진 별칭이 아니라, 3층 규모의 건물 전체를 쓰고 있어 유래된 이름이다. 더 정확하게 말하며 김정은의 집무실이 있는 당 중앙 청사가 3층 규모인데, 이 청사에서 김정은의 사업을 가장 근접해서 보좌하는 부서를 3층 서기실이라고 한다. 3층 서기실은 기본적으로 김정일 김정은 부자를 신격화하고 세습 통치를 유지하기 위한 조직인 것이다. 전 영국 주재 북한공사 태영호의 증언 『3층 서기실의 암호』. 저자는 노예 상태에 빠져 있는 북한 주민을 해방시키고 한반도의 평화적 통일을 주도해야 할 책임이 한국에 있음을, 그 사실을 인지하지 못하는 한국인이 많다는 안타까움의 소산이라고 말한다. 더불어 대한민국의 국력이 가져온 회담의 성과를 김정은의 과감한 결단과 용단으로 돌렸던 것을 언급하며, 이 책으로 온 세계 사람들에게 북한의 정확한 실상을 보여줄 것이라 기대한다.","['사회과학', '통일/북한관계', '북한학 일반']"
10893,나의 투쟁,아돌프 히틀러 지음; 황성모 옮김,동서문화사,2018,340.99 히887ㄴ황-동서,9788950000000,https://search1.kakaocdn.net/thumb/R120x174.q85/?fname=http%3A%2F%2Ft1.daumcdn.net%2Flbook%2Fimage%2F617429%3Ftimestamp%3D20231011184336,"1923년 뮌헨 폭동은 미수에 그치고, 히틀러는 유죄판결을 받아 란츠베르크 교도소에 수감되었다. 그는 이 기간을 그냥 흘려보내지 않고 집필에 매진하여 많은 글을 써냈다. 이것이 『나의 투쟁(Mein Kampf Adolf Hitler)』이다. 히틀러는 이 책에 얼버무리거나 난해한 말로 달아나는 것이 아닌 공포정치의 프로그램, 인종차별과 전체주의의 수행 계획, 세계 정복의 야망까지 자신이 앞으로 실행하려는 것들 모두를 낱낱이 밝혀두었다. 제2차 세계대전을 일으켜 유럽 대륙을 전쟁 속에 몰아넣고, 숱한 이민족을 박해하여 아우슈비츠 등 여러 강제노동수용소에서 대량 학살을 저지른 히틀러의 근본사상을 이해하기 위해서는 나치스 운동의 바이블이었던 이 책을 읽어볼 필요가 있다. 물론 그 사상이 정상적이며 합리적이라 할 수 없지만 히틀러의 대중심리 통찰력은 아주 뛰어나며 여론조작에 대한 그의 견해 또한 주목할 가치가 있다. 한 사람의 독재자·선동가가 한 민족의 이성을 정복하고 세계지도를 바꾸어 놓은 광기의 십자군에 대중을 따르게 하는 데 성공했다는 사실은 중대한 사건이다. 그러므로 이 책을 20세기 최대 비극인 제2차 세계대전의 원인을 정확하고 깊게 이해하기 위한 중대한 자료로서 세심하게 살펴보아야 할 것이다.","['사회과학', '사회사상/사회사상사', '사회사상/사회사상사 일반']"
10894,카인의 후예,황순원 지음; 김종회 책임편집,문학과지성사,2017,813.6 황56ㅋ,8932016690,https://search1.kakaocdn.net/thumb/R120x174.q85/?fname=http%3A%2F%2Ft1.daumcdn.net%2Flbook%2Fimage%2F498527%3Ftimestamp%3D20230223142903,"일제말의 수탈과 분단의 슬픔에 이르기까지 민족적 비극과 싸워야 했던 한국인의 휴머니즘과 자유를 향한 결단을 담은 황순원 소설 『카인의 후예』 개정판. 1953년 9월부터 「문예」에 연재한 이 작품은 전란의 문제를 생명에의 외경과 인본주의적 의식을 통해 조명하고 있다. 해방 직후 북한에서의 토지 개혁과 지주 계급의 탄압에 관한 이야기, 그리고 지주 계급 출신 지식인 청년 박훈과 마름의 딸 오작녀 사이의 교감과 사랑 이야기를 그려나간다. 작가는 토지 개혁을 배경으로 숱한 인간관계의 파탈과 고통을 겪고 있는 북한 사회를 사실적으로 그려내었다. 황순원 자신의 가문을 바탕으로 특유의 절제되고 간결한 문장으로 서정적 이미지와 지적 세련의 분위기를 담아내고 있다.","['소설/시/희곡', '한국소설', '2000년대 이전 한국소설']"
10895,아가씨와 밤,기욤 뮈소 지음; 양영란 옮김,밝은세상,2018,863 뮈55ㅇ양 c.2,9788980000000,https://search1.kakaocdn.net/thumb/R120x174.q85/?fname=http%3A%2F%2Ft1.daumcdn.net%2Flbook%2Fimage%2F4807914%3Ftimestamp%3D20240502130739,"끊임없이 변신을 모색해온 작가 기욤 뮈소가 한국에서 15번째로 출간하는 장편소설 『아가씨와 밤』. 판타지, 로맨스, 스릴러가 복합적으로 가미된 소설을 써오다가 근래 들어 스릴러의 비중을 높인 저자가 선보이는 이번 소설은 판타지적인 요소는 없지만 흥미진진한 스토리와 강렬한 서스펜스로 기욤 뮈소 스릴러의 정점에 있는 작품으로 평가받는다. 1992년 12월, 코트다쥐르에 소재한 생텍쥐페리 국제고등학교 캠퍼스. 수십 년 만에 최고의 적설량을 기록한 폭설과 한파로 학교는 온통 꽁꽁 얼어붙었고, 기숙사와 관사에는 대입 시험을 준비하는 몇몇 학생과 미처 고향으로 떠나지 못한 교사들만이 남아 있을 뿐이다. 그 당시 학교에는 누구나 사귀고 싶어 하는 빙카와 철학 선생 알렉시가 서로 뜨거운 관계라는 소문이 나돌고 있다. 빙카를 다시는 만나지 못할 이상형이라 믿어온 토마는 실의에 빠져 공부에 집중할 수 없는 지경이다. 그날, 토마는 한동안 연락을 회피했던 빙카로부터 전화 연락을 받는다. 토마가 기숙사 방으로 가보니 몸이 불덩이처럼 뜨거운 빙카가 임신 키트를 보여준다. 빙카가 원하지 않은 임신을 하게 되었다는 사실을 알게 된 토마는 분노를 삭이지 못하고 교직원 관사로 알렉시 선생을 찾아가 무자비한 폭력을 가한다. 뒤늦게 가세한 토마의 친구 막심이 칼로 알렉시 선생을 찌르는 바람에 현장에서 사망하고, 학교의 체육관 건축공사를 맡고 있던 막심의 아버지 프란시스가 사체를 콘크리트에 섞어 벽속에 유기한다. 그 후, 25년 동안 그들이 저지른 범죄 행위는 아무도 모르는 비밀이었다. 다만 토마와 막심, 프란시스는 어두운 과거의 무거운 짐을 짊어지고 살아왔다. 2017년 봄, 생텍쥐페리고교는 개교 50주년을 맞아 ‘졸업생 홈 커밍 파티’를 개최한다. 작가가 되어 뉴욕에서 살아가던 토마는 코트다쥐르에 돌아와 25년 만에 고교 시절 절친이었던 막심, 파니, 스테판과 대면한다. 누군가 25년 전 은밀하게 숨긴 끔찍한 살인사건과 사체 유기에 대한 전모를 알고 있고, 토마와 막심은 최근 복수 위협을 받았다. 과연 25년 전 살인사건의 비밀을 알고 있는 사람은 누구인가? 그날 저녁 실종된 빙카는 살아있을까?","['소설/시/희곡', '프랑스소설']"
10896,사랑하는 습관,도리스 레싱 지음; 김승욱 옮김,문예출판사,2018,843 레58ㅅㄹ김,9788930000000,https://search1.kakaocdn.net/thumb/R120x174.q85/?fname=http%3A%2F%2Ft1.daumcdn.net%2Flbook%2Fimage%2F3750301%3Ftimestamp%3D20230219140717,"노벨문학상 수상작가 도리스 레싱의 단편소설을 모은 《사랑하는 습관》은 1994년에 출간된 《19호실로 가다(To Room Nineteen: Collected Stories Volume One)》에 실린 소설 20편 가운데 9편을 묶은 것으로, 한국에서는 모두 최초로 소개되는 단편들이다. 이 책에 담기지 않은 소설 11편은 2018년 7월 《19호실로 가다》라는 제목으로 출간되었다. 《사랑하는 습관》에 담긴 9편의 작품들은 제2차 세계대전이라는 비극적 사건을 경험한 유럽 대륙의 모습을 조망하며, 그 시대에서 벌어지는 개인적이고도 정치적인 사건을 섬세하지만 대담하게 포착하고 있다.","['소설/시/희곡', '영미소설']"
10897,스틸 미,조조 모예스 지음; 공경희 옮김,살림출판사,2019,843 모64ㅅ공,9788950000000,https://search1.kakaocdn.net/thumb/R120x174.q85/?fname=http%3A%2F%2Ft1.daumcdn.net%2Flbook%2Fimage%2F4865163%3Ftimestamp%3D20241213130548,"뉴욕타임스 베스트셀러 『미 비포 유』 시리즈 완결판 “『미 비포 유』 시리즈 중 최고의 작품!” 조조 모예스를 로맨스의 여왕으로 만든 《미 비포 유》의 완결편 『스틸 미』. 윌이 죽은 이후 루이자의 삶을 담은 《애프터 유》에 이어 이번 작품에서는 “뉴욕에 잘 왔어, 땅꼬마! 패션 감각이 그대로네.” 영국 시골 숙녀 루이자, 뉴욕에 가다 사지마비 환자가 된 남자를 하늘나라로 떠나보내야 했던 루이자 클라크. 이별 후 런던에서 두 번째 남자친구 샘과 함께 새 출발을 하는가 싶었는데 이번엔 지구 반대편 뉴욕으로 떠난다. 최상류층 집안에 어시스턴트로 고용되어 화려한 세계에 발을 들이지만 뉴욕 생활에 익숙해질수록 마음은 점점 혼란스럽고 하는 일은 심란하게 돌아간다. 장거리연애를 하게 된 샘과는 거리와 시차의 장벽 앞에 이별의 위기를 맞이하고, 고용주에게는 오해를 사 해고되고 마는데……. 졸지에 집 없는 홈리스 신세에 실직자가 되어버렸다! 한편, 뉴욕에서 우연히 알게 된 남자 조시는 윌을 닮았다. 자꾸만 윌을 생각나게 하는 조시는 루이자가 낯선 이국에서 유일하게 터놓고 이야기할 상대가 될 만큼 가까워진다. 기적처럼 나타난 남자 조시는 루이자의 세 번째 남자친구가 될 수 있을지……. 뉴욕에서 변화무쌍한 상황에 직면한 루이자는 과연 ‘진짜 나’와 나에게 맞는 ‘멋진 일’을 찾는 데 성공할 수 있을까? 있는 모습 그대로를 사랑해주는 사람을 만날 수 있을까?","['소설/시/희곡', '영미소설']"
10898,13일의 김남우. 3,김동식 지음,요다:한국출판마케팅연구소,2018,813.6 김25 v.3,9791200000000,https://search1.kakaocdn.net/thumb/R120x174.q85/?fname=http%3A%2F%2Ft1.daumcdn.net%2Flbook%2Fimage%2F1670769%3Ftimestamp%3D20240519112721,"김동식의 『13일의 김남우』. 그동안 없던 작가의 탄생! [오늘의 유머] 공포게시판에서 많은 이들의 호응을 얻었던 김동식의 소설집(전3권)이 출간되었다. 작가는 10년 동안 공장에서 노동하면서 머릿속으로 수없이 떠올렸던 이야기들을 거의 매일 게시판에 올렸다. 이 책은 그렇게 써내려간 300편의 짧은 소설 가운데 66편을 추려 묶은 것이다. 갑자기 펼쳐지는 기묘한 상황, 그에 대응하는 인간들의 행태는 우리가 예상치 못한 방향으로 전개되며 이야기에 빠져들게 한다. 농담처럼 가볍게 읽히지만, 한참동안 곱씹게 만드는 매력이 있는 작품들이다.","['소설/시/희곡', '한국소설', '2000년대 이후 한국소설']"
10899,세계의 절반 구하기,윌리엄 R. 이스털리 지음; 황규득 옮김,미지북스,2018,322.83 이57ㅅ황,9788990000000,https://search1.kakaocdn.net/thumb/R120x174.q85/?fname=http%3A%2F%2Ft1.daumcdn.net%2Flbook%2Fimage%2F1414418%3Ftimestamp%3D20221215215853,"『세계의 절반 구하기』는 뉴욕대학교 경제학과 이스털리 교수가 서구의 원조와 군사 개입이 가난한 나라를 더 가난하게 만드는 이유를 밝히고, 국제 원조에 대한 올바른 방향을 제시한 책이다. 저자는 서구의 막대한 원조에도 불구하고 좋은 성과를 내지 못한 이유는 국제 원조가 대부분 계획가들의 거대한 계획에 의해 이루어지기 때문이라고 주장한다. 정작 원조의 혜택을 받아야할 빈민들의 요구를 반영하지 못하고, 결과에 대한 피드백과 책임을 결여하고 있기 때문에 실제 결과는 대개 형편없거나 심지어 재앙으로 끝나는 경우가 많다는 것. 이에 해당 지역의 탐색가들의 활동을 도움으로써 자유 시장 안에서 개인과 기업의 역동성에 기초한 자생적 발전을 이룩할 수 있다고 말한다. 이 책은 개발도상국에 대한 외부적 개입의 가능성과 한계를 고려한 국제 원조의 유용성에 대해 날카롭게 분석한다.","['경제경영', '경제학/경제일반', '경제사/경제전망', '세계 경제사/경제전망']"
10900,"경제, 알아야 바꾼다",주진형 지음,메디치미디어,2018,320.04 주78ㄱ,9791160000000,https://search1.kakaocdn.net/thumb/R120x174.q85/?fname=http%3A%2F%2Ft1.daumcdn.net%2Flbook%2Fimage%2F1573268%3Ftimestamp%3D20240622112754,"퇴행하는 한국 경제의 모습에 많은 이들이 당황하고 있다. 경제성장률이 높았을 때는 국가와 대기업 주도, 관원 대리 체제의 모순이 잘 드러나지 않았지만 IMF 위기 이후 20년간 다시 성장을 꿈꾸며 방황한 결과는 이제 청년실업, 원청-하청 간 임금 격차, 저출산이다. 이제 우리는 성장만 앞세우느라 삶에서 중요한 것들을 지워냈던 과거에서 벗어나야 한다. 『경제, 알아야 바꾼다』의 저자 주진형은 진보 경제학자이자 CEO라는 독특한 이력의 소유자다. 그는 혼탁한 현실에 타협하지 않고 더 나은 길을 모색하고 실천해왔다. 이 책은 한국경제의 권력집중과 재벌 문제, 가진 자들을 대변하는 언론과 정당, 그들만의 세금 구조, 금융업계의 진실 등을 거침없이 드러내는 한편, 보통 사람들이 집값이나 국민연금, 세금 등에 갖는 왜곡된 시선도 교정한다.","['경제경영', '경제학/경제일반', '경제이야기']"
10901,"당신, 연암",간호윤 지음,푸른역사,2016,810.099 간95ㄷ,9788990000000,https://search1.kakaocdn.net/thumb/R120x174.q85/?fname=http%3A%2F%2Ft1.daumcdn.net%2Flbook%2Fimage%2F1417486%3Ftimestamp%3D20240419114651,"『당신, 연암』은 인간다운 세상을 꿈꾼 연암을 문장, 성정, 학문, 그리고 미래의 네 개 단어로 조명한 책이다. 입전인물의 일생에 비평을 곁들인 전기 형식으로 구성하였으며, 특히 연암과 동시대를 산 인물과 그의 후손을 포함한 11인의 필자를 내세워 인간 연암의 모습을 들여다보았다. 연암과 평생 등을 돌린 유한준, 문체반정으로 각을 세운 정조 등을 통해 조선 최고의 문장가로 남았던 연암의 ‘문장’을 따라잡았으며, 연암이 평생 사랑한 이씨 부인, 둘째 아들 박종채의 눈에 비친 ‘성정’에 대해 이야기한다. 또한 연암의 처남인 이재성과 호협한 제자인 무사 백동수, 평생지기 유언호를 통해 연암의 학문인 실학을 논하고, 인문학을 공부하는 저자의 입장에서 오늘날 연암 정신과 연암학이 필요한 이유를 살폈으며, 갑신정변으로 이어진 연암학의 미래를 조망하였다.","['역사', '조선사', '조선후기(영조~순종)']"
10902,문화인류학의 역사,"머윈 S. 가바리노 지음; 한경구, 임봉길 공옮김",일조각,2018,389 가42ㅁ한,9788930000000,https://search1.kakaocdn.net/thumb/R120x174.q85/?fname=http%3A%2F%2Ft1.daumcdn.net%2Flbook%2Fimage%2F512305%3Ftimestamp%3D20230329172059,"인류학적 자료와 개념 해석 등의 분야에 관심을 가지고 연구해온 머윈 S. 가바리노의 『문화인류학의 역사』. 인류학의 중요한 사상적ㆍ이론적 흐름을 간략하고 알기 쉽게 소개하는 것을 목적으로 저술된 것이다. 미국의 유수한 대학은 물론, 국내에서도 서울대학교와 강원대학교 인류학과 등에서 인류학상 강의의 교재로 사용되어왔다. 서양의 지성사에 대한 확고한 기초가 없어도 인류학 이론과 개념을 이해하기 쉽게 설명하고 있다. 특히 역사적 배경과 사상사적 의미를 설명하는 데 세심하게 배려한다.","['대학교재/전문서적', '인문계열', '고고학/인류학']"
10903,못다 핀 꽃,이경신 지음,Humanist(휴머니스트 출판그룹),2019,818 이14ㅁ,9791160000000,https://search1.kakaocdn.net/thumb/R120x174.q85/?fname=http%3A%2F%2Ft1.daumcdn.net%2Flbook%2Fimage%2F1598785%3Ftimestamp%3D20231201005228,"1993년부터 1997년까지 5년 동안 일본군 성노예제 피해자 할머니들과 함께했던 미술 수업 이야기를 담은 『못다 핀 꽃』. 할머니들의 첫 미술 선생이었던 저자가 할머니들과 함께했던 미술 수업 이야기를 들려준다. 아무것도 가진 것 없는 상처투성이의 할머니들이 고통을 딛고 새로운 삶에 도전하며 생을 마감할 때까지 열정을 불태웠던 순간을 전하고자 한다. 미대를 막 졸업했던 1993년 2월 중순, 일본군 성노예제 피해자 할머니들이 함께 모여 사는 나눔의 집을 찾은 저자는 자신이 가진 미술이라는 도구로 할머니들이 스스로 변화하는 계기를 만들었다. 할머니 학생들이나 미술 선생이나 초짜였던지라 느리지만 꾸준히 오랜 시간 미술 수업을 이어갔다. 초기 미술 수업은 특별한 목적 없이, 일상의 소소한 즐거움을 느끼기 위한 하나의 소일거리였다. 하지만 몇 년의 노력 끝에 할머니들은 그림을 그리는 데 마음을 붙이며, 당신들이 가슴속에 감춰두었던 상처에 조금씩 다가갈 수 있었다. 이 책에는 저자와 할머니들과의 서먹했던 첫 만남부터 난생 처음 붓을 잡아본 할머니들의 순탄치 않았던 그림 배우기 과정, 할머니들이 그림을 통해 자신들의 상처와 마주하고자 노력한 모습들이 차분하고 담담하게 기록되어 있다.","['역사', '한국근현대사', '일제치하/항일시대']"
10904,유럽의 형성,크리스토퍼 도슨 지음; 김석희 옮김,한길사,2011,920.3 도57ㅇ김,9788940000000,https://search1.kakaocdn.net/thumb/R120x174.q85/?fname=http%3A%2F%2Ft1.daumcdn.net%2Flbook%2Fimage%2F526163%3Ftimestamp%3D20221025130220,"유럽통합체의 기원을 찾아서『유럽의 형성』. 20세기 영미권 최고의 카톨릭 사학자로 평가받고 있는 저자 크리스토퍼 도슨이 4세기에서 11세기까지의 유럽 문명을 살펴보면서 유럽이 하나의 통합체로 형성되는 배경과 그 과정을 추적하였다. 혈족사회를 중심으로 한 무자비한 야만족 전통부터 동방의 영향을 받아 끊임없이 서방세계와 충돌했던 비잔티움 제국, 동방 정신의 정수를 보여준 이슬람 세력의 등장까지, 각 전통이 만들어진 역사와 다채로운 문명사적 흐름을 세세하게 묘사하였다. 특히 국내에서 접하기 힘든 고문헌 사료를 풍부하게 실고, 원서에 없는 화보와 도판 60 컷을 추가하여 역사의 현장감을 생생하게 느낄 수 있다.","['역사', '서양사', '서양사일반']"
10905,시험국민의 탄생,이경숙 지음,푸른역사,2018,370.911 이14ㅅ,9791160000000,https://search1.kakaocdn.net/thumb/R120x174.q85/?fname=http%3A%2F%2Ft1.daumcdn.net%2Flbook%2Fimage%2F1561534%3Ftimestamp%3D20231031162632,"『시험국민의 탄생』은 우리는 왜 시험에 집착하는지를 묻는다. 역사적으로 어떻게 우리 사회가 시험을 치러왔으며, 왜 시험이 아니면 안 된다고 생각했는지 살핀다. 이와 함께 사회적으로는 시험이 능력주의 이데올로기와 결탁한 서열화 장치가 되어 모두를 백척간두로 내몰고, 우리들은 각자 인정받기 위해 시험이라는 기계에 매달리는 모습을 짚는다.","['역사', '한국사 일반']"
10906,스피치 세계사,앤드루 버넷 엮음; 정미나 옮김,Humanist(휴머니스트 출판그룹),2018,909 버194ㅅ정,9791160000000,https://search1.kakaocdn.net/thumb/R120x174.q85/?fname=http%3A%2F%2Ft1.daumcdn.net%2Flbook%2Fimage%2F1597547%3Ftimestamp%3D20220803202438,"‘말’보다는 ‘행동’이 실력인 우리 사회에서 말이 가진 힘은 얼마나 될까? 국가 수장인 대통령의 연설이라 해도 준비된 연설문을 그저 줄줄이 읽어 내려가는 의례 행사쯤으로 여겨지고, 각종 행사에서 높으신 분들의 연설 말씀은 꾸벅꾸벅 잠 폭탄을 유발하기 일쑤다. 폭력이 논리를 짓밟던 시대, 그러므로 설득이 불가능했던 시간을 지나오면서 그동안 우리 사회에서는 말이 힘을 갖지 못했다. 그러나 사회 분위기의 변화와 함께 스티브 잡스, 버락 오바마 등의 스피치가 관심을 끌고 우리 사회에서도 새 대통령 선출과 함께 메시지 정치도 살아나 공적인 말하기에 관심을 갖는 사람들이 많아지고 있다. 세계사 전체를 놓고 보면, 특히나 개인과 대중이라는 주체가 탄생하고 광장이 열린 현대에, 스피치는 역사의 갈림길에서 사람들을 움직이는 임무를 맡아 오늘날의 세계를 지금 이 모습으로 만들었다. 여기 말로써 대중의 마음을 움직이고 역사를 이끈 사람들이 있다. 이들은 세계 대전, 냉전, 테러의 시대를 지나오면서 스피치를 통해 반전, 독립, 인종차별, 성차별, 에이즈 등 다양한 의제에 힘을 발휘하려 했다. 현대 세계를 만든 50편의 연설문을 골라 뽑은 《스피치 세계사》는 연설자와 연설 상황에 대한 정보를 보태어 세계사적 맥락에서 연설을 볼 수 있도록 했다. 청중의 반응을 덧붙여 연설 현장의 맨 앞자리에 앉은 듯한 기분을 느낄 수 있다.","['역사', '세계사 일반']"
10907,강남의 탄생,"한종수, 강희용 공지음",미지북스,2018,539.709116 한75ㄱ,9788990000000,https://search1.kakaocdn.net/thumb/R120x174.q85/?fname=http%3A%2F%2Ft1.daumcdn.net%2Flbook%2Fimage%2F1413357%3Ftimestamp%3D20241116114255,"1960년대 서울은 전국에서 몰려든 사람들로 포화 상태였다. 휴전선에서 불과 40킬로미터밖에 떨어지지 않은 강북에 지나치게 많은 인구와 중요 시설이 집중되는 형세가 되어버리자 각종 도시 문제는 물론, 심각한 안보 문제가 대두되었다. 박정희 정권은 서울의 도심 기능을 분산시켜 안보상의 부담을 줄이기로 결정했다. 결국 박정희 정권은 한강 남쪽, 강남으로 눈을 돌렸다. 경기고, 숙명여고 등 이른바 강북의 명문 학교와 대법원, 검찰청, 국정원 등 국가기관이 옮겨 갔고 각종 특혜가 퍼부어졌다. 그렇게 불과 10여 년 만에 미개발 불모지였던 강남은 완벽한 현대 도시로 탈바꿈했다. 그런 의미에서 강남에는 한국 현대사를 관통했던 꿈틀대는 힘과 욕망이 고스란히 담겼다. 『강남의 탄생』에서 숨 가쁘게 달려온 강남 개발의 역사를 따라가 보자.","['역사', '한국근현대사', '한국전쟁 이후~현재']"
10908,역사 속 장애인은 어떻게 살았을까,정창권 지음,글항아리,2016,338.3 정82ㅇ,9788990000000,https://search1.kakaocdn.net/thumb/R120x174.q85/?fname=http%3A%2F%2Ft1.daumcdn.net%2Flbook%2Fimage%2F1406984%3Ftimestamp%3D20221011091457,"사료와 함께 읽는 장애인사『역사 속 장애인은 어떻게 살았을까』. 고려대학교 교양교직부 교수로 재직 중이며, 역사 속의 여성, 장애인, 노숙인 등 사회적 약자층을 연구해온 저자 정창권 교수가 사료를 바탕으로 장애인의 2000년 역사를 재조명하였다. 고대 삼국에서 통일신라, 고려, 조선조 말기까지의 역사를 다루었으며, 역사와 문학, 회화, 음악, 법률, 풍속 등에 나타난 관련 기록의 원문과 번역문을 제시하고 해제를 달아 이해를 도왔다. 질병, 전염병, 생활사고, 전쟁, 형벌 등으로 장애를 얻었지만 일반인들과 스스럼없이 어울리며 폭넓은 사회생활을 했던 당시 장애인의 모습을 통해, 전근대 시대에 장애란 어떤 의미였으며, 그들의 삶은 어떠했는지 그리고 장애인 복지정책과 단체는 어떤 것들이 있었는지 살펴보았다. 장애를 가진 관료와 왕족, 유명인, 예술가에 관한 인생사도 수록하여 흥미를 더하였다. 이들의 파란만장한 인생이야기를 통해, 장애인 역사에 대한 지식과 더불어 장애인을 바라보는 새로운 시각을 가질 수 있을 것이다.","['역사', '한국사 일반']"
10909,역사는 식탁에서 이루어진다,마리옹 고드프루아;자비에 덱토 공지음; 뤼실 클레르 그림; 강현정 옮김,Citron macaron(시트롱마카롱),2018,594.019 고27ㅇ강,9791200000000,https://search1.kakaocdn.net/thumb/R120x174.q85/?fname=http%3A%2F%2Ft1.daumcdn.net%2Flbook%2Fimage%2F4366707%3Ftimestamp%3D20240404131258,"역사적 순간을 빛내거나 망쳐버린 50가지 요리를 선정해 보여주는 『역사는 식탁에서 이루어진다』. 국립과학연구센터 연구원 마리옹 고드프루아와 루브르 랑스 박물관 수석 학예사 자비에 덕토가 프랑스 전역을 샅샅이 뒤지고 방대한 장서를 갖춘 뉴욕 도서관과 워싱턴 의회 도서관의 문헌까지 꼼꼼히 살펴 수집한 자료들을 분리하고 정리해 미식 논평이나 흥미로운 해석의 근거가 있는 요리에 주목해 우리에게 정리해 보여준다. 타이타닉호의 바닐라 에클레어에서부터 엘비스 플레슬리의 미모사 에그까지, 기아나를 방문한 자크 시라크 프랑스 총리를 대접한 이구아나 요리에서부터 프랑스를 방문한 시진핑 중국 국가주석을 대접한 개구리 뒷다리 요리에 이르기까지 서기 25년부터 오늘날에 이르기까지 2000년 세계사에서 중요한 순간들을 함께한 요리와 그 배경을 만나볼 수 있다. 더불어 직접 음식을 만들어볼 수 있도록 50개의 레시피를 함께 담았다.","['역사', '세계사 일반']"
10910,음악철학,웨인 D. 보먼 지음; 서원주 옮김,까치글방,2012,670.1 보34ㅇ서,9788970000000,https://search1.kakaocdn.net/thumb/R120x174.q85/?fname=http%3A%2F%2Ft1.daumcdn.net%2Flbook%2Fimage%2F1011204%3Ftimestamp%3D20250208113621,"캐나다 브랜든 대학교 음악과 교수 웨인 D. 보먼의『음악철학』은 음악철학에 대한 오리엔테이션을 제공하기 위해 쓰인 책이다. ‘음악이란 무엇인가? 그리고 음악의 본성과 가치는 무엇인가?’라는 질문에 대한 답을 광범위한 음악철학 사상을 살펴보면서 모색하고 있다. 플라톤, 아리스토텔레스, 칸트, 헤겔, 한슬릭, 거니, 랭어, 메를로-퐁티, 나티에, 아도르노, 아탈리, 괴트너-아벤드로스 등 여러 철학자들의 음악에 대한 관점이 한 권에 담겨 있다. 이는 과거에 무엇이 음악이었는지에 대한 철학들의 견해를 제공할 뿐만 아니라 오늘날 무엇이 음악인지, 나아가 앞으로 무엇이 음악일지에 대한 독자들의 이해를 넓혀준다.","['인문학', '철학 일반', '교양 철학']"
10911,세상에서 가장 약한 요괴. 2,김동식 지음,요다,2019,813.6 김25 v.2,9791200000000,https://search1.kakaocdn.net/thumb/R120x174.q85/?fname=http%3A%2F%2Ft1.daumcdn.net%2Flbook%2Fimage%2F1668093%3Ftimestamp%3D20240520120151,"김동식의 『세상에서 가장 약한 요괴』. 그동안 없던 작가의 탄생! [오늘의 유머] 공포게시판에서 많은 이들의 호응을 얻었던 김동식의 소설집(전3권)이 출간되었다. 작가는 10년 동안 공장에서 노동하면서 머릿속으로 수없이 떠올렸던 이야기들을 거의 매일 게시판에 올렸다. 이 책은 그렇게 써내려간 300편의 짧은 소설 가운데 66편을 추려 묶은 것이다. 갑자기 펼쳐지는 기묘한 상황, 그에 대응하는 인간들의 행태는 우리가 예상치 못한 방향으로 전개되며 이야기에 빠져들게 한다. 농담처럼 가볍게 읽히지만, 한참동안 곱씹게 만드는 매력이 있는 작품들이다.","['소설/시/희곡', '한국소설', '2000년대 이후 한국소설']"
10912,귀신나방,장용민 지음,엘릭시르:문학동네,2018,813.6 장65ㄱㅅ,9788950000000,https://search1.kakaocdn.net/thumb/R120x174.q85/?fname=http%3A%2F%2Ft1.daumcdn.net%2Flbook%2Fimage%2F3750985%3Ftimestamp%3D20221011180424,2013년 《궁극의 아이》로 한국 장르소설계에 돌풍을 일으켰던 작가 장용민의 서스펜스 소설 『귀신나방』. 《불로의 인형》 이후 4년이라는 휴지기를 깨고 펴낸 이번 작품은 1960년대 뉴욕을 배경으로 오토 바우만이라는 남자가 사상 최악의 악마를 쫓는 과정을 박진감 넘치게 그리고 있다. 브로드웨이의 한 뮤지컬 극장에서 오토 바우만이라는 자가 열일곱 살 소년을 살해한다. 소년은 좋은 부모에게 좋은 교육을 받은 흠잡을 것 없던 아이. 소년과 살인범은 아무 관계없는 사이로 경찰은 전혀 살해 동기를 찾지 못한다. 하지만 수백 명이나 되는 목격자 앞에서 소년을 죽인 오토 바우만은 사형을 선고받고 죽을 날만 기다리는 처지가 된다. 사형 집행일을 사흘 앞둔 날 그는 갑자기 특별 면회 요청을 하게 된다. 상대는 과거 전도유망했던 기자 크리스틴. 절필한 뒤 세상을 등지고 살고 있던 크리스틴은 그에게 아무런 관심도 보이지 않았지만 도무지 믿을 수 없는 이야기를 듣고 조금씩 귀를 열게 된다. 오토 바우만이 이야기하는 자는 ‘아디’라 불리는 자였다. 2차세계대전 당시부터 ‘아디헌터’로 활동하며 수십 년간 그의 뒤를 쫓던 바우만은 마지막으로 크리스틴에게 자신이 이제까지 겪은 이야기를 하나둘 풀어놓는데…….,"['소설/시/희곡', '한국소설', '2000년대 이후 한국소설']"
10913,(정글을 헤매는 행복)열대예찬,최재천 지음,현대문학,2011,470.4 최73ㅇ,9788970000000,https://search1.kakaocdn.net/thumb/R120x174.q85/?fname=http%3A%2F%2Ft1.daumcdn.net%2Flbook%2Fimage%2F1005508%3Ftimestamp%3D20240827113337,"시인의 마음을 간직한 생물학자 최재천의 에세이 『열대예찬』. 이 책은 코스타리카와 파나마 등 열대의 정글에서 저자가 관찰한 생물과 자연현상에 관한 이야기를 담고 있다. 더불어 저자의 성장과정과 자연현상 속에서 찾은 인간의 모습을 이야기하고 있다. 타잔 영화를 끔찍이도 좋아하던 저자는 1984년 여름 중미의 스위스라고 불리는 나라 코스타리카에서 열대를 처음 마주한다. 낮이고 밤이고 잠을 잊을 채 잎꾼개미들을 따라다니다 정글에서 길을 잃어버리기도 하고, 나무에 올라타 나무껍질과 목질 사이를 벌리며 민벌레라 불리는 작은 곤충을 관찰하다가 몸길이가 무려 3미터에 이르는 살무사, 부시매스터를 코앞에서 마주하기도 한다. 이렇게 정글을 누비며 마주한 박쥐, 나무늘보 등 다양한 동물들의 이야기와 함께 자연의 순수성을 말하고 있다.","['과학', '생명과학', '생물학']"
10914,화가는 무엇으로 그리는가,이소영 지음,모요사,2019,609.2 이55ㅎ,9789000000000,https://search1.kakaocdn.net/thumb/R120x174.q85/?fname=http%3A%2F%2Ft1.daumcdn.net%2Flbook%2Fimage%2F1476040%3Ftimestamp%3D20221108005938,"화가들은 모두 ‘얼리어답터’였다. 그들은 당대의 최신 도구와 재료를 사용하는 데 누구보다 앞섰다. 마치 연금술사가 액체(수은)를 빛나는 고체(금)로 바꾸기 위해 분투한 것처럼, 그들은 금속과 암석, 심지어 벌레 같은 생명체를 달걀과 기름에 섞어 액체(물감)로 만들려고 애썼다. 남들이 알아주지 않는 일에 미친 듯이 몰두하는 이 괴짜 얼리어답터들이 있었기에 미술의 역사는 새로워졌다. 곰브리치로 대변되는 서양 미술의 역사는 완성된 미술 작품과 화가의 작품 활동을 다루지만, 화가들이 어떻게 그림을 그렸는지, 무엇으로 그렸는지는 자세히 알려주지 않는다. 하지만 템페라와 유화 물감, 캔버스와 종이라고 씌어 있는 간단한 작품 캡션에는 그 시대의 과학과 기술의 결정체가 숨어 있다. 이 책은 미술 작품과 화가 그 둘 사이에서, 그들이 사용한 도구와 재료를 통해 작품이 만들어지는 과정에 주목했다. 그러므로 이 책은 작품보다 작품의 캡션 뒤에 숨은 미술의 역사를 탐구한다고 할 수 있다. 『회화란 무엇인가』를 쓴 제임스 엘킨스는 “연금술의 언어로 그림을 읽어보라”고 권한다. 은유와 상징으로 가득한 관념적인 용어를 걷어내고 나면 작품에 어린 냄새와 온도, 통제되지 않는 것을 통제하기 위해 벌였던 지독한 투쟁까지 읽을 수 있다고. 이 책은 바로 그와 같은 시도로 탄생했다.","['예술/대중문화', '미술', '미술사']"
10915,음악의 이해,이강숙 지음,민음사,2014,670 이12ㅇ-2,9788940000000,https://search1.kakaocdn.net/thumb/R120x174.q85/?fname=http%3A%2F%2Ft1.daumcdn.net%2Flbook%2Fimage%2F539671%3Ftimestamp%3D20250221113207,「음악의 이해」. 클래식 초보자가 음악의 본질에 다가갈 수 있도록 이끄는 음악 입문서. 이 책은 음악과 인간 존재의 원초적 관계를 설명하기 위한 책이다. 음아에의 상투적 이해보다 본질적 이해를 도모하기 위해서 음악의 본질을 본유 개념적 차원과 관습 개념적 차원에서 조명하려고 노력하였다. [양장본],"['예술/대중문화', '음악', '음악이론/음악사']"
10916,서양미술사,A. N. 호지 지음; 서영희 옮김,미진사,2015,609.2 호78ㅅ서,9788940000000,https://search1.kakaocdn.net/thumb/R120x174.q85/?fname=http%3A%2F%2Ft1.daumcdn.net%2Flbook%2Fimage%2F970031%3Ftimestamp%3D20250108114105,"세계에서 가장 잘 팔리는 미술서, 19개 언어로 번역되어 전 세계적으로 800만부 이상 판매된 책, 선물하기 좋은 책, 선물 받은 사람들이 실제로 읽는 책, 당신의 삶을 바꿀 책, 모든 것이 담겨 있는 최고의 인문학 서적……. 책의 긴 역사만큼이나 많은 이들이 곰브리치의 《서양미술사》를 읽고 다양한 찬사를 쏟아냈다. 그 모든 말들이 이 책을 관통하는 결정적인 말이지만, 그중에서도 하나만 고르라면 ‘서양미술사 개론의 필독서’라는 말을 고를 것이다. 진리에 가까우면 가까울수록 그 진리를 표현하는 말은 보편적이고 평범할 수밖에 없기 때문이다. 곰브리치의 《서양미술사》는 서양미술을 알기 위해 반드시 거치는 책이다. 미술이라는 분야에 처음 입문하여 약간의 이론적 훈련이 필요한 사람들에게 최적이기 때문이다. 선사시대 동굴벽화부터 실험적인 현대 미술에 이르기까지 모든 주제를 다루고 있고, 미술사를 통틀어 위대하고 뛰어난 작품들을 각 페이지마다 시대와 양식, 작품명, 작가명과 함께 알기 쉽게 정리하여, 서양미술의 질서 체계를 파악하도록 돕는다. 그 방대한 역사를 한권에 담아 오랫동안 읽히는 것, 오로지 곰브리치의 《서양미술사》만이 가능한 일이다. ‘미술(Art)이라는 것은 존재하지 않는다. 다만 미술가들이 있을 뿐이다.’ 《서양미술사》 서문의 첫 문장이다. 책을 펴면 도판이 눈에 먼저 들어오지만, 글을 읽다 보면 사람이 느껴진다. 미술가가 왜 그렸는지, 그리기 위해 어떤 고민을 했는지, 그림 속 대상과 미술가의 관계 등을 읽고 생각하다 보면 다시 그림이 보인다. 평이한 말로 풀어간 사람 이야기가 결국 미술 이야기, 미술의 역사가 곧 사람의 역사가 되었다. 이 흐름을 따라 가다 보면 책을, 미술을, 예술을, 삶을 놓을 수가 없다. 앞으로의 역사에서도 곰브리치의 《서양미술사》가 늘 곁에 있을 것임을 믿는 이유이다. “미술의 모든 역사는 기술적인 숙련에 관한 진보의 이야기가 아니라, 변화하는 생각과 요구에 대한 것이다.” - E. H. 곰브리치","['예술/대중문화', '미술', '미술사']"
10917,예술철학,"시릴 모라나, 에릭 우댕 공지음; 한의정 옮김",미술문화,2017,600.1 모292ㅇ한,9788990000000,https://search1.kakaocdn.net/thumb/R120x174.q85/?fname=http%3A%2F%2Ft1.daumcdn.net%2Flbook%2Fimage%2F1364016%3Ftimestamp%3D20250327113243,"서양철학 대가 12인의 사상을 집대성한 예술철학의 정수를 소개하는 『예술철학』. 미학을 탐구의 대상으로 여긴 최초의 철학자 플라톤에서 예술을 통해 인간을 억압하는 권력에 대항한 들뢰즈까지, 약 삼천 년의 서구사상을 지배해온 거장들의 예술과 아름다움에 관한 생각을 압축한 책이다. 미학은 각 철학자들이 집대성한 형이상학과 긴밀하게 연관되며, 각 철학자들의 미학 이론을 형이상학 이론과 연동시킴으로써 미학사와 서양철학사의 그림을 동시에 보여준다. 회화와 조각, 영화, 음악 등 다양한 예술매체를 아울러 예술을 프리즘으로 흥미진진하게 미학에 대한 이야기를 펼쳐 보이는 책이다.","['예술/대중문화', '예술/대중문화의 이해', '미학/예술이론']"
10918,(청소년을 위한)의학 에세이,서민 지음,해냄출판사,2018,510 서38ㅇ,9788970000000,https://search1.kakaocdn.net/thumb/R120x174.q85/?fname=http%3A%2F%2Ft1.daumcdn.net%2Flbook%2Fimage%2F920670%3Ftimestamp%3D20231026161033,"기생충학의 대중화에 공헌한 서민 단국대 의과대학 교수가 19세기부터 21세기까지 의학 발전에 결정적인 역할을 한 과학자 24인의 삶과 업적을 담은 『청소년을 위한 의학 에세이』를 출간한다. 《고교독서평설》에 2년간 연재한 원고를 모아 다듬고 노벨상 수상 과학자 5인의 이야기 등을 추가 집필해 정리한 책으로, 청소년들이 의학적 발견에 대한 배경지식을 쌓고 끈기와 도전 의식을 배울 수 있도록 구성했다. 저자는 350번이나 같은 실험을 반복한 끝에 효과적인 살충제를 만드는 데 성공한 파울 뮐러, 새로 발견한 기생충의 증상을 알기 위해 기생충을 직접 먹어 본 엄기선 등 과학자들의 피땀 어린 노력이 위대한 발견 뒤에 숨어 있었음을 소개한다.","['청소년', '청소년 수학/과학']"
10919,천문학이 밥 먹여 주니,조승현 글,ASTROCAMP(아스트로캠프),2019,440.99 조57ㅊ,9791200000000,https://search1.kakaocdn.net/thumb/R120x174.q85/?fname=http%3A%2F%2Ft1.daumcdn.net%2Flbook%2Fimage%2F4860643%3Ftimestamp%3D20240806125550,"“천문학 그거 얼마나 알아주겠어?” “거기 나오면 뭐 취업이나 된대?” 어린이천문대 쪼쪼샘의 유쾌한 별별 에세이 별과 우주를 통해 아이들에게 꿈의 씨앗을 심어주는 현직 어린이천문대 교사인 저자가 천문학에 뜻을 두고도 별과 함께 사는 일이 행복보다 외로움이 더 크진 않을까 고민하는 이들을 위한 기록이자, 밤하늘 아래에서 사는 일이 얼마나 설레는 일인지에 관한 흔적이다. 별빛 아래의 삶을 조금이나마 엿볼 수 있길 바란다.","['에세이', '한국에세이']"
10920,운다고 달라지는 일은 아무것도 없겠지만,박준 지음,난다,2019,814.6 박76ㅇ,9791200000000,https://search1.kakaocdn.net/thumb/R120x174.q85/?fname=http%3A%2F%2Ft1.daumcdn.net%2Flbook%2Fimage%2F1662507%3Ftimestamp%3D20250109113334,"“우리는 모두 고아가 되고 있거나 이미 고아입니다. 운다고 달라지는 일은 아무 것도 없겠지만 그래도 같이 울면 덜 창피하고 조금 힘도 되고 그러겠습니다.” * 그냥 옆에 있는 책. 마냥 곁이 되는 책. 가끔 사는 게 힘들지? 낯설지? 위로하는 듯 알은척을 하다가도 무심한 듯 아무 말 없이 도다리 쑥국이나 먹자, 심드렁히 말해버리는 책.","['에세이', '한국에세이']"
10921,간호사를 부탁해,정인희 지음; 고고핑크 그림,원더박스,2018,512.804 정68ㄱ,9789000000000,https://search1.kakaocdn.net/thumb/R120x174.q85/?fname=http%3A%2F%2Ft1.daumcdn.net%2Flbook%2Fimage%2F1502654%3Ftimestamp%3D20230517143626,"‘나’는 특별하지 않지만 ‘우리’는 특별하다고 말하는 간호사의 에세이 《간호사를 부탁해》가 출간되었다. 어릴 때부터 누군가를 돕는 일이 마냥 행복했던 것도 아니고, 단지 취업이 잘될 것 같아서 간호학과를 선택했던, 특별한 사명감이나 책임감 없이 어느 날 ‘갑자기’ 종합병원에서 간호사로 일하게 된 저자. 그러나 지난 10년간 병원이라는 정글, 그중에서도 사람의 생과 사를 가르는 가장 치열한 현장인 수술실에서 대부분의 시간을 보내면서 사람에 대한 애정과 연민을 느끼게 되었고, 평범한 하루하루의 삶이 얼마나 큰 행복이고 축복인지를 깨닫게 되었다. 그리고 그 치열한 현장 한가운데서 종횡무진 활약하는 간호사에 대한 무한한 애정과 자부심을 갖기에 이르렀다. 저자는 말한다. 이 책은 쓴 이유는 딱 하나, 간호사들이 좀 더 행복하게 일했으면 한다는 것이다. 간호사라는 직업은 힘들지만 보람이 있고 존경받을 만하다. 인간이 신체적 정신적으로 가장 약해져 있는 순간에, 누군가의 도움이 절실히 필요할 때, 가족에게도 자신의 약해진 모습을 보여주고 싶지 않을 때 그 곁에서 실질적인 힘이 되어주기 때문이다. 따라서 남들이 인정해주기 전에 스스로를 존중하고 사랑하며, 그 가치를 알았으면 좋겠다고 말한다. 일할 때는 냉철하게, 하지만 마음은 그 누구보다 따뜻한 수술실 간호사의 한국에서 호주로 나라를 뛰어넘은 좌충우돌 병원 이야기가 펼쳐진다. 한국 병원에서 3년 1개월, 호주 병원에서 7년 절망 속에서 희망을 보다 요즘 간호사의 증원과 관련하여 처우 문제가 다시 부각되고 있다. 한쪽에서는 간호사의 수가 절대적으로 부족하니 더 늘리자고 주장하고, 다른 쪽에서는 간호사는 충분히 많은데 근무 조건 등이 열악하여 이직률이 높고 유휴 인력을 제대로 활용하지 못하고 있으니 이를 바로잡아 보자고 말한다. 모두 맞는 말이다. 간호사의 사명감이나 책임감과는 별개로 근무 조건이 열악한 것은 어제오늘의 일이 아니다. 한 예로 간호사 한 명이 돌봐야 할 환자가 19.5명(2016년 기준)으로 일본의 7명, 미국이나 호주의 4~5명에 비해 월등히 많다. 게다가 3교대 근무와 잦은 초과 근무, 영역을 넘나드는 간호 업무, 점심시간도 따로 없는 근무 환경, 일과 육아의 병행 등 간호사를 힘들 게 아는 외부적 요소가 많다. 그뿐인가. 병원 내부의 문제도 간과할 수 없다. 군대 못지않게 빡빡한 선후배 관계와 태움 문화, 뒷담화 등 여느 조직 사회에 있음직한 다양한 문제들이 더욱 강고하게 자리 잡고 있기도 하다. 저자는 한국 병원에서 3년 1개월, 호주 로열 퍼스 병원에서 7년 넘게 일하면서 한국과 호주의 간호계를 두루 경험해본 사람으로서 솔직하게 그 내부를 들여다본다. 또한 신규 간호사 시절 직접 선배로부터 태움을 당해본 사람으로서, 그것을 계기로 외국 간호사에 도전하기로 마음먹은 사람으로서 그럴 때 어떻게 마음을 챙기고 대처해야 하는지 등을 알려준다. 외부자가 아닌 내부자의 시선...으로 간호사들의 실제 생활과 진짜 수술실의 모습, 그리고 방송이나 미디어에서 수술실 간호사의 이미지를 어떻게 왜곡하는지 등을 다룬다.","['에세이', '한국에세이']"
10922,상냥한 수업,하이타니겐지로 지음; 햇살과나무꾼 옮김,양철북출판사,2018,370.4 하68ㅅ햇,9788960000000,https://search1.kakaocdn.net/thumb/R120x174.q85/?fname=http%3A%2F%2Ft1.daumcdn.net%2Flbook%2Fimage%2F3751594%3Ftimestamp%3D20230901155438,"사람은 사람들 사이에서 기뻐하고 고민하고 고통이 있으면 대응하기도 하면서 성장해간다. 이 책은 하이타니 겐지로가 아이들 사이에서 교사로서, 한 인간으로서 관계를 맺으며 아이들에게 배운 것들을 풀어놓은 책이다. 아이들을 어떻게 만났는지 구체적으로 보여 주는 책이자, 아이들을 통해 스스로를 돌아보고 좀 더 인간다운 인간이 되고자 했던 성찰과 변화의 이야기이기도 하다. 배워야 하는 것은 아이들만이 아니다. 배움을 통해 아이는 그 무한한 가능성을 끄집어내고, 교사와 어른 또한 변화하며 인간으로서 성장해간다. 서로에게 배우며 인간으로서 중요한 것이 무엇인가를 같이 고민하는 것, 생명 하나하나가 모두 행복하도록 고민하는 것, 우리가 평생 힘을 쏟아야 하는 공부, 교육이란 그런 것이 아닐까? 하이타니 겐지로가 전하는 열두 개의 이야기가 아이들의 미래와 교육을 고민하는 사람들뿐만 아니라 좀 더 인간다운 인간으로 살기 위해 고민하는 사람들에게도 특별한 수업이 되어 줄 것이다. NHK(일본방송협회) 〈인간대학〉이라는 프로그램에서 ‘아이들에게 배운다’는 주제로 기획, 방영되었던 하이타니 겐지로 12부작을 바탕으로 다시 쓴 책이며, 하이타니 겐지로 한국 강연을 정리하여 함께 실었다.","['에세이', '외국에세이']"
10923,나의 첫 소년,손택수 지음,창비교육,2017,811.6 손883ㄴ,9791190000000,https://search1.kakaocdn.net/thumb/R120x174.q85/?fname=http%3A%2F%2Ft1.daumcdn.net%2Flbook%2Fimage%2F1631248%3Ftimestamp%3D20250403113624,"『나의 첫 소년』은 《호랑이 발자국》, 《목련 전차》 등으로 우리에게 친근한 손택수 시인의 첫 청소년시집이다. 이 시집은 손택수 시인만의 감성으로 우리가 평생 가슴에 품고 살아야 할 ‘질문’이 무엇인지 묻는다. 그는 아무짝에도 쓸모없는 질문이 머릿속에서 콸콸거리던 자신의 소년 시절을 출발점 삼아 청소년들에게 ‘지금’, ‘자신의 노래’가 무엇인지를 들여다보자고 손을 내민다.","['청소년', '청소년 문학', '청소년 에세이/시']"
10924,모모요는 아직 아흔살,무레요코 지음; 권남희 옮김,이봄,2018,838 무294ㅁ권,9791190000000,https://search1.kakaocdn.net/thumb/R120x174.q85/?fname=http%3A%2F%2Ft1.daumcdn.net%2Flbook%2Fimage%2F1648168%3Ftimestamp%3D20221107233943,"《카모메 식당》으로 잘 알려진 작가 무레 요코가 포착해낸 1900년생 외할머니 모모요의 일상을 담은 『모모요는 아직 아흔살』. 서양문물에 익숙한 세대이며, 고등교육을 받았고, 전쟁을 경험했고, 아내와 엄마로서의 일을 끝낸 뒤에는 한 개인으로서 25년 동안 일을 손에 놓지 않았던 자존감 있는 여성, 모모요. 저자는 딸이 아닌 손녀라는 위치를 통해 획득한 객관성을 바탕으로 모모요라는 한 개인의 평전을 완성해냈다. 이 책의 1장은 90살의 모모요가 도쿄에 홀로 올라와 딸의 집에 머물며 다섯 가지 버킷리스트를 이뤄가는 과정이 묘사되어 있다. 2장은 모모요가 자신의 집에서 일상을 어떻게 보내고, 사람들과는 어떤 관계를 맺고 있는지 아주 디테일하게 보여주고, 3장에서는 모모요의 어린 시절부터 그녀가 도쿄 여행을 감행하기 이전까지를 다루며 저자가 자신의 할머니를 단순히 재미있는 캐릭터라서 글로 옮긴 것이 아님을 보여준다. 호텔에서 혼자 자기, 우에노 동물원에 가서 판다 보기, 도쿄 돔 견학, 도쿄 디즈니랜드에서 놀기, 할머니의 하라주쿠에서 쇼핑하기. ‘할머니의 하라주쿠’라는 리스트가 아니었다면, 10대나 20대의 버킷리스트라고 여길 법한 내용들로 가득한 모모요의 버킷 리스트에는 자신이 젊은 시절에는 경험하지 못했던, 새로 등장한 여행의 형태가 고스란히 담겨 있다. 예를 들어, ‘도쿄 돔 견학’은 시골 노인네의 그것이 아니다. 축구팬이 응원하는 팀의 홈구장을 찾아 그곳에서 만끽하고자 하는 그 감정 때문인데, 이런 모모요를 보고 있으면 노인이 버거운 존재가 아니라 사회가 그들을 버거운 존재로 만든 것은 아닌가 하는 생각을 하게 된다. 이처럼 세상의 정의에 아랑곳하지 않는 모모요의 이야기는 오늘의 우리에게 도리어 위로가 되며, 나아갈 방향에 대해서 즐거운 고민을 하게 만든다.","['에세이', '외국에세이']"
10925,오뒷세이아: 완역본,호메로스 지음; 강영길 옮김,홍신문화사,2016,892.11 호34ㅇ강-2,9788970000000,https://search1.kakaocdn.net/thumb/R120x174.q85/?fname=http%3A%2F%2Ft1.daumcdn.net%2Flbook%2Fimage%2F962542%3Ftimestamp%3D20240803112723,"호메로스의 『오뒷세이아』. 오뒷세우스가 ‘트로이아 목마’ 전략으로 10년이나 끌던 트로이아 전쟁을 끝내니, 희랍군은 오뒷세우스를 칭송하며 귀국 준비를 서두른다. 그런데 승리에 도취해서 신들에게 감사하는 마음을 잊고 한껏 술잔치를 벌이다가 출항하는 바람에 제우스와 아테네가 격노, 폭풍우로 배들을 난파시킨다. 오뒷세우스는 퀴클롭스에게 붙잡혔다가 그의 눈을 멀게 하고 간신히 탈출하는데, 그러자 퀴클롭스의 아버지인 포세이돈이 화가 나서 오뒷세우스의 항해를 10년간 사사건건 방해한다. 결국 오뒷세우스는 여신 칼립소의 망망대해 외딴 섬에 갇혔고, 고향 이타케에는 20년이나 돌아오지 않는 오뒷세우스의 왕위와 재산을 노리는 무리들이 몰려들어서 아내 페넬로페와 아들 텔레마코스를 괴롭히는데……","['소설/시/희곡', '시', '외국시']"
10926,생명윤리와 법의 이해,박수헌 지음,유원북스,2018,510.19 박56ㅅ,9789000000000,https://search1.kakaocdn.net/thumb/R120x174.q85/?fname=http%3A%2F%2Ft1.daumcdn.net%2Flbook%2Fimage%2F1492629%3Ftimestamp%3D20200328135626,"이 책은 첨단의생명과학기술이 우리의 생명과 신체에 미치는 영향과 관련된 생명윤리와 법적 문제뿐만 아니라 낙태, 대리모, 안락사, 의사조력자살, 무의미한 연명치료, 호스피스와 같은 전통적으로 우리의 생명과 신체에 관련된 생명윤리와 법적 문제에 대한 관심을 유발하고 그 대응 방안을 제시하여 생명의 존엄성과 신체에 대한 자기결정권의 중요성을 알려주고 있다. 또한, 전통적인 영역뿐만 아니라 의생명과학기술의 눈부신 발전 영역에서 우리의 소중한 생명과 신체를 스스로 지킬 수 있도록 생명윤리와 법에 대한 이해를 높이는데도 도움이 될 것이다.","['대학교재/전문서적', '법학계열', '법학일반']"
10927,환각,올리버 색스 지음; 김한영 옮김,알마출판사(alma),2017,513.89 색57ㅎ,9788990000000,https://search1.kakaocdn.net/thumb/R120x174.q85/?fname=http%3A%2F%2Ft1.daumcdn.net%2Flbook%2Fimage%2F1433338%3Ftimestamp%3D20250209113336,올리버 색스 소설 『환각』. 저자는 등반 사고로 허벅지 근육이 파열되고 신경근 접합부가 손상되었을 때 직접 환각을 경험하였다. 분명히 존재하는 다리가 없는듯이 느껴지는 '과학적 이유'는 알지만 자기 소외감을 느꼈다. 이러한 자신의 경험을 바탕으로 다양한 환각을 소재로 쓴 소설이다. 환각의 세계를 둘러싼 잔인한 오해와 따뜻한 진실의 인간애를 보여준다.,"['과학', '기초과학/교양과학']"
10928,(유가의 길을 엿보는)논어 이야기. 하,민경옥 엮음,BOOKK(부크크),2015,148.3 민14ㄴ v.하,9791160000000,https://search1.kakaocdn.net/thumb/R120x174.q85/?fname=http%3A%2F%2Ft1.daumcdn.net%2Flbook%2Fimage%2F4960296%3Ftimestamp%3D20250404131355,"저 산등성이의 끝자락은 하늘에 맞닿아 있습니다. 혹여 그 라인을 둘레로 저 하늘이 끝처럼 보일 수도 있을 것입니다. 그러나 조금만 시선을 들어보면 저 하늘은 끝없이 끝없이 펼쳐저 우리들 에게 한없는 손짓을 하고 있습니다. 때로는 이처럼 푸른 하늘이 저마다의 손아귀에 금방이라도 잡힐 듯, 잡힐 듯 하였건마는, 끝끝내 잡지 못하고 스러져간 수 많은 분들이 있었습니다. 그래서 어떤 노 수행자는 그저 선택받지 못함을 늙그막에 알게 되었다고 고백합니다. 대저 하늘은 무심하고, 성인은 무정하다고 전하였습니다. 그러하기에 더 더욱 사람들의 마음은 피폐해져가고, 인간의 근원을 다룬다 고 할 수 있는 인문학은 휴머니즘에 뿌리를 두지 않고 온갖 시험문제의 정답을 맞추면 그만인 소도구로 전락하고 말았습니다. 이 논어 이야기라는 책은 고심 끝에 시작된 하나의 글입니다만, 어쩌면 요즘처럼 다양한 정보와 글들이 넘쳐나는 세상에 추가되는 또 하 나, 한 권의 책으로 덧 쌓여져 갈지는 모르겠습니다. 하지만 한 개인과 가 족이 인간에 대한 수 십년의 고뇌와 그러한 삶을 추구하며 뼈가 저미도록 겪고서 미약하나마 우러난 부유물들을 건져내어 적었기에, 혹여 세상에는 무의미한 깃털하나가 바람에 흩날릴지언정 제 삶에의 회한은 그에 비례하 여 가벼워짐을 몸소 느끼는 바입니다. 무릇 인간이란 생명을 부여받은 그 순간부터 무언가에 대한 기다리는 일 을 반복하게 되는데, 그 기다림의 목적은 저마다 다를지라도 결국은 단 하 나로 똑 같은 게 있습니다. 어쩌면 저는 그 기다리는 일에 지쳐있는지도 모릅니다. 앞서에 오셨던 많은 분들처럼 말입니다. 여기 이 글을 읽고 한 사람이 깨우침에 도움이 있다고 해도, 하늘과 땅에 미력하게나마 할 바를 한 게 되었다 여기고 싶고, 한 사람이 깨우침에 뜻 을 두었다하면 내 삶에 할 바를 한 게 되었다 여기고 싶습니다. 그리고 이제야 알았습니다. 제가 이 논어 이야기를 적었던 까닭을 말입니다. 배우기로, 훗날의 많은 도덕군자가 이 땅에 출세하여 온 세상을 태고의 치 세로 만들려 시도하실 것이라 하였습니다. 어차피 이 글에 부족함이 없을 수는 없을 것을 익히 아는 바이기에 훗날의 도덕군자께서 흠결됨을 바로 잡아주시길 기대하면서 서문을 마칩니다. 2015년 5월 24일 세상의 어느 모퉁이에서 적었습니다. - 논어 이야기 서문 중에서 -","['인문학', '동양철학', '유교철학/주역', '공자/논어']"
10929,(유가의 길을 엿보는)논어 이야기. 상,민경옥 엮음,BOOKK(부크크),2015,148.3 민14ㄴ v.상,9791160000000,https://search1.kakaocdn.net/thumb/R120x174.q85/?fname=http%3A%2F%2Ft1.daumcdn.net%2Flbook%2Fimage%2F4960630%3Ftimestamp%3D20250404131336,"저 산등성이의 끝자락은 하늘에 맞닿아 있습니다. 혹여 그 라인을 둘레로 저 하늘이 끝처럼 보일 수도 있을 것입니다. 그러나 조금만 시선을 들어보면 저 하늘은 끝없이 끝없이 펼쳐저 우리들 에게 한없는 손짓을 하고 있습니다. 때로는 이처럼 푸른 하늘이 저마다의 손아귀에 금방이라도 잡힐 듯, 잡힐 듯 하였건마는, 끝끝내 잡지 못하고 스러져간 수 많은 분들이 있었습니다. 그래서 어떤 노 수행자는 그저 선택받지 못함을 늙그막에 알게 되었다 고 고백합니다. 대저 하늘은 무심하고, 성인은 무정하다고 전하였습니다. 그러하기에 더 더욱 사람들의 마음은 피폐해져가고, 인간의 근원을 다룬다 고 할 수 있는 인문학은 휴머니즘에 뿌리를 두지 않고 온갖 시험문제의 정답을 맞추면 그만인 소도구로 전락하고 말았습니다. 이 논어 이야기라는 책은 고심 끝에 시작된 하나의 글입니다만, 어쩌면 요즘처럼 다양한 정보와 글들이 넘쳐나는 세상에 추가되는 또 하 나, 한 권의 책으로 덧 쌓여져 갈지는 모르겠습니다. 하지만 한 개인과 가 족이 인간에 대한 수 십년의 고뇌와 그러한 삶을 추구하며 뼈가 저미도록 겪고서 미약하나마 우러난 부유물들을 건져내어 적었기에, 혹여 세상에는 무의미한 깃털하나가 바람에 흩날릴지언정 제 삶에의 회한은 그에 비례하 여 가벼워짐을 몸소 느끼는 바입니다. 무릇 인간이란 생명을 부여받은 그 순간부터 무언가에 대한 기다리는 일 을 반복하게 되는데, 그 기다림의 목적은 저마다 다를지라도 결국은 단 하 나로 똑 같은 게 있습니다. 어쩌면 저는 그 기다리는 일에 지쳐있는지도 모릅니다. 앞서에 오셨던 많은 분들처럼 말입니다. 여기 이 글을 읽고 한 사람이 깨우침에 도움이 있다고 해도, 하늘과 땅에 미력하게나마 할 바를 한 게 되었다 여기고 싶고, 한 사람이 깨우침에 뜻 을 두었다하면 내 삶에 할 바를 한 게 되었다 여기고 싶습니다. 그리고 이제야 알았습니다. 제가 이 논어 이야기를 적었던 까닭을 말입니다. 배우기로, 훗날의 많은 도덕군자가 이 땅에 출세하여 온 세상을 태고의 치 세로 만들려 시도하실 것이라 하였습니다. 어차피 이 글에 부족함이 없을 수는 없을 것을 익히 아는 바이기에 훗날의 도덕군자께서 흠결됨을 바로 잡아주시길 기대하면서 서문을 마칩니다. 2015년 5월 24일 세상의 어느 모퉁이에서 적었습니다. - 논어 이야기 서문 중에서 -","['인문학', '동양철학', '유교철학/주역', '공자/논어']"
10930,"의학, 인문으로 치유하다",예병일 지음,한국문학사,2018,510 예44ㅇ,9788990000000,https://search1.kakaocdn.net/thumb/R120x174.q85/?fname=http%3A%2F%2Ft1.daumcdn.net%2Flbook%2Fimage%2F1256203%3Ftimestamp%3D20250408113512,"각 학문을 관통하는 기본 개념을 소개하고 다른 학문과의 융합을 시도하는 「융합과 통섭의 지식 콘서트」제4권 『의학, 인문으로 치유하다』. 이 책은 의학의 기본 개념과 의료 현장에서 빚어지는 여러 현상, 그리고 앞으로 나아가야 할 방향을 다른 분야의 학문과 연계하여 살펴본다. 의사를 꿈꾸거나 의학에 관심 가진 모든 사람을 흥미로운 의학의 세계로 인도할 것이다. 현재 연세대학교 원주의과대학에서 의학도들을 길러내고 있는 저자는 이러한 취지의 일환으로 의학이 지닌 다양한 측면을 소개하면서, 의학이란 학문을 이해하는 방법과 그것이 나아가야 할 방향을 제시한다. 다양한 분야와 관련된 의학을 소개함으로써 실험실 속에 갇혀 있는 의학이 아니라 무엇보다 인간 삶에 밀착된 의학이란 학문을 좀 더 가깝게 느끼도록 해준다.","['과학', '의학']"
10931,오늘도 미세먼지 나쁨,김동환 지음,휴머니스트(Humanist),2018,539.92 김25ㅇ,9791160000000,https://search1.kakaocdn.net/thumb/R120x174.q85/?fname=http%3A%2F%2Ft1.daumcdn.net%2Flbook%2Fimage%2F1597946%3Ftimestamp%3D20230616192049,"환경부 2018 우수환경도서 선정! 당신의 봄날은 안녕하십니까? ‘침묵의 살인자’ 미세먼지가 찾아온다 오늘 아침 기상캐스터는 분명 “맑고 따뜻한 봄날”을 예보했다. 그러나 창밖은 희뿌옇고 대기는 고요하다. 그렇게 속절없이 오늘도 미세먼지 농도는 ‘PM10 매우 나쁨’을 가리킨다. 이 작고도 잔인한 물질로부터 간신히 나를 방어할 전용 마스크부터 챙겼다. 탁한 거리 한 가운데에서 마스크를 쓰고 있는 나는 이방인이 되고 만다. 드물게 마스크 착용자가 보일 때면 서글픈 동지애가 느껴졌다. 맨 얼굴로 뽀얗게 웃고 있는 아기가 보일 때면 어처구니없는 분노까지 느껴졌다. 좁디좁은 마스크 속의 호흡보다도 더 답답한 것은, 수년째 대책 없이 반복되고 있는 지독한 잿빛 오염과 그 위험 속에 끝없이 방치된 현실 사이에서 느껴지는 괴리감이다. 계절과 상관없이 찾아오는 이 잿빛 호흡의 정체는 무엇일까? 그 원인은 무엇이며, 우리는 어떻게 대처해야 하는 걸까? - 저자의 한마디 중에서","['과학', '지구과학', '지구']"
10932,10대의 뇌,프랜시스 젠슨;에이미 엘리스 넛 [공]지음; 김성훈 옮김,웅진지식하우스:웅진씽크빅,2018,511.1813 젠57ㅅ김,9788900000000,https://search1.kakaocdn.net/thumb/R120x174.q85/?fname=http%3A%2F%2Ft1.daumcdn.net%2Flbook%2Fimage%2F4850883%3Ftimestamp%3D20241216130558,"펜실베이니아대 의과대학 신경학과 교수 겸 학과장인 프랜시스 젠슨이 신생아에서 성인에 이르기까지 인간의 뇌 발달을 연구하고, 뇌과학의 이해와 신경학의 임상 경험을 기반으로 쓴 10대의 뇌에 관한 바이블 『10대의 뇌』. 오랫동안 과학자들은 청소년의 뇌가 성인의 뇌와 다르지 않다고 믿었지만 신경학과 신경과학에서는 10대가 뇌 성장에 대단히 중요한 시기이며, 이때 결정적인 변화가 일어난다는 사실을 지난 10년 동안 밝혀냈고, 그 최전선에 있는 학자가 바로 저자 프랜시스 젠슨이다. 저자는 이 책에서 15장에 걸쳐 인간의 뇌가 어떤 발달 과정을 거치는지, 10대가 된다는 것이 뇌과학적으로 어떤 의미인지, 10대가 반항하고 욕망하고 좌절과 고민에 휩싸일 때 그들의 뇌에서 무슨 일이 벌어지는지, 그리고 그들은 왜 그런 행동을 할 수밖에 없는지를 학습, 수면, 흡연, 음주, 스트레스, 스마트폰, 성별 등의 이슈들을 중심으로 소개한다. 또 10대에 대해 흔히들 믿고 있는 미신과도 같은 오해를 바로잡고 부모와 10대에게 실용적인 충고가 되어줄 통찰을 전한다.","['과학', '뇌과학', '뇌과학 일반']"
10933,델리에서 가장 아름다운 손,미카엘 베리스트란드 지음; 이승재 옮김,문학수첩,2018,859.7 베298ㄷ이,9788980000000,https://search1.kakaocdn.net/thumb/R120x174.q85/?fname=http%3A%2F%2Ft1.daumcdn.net%2Flbook%2Fimage%2F1176431%3Ftimestamp%3D20220702165700,"하루 평균 2시간 33분. 업무 시간을 도둑질해 축구 팀 인터넷 사이트를 들락거렸다는 이유로 하루아침에 실직자 신세가 된 52세 이혼남 예란 보리. 명색이 20년차 카피라이터지만 대책 없이 혈혈단신이 되어버린 그로서는 살길이 막막하다. 절망감을 떨쳐내는 방법이라고는 벤앤제리스 아이스크림 통을 끼고 앉아 헤어진 전 부인 미아를 그리워하는 일뿐. ‘미련 터지는’ 그를 구원해줄 행운의 동아줄은 눈을 씻고 찾아도 없다. 실낱같은 희망조차 보이지 않아 허우적거리는 가운데 고교 시절의 절친 에리크는 예란을 인도 여행길로 이끈다. 에리크가 인솔하는 여행사의 이름은 다름 아닌 ‘인크레더블 인디아’! 과연, 그 이름대로 제약 없고 한계 없는 인도에서 평범한 한 남자의 인생에 지각변동이 일어나기 시작하는데……. 무능한 실직자에서 유능한 프리랜스 기자로, 궁상맞은 이혼남에서 매력적인 사랑꾼으로! 개성이라고는 ‘1’도 찾아볼 수 없는 50대 ‘아재’의 기적적인 변신이 이루어진다. 실패자로 낙인찍힌 예란 보리의 인생에 일어나는 놀라운 반전! 과연, 인도는 그에게 무슨 ‘짓’을 한 걸까?","['소설/시/희곡', '세계의 소설', '북유럽소설']"
10934,시로 납치하다,류시화 지음,더숲,2018,811.6 류58ㅅㄹ,9791190000000,https://search1.kakaocdn.net/thumb/R120x174.q85/?fname=http%3A%2F%2Ft1.daumcdn.net%2Flbook%2Fimage%2F1645065%3Ftimestamp%3D20250327113227,"‘내가 만약 시인이라면 당신을 시로 납치할 거야. 시어와 운율로 당신을 사로잡고, 제비꽃으로 당신을 노래하고, 이마에서 녹는 눈으로 당신의 감정을 위로하고, 내 시를 완성하기 위해 바람 부는 해변에 당신을 혼자 서 있게 할 거야. 당신의 이름을 시에 쓸 때마다 행갈이를 할 거야…’ 이 시집을 펼쳐 읽는 순간 조심해야 한다. 노벨 문학상 수상 시인부터 프랑스의 무명 시인, 아일랜드의 음유시인, 노르웨이의 농부 시인과 일본의 동시 작가가 당신을 유혹할 것이다. 그럼 당신은 시의 해변에서 홀로 비를 맞아야 하고, 감정의 파도로 운을 맞추며 시의 행간을 서성여야 할 것이다. 그리고 시인들의 물음에 답해야 한다. 인생은 물음을 던지는 만큼만 살아지기 때문이다. 시인들은 우리에게 말한다. ‘시인이 될 수 없다면 시처럼 살라.’고. 마음의 무늬를 표현하기 위해 전 세계 시인들이 수없이 고쳐 쓴 시들. 몇 번을 다시 읽어도 새롭게 다가오는 시들의 향연이 펼쳐진다. 투명한 감성과 인간에 대한 따뜻한 시선이 담긴 좋은 시 모음집이다. 『지금 알고 있는 걸 그때도 알았더라면』과 『사랑하라 한번도 상처받지 않은 것처럼』에 이은 새로운 인생 처방 시집. 류시화 시인의 해설과 함께 페이스북과 트위터에서 5년 동안 ‘아침의 시’라는 제목으로 많은 독자들의 아침을 깨운 시들을 모았다.","['소설/시/희곡', '시', '외국시']"
10935,내가 아무것도 아닐까 봐,박상아 지음,파우제:쎄듀,2018,818 박52ㄴ,9791200000000,https://search1.kakaocdn.net/thumb/R120x174.q85/?fname=http%3A%2F%2Ft1.daumcdn.net%2Flbook%2Fimage%2F3755343%3Ftimestamp%3D20240822113307,"숨 막히는 대중교통 출퇴근길과 누군가의 화받이로 전락한 직장생활 속에서도 ‘나는 중요한 사람’이란 착각으로 버텨낸다. 광대처럼 웃으며 실제 감정은 뒤로 미뤄놓은 채 ‘이 정도면 괜찮은 인생’이라며 자기 최면을 건다. 스스로에게 혹은 가족에게 창피한 삶이 되지 않기 위해서, 사람 구실 정도는 하는 어른이 되기 위해서. 그렇게 우리는 매일의 삶을 그리도 촘촘히 엮어 짜내고 있다. 정작 가장 중요한 자신의 감정은 빼놓고서 말이다. “참 다소곳하고 여성스럽네요.”라는 능란한 갑의 횡포에 길들여진 사회생활, 아티스트라는 꿈 대신 선택한 광고 아트디렉터라는 생업, 믿음을 져버린 연인 때문에 미래의 가능성까지 거세된 사랑……. 그 모든 것이 다 원인이자, 그 어떤 것도 직접적인 원인이라 단정 지을 수 없이 찾아온 마음의 병. 『내가 아무것도 아닐까 봐』의 저자 박상아는 어느 날 느닷없이 찾아온 공황장애를 안고 살아온 지 6년이 되었다. 누구나 겪는 스트레스 때문에 숨이 막히는 것이라고 생각했고, 점심에 먹은 것이 잘못되어 헛구역질 나는 줄 알았다. 그러다 의지와는 별개로 자신의 몸이 도마 위 횟감처럼 고통스럽게 펄떡대는 경험을 하고서야 그녀는 자신의 삶이 송두리째 뒤집힐 만큼 심각한 문제가 있음을 깨달았다. 6년 동안 그녀는 정신과 폐쇄 병동 입·퇴원을 반복했고, 정상인의 삶과 공황 상태의 삶에 발 하나씩을 담가 부자연스럽고 아슬아슬한 일상을 이어가고 있다. 그러면서 글이라는 형태로 자신의 감정과 마주하는 연습을 하기 시작했다. 이 책은 그렇게 공황을 겪고 있는 저자가 스스로를 위해 기록한 것이자, 그녀처럼 바쁘다는 핑계로 자기 마음을 별것 아닌 듯 대하는 이들을 위한 이야기다. 옹알이로 말을 배우듯 감정을 공부해나가는 그녀는, 늦었지만 더 절박하게 자신의 마음과 생각을 언어화했다. 그런 만큼 자기과시나 인위적인 꾸밈이 걸러진 문장 하나하나에 바쁜 도시를 살아가며 아파본 자의 밀도 높은 감정들이 꽉 들어차 있다. 또한 그림에 꿈이 있던 만큼 한눈에 사로잡는 저자의 일러스트는 그녀가 겪고 있는 아픔에 독자들이 더 몰입하게 만든다. 스스로의 마음을 돌보지 못한 후회와, 그 누구라도 그렇듯 아직은 결론 없는 삶에 대한 희망이 공존한다.","['에세이', '한국에세이']"
10936,퇴근길엔 카프카를,의외의사실 글·그림,민음사,2018,818 의65ㅌ,9788940000000,https://search1.kakaocdn.net/thumb/R120x174.q85/?fname=http%3A%2F%2Ft1.daumcdn.net%2Flbook%2Fimage%2F3750564%3Ftimestamp%3D20250306114033,"만화로 읽는 열세 편의 인생 고전 에세이 『퇴근길엔 카프카를』. 셰익스피어부터 카프카를 지나 하루키까지, 단순하고 사랑스러운 그림체로 이름을 알린 웹툰 작가 의외의사실이 2015년부터 2016년까지 민음사 블로그에서 연재한 웹툰 ‘의외의사실의 세계 문학 읽기’를 엮은 것으로, 여기에 2017년 노벨상 수상 작가 가즈오 이시구로의 대표작 《나를 보내지 마》를 더했다. 각 작품에 대한 이야기, 가장 아름다운 대목을 골라 그림을 덧붙인 ‘이 장면’, 그리고 작가 이야기까지 세 부분으로 나누어 구성하였다. 여섯 편의 작품에는 작가와 그 주변의 인물 관계도를 추가해 그 시대의 흐름 속에서 작가의 활약을 한눈에 파악할 수 있도록 했다. 작품의 중요한 포인트를 모두 짚어 주면서도 여백이 많고 편안한 그림체에, 일기를 몰래 보는 듯한 손글씨의 매력을 더해 언제 어디서나 쉽게 펼쳐들고 싶은 고전의 매력을 전한다.","['에세이', '사진/그림 에세이']"
